
CASCADE Topology V3, (c) Open Cascade
Locations 0
Curve2ds 811
1 17.936681651665474 -1.3985465864062441 0.0030303815933970918 0.99999540838315781 
1 17.948803233696722 2.6014534135937568 -1 0 
1 16.049105968071721 2.6014534135937568 0 -1 
1 16.049105968071721 -1.2985465864062444 1 0 
1 16.19910596807172 -1.2985465864062444 0 -1 
1 16.19910596807172 -1.3985465864062441 -1 0 
1 15.766833018852971 -1.3985465864062441 0 1 
1 15.766833018852971 -1.2985465864062444 1 0 
1 15.94910596807172 -1.2985465864062444 0 1 
1 15.94910596807172 0.90145341359375664 -1 0 
1 13.049103526665469 0.90145341359375664 0 -1 
1 13.049103526665469 0.15145341359375664 -1 0 
1 12.949103526665475 0.15145341359375664 0 1 
1 12.949103526665475 2.7014534135937565 1 0 
1 13.199103526665475 2.7014534135937565 0 -1 
1 13.199103526665475 2.6014534135937568 -1 0 
1 13.049103526665469 2.6014534135937568 0 -1 
1 13.049103526665469 1.0014534135937563 1 0 
1 15.94910596807172 1.0014534135937563 0 1 
1 15.94910596807172 2.6014534135937568 -1 0 
1 14.199103526665475 2.6014534135937568 0 1 
1 14.199103526665475 2.7014534135937565 1 0 
1 14.816833018852968 2.7014534135937565 0 1 
1 14.816833018852968 2.8014534135937561 1 0 
1 14.916833018852969 2.8014534135937561 0 -1 
1 14.916833018852969 2.7014534135937565 1 0 
1 17.94910596807172 2.7014534135937565 0.0030304655855744535 0.99999540812862475 
1 17.965622081352969 8.1514534135937566 -1 0 
1 17.716833018852974 8.1514534135937566 0 1 
1 17.716833018852974 8.551453413593757 1 0 
1 18.016833018852971 8.551453413593757 0 1 
1 18.016833018852971 8.9014534135937566 -1 0 
1 14.916833018852969 8.9014534135937566 0 -1 
1 14.916833018852969 3.8014534135937561 -1 0 
1 14.816833018852968 3.8014534135937561 0 1 
1 14.816833018852968 3.9014534135937566 -1 0 
1 13.016833018852971 3.9014534135937566 0 1 
1 13.016833018852971 4.0014534135937563 1 0 
1 14.816833018852968 4.0014534135937563 0 1 
1 14.816833018852968 8.9014534135937566 -1 0 
1 11.866833018852972 8.9014534135937566 0 -1 
1 11.866833018852972 4.0014534135937563 1 0 
1 12.016833018852971 4.0014534135937563 0 -1 
1 12.016833018852971 3.9014534135937566 -1 0 
1 11.866833018852972 3.9014534135937566 0 -1 
1 11.866833018852972 0.15145341359375664 -1 0 
1 5.3668330188529723 0.15145341359375664 0 -1 
1 5.3668330188529723 0.051453413593756991 -1 0 
1 5.2668330188529708 0.051453413593756991 0 1 
1 5.2668330188529708 0.15145341359375664 -1 0 
1 2.316833018852968 0.15145341359375664 0 -1 
1 2.316833018852968 0.051453413593756991 -1 0 
1 2.1668330188529694 0.051453413593756991 0 1 
1 2.1668330188529694 0.95145341359375646 -1 0 
1 1.566833018852968 0.95145341359375646 0 1 
1 1.566833018852968 1.0514534135937561 1 0 
1 2.2668330188529708 1.0514534135937561 0 -1 
1 2.2668330188529708 0.40145341359375664 1 0 
1 5.1668330188529694 0.40145341359375664 0 1 
1 5.1668330188529694 2.4514534135937565 1 0 
1 7.3668330188529723 2.4514534135937565 0 1 
1 7.3668330188529723 2.5514534135937561 1 0 
1 7.4668330188529737 2.5514534135937561 0 -1 
1 7.4668330188529737 2.4514534135937565 1 0 
1 11.616833018852972 2.4514534135937565 0 1 
1 11.616833018852972 8.9014534135937566 -1 0 
1 8.316833018852968 8.9014534135937566 0 -1 
1 8.316833018852968 3.6514534135937566 -1 0 
1 7.4668330188529737 3.6514534135937566 0 -1 
1 7.4668330188529737 3.5514534135937561 -1 0 
1 7.3668330188529723 3.5514534135937561 0 1 
1 7.3668330188529723 3.6514534135937566 -1 0 
1 6.4168330188529694 3.6514534135937566 0 1 
1 6.4168330188529694 3.7514534135937563 1 0 
1 8.2168330188529737 3.7514534135937563 0 1 
1 8.2168330188529737 8.9014534135937566 -1 0 
1 5.2668330188529708 8.9014534135937566 0 -1 
1 5.2668330188529708 8.5014534135937563 1 0 
1 5.4168330188529694 8.5014534135937563 0 -1 
1 5.4168330188529694 7.4014534135937566 -1 0 
1 5.2668330188529708 7.4014534135937566 0 -1 
1 5.2668330188529708 3.7514534135937563 1 0 
1 5.4168330188529694 3.7514534135937563 0 -1 
1 5.4168330188529694 3.6514534135937566 -1 0 
1 5.1668330188529694 3.6514534135937566 0 1 
1 5.1668330188529694 7.301453413593757 -1 0 
1 3.816833018852968 7.301453413593757 0 1 
1 3.816833018852968 7.4014534135937566 1 0 
1 5.1668330188529694 7.4014534135937566 0 1 
1 5.1668330188529694 8.9014534135937566 -1 0 
1 0.46683301885297368 8.9014534135937566 0 -1 
1 0.46683301885297368 7.4014534135937566 1 0 
1 1.816833018852968 7.4014534135937566 0 -1 
1 1.816833018852968 7.301453413593757 -1 0 
1 0.46683301885297368 7.301453413593757 0 -1 
1 0.46683301885297368 5.301453413593757 -1 0 
1 0.36683301885297226 5.301453413593757 0 1 
1 0.36683301885297226 6.7014534135937565 -1 0 
1 -0.70816698114703058 6.7014534135937565 0 1 
1 -0.70816698114703058 6.801453413593757 1 0 
1 0.36683301885297226 6.801453413593757 0 1 
1 0.36683301885297226 8.9014534135937566 -1 0 
1 -2.433166981147032 8.9014534135937566 0 -1 
1 -2.433166981147032 7.9014534135937566 1 0 
1 -2.2831669811470263 7.9014534135937566 0 -1 
1 -2.2831669811470263 6.801453413593757 1 0 
1 -1.7081669811470306 6.801453413593757 0 -1 
1 -1.7081669811470306 6.7014534135937565 -1 0 
1 -2.2831669811470263 6.7014534135937565 0 -1 
1 -2.2831669811470263 3.6014534135937568 1 0 
1 0.36683301885297226 3.6014534135937568 0 1 
1 0.36683301885297226 4.3014534135937561 1 0 
1 0.46683301885297368 4.3014534135937561 0 -1 
1 0.46683301885297368 1.0514534135937561 1 0 
1 0.566833018852968 1.0514534135937561 0 -1 
1 0.566833018852968 0.95145341359375646 -1 0 
1 0.46683301885297368 0.95145341359375646 0 -1 
1 0.46683301885297368 -1.8985465864062441 -1 0 
1 0.16683301885296942 -1.8985465864062441 0 1 
1 0.16683301885296942 3.3014534135937561 -1 0 
1 -2.5331669811470263 3.3014534135937561 0 1 
1 -2.5331669811470263 8.9014534135937566 -1 0 
1 -9.4581669811470306 8.9014534135937566 0 -1 
1 -9.4581669811470306 6.7514534135937563 1 0 
1 -4.2581669811470277 6.7514534135937563 0 -1 
1 -4.2581669811470277 6.551453413593757 -1 0 
1 -9.9081669811470334 6.551453413593757 0 1 
1 -9.9081669811470334 6.7514534135937563 1 0 
1 -9.5581669811470249 6.7514534135937563 0 1 
1 -9.5581669811470249 8.9014534135937566 -1 0 
1 -11.758166981147028 8.9014534135937566 0 -1 
1 -11.758166981147028 7.9514534135937565 -1 0 
1 -11.858166981147022 7.9514534135937565 0 1 
1 -11.858166981147022 8.9014534135937566 -1 0 
1 -15.658166981147033 8.9014534135937566 0 -1 
1 -15.658166981147033 7.9514534135937565 -1 0 
1 -15.808166981147025 7.9514534135937565 0 -1 
1 -15.808166981147025 6.3514534135937559 1 0 
1 -14.608166981147036 6.3514534135937559 0 -1 
1 -14.608166981147036 6.2514534135937563 -1 0 
1 -15.908166981147033 6.2514534135937563 0 1 
1 -15.908166981147033 8.6014534135937559 1 0 
1 -15.758166981147028 8.6014534135937559 0 1 
1 -15.758166981147028 8.9014534135937566 -1 0 
1 -19.308166981147025 8.9014534135937566 0 -1 
1 -19.308166981147025 4.9014534135937566 1 0 
1 -15.258166981147028 4.9014534135937566 0 -1 
1 -15.258166981147028 4.801453413593757 -1 0 
1 -19.308166981147025 4.801453413593757 0 -1 
1 -19.308166981147025 0.20145341359375557 1 0 
1 -15.758166981147028 0.20145341359375557 0 -1 
1 -15.758166981147028 0.10145341359375593 -1 0 
1 -19.308166981147025 0.10145341359375593 0 -1 
1 -19.308166981147025 -2.4985465864062437 1 0 
1 -14.558166981147025 -2.4985465864062437 0 1 
1 -14.558166981147025 -1.0985465864062434 1 0 
1 -13.808166981147025 -1.0985465864062434 0 1 
1 -13.808166981147025 0.10145341359375593 -1 0 
1 -14.708166981147031 0.10145341359375593 0 1 
1 -14.708166981147031 0.20145341359375557 1 0 
1 -11.958166981147031 0.20145341359375557 0 -1 
1 -11.958166981147031 0.10145341359375593 -1 0 
1 -13.708166981147031 0.10145341359375593 0 -1 
1 -13.708166981147031 -1.8985465864062441 1 0 
1 -12.008166981147028 -1.8985465864062441 0 -1 
1 -12.008166981147028 -2.7485465864062437 -1 0 
1 -12.108166981147022 -2.7485465864062437 0 1 
1 -12.108166981147022 -1.9985465864062437 -1 0 
1 -14.458166981147031 -1.9985465864062437 0 -1 
1 -14.458166981147031 -2.5985465864062434 -1 0 
1 -19.308166981147025 -2.5985465864062434 0 -1 
1 -19.308166981147025 -8.3985465864062441 1 0 
1 -14.608166981147036 -8.3985465864062441 0 1 
1 -14.608166981147036 -3.8985465864062441 1 0 
1 -14.358166981147036 -3.8985465864062441 0 -1 
1 -14.358166981147036 -3.9985465864062437 -1 0 
1 -14.508166981147028 -3.9985465864062437 0 -1 
1 -14.508166981147028 -8.3985465864062441 1 0 
1 -12.408166981147033 -8.3985465864062441 0 1 
1 -12.408166981147033 -7.9485465864062448 -1 0 
1 -12.508166981147028 -7.9485465864062448 0 1 
1 -12.508166981147028 -3.9985465864062437 -1 0 
1 -13.358166981147036 -3.9985465864062437 0 1 
1 -13.358166981147036 -3.8985465864062441 1 0 
1 -12.108166981147022 -3.8985465864062441 0 1 
1 -12.108166981147022 -3.7485465864062437 1 0 
1 -12.008166981147028 -3.7485465864062437 0 -1 
1 -12.008166981147028 -3.8985465864062441 1 0 
1 -9.7081669811470306 -3.8985465864062441 0 -1 
1 -9.7081669811470306 -3.9985465864062437 -1 0 
1 -11.608166981147022 -3.9985465864062437 0 -1 
1 -11.608166981147022 -4.5985465864062434 -1 0 
1 -12.308166981147025 -4.5985465864062434 0 -1 
1 -12.308166981147025 -10.698546586406245 1 0 
1 -4.9081669811470263 -10.698546586406245 0 1 
1 -4.9081669811470263 -2.6485465864062441 -1 0 
1 -8.4581669811470306 -2.6485465864062441 0 -1 
1 -8.4581669811470306 -2.7485465864062437 -1 0 
1 -8.5581669811470249 -2.7485465864062437 0 1 
1 -8.5581669811470249 -2.6485465864062441 -1 0 
1 -9.5081669811470277 -2.6485465864062441 0 1 
1 -9.5081669811470277 -2.5485465864062444 1 0 
1 -7.7581669811470277 -2.5485465864062444 0 1 
1 -7.7581669811470277 -1.5985465864062434 -1 0 
1 -8.7581669811470277 -1.5985465864062434 0 1 
1 -8.7581669811470277 -0.84854658640624336 -1 0 
1 -10.558166981147025 -0.84854658640624336 0 -1 
1 -10.558166981147025 -2.5485465864062444 1 0 
1 -10.408166981147033 -2.5485465864062444 0 -1 
1 -10.408166981147033 -2.6485465864062441 -1 0 
1 -10.658166981147033 -2.6485465864062441 0 1 
1 -10.658166981147033 4.801453413593757 -1 0 
1 -12.808166981147025 4.801453413593757 0 1 
1 -12.808166981147025 5.0014534135937563 1 0 
1 -12.708166981147031 5.0014534135937563 0 -1 
1 -12.708166981147031 4.9014534135937566 1 0 
1 -10.408166981147033 4.9014534135937566 0 -1 
1 -10.408166981147033 4.801453413593757 -1 0 
1 -10.558166981147025 4.801453413593757 0 -1 
1 -10.558166981147025 3.1014534135937568 1 0 
1 -10.408166981147033 3.1014534135937568 0 -1 
1 -10.408166981147033 3.0014534135937563 -1 0 
1 -10.558166981147025 3.0014534135937563 0 -1 
1 -10.558166981147025 0.85145341359375593 1 0 
1 -10.408166981147033 0.85145341359375593 0 -1 
1 -10.408166981147033 0.75145341359375628 -1 0 
1 -10.558166981147025 0.75145341359375628 0 -1 
1 -10.558166981147025 -0.24854658640624372 1 0 
1 -8.7581669811470277 -0.24854658640624372 0 1 
1 -8.7581669811470277 0.75145341359375628 -1 0 
1 -9.5081669811470277 0.75145341359375628 0 1 
1 -9.5081669811470277 0.85145341359375593 1 0 
1 -8.7581669811470277 0.85145341359375593 0 1 
1 -8.7581669811470277 3.0014534135937563 -1 0 
1 -9.5081669811470277 3.0014534135937563 0 1 
1 -9.5081669811470277 3.1014534135937568 1 0 
1 -8.7581669811470277 3.1014534135937568 0 1 
1 -8.7581669811470277 4.801453413593757 -1 0 
1 -9.5081669811470277 4.801453413593757 0 1 
1 -9.5081669811470277 4.9014534135937566 1 0 
1 -8.4581669811470306 4.9014534135937566 0 -1 
1 -8.4581669811470306 -1.2985465864062444 1 0 
1 -7.6081669811470292 -1.2985465864062444 0 -1 
1 -7.6081669811470292 -2.448546586406243 1 0 
1 -4.7081669811470306 -2.448546586406243 0 -1 
1 -4.7081669811470306 -8.3985465864062441 1 0 
1 -2.5331669811470263 -8.3985465864062441 0 1 
1 -2.5331669811470263 -3.3485465864062434 1 0 
1 2.1668330188529694 -3.3485465864062434 0 1 
1 2.1668330188529694 -0.94854658640624301 1 0 
1 2.316833018852968 -0.94854658640624301 0 -1 
1 2.316833018852968 -1.9985465864062437 1 0 
1 2.4168330188529694 -1.9985465864062437 0 -1 
1 2.4168330188529694 -2.0985465864062434 -1 0 
1 2.316833018852968 -2.0985465864062434 0 -1 
1 2.316833018852968 -4.1485465864062441 -1 0 
1 1.7168330188529737 -4.1485465864062441 0 1 
1 1.7168330188529737 -3.4985465864062437 -1 0 
1 -0.73316698114702916 -3.4985465864062437 0 -1 
1 -0.73316698114702916 -4.2485465864062437 -1 0 
1 -0.83316698114703058 -4.2485465864062437 0 1 
1 -0.83316698114703058 -3.4985465864062437 -1 0 
1 -1.8331669811470306 -3.4985465864062437 0 -1 
1 -1.8331669811470306 -4.3985465864062441 -1 0 
1 -2.2831669811470263 -4.3985465864062441 0 -1 
1 -2.2831669811470263 -7.4485465864062448 -1 0 
1 -2.3831669811470277 -7.4485465864062448 0 -1 
1 -2.3831669811470277 -8.3985465864062441 1 0 
1 1.6168330188529723 -8.3985465864062441 0 1 
1 1.6168330188529723 -7.4485465864062448 -1 0 
1 0.61683301885297226 -7.4485465864062448 0 1 
1 0.61683301885297226 -7.3485465864062434 -1 0 
1 0.46683301885297368 -7.3485465864062434 0 -1 
1 0.46683301885297368 -7.4485465864062448 -1 0 
1 -0.83316698114703058 -7.4485465864062448 0 1 
1 -0.83316698114703058 -5.2485465864062437 1 0 
1 -0.73316698114702916 -5.2485465864062437 0 -1 
1 -0.73316698114702916 -5.3485465864062434 1 0 
1 0.36683301885297226 -5.3485465864062434 0 1 
1 0.36683301885297226 -5.1485465864062441 1 0 
1 0.71683301885297368 -5.1485465864062441 0 -1 
1 0.71683301885297368 -7.3485465864062434 1 0 
1 1.7168330188529737 -7.3485465864062434 0 -1 
1 1.7168330188529737 -8.3985465864062441 1 0 
1 3.9668330188529737 -8.3985465864062441 0 1 
1 3.9668330188529737 -6.7485465864062437 1 0 
1 4.272296886040472 -6.7485465864062437 -0.48503010615113434 -0.87449745347086028 
1 4.2168330188529737 -6.8485465864062434 0 -1 
1 4.2168330188529737 -7.9985465864062419 -1 0 
1 4.066833018852968 -7.9985465864062419 0 -1 
1 4.066833018852968 -8.4485465864062448 1 0 
1 11.116833018852972 -8.4485465864062448 0 1 
1 11.116833018852972 -7.9985465864062419 -1 0 
1 11.016833018852971 -7.9985465864062419 0 1 
1 11.016833018852971 -6.8485465864062434 -1 0 
1 5.208952159477974 -6.8485465864062434 0 1 
1 5.208952159477974 -6.7485465864062437 1 0 
1 5.2668330188529708 -6.7485465864062437 0 1 
1 5.2668330188529708 -2.0985465864062434 -1 0 
1 3.4168330188529694 -2.0985465864062434 0 1 
1 3.4168330188529694 -1.9985465864062437 1 0 
1 5.2668330188529708 -1.9985465864062437 0 1 
1 5.2668330188529708 -0.94854658640624301 1 0 
1 5.3668330188529723 -0.94854658640624301 0 -1 
1 5.3668330188529723 -6.7485465864062437 1 0 
1 11.016833018852971 -6.7485465864062437 0 1 
1 11.016833018852971 -3.3485465864062434 1 0 
1 11.166833018852969 -3.3485465864062434 0 -1 
1 11.166833018852969 -4.448546586406243 1 0 
1 11.266833018852971 -4.448546586406243 0 -1 
1 11.266833018852971 -4.5485465864062444 -1 0 
1 11.166833018852969 -4.5485465864062444 0 -1 
1 11.166833018852969 -6.8485465864062434 1 0 
1 11.366833018852972 -6.8485465864062434 0 -1 
1 11.366833018852972 -7.9985465864062419 -1 0 
1 11.266833018852971 -7.9985465864062419 0 -1 
1 11.266833018852971 -8.3985465864062441 1 0 
1 12.916833018852969 -8.3985465864062441 0 1 
1 12.916833018852969 -6.5485465864062444 1 0 
1 13.016833018852971 -6.5485465864062444 0 -1 
1 13.016833018852971 -8.3985465864062441 1 0 
1 14.416833018852969 -8.3985465864062441 0 1 
1 14.416833018852969 -7.9485465864062448 -1 0 
1 14.316833018852968 -7.9485465864062448 0 1 
1 14.316833018852968 -6.8985465864062441 1 0 
1 14.516833018852971 -6.8985465864062441 0 1 
1 14.516833018852971 -5.6485465864062441 -1 0 
1 13.016833018852971 -5.6485465864062441 0 -1 
1 13.016833018852971 -5.8485465864062434 -1 0 
1 12.916833018852969 -5.8485465864062434 0 1 
1 12.916833018852969 -5.3485465864062434 1 0 
1 13.016833018852971 -5.3485465864062434 0 -1 
1 13.016833018852971 -5.5485465864062444 1 0 
1 14.516833018852971 -5.5485465864062444 0 1 
1 14.516833018852971 -4.5485465864062444 -1 0 
1 13.016833018852971 -4.5485465864062444 0 -1 
1 13.016833018852971 -4.6485465864062441 -1 0 
1 12.916833018852969 -4.6485465864062441 0 1 
1 12.916833018852969 -4.5485465864062444 -1 0 
1 12.266833018852971 -4.5485465864062444 0 1 
1 12.266833018852971 -4.448546586406243 1 0 
1 13.916833018852969 -4.448546586406243 0 1 
1 13.916833018852969 -3.6485465864062441 1 0 
1 14.516833018852971 -3.6485465864062441 0 1 
1 14.516833018852971 -1.0985465864062434 -1 0 
1 11.116833018852972 -1.0985465864062434 0 -1 
1 11.116833018852972 -2.2985465864062444 -1 0 
1 11.016833018852971 -2.2985465864062444 0 1 
1 11.016833018852971 -0.99854658640624372 1 0 
1 14.616833018852972 -0.99854658640624372 0 -1 
1 14.616833018852972 -1.2985465864062444 1 0 
1 14.766833018852971 -1.2985465864062444 0 -1 
1 14.766833018852971 -1.3985465864062441 -1 0 
1 14.616833018852972 -1.3985465864062441 0 -1 
1 14.616833018852972 -7.9485465864062448 -1 0 
1 14.516833018852971 -7.9485465864062448 0 -1 
1 14.516833018852971 -8.3985465864062441 1 0 
1 18.066833018852968 -8.3985465864062441 0 1 
1 18.066833018852968 -7.9485465864062448 -1 0 
1 17.916833018852969 -7.9485465864062448 0.0030303117067772703 0.99999540859493941 
1 -12.808166981147025 6.0014534135937563 0 1 
1 -12.808166981147025 6.0014534135937563 0 1 
1 -12.808166981147025 6.0014534135937563 0 1 
1 -12.808166981147025 6.2514534135937563 -1 0 
1 -12.808166981147025 6.2514534135937563 -1 0 
1 -12.808166981147025 6.2514534135937563 -1 0 
1 -13.608166981147036 6.2514534135937563 0 1 
1 -13.608166981147036 6.2514534135937563 0 1 
1 -13.608166981147036 6.2514534135937563 0 1 
1 -13.608166981147036 6.3514534135937559 1 0 
1 -13.608166981147036 6.3514534135937559 1 0 
1 -13.608166981147036 6.3514534135937559 1 0 
1 -13.458166981147031 6.3514534135937559 0 1 
1 -13.458166981147031 6.3514534135937559 0 1 
1 -13.458166981147031 6.3514534135937559 0 1 
1 -13.458166981147031 7.0014534135937563 1 0 
1 -13.458166981147031 7.0014534135937563 1 0 
1 -13.458166981147031 7.0014534135937563 1 0 
1 -12.808166981147025 7.0014534135937563 0 1 
1 -12.808166981147025 7.0014534135937563 0 1 
1 -12.808166981147025 7.0014534135937563 0 1 
1 -12.808166981147025 7.9514534135937565 1 0 
1 -12.808166981147025 7.9514534135937565 1 0 
1 -12.808166981147025 7.9514534135937565 1 0 
1 -12.708166981147031 7.9514534135937565 0 -1 
1 -12.708166981147031 7.9514534135937565 0 -1 
1 -12.708166981147031 7.9514534135937565 0 -1 
1 -12.708166981147031 6.0014534135937563 -1 0 
1 -12.708166981147031 6.0014534135937563 -1 0 
1 -12.708166981147031 6.0014534135937563 -1 0 
1 -8.5581669811470249 -8.3985465864062441 0 1 
1 -8.5581669811470249 -8.3985465864062441 0 1 
1 -8.5581669811470249 -8.3985465864062441 0 1 
1 -8.5581669811470249 -3.9985465864062437 -1 0 
1 -8.5581669811470249 -3.9985465864062437 -1 0 
1 -8.5581669811470249 -3.9985465864062437 -1 0 
1 -8.7081669811470306 -3.9985465864062437 0 1 
1 -8.7081669811470306 -3.9985465864062437 0 1 
1 -8.7081669811470306 -3.9985465864062437 0 1 
1 -8.7081669811470306 -3.8985465864062441 1 0 
1 -8.7081669811470306 -3.8985465864062441 1 0 
1 -8.7081669811470306 -3.8985465864062441 1 0 
1 -8.5581669811470249 -3.8985465864062441 0 1 
1 -8.5581669811470249 -3.8985465864062441 0 1 
1 -8.5581669811470249 -3.8985465864062441 0 1 
1 -8.5581669811470249 -3.7485465864062437 1 0 
1 -8.5581669811470249 -3.7485465864062437 1 0 
1 -8.5581669811470249 -3.7485465864062437 1 0 
1 -8.4581669811470306 -3.7485465864062437 0 -1 
1 -8.4581669811470306 -3.7485465864062437 0 -1 
1 -8.4581669811470306 -3.7485465864062437 0 -1 
1 -8.4581669811470306 -8.3985465864062441 -1 0 
1 -8.4581669811470306 -8.3985465864062441 -1 0 
1 -8.4581669811470306 -8.3985465864062441 -1 0 
1 19.380560229162867 -4.9836949473382077 0 1 
1 19.380560229162867 -0.3836949473382063 -1 0 
1 15.830560229162867 -0.3836949473382063 0 1 
1 15.830560229162867 -0.28369494733820666 1 0 
1 19.380560229162867 -0.28369494733820666 0 1 
1 19.380560229162867 2.316305052661793 -1 0 
1 14.630560229162867 2.316305052661793 0 -1 
1 14.630560229162867 0.91630505266179352 -1 0 
1 13.880560229162867 0.91630505266179352 0 -1 
1 13.880560229162867 -0.28369494733820666 1 0 
1 14.780560229162866 -0.28369494733820666 0 -1 
1 14.780560229162866 -0.3836949473382063 -1 0 
1 12.030560229162866 -0.3836949473382063 0 1 
1 12.030560229162866 -0.28369494733820666 1 0 
1 13.780560229162866 -0.28369494733820666 0 1 
1 13.780560229162866 1.7163050526617933 -1 0 
1 12.080560229162867 1.7163050526617933 0 1 
1 12.080560229162867 2.566305052661793 1 0 
1 12.180560229162868 2.566305052661793 0 -1 
1 12.180560229162868 1.816305052661793 1 0 
1 14.530560229162866 1.816305052661793 0 1 
1 14.530560229162866 2.4163050526617935 1 0 
1 19.380560229162867 2.4163050526617935 0 1 
1 19.380560229162867 8.2163050526617933 -1 0 
1 14.680560229162868 8.2163050526617933 0 -1 
1 14.680560229162868 3.7163050526617933 -1 0 
1 14.430560229162868 3.7163050526617933 0 1 
1 14.430560229162868 3.816305052661793 1 0 
1 14.580560229162867 3.816305052661793 0 1 
1 14.580560229162867 8.2163050526617933 -1 0 
1 12.480560229162867 8.2163050526617933 0 -1 
1 12.480560229162867 7.7663050526617932 1 0 
1 12.580560229162867 7.7663050526617932 0 -1 
1 12.580560229162867 3.816305052661793 1 0 
1 13.430560229162868 3.816305052661793 0 -1 
1 13.430560229162868 3.7163050526617933 -1 0 
1 12.180560229162868 3.7163050526617933 0 -1 
1 12.180560229162868 3.566305052661793 -1 0 
1 12.080560229162867 3.566305052661793 0 1 
1 12.080560229162867 3.7163050526617933 -1 0 
1 9.7805602291628677 3.7163050526617933 0 1 
1 9.7805602291628677 3.816305052661793 1 0 
1 11.680560229162868 3.816305052661793 0 1 
1 11.680560229162868 4.4163050526617926 1 0 
1 12.380560229162867 4.4163050526617926 0 1 
1 12.380560229162867 8.2163050526617933 -1 0 
1 8.6305602291628674 8.2163050526617933 0 -1 
1 8.6305602291628674 3.816305052661793 1 0 
1 8.7805602291628677 3.816305052661793 0 -1 
1 8.7805602291628677 3.7163050526617933 -1 0 
1 8.6305602291628674 3.7163050526617933 0 -1 
1 8.6305602291628674 3.566305052661793 -1 0 
1 8.5305602291628677 3.566305052661793 0 1 
1 8.5305602291628677 8.2163050526617933 -1 0 
1 4.980560229162867 8.2163050526617933 0 -1 
1 4.980560229162867 2.4663050526617933 1 0 
1 8.5305602291628677 2.4663050526617933 0 1 
1 8.5305602291628677 2.566305052661793 1 0 
1 8.6305602291628674 2.566305052661793 0 -1 
1 8.6305602291628674 2.4663050526617933 1 0 
1 9.5805602291628666 2.4663050526617933 0 -1 
1 9.5805602291628666 2.3663050526617928 -1 0 
1 7.6805602291628663 2.3663050526617928 0 -1 
1 7.6805602291628663 2.2663050526617932 -1 0 
1 4.7805602291628677 2.2663050526617932 0 1 
1 4.7805602291628677 8.2163050526617933 -1 0 
1 2.6055602291628688 8.2163050526617933 0 -1 
1 2.6055602291628688 3.1663050526617935 -1 0 
1 -2.0944397708371341 3.1663050526617935 0 -1 
1 -2.0944397708371341 0.76630505266179316 -1 0 
1 -2.2444397708371326 0.76630505266179316 0 1 
1 -2.2444397708371326 1.816305052661793 -1 0 
1 -2.3444397708371341 1.816305052661793 0 1 
1 -2.3444397708371341 1.9163050526617935 1 0 
1 -2.2444397708371326 1.9163050526617935 0 1 
1 -2.2444397708371326 3.9663050526617933 1 0 
1 -1.6444397708371348 3.9663050526617933 0 -1 
1 -1.6444397708371348 3.316305052661793 1 0 
1 0.80556022916286807 3.316305052661793 0 1 
1 0.80556022916286807 4.066305052661793 1 0 
1 0.90556022916286594 4.066305052661793 0 -1 
1 0.90556022916286594 3.316305052661793 1 0 
1 1.9055602291628659 3.316305052661793 0 1 
1 1.9055602291628659 4.2163050526617933 1 0 
1 2.3555602291628688 4.2163050526617933 0 1 
1 2.3555602291628688 7.2663050526617932 1 0 
1 2.4555602291628666 7.2663050526617932 0 1 
1 2.4555602291628666 8.2163050526617933 -1 0 
1 -1.5444397708371334 8.2163050526617933 0 -1 
1 -1.5444397708371334 7.2663050526617932 1 0 
1 -0.54443977083713335 7.2663050526617932 0 -1 
1 -0.54443977083713335 7.1663050526617935 1 0 
1 -0.39443977083713477 7.1663050526617935 0 1 
1 -0.39443977083713477 7.2663050526617932 1 0 
1 0.90556022916286594 7.2663050526617932 0 -1 
1 0.90556022916286594 5.066305052661793 -1 0 
1 0.80556022916286807 5.066305052661793 0 1 
1 0.80556022916286807 5.1663050526617926 -1 0 
1 -0.29443977083713335 5.1663050526617926 0 -1 
1 -0.29443977083713335 4.9663050526617933 -1 0 
1 -0.64443977083713477 4.9663050526617933 0 1 
1 -0.64443977083713477 7.1663050526617935 -1 0 
1 -1.6444397708371348 7.1663050526617935 0 1 
1 -1.6444397708371348 8.2163050526617933 -1 0 
1 -3.8944397708371348 8.2163050526617933 0 -1 
1 -3.8944397708371348 6.566305052661793 -1 0 
1 -4.1999011966183843 6.566305052661793 0.48501377854764155 0.87450650919186379 
1 -4.1444397708371348 6.6663050526617935 0 1 
1 -4.1444397708371348 7.816305052661793 1 0 
1 -3.9944397708371326 7.816305052661793 0 1 
1 -3.9944397708371326 8.2663050526617941 -1 0 
1 -11.044439770837133 8.2663050526617941 0 -1 
1 -11.044439770837133 7.816305052661793 1 0 
1 -10.944439770837132 7.816305052661793 0 -1 
1 -10.944439770837132 6.6663050526617935 1 0 
1 -5.1365613528683838 6.6663050526617935 0 -1 
1 -5.1365613528683838 6.566305052661793 -1 0 
1 -5.1944397708371319 6.566305052661793 0 -1 
1 -5.1944397708371319 1.9163050526617935 1 0 
1 -3.3444397708371341 1.9163050526617935 0 -1 
1 -3.3444397708371341 1.816305052661793 -1 0 
1 -5.1944397708371319 1.816305052661793 0 -1 
1 -5.1944397708371319 0.76630505266179316 -1 0 
1 -5.2944397708371334 0.76630505266179316 0 1 
1 -5.2944397708371334 6.566305052661793 -1 0 
1 -10.944439770837132 6.566305052661793 0 -1 
1 -10.944439770837132 3.1663050526617935 -1 0 
1 -11.094439770837134 3.1663050526617935 0 1 
1 -11.094439770837134 4.2663050526617932 -1 0 
1 -11.194439770837132 4.2663050526617932 0 1 
1 -11.194439770837132 4.3663050526617937 1 0 
1 -11.094439770837134 4.3663050526617937 0 1 
1 -11.094439770837134 6.6663050526617935 -1 0 
1 -11.294439770837133 6.6663050526617935 0 1 
1 -11.294439770837133 7.816305052661793 1 0 
1 -11.194439770837132 7.816305052661793 0 1 
1 -11.194439770837132 8.2163050526617933 -1 0 
1 -12.844439770837134 8.2163050526617933 0 -1 
1 -12.844439770837134 6.3663050526617937 -1 0 
1 -12.944439770837135 6.3663050526617937 0 1 
1 -12.944439770837135 8.2163050526617933 -1 0 
1 -14.344439770837134 8.2163050526617933 0 -1 
1 -14.344439770837134 7.7663050526617932 1 0 
1 -14.244439770837133 7.7663050526617932 0 -1 
1 -14.244439770837133 6.7163050526617933 -1 0 
1 -14.444439770837135 6.7163050526617933 0 -1 
1 -14.444439770837135 5.4663050526617933 1 0 
1 -12.944439770837135 5.4663050526617933 0 1 
1 -12.944439770837135 5.6663050526617926 1 0 
1 -12.844439770837134 5.6663050526617926 0 -1 
1 -12.844439770837134 5.1663050526617926 -1 0 
1 -12.944439770837135 5.1663050526617926 0 1 
1 -12.944439770837135 5.3663050526617937 -1 0 
1 -14.444439770837135 5.3663050526617937 0 -1 
1 -14.444439770837135 4.3663050526617937 1 0 
1 -12.944439770837135 4.3663050526617937 0 1 
1 -12.944439770837135 4.4663050526617933 1 0 
1 -12.844439770837134 4.4663050526617933 0 -1 
1 -12.844439770837134 4.3663050526617937 1 0 
1 -12.194439770837132 4.3663050526617937 0 -1 
1 -12.194439770837132 4.2663050526617932 -1 0 
1 -13.844439770837134 4.2663050526617932 0 -1 
1 -13.844439770837134 3.4663050526617933 -1 0 
1 -14.444439770837135 3.4663050526617933 0 -1 
1 -14.444439770837135 0.91630505266179352 1 0 
1 -11.044439770837133 0.91630505266179352 0 1 
1 -11.044439770837133 2.1163050526617928 1 0 
1 -10.944439770837132 2.1163050526617928 0 -1 
1 -10.944439770837132 0.81630505266179298 -1 0 
1 -14.54443977083713 0.81630505266179298 0 1 
1 -14.54443977083713 1.1163050526617928 -1 0 
1 -14.694439770837135 1.1163050526617928 0 1 
1 -14.694439770837135 1.2163050526617933 1 0 
1 -14.54443977083713 1.2163050526617933 0 1 
1 -14.54443977083713 7.7663050526617932 1 0 
1 -14.444439770837135 7.7663050526617932 0 1 
1 -14.444439770837135 8.2163050526617933 -1 0 
1 -17.994439770837133 8.2163050526617933 0 -1 
1 -17.994439770837133 7.7663050526617932 1 0 
1 -17.844439770837134 7.7663050526617932 -0.0030303382040738902 -0.99999540851464364 
1 -17.876409985680887 -2.7836949473382067 1 0 
1 -15.976712720055886 -2.7836949473382067 0 1 
1 -15.976712720055886 1.1163050526617928 -1 0 
1 -16.126712720055885 1.1163050526617928 0 1 
1 -16.126712720055885 1.2163050526617933 1 0 
1 -15.694439770837135 1.2163050526617933 0 -1 
1 -15.694439770837135 1.1163050526617928 -1 0 
1 -15.876712720055885 1.1163050526617928 0 -1 
1 -15.876712720055885 -1.0836949473382074 1 0 
1 -12.976712720055886 -1.0836949473382074 0 1 
1 -12.976712720055886 -0.33369494733820737 1 0 
1 -12.876712720055885 -0.33369494733820737 0 -1 
1 -12.876712720055885 -2.8836949473382063 -1 0 
1 -13.126712720055885 -2.8836949473382063 0 1 
1 -13.126712720055885 -2.7836949473382067 1 0 
1 -12.976712720055886 -2.7836949473382067 0 1 
1 -12.976712720055886 -1.183694947338207 -1 0 
1 -15.876712720055885 -1.183694947338207 0 -1 
1 -15.876712720055885 -2.7836949473382067 1 0 
1 -14.126712720055885 -2.7836949473382067 0 -1 
1 -14.126712720055885 -2.8836949473382063 -1 0 
1 -14.744439770837133 -2.8836949473382063 0 -1 
1 -14.744439770837133 -2.9836949473382077 -1 0 
1 -14.844439770837134 -2.9836949473382077 0 1 
1 -14.844439770837134 -2.8836949473382063 -1 0 
1 -17.876712720055885 -2.8836949473382063 -0.0030304655855744531 -0.99999540812862475 
1 -17.893228833337133 -8.3336949473382074 1 0 
1 -17.644439770837131 -8.3336949473382074 0 -1 
1 -17.644439770837131 -8.7336949473382059 -1 0 
1 -17.944439770837135 -8.7336949473382059 0 -1 
1 -17.944439770837135 -9.0836949473382074 1 0 
1 -14.844439770837134 -9.0836949473382074 0 1 
1 -14.844439770837134 -3.9836949473382077 1 0 
1 -14.744439770837133 -3.9836949473382077 0 -1 
1 -14.744439770837133 -4.0836949473382074 1 0 
1 -12.944439770837135 -4.0836949473382074 0 -1 
1 -12.944439770837135 -4.183694947338207 -1 0 
1 -14.744439770837133 -4.183694947338207 0 -1 
1 -14.744439770837133 -9.0836949473382074 1 0 
1 -11.794439770837133 -9.0836949473382074 0 1 
1 -11.794439770837133 -4.183694947338207 -1 0 
1 -11.944439770837132 -4.183694947338207 0 1 
1 -11.944439770837132 -4.0836949473382074 1 0 
1 -11.794439770837133 -4.0836949473382074 0 1 
1 -11.794439770837133 -0.33369494733820737 1 0 
1 -5.2944397708371334 -0.33369494733820737 0 1 
1 -5.2944397708371334 -0.23369494733820595 1 0 
1 -5.1944397708371319 -0.23369494733820595 0 -1 
1 -5.1944397708371319 -0.33369494733820737 1 0 
1 -2.2444397708371326 -0.33369494733820737 0 1 
1 -2.2444397708371326 -0.23369494733820595 1 0 
1 -2.0944397708371341 -0.23369494733820595 0 -1 
1 -2.0944397708371341 -1.1336949473382063 1 0 
1 -1.4944397708371326 -1.1336949473382063 0 -1 
1 -1.4944397708371326 -1.2336949473382077 -1 0 
1 -2.1944397708371319 -1.2336949473382077 0 1 
1 -2.1944397708371319 -0.58369494733820737 -1 0 
1 -5.0944397708371341 -0.58369494733820737 0 -1 
1 -5.0944397708371341 -2.6336949473382063 -1 0 
1 -7.2944397708371334 -2.6336949473382063 0 -1 
1 -7.2944397708371334 -2.7336949473382077 -1 0 
1 -7.3944397708371348 -2.7336949473382077 0 1 
1 -7.3944397708371348 -2.6336949473382063 -1 0 
1 -11.544439770837133 -2.6336949473382063 0 -1 
1 -11.544439770837133 -9.0836949473382074 1 0 
1 -8.2444397708371326 -9.0836949473382074 0 1 
1 -8.2444397708371326 -3.8336949473382074 1 0 
1 -7.3944397708371348 -3.8336949473382074 0 1 
1 -7.3944397708371348 -3.7336949473382077 1 0 
1 -7.2944397708371334 -3.7336949473382077 0 -1 
1 -7.2944397708371334 -3.8336949473382074 1 0 
1 -6.3444397708371341 -3.8336949473382074 0 -1 
1 -6.3444397708371341 -3.933694947338207 -1 0 
1 -8.1444397708371348 -3.933694947338207 0 -1 
1 -8.1444397708371348 -9.0836949473382074 1 0 
1 -5.1944397708371319 -9.0836949473382074 0 1 
1 -5.1944397708371319 -8.6836949473382052 -1 0 
1 -5.3444397708371341 -8.6836949473382052 0 1 
1 -5.3444397708371341 -7.5836949473382074 1 0 
1 -5.1944397708371319 -7.5836949473382074 0 1 
1 -5.1944397708371319 -3.933694947338207 -1 0 
1 -5.3444397708371341 -3.933694947338207 0 1 
1 -5.3444397708371341 -3.8336949473382074 1 0 
1 -5.0944397708371341 -3.8336949473382074 0 -1 
1 -5.0944397708371341 -7.4836949473382077 1 0 
1 -3.7444397708371326 -7.4836949473382077 0 -1 
1 -3.7444397708371326 -7.5836949473382074 -1 0 
1 -5.0944397708371341 -7.5836949473382074 0 -1 
1 -5.0944397708371341 -9.0836949473382074 1 0 
1 -0.39443977083713477 -9.0836949473382074 0 1 
1 -0.39443977083713477 -7.5836949473382074 -1 0 
1 -1.7444397708371326 -7.5836949473382074 0 1 
1 -1.7444397708371326 -7.4836949473382077 1 0 
1 -0.39443977083713477 -7.4836949473382077 0 1 
1 -0.39443977083713477 -5.4836949473382077 1 0 
1 -0.29443977083713335 -5.4836949473382077 0 -1 
1 -0.29443977083713335 -6.8836949473382063 1 0 
1 0.78056022916286594 -6.8836949473382063 0 -1 
1 0.78056022916286594 -6.9836949473382077 -1 0 
1 -0.29443977083713335 -6.9836949473382077 0 -1 
1 -0.29443977083713335 -9.0836949473382074 1 0 
1 2.5055602291628674 -9.0836949473382074 0 1 
1 2.5055602291628674 -8.0836949473382074 -1 0 
1 2.3555602291628688 -8.0836949473382074 0 1 
1 2.3555602291628688 -6.9836949473382077 -1 0 
1 1.7805602291628659 -6.9836949473382077 0 1 
1 1.7805602291628659 -6.8836949473382063 1 0 
1 2.3555602291628688 -6.8836949473382063 0 1 
1 2.3555602291628688 -3.7836949473382067 -1 0 
1 -0.29443977083713335 -3.7836949473382067 0 -1 
1 -0.29443977083713335 -4.4836949473382077 -1 0 
1 -0.39443977083713477 -4.4836949473382077 0 1 
1 -0.39443977083713477 -1.2336949473382077 -1 0 
1 -0.49443977083713264 -1.2336949473382077 0 1 
1 -0.49443977083713264 -1.1336949473382063 1 0 
1 -0.39443977083713477 -1.1336949473382063 0 1 
1 -0.39443977083713477 1.7163050526617933 1 0 
1 -0.094439770837134063 1.7163050526617933 0 -1 
1 -0.094439770837134063 -3.4836949473382077 1 0 
1 2.6055602291628688 -3.4836949473382077 0 -1 
1 2.6055602291628688 -6.7336949473382077 1 0 
1 9.1805602291628663 -6.7336949473382077 0 1 
1 9.1805602291628663 -5.0836949473382074 -1 0 
1 8.5305602291628677 -5.0836949473382074 0 1 
1 8.5305602291628677 1.1163050526617928 -1 0 
1 7.6805602291628663 1.1163050526617928 0 1 
1 7.6805602291628663 1.4163050526617935 1 0 
1 8.8305602291628666 1.4163050526617935 0 -1 
1 8.8305602291628666 0.66630505266179352 1 0 
1 10.630560229162867 0.66630505266179352 0 1 
1 10.630560229162867 2.3663050526617928 -1 0 
1 10.480560229162867 2.3663050526617928 0 1 
1 10.480560229162867 2.4663050526617933 1 0 
1 10.730560229162867 2.4663050526617933 0 -1 
1 10.730560229162867 -4.9836949473382077 1 0 
1 12.880560229162867 -4.9836949473382077 0 -1 
1 12.880560229162867 -5.183694947338207 -1 0 
1 12.780560229162866 -5.183694947338207 0 1 
1 12.780560229162866 -5.0836949473382074 -1 0 
1 10.480560229162867 -5.0836949473382074 0 1 
1 10.480560229162867 -4.9836949473382077 1 0 
1 10.630560229162867 -4.9836949473382077 0 1 
1 10.630560229162867 -3.2836949473382067 -1 0 
1 10.480560229162867 -3.2836949473382067 0 1 
1 10.480560229162867 -3.183694947338207 1 0 
1 10.630560229162867 -3.183694947338207 0 1 
1 10.630560229162867 -1.0336949473382067 -1 0 
1 10.480560229162867 -1.0336949473382067 0 1 
1 10.480560229162867 -0.93369494733820702 1 0 
1 10.630560229162867 -0.93369494733820702 0 1 
1 10.630560229162867 0.066305052661792985 -1 0 
1 8.8305602291628666 0.066305052661792985 0 -1 
1 8.8305602291628666 -0.93369494733820702 1 0 
1 9.5805602291628666 -0.93369494733820702 0 -1 
1 9.5805602291628666 -1.0336949473382067 -1 0 
1 8.8305602291628666 -1.0336949473382067 0 -1 
1 8.8305602291628666 -3.183694947338207 1 0 
1 9.5805602291628666 -3.183694947338207 0 -1 
1 9.5805602291628666 -3.2836949473382067 -1 0 
1 8.8305602291628666 -3.2836949473382067 0 -1 
1 8.8305602291628666 -4.9836949473382077 1 0 
1 9.5805602291628666 -4.9836949473382077 0 -1 
1 9.5805602291628666 -5.0836949473382074 -1 0 
1 9.2805602291628677 -5.0836949473382074 0 -1 
1 9.2805602291628677 -6.7336949473382077 1 0 
1 9.980560229162867 -6.7336949473382077 0 -1 
1 9.980560229162867 -6.933694947338207 -1 0 
1 9.6305602291628674 -6.933694947338207 0 -1 
1 9.6305602291628674 -9.0836949473382074 1 0 
1 11.830560229162867 -9.0836949473382074 0 1 
1 11.830560229162867 -8.1336949473382081 1 0 
1 11.930560229162868 -8.1336949473382081 0 -1 
1 11.930560229162868 -9.0836949473382074 1 0 
1 15.730560229162867 -9.0836949473382074 0 1 
1 15.730560229162867 -8.1336949473382081 1 0 
1 15.880560229162867 -8.1336949473382081 0 1 
1 15.880560229162867 -6.5336949473382067 -1 0 
1 14.680560229162868 -6.5336949473382067 0 1 
1 14.680560229162868 -6.433694947338207 1 0 
1 15.980560229162867 -6.433694947338207 0 -1 
1 15.980560229162867 -8.7836949473382067 -1 0 
1 15.830560229162867 -8.7836949473382067 0 -1 
1 15.830560229162867 -9.0836949473382074 1 0 
1 19.380560229162867 -9.0836949473382074 0 1 
1 19.380560229162867 -5.0836949473382074 -1 0 
1 15.330560229162867 -5.0836949473382074 0 1 
1 15.330560229162867 -4.9836949473382077 1 0 
1 13.530560229162866 -7.183694947338207 -1 0 
1 13.530560229162866 -7.183694947338207 -1 0 
1 13.530560229162866 -7.183694947338207 -1 0 
1 12.880560229162867 -7.183694947338207 0 -1 
1 12.880560229162867 -7.183694947338207 0 -1 
1 12.880560229162867 -7.183694947338207 0 -1 
1 12.880560229162867 -8.1336949473382081 -1 0 
1 12.880560229162867 -8.1336949473382081 -1 0 
1 12.880560229162867 -8.1336949473382081 -1 0 
1 12.780560229162866 -8.1336949473382081 0 1 
1 12.780560229162866 -8.1336949473382081 0 1 
1 12.780560229162866 -8.1336949473382081 0 1 
1 12.780560229162866 -6.183694947338207 1 0 
1 12.780560229162866 -6.183694947338207 1 0 
1 12.780560229162866 -6.183694947338207 1 0 
1 12.880560229162867 -6.183694947338207 0 -1 
1 12.880560229162867 -6.183694947338207 0 -1 
1 12.880560229162867 -6.183694947338207 0 -1 
1 12.880560229162867 -6.433694947338207 1 0 
1 12.880560229162867 -6.433694947338207 1 0 
1 12.880560229162867 -6.433694947338207 1 0 
1 13.680560229162868 -6.433694947338207 0 -1 
1 13.680560229162868 -6.433694947338207 0 -1 
1 13.680560229162868 -6.433694947338207 0 -1 
1 13.680560229162868 -6.5336949473382067 -1 0 
1 13.680560229162868 -6.5336949473382067 -1 0 
1 13.680560229162868 -6.5336949473382067 -1 0 
1 13.530560229162866 -6.5336949473382067 0 -1 
1 13.530560229162866 -6.5336949473382067 0 -1 
1 13.530560229162866 -6.5336949473382067 0 -1 
Curves 755
1 37.555151367187499 -10.300000000000001 0 -0.0030303815933970918 0.99999540838315781 0 
1 37.54302978515625 -6.2999999999999998 0 1 0 0 
1 39.442727050781251 -6.2999999999999998 0 0 -1 0 
1 39.442727050781251 -10.200000000000001 0 -1 0 0 
1 39.292727050781252 -10.200000000000001 0 0 -1 0 
1 39.292727050781252 -10.300000000000001 0 1 0 0 
1 39.725000000000001 -10.300000000000001 0 0 1 0 
1 39.725000000000001 -10.200000000000001 0 -1 0 0 
1 39.542727050781252 -10.200000000000001 0 0 1 0 
1 39.542727050781252 -8 0 1 0 0 
1 42.442729492187503 -8 0 0 -1 0 
1 42.442729492187503 -8.75 0 1 0 0 
1 42.542729492187497 -8.75 0 0 1 0 
1 42.542729492187497 -6.2000000000000002 0 -1 0 0 
1 42.292729492187497 -6.2000000000000002 0 0 -1 0 
1 42.292729492187497 -6.2999999999999998 0 1 0 0 
1 42.442729492187503 -6.2999999999999998 0 0 -1 0 
1 42.442729492187503 -7.9000000000000004 0 -1 0 0 
1 39.542727050781252 -7.9000000000000004 0 0 1 0 
1 39.542727050781252 -6.2999999999999998 0 1 0 0 
1 41.292729492187497 -6.2999999999999998 0 0 1 0 
1 41.292729492187497 -6.2000000000000002 0 -1 0 0 
1 40.675000000000004 -6.2000000000000002 0 0 1 0 
1 40.675000000000004 -6.1000000000000005 0 -1 0 0 
1 40.575000000000003 -6.1000000000000005 0 0 -1 0 
1 40.575000000000003 -6.2000000000000002 0 -1 0 0 
1 37.542727050781252 -6.2000000000000002 0 -0.0030304655855744535 0.99999540812862475 0 
1 37.526210937500004 -0.75 0 1 0 0 
1 37.774999999999999 -0.75 0 0 1 0 
1 37.774999999999999 -0.35000000000000003 0 -1 0 0 
1 37.475000000000001 -0.35000000000000003 0 0 1 0 
1 37.475000000000001 0 0 1 0 0 
1 40.575000000000003 0 0 0 -1 0 
1 40.575000000000003 -5.1000000000000005 0 1 0 0 
1 40.675000000000004 -5.1000000000000005 0 0 1 0 
1 40.675000000000004 -5 0 1 0 0 
1 42.475000000000001 -5 0 0 1 0 
1 42.475000000000001 -4.9000000000000004 0 -1 0 0 
1 40.675000000000004 -4.9000000000000004 0 0 1 0 
1 40.675000000000004 0 0 1 0 0 
1 43.625 0 0 0 -1 0 
1 43.625 -4.9000000000000004 0 -1 0 0 
1 43.475000000000001 -4.9000000000000004 0 0 -1 0 
1 43.475000000000001 -5 0 1 0 0 
1 43.625 -5 0 0 -1 0 
1 43.625 -8.75 0 1 0 0 
1 50.125 -8.75 0 0 -1 0 
1 50.125 -8.8499999999999996 0 1 0 0 
1 50.225000000000001 -8.8499999999999996 0 0 1 0 
1 50.225000000000001 -8.75 0 1 0 0 
1 53.175000000000004 -8.75 0 0 -1 0 
1 53.175000000000004 -8.8499999999999996 0 1 0 0 
1 53.325000000000003 -8.8499999999999996 0 0 1 0 
1 53.325000000000003 -7.9500000000000002 0 1 0 0 
1 53.925000000000004 -7.9500000000000002 0 0 1 0 
1 53.925000000000004 -7.8500000000000005 0 -1 0 0 
1 53.225000000000001 -7.8500000000000005 0 0 -1 0 
1 53.225000000000001 -8.5 0 -1 0 0 
1 50.325000000000003 -8.5 0 0 1 0 
1 50.325000000000003 -6.4500000000000002 0 -1 0 0 
1 48.125 -6.4500000000000002 0 0 1 0 
1 48.125 -6.3500000000000005 0 -1 0 0 
1 48.024999999999999 -6.3500000000000005 0 0 -1 0 
1 48.024999999999999 -6.4500000000000002 0 -1 0 0 
1 43.875 -6.4500000000000002 0 0 1 0 
1 43.875 0 0 1 0 0 
1 47.175000000000004 0 0 0 -1 0 
1 47.175000000000004 -5.25 0 1 0 0 
1 48.024999999999999 -5.25 0 0 -1 0 
1 48.024999999999999 -5.3500000000000005 0 1 0 0 
1 48.125 -5.3500000000000005 0 0 1 0 
1 48.125 -5.25 0 1 0 0 
1 49.075000000000003 -5.25 0 0 1 0 
1 49.075000000000003 -5.1500000000000004 0 -1 0 0 
1 47.274999999999999 -5.1500000000000004 0 0 1 0 
1 47.274999999999999 0 0 1 0 0 
1 50.225000000000001 0 0 0 -1 0 
1 50.225000000000001 -0.40000000000000002 0 -1 0 0 
1 50.075000000000003 -0.40000000000000002 0 0 -1 0 
1 50.075000000000003 -1.5 0 1 0 0 
1 50.225000000000001 -1.5 0 0 -1 0 
1 50.225000000000001 -5.1500000000000004 0 -1 0 0 
1 50.075000000000003 -5.1500000000000004 0 0 -1 0 
1 50.075000000000003 -5.25 0 1 0 0 
1 50.325000000000003 -5.25 0 0 1 0 
1 50.325000000000003 -1.6000000000000001 0 1 0 0 
1 51.675000000000004 -1.6000000000000001 0 0 1 0 
1 51.675000000000004 -1.5 0 -1 0 0 
1 50.325000000000003 -1.5 0 0 1 0 
1 50.325000000000003 0 0 1 0 0 
1 55.024999999999999 0 0 0 -1 0 
1 55.024999999999999 -1.5 0 -1 0 0 
1 53.675000000000004 -1.5 0 0 -1 0 
1 53.675000000000004 -1.6000000000000001 0 1 0 0 
1 55.024999999999999 -1.6000000000000001 0 0 -1 0 
1 55.024999999999999 -3.6000000000000001 0 1 0 0 
1 55.125 -3.6000000000000001 0 0 1 0 
1 55.125 -2.2000000000000002 0 1 0 0 
1 56.200000000000003 -2.2000000000000002 0 0 1 0 
1 56.200000000000003 -2.1000000000000001 0 -1 0 0 
1 55.125 -2.1000000000000001 0 0 1 0 
1 55.125 0 0 1 0 0 
1 57.925000000000004 0 0 0 -1 0 
1 57.925000000000004 -1 0 -1 0 0 
1 57.774999999999999 -1 0 0 -1 0 
1 57.774999999999999 -2.1000000000000001 0 -1 0 0 
1 57.200000000000003 -2.1000000000000001 0 0 -1 0 
1 57.200000000000003 -2.2000000000000002 0 1 0 0 
1 57.774999999999999 -2.2000000000000002 0 0 -1 0 
1 57.774999999999999 -5.2999999999999998 0 -1 0 0 
1 55.125 -5.2999999999999998 0 0 1 0 
1 55.125 -4.6000000000000005 0 -1 0 0 
1 55.024999999999999 -4.6000000000000005 0 0 -1 0 
1 55.024999999999999 -7.8500000000000005 0 -1 0 0 
1 54.925000000000004 -7.8500000000000005 0 0 -1 0 
1 54.925000000000004 -7.9500000000000002 0 1 0 0 
1 55.024999999999999 -7.9500000000000002 0 0 -1 0 
1 55.024999999999999 -10.800000000000001 0 1 0 0 
1 55.325000000000003 -10.800000000000001 0 0 1 0 
1 55.325000000000003 -5.6000000000000005 0 1 0 0 
1 58.024999999999999 -5.6000000000000005 0 0 1 0 
1 58.024999999999999 0 0 1 0 0 
1 64.950000000000003 0 0 0 -1 0 
1 64.950000000000003 -2.1499999999999999 0 -1 0 0 
1 59.75 -2.1499999999999999 0 0 -1 0 
1 59.75 -2.3500000000000001 0 1 0 0 
1 65.400000000000006 -2.3500000000000001 0 0 1 0 
1 65.400000000000006 -2.1499999999999999 0 -1 0 0 
1 65.049999999999997 -2.1499999999999999 0 0 1 0 
1 65.049999999999997 0 0 1 0 0 
1 67.25 0 0 0 -1 0 
1 67.25 -0.95000000000000007 0 1 0 0 
1 67.349999999999994 -0.95000000000000007 0 0 1 0 
1 67.349999999999994 0 0 1 0 0 
1 71.150000000000006 0 0 0 -1 0 
1 71.150000000000006 -0.95000000000000007 0 1 0 0 
1 71.299999999999997 -0.95000000000000007 0 0 -1 0 
1 71.299999999999997 -2.5500000000000003 0 -1 0 0 
1 70.100000000000009 -2.5500000000000003 0 0 -1 0 
1 70.100000000000009 -2.6499999999999999 0 1 0 0 
1 71.400000000000006 -2.6499999999999999 0 0 1 0 
1 71.400000000000006 -0.29999999999999999 0 -1 0 0 
1 71.25 -0.29999999999999999 0 0 1 0 
1 71.25 0 0 1 0 0 
1 74.799999999999997 0 0 0 -1 0 
1 74.799999999999997 -4 0 -1 0 0 
1 70.75 -4 0 0 -1 0 
1 70.75 -4.0999999999999996 0 1 0 0 
1 74.799999999999997 -4.0999999999999996 0 0 -1 0 
1 74.799999999999997 -8.7000000000000011 0 -1 0 0 
1 71.25 -8.7000000000000011 0 0 -1 0 
1 71.25 -8.8000000000000007 0 1 0 0 
1 74.799999999999997 -8.8000000000000007 0 0 -1 0 
1 74.799999999999997 -11.4 0 -1 0 0 
1 70.049999999999997 -11.4 0 0 1 0 
1 70.049999999999997 -10 0 -1 0 0 
1 69.299999999999997 -10 0 0 1 0 
1 69.299999999999997 -8.8000000000000007 0 1 0 0 
1 70.200000000000003 -8.8000000000000007 0 0 1 0 
1 70.200000000000003 -8.7000000000000011 0 -1 0 0 
1 67.450000000000003 -8.7000000000000011 0 0 -1 0 
1 67.450000000000003 -8.8000000000000007 0 1 0 0 
1 69.200000000000003 -8.8000000000000007 0 0 -1 0 
1 69.200000000000003 -10.800000000000001 0 -1 0 0 
1 67.5 -10.800000000000001 0 0 -1 0 
1 67.5 -11.65 0 1 0 0 
1 67.599999999999994 -11.65 0 0 1 0 
1 67.599999999999994 -10.9 0 1 0 0 
1 69.950000000000003 -10.9 0 0 -1 0 
1 69.950000000000003 -11.5 0 1 0 0 
1 74.799999999999997 -11.5 0 0 -1 0 
1 74.799999999999997 -17.300000000000001 0 -1 0 0 
1 70.100000000000009 -17.300000000000001 0 0 1 0 
1 70.100000000000009 -12.800000000000001 0 -1 0 0 
1 69.850000000000009 -12.800000000000001 0 0 -1 0 
1 69.850000000000009 -12.9 0 1 0 0 
1 70 -12.9 0 0 -1 0 
1 70 -17.300000000000001 0 -1 0 0 
1 67.900000000000006 -17.300000000000001 0 0 1 0 
1 67.900000000000006 -16.850000000000001 0 1 0 0 
1 68 -16.850000000000001 0 0 1 0 
1 68 -12.9 0 1 0 0 
1 68.850000000000009 -12.9 0 0 1 0 
1 68.850000000000009 -12.800000000000001 0 -1 0 0 
1 67.599999999999994 -12.800000000000001 0 0 1 0 
1 67.599999999999994 -12.65 0 -1 0 0 
1 67.5 -12.65 0 0 -1 0 
1 67.5 -12.800000000000001 0 -1 0 0 
1 65.200000000000003 -12.800000000000001 0 0 -1 0 
1 65.200000000000003 -12.9 0 1 0 0 
1 67.099999999999994 -12.9 0 0 -1 0 
1 67.099999999999994 -13.5 0 1 0 0 
1 67.799999999999997 -13.5 0 0 -1 0 
1 67.799999999999997 -19.600000000000001 0 -1 0 0 
1 60.399999999999999 -19.600000000000001 0 0 1 0 
1 60.399999999999999 -11.550000000000001 0 1 0 0 
1 63.950000000000003 -11.550000000000001 0 0 -1 0 
1 63.950000000000003 -11.65 0 1 0 0 
1 64.049999999999997 -11.65 0 0 1 0 
1 64.049999999999997 -11.550000000000001 0 1 0 0 
1 65 -11.550000000000001 0 0 1 0 
1 65 -11.450000000000001 0 -1 0 0 
1 63.25 -11.450000000000001 0 0 1 0 
1 63.25 -10.5 0 1 0 0 
1 64.25 -10.5 0 0 1 0 
1 64.25 -9.75 0 1 0 0 
1 66.049999999999997 -9.75 0 0 -1 0 
1 66.049999999999997 -11.450000000000001 0 -1 0 0 
1 65.900000000000006 -11.450000000000001 0 0 -1 0 
1 65.900000000000006 -11.550000000000001 0 1 0 0 
1 66.150000000000006 -11.550000000000001 0 0 1 0 
1 66.150000000000006 -4.0999999999999996 0 1 0 0 
1 68.299999999999997 -4.0999999999999996 0 0 1 0 
1 68.299999999999997 -3.8999999999999999 0 -1 0 0 
1 68.200000000000003 -3.8999999999999999 0 0 -1 0 
1 68.200000000000003 -4 0 -1 0 0 
1 65.900000000000006 -4 0 0 -1 0 
1 65.900000000000006 -4.0999999999999996 0 1 0 0 
1 66.049999999999997 -4.0999999999999996 0 0 -1 0 
1 66.049999999999997 -5.7999999999999998 0 -1 0 0 
1 65.900000000000006 -5.7999999999999998 0 0 -1 0 
1 65.900000000000006 -5.9000000000000004 0 1 0 0 
1 66.049999999999997 -5.9000000000000004 0 0 -1 0 
1 66.049999999999997 -8.0500000000000007 0 -1 0 0 
1 65.900000000000006 -8.0500000000000007 0 0 -1 0 
1 65.900000000000006 -8.1500000000000004 0 1 0 0 
1 66.049999999999997 -8.1500000000000004 0 0 -1 0 
1 66.049999999999997 -9.1500000000000004 0 -1 0 0 
1 64.25 -9.1500000000000004 0 0 1 0 
1 64.25 -8.1500000000000004 0 1 0 0 
1 65 -8.1500000000000004 0 0 1 0 
1 65 -8.0500000000000007 0 -1 0 0 
1 64.25 -8.0500000000000007 0 0 1 0 
1 64.25 -5.9000000000000004 0 1 0 0 
1 65 -5.9000000000000004 0 0 1 0 
1 65 -5.7999999999999998 0 -1 0 0 
1 64.25 -5.7999999999999998 0 0 1 0 
1 64.25 -4.0999999999999996 0 1 0 0 
1 65 -4.0999999999999996 0 0 1 0 
1 65 -4 0 -1 0 0 
1 63.950000000000003 -4 0 0 -1 0 
1 63.950000000000003 -10.200000000000001 0 -1 0 0 
1 63.100000000000001 -10.200000000000001 0 0 -1 0 
1 63.100000000000001 -11.35 0 -1 0 0 
1 60.200000000000003 -11.35 0 0 -1 0 
1 60.200000000000003 -17.300000000000001 0 -1 0 0 
1 58.024999999999999 -17.300000000000001 0 0 1 0 
1 58.024999999999999 -12.25 0 -1 0 0 
1 53.325000000000003 -12.25 0 0 1 0 
1 53.325000000000003 -9.8499999999999996 0 -1 0 0 
1 53.175000000000004 -9.8499999999999996 0 0 -1 0 
1 53.175000000000004 -10.9 0 -1 0 0 
1 53.075000000000003 -10.9 0 0 -1 0 
1 53.075000000000003 -11 0 1 0 0 
1 53.175000000000004 -11 0 0 -1 0 
1 53.175000000000004 -13.050000000000001 0 1 0 0 
1 53.774999999999999 -13.050000000000001 0 0 1 0 
1 53.774999999999999 -12.4 0 1 0 0 
1 56.225000000000001 -12.4 0 0 -1 0 
1 56.225000000000001 -13.15 0 1 0 0 
1 56.325000000000003 -13.15 0 0 1 0 
1 56.325000000000003 -12.4 0 1 0 0 
1 57.325000000000003 -12.4 0 0 -1 0 
1 57.325000000000003 -13.300000000000001 0 1 0 0 
1 57.774999999999999 -13.300000000000001 0 0 -1 0 
1 57.774999999999999 -16.350000000000001 0 1 0 0 
1 57.875 -16.350000000000001 0 0 -1 0 
1 57.875 -17.300000000000001 0 -1 0 0 
1 53.875 -17.300000000000001 0 0 1 0 
1 53.875 -16.350000000000001 0 1 0 0 
1 54.875 -16.350000000000001 0 0 1 0 
1 54.875 -16.25 0 1 0 0 
1 55.024999999999999 -16.25 0 0 -1 0 
1 55.024999999999999 -16.350000000000001 0 1 0 0 
1 56.325000000000003 -16.350000000000001 0 0 1 0 
1 56.325000000000003 -14.15 0 -1 0 0 
1 56.225000000000001 -14.15 0 0 -1 0 
1 56.225000000000001 -14.25 0 -1 0 0 
1 55.125 -14.25 0 0 1 0 
1 55.125 -14.050000000000001 0 -1 0 0 
1 54.774999999999999 -14.050000000000001 0 0 -1 0 
1 54.774999999999999 -16.25 0 -1 0 0 
1 53.774999999999999 -16.25 0 0 -1 0 
1 53.774999999999999 -17.300000000000001 0 -1 0 0 
1 51.524999999999999 -17.300000000000001 0 0 1 0 
1 51.524999999999999 -15.65 0 -1 0 0 
1 51.2195361328125 -15.65 0 0.48503010615113434 -0.87449745347086028 0 
1 51.274999999999999 -15.75 0 0 -1 0 
1 51.274999999999999 -16.899999999999999 0 1 0 0 
1 51.425000000000004 -16.899999999999999 0 0 -1 0 
1 51.425000000000004 -17.350000000000001 0 -1 0 0 
1 44.375 -17.350000000000001 0 0 1 0 
1 44.375 -16.899999999999999 0 1 0 0 
1 44.475000000000001 -16.899999999999999 0 0 1 0 
1 44.475000000000001 -15.75 0 1 0 0 
1 50.282880859374998 -15.75 0 0 1 0 
1 50.282880859374998 -15.65 0 -1 0 0 
1 50.225000000000001 -15.65 0 0 1 0 
1 50.225000000000001 -11 0 1 0 0 
1 52.075000000000003 -11 0 0 1 0 
1 52.075000000000003 -10.9 0 -1 0 0 
1 50.225000000000001 -10.9 0 0 1 0 
1 50.225000000000001 -9.8499999999999996 0 -1 0 0 
1 50.125 -9.8499999999999996 0 0 -1 0 
1 50.125 -15.65 0 -1 0 0 
1 44.475000000000001 -15.65 0 0 1 0 
1 44.475000000000001 -12.25 0 -1 0 0 
1 44.325000000000003 -12.25 0 0 -1 0 
1 44.325000000000003 -13.35 0 -1 0 0 
1 44.225000000000001 -13.35 0 0 -1 0 
1 44.225000000000001 -13.450000000000001 0 1 0 0 
1 44.325000000000003 -13.450000000000001 0 0 -1 0 
1 44.325000000000003 -15.75 0 -1 0 0 
1 44.125 -15.75 0 0 -1 0 
1 44.125 -16.899999999999999 0 1 0 0 
1 44.225000000000001 -16.899999999999999 0 0 -1 0 
1 44.225000000000001 -17.300000000000001 0 -1 0 0 
1 42.575000000000003 -17.300000000000001 0 0 1 0 
1 42.575000000000003 -15.450000000000001 0 -1 0 0 
1 42.475000000000001 -15.450000000000001 0 0 -1 0 
1 42.475000000000001 -17.300000000000001 0 -1 0 0 
1 41.075000000000003 -17.300000000000001 0 0 1 0 
1 41.075000000000003 -16.850000000000001 0 1 0 0 
1 41.175000000000004 -16.850000000000001 0 0 1 0 
1 41.175000000000004 -15.800000000000001 0 -1 0 0 
1 40.975000000000001 -15.800000000000001 0 0 1 0 
1 40.975000000000001 -14.550000000000001 0 1 0 0 
1 42.475000000000001 -14.550000000000001 0 0 -1 0 
1 42.475000000000001 -14.75 0 1 0 0 
1 42.575000000000003 -14.75 0 0 1 0 
1 42.575000000000003 -14.25 0 -1 0 0 
1 42.475000000000001 -14.25 0 0 -1 0 
1 42.475000000000001 -14.450000000000001 0 -1 0 0 
1 40.975000000000001 -14.450000000000001 0 0 1 0 
1 40.975000000000001 -13.450000000000001 0 1 0 0 
1 42.475000000000001 -13.450000000000001 0 0 -1 0 
1 42.475000000000001 -13.550000000000001 0 1 0 0 
1 42.575000000000003 -13.550000000000001 0 0 1 0 
1 42.575000000000003 -13.450000000000001 0 1 0 0 
1 43.225000000000001 -13.450000000000001 0 0 1 0 
1 43.225000000000001 -13.35 0 -1 0 0 
1 41.575000000000003 -13.35 0 0 1 0 
1 41.575000000000003 -12.550000000000001 0 -1 0 0 
1 40.975000000000001 -12.550000000000001 0 0 1 0 
1 40.975000000000001 -10 0 1 0 0 
1 44.375 -10 0 0 -1 0 
1 44.375 -11.200000000000001 0 1 0 0 
1 44.475000000000001 -11.200000000000001 0 0 1 0 
1 44.475000000000001 -9.9000000000000004 0 -1 0 0 
1 40.875 -9.9000000000000004 0 0 -1 0 
1 40.875 -10.200000000000001 0 -1 0 0 
1 40.725000000000001 -10.200000000000001 0 0 -1 0 
1 40.725000000000001 -10.300000000000001 0 1 0 0 
1 40.875 -10.300000000000001 0 0 -1 0 
1 40.875 -16.850000000000001 0 1 0 0 
1 40.975000000000001 -16.850000000000001 0 0 -1 0 
1 40.975000000000001 -17.300000000000001 0 -1 0 0 
1 37.425000000000004 -17.300000000000001 0 0 1 0 
1 37.425000000000004 -16.850000000000001 0 1 0 0 
1 37.575000000000003 -16.850000000000001 0 -0.0030303117067772703 0.99999540859493941 0 
1 68.299999999999997 -2.8999999999999999 0 0 1 0 
1 68.299999999999997 -2.6499999999999999 0 1 0 0 
1 69.100000000000009 -2.6499999999999999 0 0 1 0 
1 69.100000000000009 -2.5500000000000003 0 -1 0 0 
1 68.950000000000003 -2.5500000000000003 0 0 1 0 
1 68.950000000000003 -1.9000000000000001 0 -1 0 0 
1 68.299999999999997 -1.9000000000000001 0 0 1 0 
1 68.299999999999997 -0.95000000000000007 0 -1 0 0 
1 68.200000000000003 -0.95000000000000007 0 0 -1 0 
1 68.200000000000003 -2.8999999999999999 0 1 0 0 
1 64.049999999999997 -17.300000000000001 0 0 1 0 
1 64.049999999999997 -12.9 0 1 0 0 
1 64.200000000000003 -12.9 0 0 1 0 
1 64.200000000000003 -12.800000000000001 0 -1 0 0 
1 64.049999999999997 -12.800000000000001 0 0 1 0 
1 64.049999999999997 -12.65 0 -1 0 0 
1 63.950000000000003 -12.65 0 0 -1 0 
1 63.950000000000003 -17.300000000000001 0 1 0 0 
1 0 -13.200000000000001 0 0 1 0 
1 0 -8.5999999999999996 0 1 0 0 
1 3.5500000000000003 -8.5999999999999996 0 0 1 0 
1 3.5500000000000003 -8.5 0 -1 0 0 
1 0 -8.5 0 0 1 0 
1 0 -5.9000000000000004 0 1 0 0 
1 4.75 -5.9000000000000004 0 0 -1 0 
1 4.75 -7.2999999999999998 0 1 0 0 
1 5.5 -7.2999999999999998 0 0 -1 0 
1 5.5 -8.5 0 -1 0 0 
1 4.6000000000000005 -8.5 0 0 -1 0 
1 4.6000000000000005 -8.5999999999999996 0 1 0 0 
1 7.3500000000000005 -8.5999999999999996 0 0 1 0 
1 7.3500000000000005 -8.5 0 -1 0 0 
1 5.6000000000000005 -8.5 0 0 1 0 
1 5.6000000000000005 -6.5 0 1 0 0 
1 7.2999999999999998 -6.5 0 0 1 0 
1 7.2999999999999998 -5.6500000000000004 0 -1 0 0 
1 7.2000000000000002 -5.6500000000000004 0 0 -1 0 
1 7.2000000000000002 -6.4000000000000004 0 -1 0 0 
1 4.8500000000000005 -6.4000000000000004 0 0 1 0 
1 4.8500000000000005 -5.7999999999999998 0 -1 0 0 
1 0 -5.7999999999999998 0 0 1 0 
1 0 0 0 1 0 0 
1 4.7000000000000002 0 0 0 -1 0 
1 4.7000000000000002 -4.5 0 1 0 0 
1 4.9500000000000002 -4.5 0 0 1 0 
1 4.9500000000000002 -4.4000000000000004 0 -1 0 0 
1 4.7999999999999998 -4.4000000000000004 0 0 1 0 
1 4.7999999999999998 0 0 1 0 0 
1 6.9000000000000004 0 0 0 -1 0 
1 6.9000000000000004 -0.45000000000000001 0 -1 0 0 
1 6.7999999999999998 -0.45000000000000001 0 0 -1 0 
1 6.7999999999999998 -4.4000000000000004 0 -1 0 0 
1 5.9500000000000002 -4.4000000000000004 0 0 -1 0 
1 5.9500000000000002 -4.5 0 1 0 0 
1 7.2000000000000002 -4.5 0 0 -1 0 
1 7.2000000000000002 -4.6500000000000004 0 1 0 0 
1 7.2999999999999998 -4.6500000000000004 0 0 1 0 
1 7.2999999999999998 -4.5 0 1 0 0 
1 9.5999999999999996 -4.5 0 0 1 0 
1 9.5999999999999996 -4.4000000000000004 0 -1 0 0 
1 7.7000000000000002 -4.4000000000000004 0 0 1 0 
1 7.7000000000000002 -3.8000000000000003 0 -1 0 0 
1 7 -3.8000000000000003 0 0 1 0 
1 7 0 0 1 0 0 
1 10.75 0 0 0 -1 0 
1 10.75 -4.4000000000000004 0 -1 0 0 
1 10.6 -4.4000000000000004 0 0 -1 0 
1 10.6 -4.5 0 1 0 0 
1 10.75 -4.5 0 0 -1 0 
1 10.75 -4.6500000000000004 0 1 0 0 
1 10.85 -4.6500000000000004 0 0 1 0 
1 10.85 0 0 1 0 0 
1 14.4 0 0 0 -1 0 
1 14.4 -5.75 0 -1 0 0 
1 10.85 -5.75 0 0 1 0 
1 10.85 -5.6500000000000004 0 -1 0 0 
1 10.75 -5.6500000000000004 0 0 -1 0 
1 10.75 -5.75 0 -1 0 0 
1 9.8000000000000007 -5.75 0 0 -1 0 
1 9.8000000000000007 -5.8500000000000005 0 1 0 0 
1 11.700000000000001 -5.8500000000000005 0 0 -1 0 
1 11.700000000000001 -5.9500000000000002 0 1 0 0 
1 14.6 -5.9500000000000002 0 0 1 0 
1 14.6 0 0 1 0 0 
1 16.774999999999999 0 0 0 -1 0 
1 16.774999999999999 -5.0499999999999998 0 1 0 0 
1 21.475000000000001 -5.0499999999999998 0 0 -1 0 
1 21.475000000000001 -7.4500000000000002 0 1 0 0 
1 21.625 -7.4500000000000002 0 0 1 0 
1 21.625 -6.4000000000000004 0 1 0 0 
1 21.725000000000001 -6.4000000000000004 0 0 1 0 
1 21.725000000000001 -6.2999999999999998 0 -1 0 0 
1 21.625 -6.2999999999999998 0 0 1 0 
1 21.625 -4.25 0 -1 0 0 
1 21.025000000000002 -4.25 0 0 -1 0 
1 21.025000000000002 -4.9000000000000004 0 -1 0 0 
1 18.574999999999999 -4.9000000000000004 0 0 1 0 
1 18.574999999999999 -4.1500000000000004 0 -1 0 0 
1 18.475000000000001 -4.1500000000000004 0 0 -1 0 
1 18.475000000000001 -4.9000000000000004 0 -1 0 0 
1 17.475000000000001 -4.9000000000000004 0 0 1 0 
1 17.475000000000001 -4 0 -1 0 0 
1 17.024999999999999 -4 0 0 1 0 
1 17.024999999999999 -0.95000000000000007 0 -1 0 0 
1 16.925000000000001 -0.95000000000000007 0 0 1 0 
1 16.925000000000001 0 0 1 0 0 
1 20.925000000000001 0 0 0 -1 0 
1 20.925000000000001 -0.95000000000000007 0 -1 0 0 
1 19.925000000000001 -0.95000000000000007 0 0 -1 0 
1 19.925000000000001 -1.05 0 -1 0 0 
1 19.775000000000002 -1.05 0 0 1 0 
1 19.775000000000002 -0.95000000000000007 0 -1 0 0 
1 18.475000000000001 -0.95000000000000007 0 0 -1 0 
1 18.475000000000001 -3.1499999999999999 0 1 0 0 
1 18.574999999999999 -3.1499999999999999 0 0 1 0 
1 18.574999999999999 -3.0500000000000003 0 1 0 0 
1 19.675000000000001 -3.0500000000000003 0 0 -1 0 
1 19.675000000000001 -3.25 0 1 0 0 
1 20.025000000000002 -3.25 0 0 1 0 
1 20.025000000000002 -1.05 0 1 0 0 
1 21.025000000000002 -1.05 0 0 1 0 
1 21.025000000000002 0 0 1 0 0 
1 23.275000000000002 0 0 0 -1 0 
1 23.275000000000002 -1.6500000000000001 0 1 0 0 
1 23.580461425781252 -1.6500000000000001 0 -0.48501377854764155 0.87450650919186379 0 
1 23.525000000000002 -1.55 0 0 1 0 
1 23.525000000000002 -0.40000000000000002 0 -1 0 0 
1 23.375 -0.40000000000000002 0 0 1 0 
1 23.375 0.050000000000000003 0 1 0 0 
1 30.425000000000001 0.050000000000000003 0 0 -1 0 
1 30.425000000000001 -0.40000000000000002 0 -1 0 0 
1 30.324999999999999 -0.40000000000000002 0 0 -1 0 
1 30.324999999999999 -1.55 0 -1 0 0 
1 24.517121582031251 -1.55 0 0 -1 0 
1 24.517121582031251 -1.6500000000000001 0 1 0 0 
1 24.574999999999999 -1.6500000000000001 0 0 -1 0 
1 24.574999999999999 -6.2999999999999998 0 -1 0 0 
1 22.725000000000001 -6.2999999999999998 0 0 -1 0 
1 22.725000000000001 -6.4000000000000004 0 1 0 0 
1 24.574999999999999 -6.4000000000000004 0 0 -1 0 
1 24.574999999999999 -7.4500000000000002 0 1 0 0 
1 24.675000000000001 -7.4500000000000002 0 0 1 0 
1 24.675000000000001 -1.6500000000000001 0 1 0 0 
1 30.324999999999999 -1.6500000000000001 0 0 -1 0 
1 30.324999999999999 -5.0499999999999998 0 1 0 0 
1 30.475000000000001 -5.0499999999999998 0 0 1 0 
1 30.475000000000001 -3.9500000000000002 0 1 0 0 
1 30.574999999999999 -3.9500000000000002 0 0 1 0 
1 30.574999999999999 -3.8500000000000001 0 -1 0 0 
1 30.475000000000001 -3.8500000000000001 0 0 1 0 
1 30.475000000000001 -1.55 0 1 0 0 
1 30.675000000000001 -1.55 0 0 1 0 
1 30.675000000000001 -0.40000000000000002 0 -1 0 0 
1 30.574999999999999 -0.40000000000000002 0 0 1 0 
1 30.574999999999999 0 0 1 0 0 
1 32.225000000000001 0 0 0 -1 0 
1 32.225000000000001 -1.8500000000000001 0 1 0 0 
1 32.325000000000003 -1.8500000000000001 0 0 1 0 
1 32.325000000000003 0 0 1 0 0 
1 33.725000000000001 0 0 0 -1 0 
1 33.725000000000001 -0.45000000000000001 0 -1 0 0 
1 33.625 -0.45000000000000001 0 0 -1 0 
1 33.625 -1.5 0 1 0 0 
1 33.825000000000003 -1.5 0 0 -1 0 
1 33.825000000000003 -2.75 0 -1 0 0 
1 32.325000000000003 -2.75 0 0 1 0 
1 32.325000000000003 -2.5500000000000003 0 -1 0 0 
1 32.225000000000001 -2.5500000000000003 0 0 -1 0 
1 32.225000000000001 -3.0500000000000003 0 1 0 0 
1 32.325000000000003 -3.0500000000000003 0 0 1 0 
1 32.325000000000003 -2.8500000000000001 0 1 0 0 
1 33.825000000000003 -2.8500000000000001 0 0 -1 0 
1 33.825000000000003 -3.8500000000000001 0 -1 0 0 
1 32.325000000000003 -3.8500000000000001 0 0 1 0 
1 32.325000000000003 -3.75 0 -1 0 0 
1 32.225000000000001 -3.75 0 0 -1 0 
1 32.225000000000001 -3.8500000000000001 0 -1 0 0 
1 31.574999999999999 -3.8500000000000001 0 0 -1 0 
1 31.574999999999999 -3.9500000000000002 0 1 0 0 
1 33.225000000000001 -3.9500000000000002 0 0 -1 0 
1 33.225000000000001 -4.75 0 1 0 0 
1 33.825000000000003 -4.75 0 0 -1 0 
1 33.825000000000003 -7.2999999999999998 0 -1 0 0 
1 30.425000000000001 -7.2999999999999998 0 0 1 0 
1 30.425000000000001 -6.1000000000000005 0 -1 0 0 
1 30.324999999999999 -6.1000000000000005 0 0 -1 0 
1 30.324999999999999 -7.4000000000000004 0 1 0 0 
1 33.924999999999997 -7.4000000000000004 0 0 1 0 
1 33.924999999999997 -7.1000000000000005 0 1 0 0 
1 34.075000000000003 -7.1000000000000005 0 0 1 0 
1 34.075000000000003 -7 0 -1 0 0 
1 33.924999999999997 -7 0 0 1 0 
1 33.924999999999997 -0.45000000000000001 0 -1 0 0 
1 33.825000000000003 -0.45000000000000001 0 0 1 0 
1 33.825000000000003 0 0 1 0 0 
1 37.375 0 0 0 -1 0 
1 37.375 -0.45000000000000001 0 -1 0 0 
1 37.225000000000001 -0.45000000000000001 0 0.0030303382040738902 -0.99999540851464364 0 
1 37.256970214843754 -11 0 -1 0 0 
1 35.357272949218753 -11 0 0 1 0 
1 35.357272949218753 -7.1000000000000005 0 1 0 0 
1 35.507272949218752 -7.1000000000000005 0 0 1 0 
1 35.507272949218752 -7 0 -1 0 0 
1 35.075000000000003 -7 0 0 -1 0 
1 35.075000000000003 -7.1000000000000005 0 1 0 0 
1 35.257272949218752 -7.1000000000000005 0 0 -1 0 
1 35.257272949218752 -9.3000000000000007 0 -1 0 0 
1 32.357272949218753 -9.3000000000000007 0 0 1 0 
1 32.357272949218753 -8.5500000000000007 0 -1 0 0 
1 32.257272949218752 -8.5500000000000007 0 0 -1 0 
1 32.257272949218752 -11.1 0 1 0 0 
1 32.507272949218752 -11.1 0 0 1 0 
1 32.507272949218752 -11 0 -1 0 0 
1 32.357272949218753 -11 0 0 1 0 
1 32.357272949218753 -9.4000000000000004 0 1 0 0 
1 35.257272949218752 -9.4000000000000004 0 0 -1 0 
1 35.257272949218752 -11 0 -1 0 0 
1 33.507272949218752 -11 0 0 -1 0 
1 33.507272949218752 -11.1 0 1 0 0 
1 34.125 -11.1 0 0 -1 0 
1 34.125 -11.200000000000001 0 1 0 0 
1 34.225000000000001 -11.200000000000001 0 0 1 0 
1 34.225000000000001 -11.1 0 1 0 0 
1 37.257272949218752 -11.1 0 0.0030304655855744531 -0.99999540812862475 0 
1 37.273789062500001 -16.550000000000001 0 -1 0 0 
1 37.024999999999999 -16.550000000000001 0 0 -1 0 
1 37.024999999999999 -16.949999999999999 0 1 0 0 
1 37.325000000000003 -16.949999999999999 0 0 -1 0 
1 37.325000000000003 -17.300000000000001 0 -1 0 0 
1 34.225000000000001 -17.300000000000001 0 0 1 0 
1 34.225000000000001 -12.200000000000001 0 -1 0 0 
1 34.125 -12.200000000000001 0 0 -1 0 
1 34.125 -12.300000000000001 0 -1 0 0 
1 32.325000000000003 -12.300000000000001 0 0 -1 0 
1 32.325000000000003 -12.4 0 1 0 0 
1 34.125 -12.4 0 0 -1 0 
1 34.125 -17.300000000000001 0 -1 0 0 
1 31.175000000000001 -17.300000000000001 0 0 1 0 
1 31.175000000000001 -12.4 0 1 0 0 
1 31.324999999999999 -12.4 0 0 1 0 
1 31.324999999999999 -12.300000000000001 0 -1 0 0 
1 31.175000000000001 -12.300000000000001 0 0 1 0 
1 31.175000000000001 -8.5500000000000007 0 -1 0 0 
1 24.675000000000001 -8.5500000000000007 0 0 1 0 
1 24.675000000000001 -8.4499999999999993 0 -1 0 0 
1 24.574999999999999 -8.4499999999999993 0 0 -1 0 
1 24.574999999999999 -8.5500000000000007 0 -1 0 0 
1 21.625 -8.5500000000000007 0 0 1 0 
1 21.625 -8.4499999999999993 0 -1 0 0 
1 21.475000000000001 -8.4499999999999993 0 0 -1 0 
1 21.475000000000001 -9.3499999999999996 0 -1 0 0 
1 20.875 -9.3499999999999996 0 0 -1 0 
1 20.875 -9.4500000000000011 0 1 0 0 
1 21.574999999999999 -9.4500000000000011 0 0 1 0 
1 21.574999999999999 -8.8000000000000007 0 1 0 0 
1 24.475000000000001 -8.8000000000000007 0 0 -1 0 
1 24.475000000000001 -10.85 0 1 0 0 
1 26.675000000000001 -10.85 0 0 -1 0 
1 26.675000000000001 -10.950000000000001 0 1 0 0 
1 26.775000000000002 -10.950000000000001 0 0 1 0 
1 26.775000000000002 -10.85 0 1 0 0 
1 30.925000000000001 -10.85 0 0 -1 0 
1 30.925000000000001 -17.300000000000001 0 -1 0 0 
1 27.625 -17.300000000000001 0 0 1 0 
1 27.625 -12.050000000000001 0 -1 0 0 
1 26.775000000000002 -12.050000000000001 0 0 1 0 
1 26.775000000000002 -11.950000000000001 0 -1 0 0 
1 26.675000000000001 -11.950000000000001 0 0 -1 0 
1 26.675000000000001 -12.050000000000001 0 -1 0 0 
1 25.725000000000001 -12.050000000000001 0 0 -1 0 
1 25.725000000000001 -12.15 0 1 0 0 
1 27.525000000000002 -12.15 0 0 -1 0 
1 27.525000000000002 -17.300000000000001 0 -1 0 0 
1 24.574999999999999 -17.300000000000001 0 0 1 0 
1 24.574999999999999 -16.899999999999999 0 1 0 0 
1 24.725000000000001 -16.899999999999999 0 0 1 0 
1 24.725000000000001 -15.800000000000001 0 -1 0 0 
1 24.574999999999999 -15.800000000000001 0 0 1 0 
1 24.574999999999999 -12.15 0 1 0 0 
1 24.725000000000001 -12.15 0 0 1 0 
1 24.725000000000001 -12.050000000000001 0 -1 0 0 
1 24.475000000000001 -12.050000000000001 0 0 -1 0 
1 24.475000000000001 -15.700000000000001 0 -1 0 0 
1 23.125 -15.700000000000001 0 0 -1 0 
1 23.125 -15.800000000000001 0 1 0 0 
1 24.475000000000001 -15.800000000000001 0 0 -1 0 
1 24.475000000000001 -17.300000000000001 0 -1 0 0 
1 19.775000000000002 -17.300000000000001 0 0 1 0 
1 19.775000000000002 -15.800000000000001 0 1 0 0 
1 21.125 -15.800000000000001 0 0 1 0 
1 21.125 -15.700000000000001 0 -1 0 0 
1 19.775000000000002 -15.700000000000001 0 0 1 0 
1 19.775000000000002 -13.700000000000001 0 -1 0 0 
1 19.675000000000001 -13.700000000000001 0 0 -1 0 
1 19.675000000000001 -15.1 0 -1 0 0 
1 18.600000000000001 -15.1 0 0 -1 0 
1 18.600000000000001 -15.200000000000001 0 1 0 0 
1 19.675000000000001 -15.200000000000001 0 0 -1 0 
1 19.675000000000001 -17.300000000000001 0 -1 0 0 
1 16.875 -17.300000000000001 0 0 1 0 
1 16.875 -16.300000000000001 0 1 0 0 
1 17.024999999999999 -16.300000000000001 0 0 1 0 
1 17.024999999999999 -15.200000000000001 0 1 0 0 
1 17.600000000000001 -15.200000000000001 0 0 1 0 
1 17.600000000000001 -15.1 0 -1 0 0 
1 17.024999999999999 -15.1 0 0 1 0 
1 17.024999999999999 -12 0 1 0 0 
1 19.675000000000001 -12 0 0 -1 0 
1 19.675000000000001 -12.700000000000001 0 1 0 0 
1 19.775000000000002 -12.700000000000001 0 0 1 0 
1 19.775000000000002 -9.4500000000000011 0 1 0 0 
1 19.875 -9.4500000000000011 0 0 1 0 
1 19.875 -9.3499999999999996 0 -1 0 0 
1 19.775000000000002 -9.3499999999999996 0 0 1 0 
1 19.775000000000002 -6.5 0 -1 0 0 
1 19.475000000000001 -6.5 0 0 -1 0 
1 19.475000000000001 -11.700000000000001 0 -1 0 0 
1 16.774999999999999 -11.700000000000001 0 0 -1 0 
1 16.774999999999999 -14.950000000000001 0 -1 0 0 
1 10.200000000000001 -14.950000000000001 0 0 1 0 
1 10.200000000000001 -13.300000000000001 0 1 0 0 
1 10.85 -13.300000000000001 0 0 1 0 
1 10.85 -7.1000000000000005 0 1 0 0 
1 11.700000000000001 -7.1000000000000005 0 0 1 0 
1 11.700000000000001 -6.7999999999999998 0 -1 0 0 
1 10.550000000000001 -6.7999999999999998 0 0 -1 0 
1 10.550000000000001 -7.5499999999999998 0 -1 0 0 
1 8.75 -7.5499999999999998 0 0 1 0 
1 8.75 -5.8500000000000005 0 1 0 0 
1 8.9000000000000004 -5.8500000000000005 0 0 1 0 
1 8.9000000000000004 -5.75 0 -1 0 0 
1 8.6500000000000004 -5.75 0 0 -1 0 
1 8.6500000000000004 -13.200000000000001 0 -1 0 0 
1 6.5 -13.200000000000001 0 0 -1 0 
1 6.5 -13.4 0 1 0 0 
1 6.6000000000000005 -13.4 0 0 1 0 
1 6.6000000000000005 -13.300000000000001 0 1 0 0 
1 8.9000000000000004 -13.300000000000001 0 0 1 0 
1 8.9000000000000004 -13.200000000000001 0 -1 0 0 
1 8.75 -13.200000000000001 0 0 1 0 
1 8.75 -11.5 0 1 0 0 
1 8.9000000000000004 -11.5 0 0 1 0 
1 8.9000000000000004 -11.4 0 -1 0 0 
1 8.75 -11.4 0 0 1 0 
1 8.75 -9.25 0 1 0 0 
1 8.9000000000000004 -9.25 0 0 1 0 
1 8.9000000000000004 -9.1500000000000004 0 -1 0 0 
1 8.75 -9.1500000000000004 0 0 1 0 
1 8.75 -8.1500000000000004 0 1 0 0 
1 10.550000000000001 -8.1500000000000004 0 0 -1 0 
1 10.550000000000001 -9.1500000000000004 0 -1 0 0 
1 9.8000000000000007 -9.1500000000000004 0 0 -1 0 
1 9.8000000000000007 -9.25 0 1 0 0 
1 10.550000000000001 -9.25 0 0 -1 0 
1 10.550000000000001 -11.4 0 -1 0 0 
1 9.8000000000000007 -11.4 0 0 -1 0 
1 9.8000000000000007 -11.5 0 1 0 0 
1 10.550000000000001 -11.5 0 0 -1 0 
1 10.550000000000001 -13.200000000000001 0 -1 0 0 
1 9.8000000000000007 -13.200000000000001 0 0 -1 0 
1 9.8000000000000007 -13.300000000000001 0 1 0 0 
1 10.1 -13.300000000000001 0 0 -1 0 
1 10.1 -14.950000000000001 0 -1 0 0 
1 9.4000000000000004 -14.950000000000001 0 0 -1 0 
1 9.4000000000000004 -15.15 0 1 0 0 
1 9.75 -15.15 0 0 -1 0 
1 9.75 -17.300000000000001 0 -1 0 0 
1 7.5499999999999998 -17.300000000000001 0 0 1 0 
1 7.5499999999999998 -16.350000000000001 0 -1 0 0 
1 7.4500000000000002 -16.350000000000001 0 0 -1 0 
1 7.4500000000000002 -17.300000000000001 0 -1 0 0 
1 3.6499999999999999 -17.300000000000001 0 0 1 0 
1 3.6499999999999999 -16.350000000000001 0 -1 0 0 
1 3.5 -16.350000000000001 0 0 1 0 
1 3.5 -14.75 0 1 0 0 
1 4.7000000000000002 -14.75 0 0 1 0 
1 4.7000000000000002 -14.65 0 -1 0 0 
1 3.3999999999999999 -14.65 0 0 -1 0 
1 3.3999999999999999 -17 0 1 0 0 
1 3.5500000000000003 -17 0 0 -1 0 
1 3.5500000000000003 -17.300000000000001 0 -1 0 0 
1 0 -17.300000000000001 0 0 1 0 
1 0 -13.300000000000001 0 1 0 0 
1 4.0499999999999998 -13.300000000000001 0 0 1 0 
1 4.0499999999999998 -13.200000000000001 0 -1 0 0 
1 5.8500000000000005 -15.4 0 1 0 0 
1 6.5 -15.4 0 0 -1 0 
1 6.5 -16.350000000000001 0 1 0 0 
1 6.6000000000000005 -16.350000000000001 0 0 1 0 
1 6.6000000000000005 -14.4 0 -1 0 0 
1 6.5 -14.4 0 0 -1 0 
1 6.5 -14.65 0 -1 0 0 
1 5.7000000000000002 -14.65 0 0 -1 0 
1 5.7000000000000002 -14.75 0 1 0 0 
1 5.8500000000000005 -14.75 0 0 -1 0 
Polygon3D 0
PolygonOnTriangulations 0
Surfaces 8
1 55.491833018852972 -8.9014534135937566 0 -0 -0 -1 -1 0 0 0 1 -0 
1 55.491833018852972 -8.9014534135937566 0 -0 -0 -1 -1 0 0 0 1 -0 
1 55.491833018852972 -8.9014534135937566 0 -0 -0 -1 -1 0 0 0 1 -0 
1 55.491833018852972 -8.9014534135937566 0 -0 -0 -1 -1 0 0 0 1 -0 
1 55.491833018852972 -8.9014534135937566 0 -0 -0 -1 -1 0 0 0 1 -0 
1 19.380560229162867 -8.2163050526617933 0 -0 -0 -1 -1 0 0 0 1 -0 
1 19.380560229162867 -8.2163050526617933 0 -0 -0 -1 -1 0 0 0 1 -0 
1 19.380560229162867 -8.2163050526617933 0 -0 -0 -1 -1 0 0 0 1 -0 
Triangulations 0

TShapes 1518
Ve
1e-07
37.5551513671875 -10.3 0
0 0

0101101
*
Ve
1e-07
37.5430297851562 -6.3 0
0 0

0101101
*
Ed
 1e-07 1 1 0
1  1 0 0 4.0000183665517
2  1 1 0 0 4.0000183665517
0

0101000
+1518 0 -1517 0 *
Ve
1e-07
39.4427270507813 -6.3 0
0 0

0101101
*
Ed
 1e-07 1 1 0
1  2 0 0 1.899697265625
2  2 1 0 0 1.899697265625
0

0101000
+1517 0 -1515 0 *
Ve
1e-07
39.4427270507813 -10.2 0
0 0

0101101
*
Ed
 1e-07 1 1 0
1  3 0 0 3.9
2  3 1 0 0 3.9
0

0101000
+1515 0 -1513 0 *
Ve
1e-07
39.2927270507813 -10.2 0
0 0

0101101
*
Ed
 1e-07 1 1 0
1  4 0 0 0.149999999999999
2  4 1 0 0 0.149999999999999
0

0101000
+1513 0 -1511 0 *
Ve
1e-07
39.2927270507813 -10.3 0
0 0

0101101
*
Ed
 1e-07 1 1 0
1  5 0 0 0.0999999999999996
2  5 1 0 0 0.0999999999999996
0

0101000
+1511 0 -1509 0 *
Ve
1e-07
39.725 -10.3 0
0 0

0101101
*
Ed
 1e-07 1 1 0
1  6 0 0 0.432272949218749
2  6 1 0 0 0.432272949218749
0

0101000
+1509 0 -1507 0 *
Ve
1e-07
39.725 -10.2 0
0 0

0101101
*
Ed
 1e-07 1 1 0
1  7 0 0 0.0999999999999996
2  7 1 0 0 0.0999999999999996
0

0101000
+1507 0 -1505 0 *
Ve
1e-07
39.5427270507813 -10.2 0
0 0

0101101
*
Ed
 1e-07 1 1 0
1  8 0 0 0.182272949218749
2  8 1 0 0 0.182272949218749
0

0101000
+1505 0 -1503 0 *
Ve
1e-07
39.5427270507813 -8 0
0 0

0101101
*
Ed
 1e-07 1 1 0
1  9 0 0 2.2
2  9 1 0 0 2.2
0

0101000
+1503 0 -1501 0 *
Ve
1e-07
42.4427294921875 -8 0
0 0

0101101
*
Ed
 1e-07 1 1 0
1  10 0 0 2.90000244140625
2  10 1 0 0 2.90000244140625
0

0101000
+1501 0 -1499 0 *
Ve
1e-07
42.4427294921875 -8.75 0
0 0

0101101
*
Ed
 1e-07 1 1 0
1  11 0 0 0.75
2  11 1 0 0 0.75
0

0101000
+1499 0 -1497 0 *
Ve
1e-07
42.5427294921875 -8.75 0
0 0

0101101
*
Ed
 1e-07 1 1 0
1  12 0 0 0.0999999999999943
2  12 1 0 0 0.0999999999999943
0

0101000
+1497 0 -1495 0 *
Ve
1e-07
42.5427294921875 -6.2 0
0 0

0101101
*
Ed
 1e-07 1 1 0
1  13 0 0 2.55
2  13 1 0 0 2.55
0

0101000
+1495 0 -1493 0 *
Ve
1e-07
42.2927294921875 -6.2 0
0 0

0101101
*
Ed
 1e-07 1 1 0
1  14 0 0 0.25
2  14 1 0 0 0.25
0

0101000
+1493 0 -1491 0 *
Ve
1e-07
42.2927294921875 -6.3 0
0 0

0101101
*
Ed
 1e-07 1 1 0
1  15 0 0 0.0999999999999996
2  15 1 0 0 0.0999999999999996
0

0101000
+1491 0 -1489 0 *
Ve
1e-07
42.4427294921875 -6.3 0
0 0

0101101
*
Ed
 1e-07 1 1 0
1  16 0 0 0.150000000000006
2  16 1 0 0 0.150000000000006
0

0101000
+1489 0 -1487 0 *
Ve
1e-07
42.4427294921875 -7.9 0
0 0

0101101
*
Ed
 1e-07 1 1 0
1  17 0 0 1.6
2  17 1 0 0 1.6
0

0101000
+1487 0 -1485 0 *
Ve
1e-07
39.5427270507813 -7.9 0
0 0

0101101
*
Ed
 1e-07 1 1 0
1  18 0 0 2.90000244140625
2  18 1 0 0 2.90000244140625
0

0101000
+1485 0 -1483 0 *
Ve
1e-07
39.5427270507813 -6.3 0
0 0

0101101
*
Ed
 1e-07 1 1 0
1  19 0 0 1.6
2  19 1 0 0 1.6
0

0101000
+1483 0 -1481 0 *
Ve
1e-07
41.2927294921875 -6.3 0
0 0

0101101
*
Ed
 1e-07 1 1 0
1  20 0 0 1.75000244140625
2  20 1 0 0 1.75000244140625
0

0101000
+1481 0 -1479 0 *
Ve
1e-07
41.2927294921875 -6.2 0
0 0

0101101
*
Ed
 1e-07 1 1 0
1  21 0 0 0.0999999999999996
2  21 1 0 0 0.0999999999999996
0

0101000
+1479 0 -1477 0 *
Ve
1e-07
40.675 -6.2 0
0 0

0101101
*
Ed
 1e-07 1 1 0
1  22 0 0 0.617729492187493
2  22 1 0 0 0.617729492187493
0

0101000
+1477 0 -1475 0 *
Ve
1e-07
40.675 -6.1 0
0 0

0101101
*
Ed
 1e-07 1 1 0
1  23 0 0 0.0999999999999996
2  23 1 0 0 0.0999999999999996
0

0101000
+1475 0 -1473 0 *
Ve
1e-07
40.575 -6.1 0
0 0

0101101
*
Ed
 1e-07 1 1 0
1  24 0 0 0.100000000000001
2  24 1 0 0 0.100000000000001
0

0101000
+1473 0 -1471 0 *
Ve
1e-07
40.575 -6.2 0
0 0

0101101
*
Ed
 1e-07 1 1 0
1  25 0 0 0.0999999999999996
2  25 1 0 0 0.0999999999999996
0

0101000
+1471 0 -1469 0 *
Ve
1e-07
37.5427270507813 -6.2 0
0 0

0101101
*
Ed
 1e-07 1 1 0
1  26 0 0 3.03227294921875
2  26 1 0 0 3.03227294921875
0

0101000
+1469 0 -1467 0 *
Ve
1e-07
37.5262109375 -0.75 0
0 0

0101101
*
Ed
 1e-07 1 1 0
1  27 0 0 5.45002502581391
2  27 1 0 0 5.45002502581391
0

0101000
+1467 0 -1465 0 *
Ve
1e-07
37.775 -0.75 0
0 0

0101101
*
Ed
 1e-07 1 1 0
1  28 0 0 0.248789062499995
2  28 1 0 0 0.248789062499995
0

0101000
+1465 0 -1463 0 *
Ve
1e-07
37.775 -0.35 0
0 0

0101101
*
Ed
 1e-07 1 1 0
1  29 0 0 0.4
2  29 1 0 0 0.4
0

0101000
+1463 0 -1461 0 *
Ve
1e-07
37.475 -0.35 0
0 0

0101101
*
Ed
 1e-07 1 1 0
1  30 0 0 0.299999999999997
2  30 1 0 0 0.299999999999997
0

0101000
+1461 0 -1459 0 *
Ve
1e-07
37.475 0 0
0 0

0101101
*
Ed
 1e-07 1 1 0
1  31 0 0 0.35
2  31 1 0 0 0.35
0

0101000
+1459 0 -1457 0 *
Ve
1e-07
40.575 0 0
0 0

0101101
*
Ed
 1e-07 1 1 0
1  32 0 0 3.1
2  32 1 0 0 3.1
0

0101000
+1457 0 -1455 0 *
Ve
1e-07
40.575 -5.1 0
0 0

0101101
*
Ed
 1e-07 1 1 0
1  33 0 0 5.1
2  33 1 0 0 5.1
0

0101000
+1455 0 -1453 0 *
Ve
1e-07
40.675 -5.1 0
0 0

0101101
*
Ed
 1e-07 1 1 0
1  34 0 0 0.100000000000001
2  34 1 0 0 0.100000000000001
0

0101000
+1453 0 -1451 0 *
Ve
1e-07
40.675 -5 0
0 0

0101101
*
Ed
 1e-07 1 1 0
1  35 0 0 0.100000000000001
2  35 1 0 0 0.100000000000001
0

0101000
+1451 0 -1449 0 *
Ve
1e-07
42.475 -5 0
0 0

0101101
*
Ed
 1e-07 1 1 0
1  36 0 0 1.8
2  36 1 0 0 1.8
0

0101000
+1449 0 -1447 0 *
Ve
1e-07
42.475 -4.9 0
0 0

0101101
*
Ed
 1e-07 1 1 0
1  37 0 0 0.0999999999999996
2  37 1 0 0 0.0999999999999996
0

0101000
+1447 0 -1445 0 *
Ve
1e-07
40.675 -4.9 0
0 0

0101101
*
Ed
 1e-07 1 1 0
1  38 0 0 1.8
2  38 1 0 0 1.8
0

0101000
+1445 0 -1443 0 *
Ve
1e-07
40.675 0 0
0 0

0101101
*
Ed
 1e-07 1 1 0
1  39 0 0 4.9
2  39 1 0 0 4.9
0

0101000
+1443 0 -1441 0 *
Ve
1e-07
43.625 0 0
0 0

0101101
*
Ed
 1e-07 1 1 0
1  40 0 0 2.95
2  40 1 0 0 2.95
0

0101000
+1441 0 -1439 0 *
Ve
1e-07
43.625 -4.9 0
0 0

0101101
*
Ed
 1e-07 1 1 0
1  41 0 0 4.9
2  41 1 0 0 4.9
0

0101000
+1439 0 -1437 0 *
Ve
1e-07
43.475 -4.9 0
0 0

0101101
*
Ed
 1e-07 1 1 0
1  42 0 0 0.149999999999999
2  42 1 0 0 0.149999999999999
0

0101000
+1437 0 -1435 0 *
Ve
1e-07
43.475 -5 0
0 0

0101101
*
Ed
 1e-07 1 1 0
1  43 0 0 0.0999999999999996
2  43 1 0 0 0.0999999999999996
0

0101000
+1435 0 -1433 0 *
Ve
1e-07
43.625 -5 0
0 0

0101101
*
Ed
 1e-07 1 1 0
1  44 0 0 0.149999999999999
2  44 1 0 0 0.149999999999999
0

0101000
+1433 0 -1431 0 *
Ve
1e-07
43.625 -8.75 0
0 0

0101101
*
Ed
 1e-07 1 1 0
1  45 0 0 3.75
2  45 1 0 0 3.75
0

0101000
+1431 0 -1429 0 *
Ve
1e-07
50.125 -8.75 0
0 0

0101101
*
Ed
 1e-07 1 1 0
1  46 0 0 6.5
2  46 1 0 0 6.5
0

0101000
+1429 0 -1427 0 *
Ve
1e-07
50.125 -8.85 0
0 0

0101101
*
Ed
 1e-07 1 1 0
1  47 0 0 0.0999999999999996
2  47 1 0 0 0.0999999999999996
0

0101000
+1427 0 -1425 0 *
Ve
1e-07
50.225 -8.85 0
0 0

0101101
*
Ed
 1e-07 1 1 0
1  48 0 0 0.100000000000001
2  48 1 0 0 0.100000000000001
0

0101000
+1425 0 -1423 0 *
Ve
1e-07
50.225 -8.75 0
0 0

0101101
*
Ed
 1e-07 1 1 0
1  49 0 0 0.0999999999999996
2  49 1 0 0 0.0999999999999996
0

0101000
+1423 0 -1421 0 *
Ve
1e-07
53.175 -8.75 0
0 0

0101101
*
Ed
 1e-07 1 1 0
1  50 0 0 2.95
2  50 1 0 0 2.95
0

0101000
+1421 0 -1419 0 *
Ve
1e-07
53.175 -8.85 0
0 0

0101101
*
Ed
 1e-07 1 1 0
1  51 0 0 0.0999999999999996
2  51 1 0 0 0.0999999999999996
0

0101000
+1419 0 -1417 0 *
Ve
1e-07
53.325 -8.85 0
0 0

0101101
*
Ed
 1e-07 1 1 0
1  52 0 0 0.149999999999999
2  52 1 0 0 0.149999999999999
0

0101000
+1417 0 -1415 0 *
Ve
1e-07
53.325 -7.95 0
0 0

0101101
*
Ed
 1e-07 1 1 0
1  53 0 0 0.899999999999999
2  53 1 0 0 0.899999999999999
0

0101000
+1415 0 -1413 0 *
Ve
1e-07
53.925 -7.95 0
0 0

0101101
*
Ed
 1e-07 1 1 0
1  54 0 0 0.600000000000001
2  54 1 0 0 0.600000000000001
0

0101000
+1413 0 -1411 0 *
Ve
1e-07
53.925 -7.85 0
0 0

0101101
*
Ed
 1e-07 1 1 0
1  55 0 0 0.0999999999999996
2  55 1 0 0 0.0999999999999996
0

0101000
+1411 0 -1409 0 *
Ve
1e-07
53.225 -7.85 0
0 0

0101101
*
Ed
 1e-07 1 1 0
1  56 0 0 0.700000000000003
2  56 1 0 0 0.700000000000003
0

0101000
+1409 0 -1407 0 *
Ve
1e-07
53.225 -8.5 0
0 0

0101101
*
Ed
 1e-07 1 1 0
1  57 0 0 0.649999999999999
2  57 1 0 0 0.649999999999999
0

0101000
+1407 0 -1405 0 *
Ve
1e-07
50.325 -8.5 0
0 0

0101101
*
Ed
 1e-07 1 1 0
1  58 0 0 2.9
2  58 1 0 0 2.9
0

0101000
+1405 0 -1403 0 *
Ve
1e-07
50.325 -6.45 0
0 0

0101101
*
Ed
 1e-07 1 1 0
1  59 0 0 2.05
2  59 1 0 0 2.05
0

0101000
+1403 0 -1401 0 *
Ve
1e-07
48.125 -6.45 0
0 0

0101101
*
Ed
 1e-07 1 1 0
1  60 0 0 2.2
2  60 1 0 0 2.2
0

0101000
+1401 0 -1399 0 *
Ve
1e-07
48.125 -6.35 0
0 0

0101101
*
Ed
 1e-07 1 1 0
1  61 0 0 0.0999999999999996
2  61 1 0 0 0.0999999999999996
0

0101000
+1399 0 -1397 0 *
Ve
1e-07
48.025 -6.35 0
0 0

0101101
*
Ed
 1e-07 1 1 0
1  62 0 0 0.100000000000001
2  62 1 0 0 0.100000000000001
0

0101000
+1397 0 -1395 0 *
Ve
1e-07
48.025 -6.45 0
0 0

0101101
*
Ed
 1e-07 1 1 0
1  63 0 0 0.0999999999999996
2  63 1 0 0 0.0999999999999996
0

0101000
+1395 0 -1393 0 *
Ve
1e-07
43.875 -6.45 0
0 0

0101101
*
Ed
 1e-07 1 1 0
1  64 0 0 4.15
2  64 1 0 0 4.15
0

0101000
+1393 0 -1391 0 *
Ve
1e-07
43.875 0 0
0 0

0101101
*
Ed
 1e-07 1 1 0
1  65 0 0 6.45
2  65 1 0 0 6.45
0

0101000
+1391 0 -1389 0 *
Ve
1e-07
47.175 0 0
0 0

0101101
*
Ed
 1e-07 1 1 0
1  66 0 0 3.3
2  66 1 0 0 3.3
0

0101000
+1389 0 -1387 0 *
Ve
1e-07
47.175 -5.25 0
0 0

0101101
*
Ed
 1e-07 1 1 0
1  67 0 0 5.25
2  67 1 0 0 5.25
0

0101000
+1387 0 -1385 0 *
Ve
1e-07
48.025 -5.25 0
0 0

0101101
*
Ed
 1e-07 1 1 0
1  68 0 0 0.849999999999994
2  68 1 0 0 0.849999999999994
0

0101000
+1385 0 -1383 0 *
Ve
1e-07
48.025 -5.35 0
0 0

0101101
*
Ed
 1e-07 1 1 0
1  69 0 0 0.100000000000001
2  69 1 0 0 0.100000000000001
0

0101000
+1383 0 -1381 0 *
Ve
1e-07
48.125 -5.35 0
0 0

0101101
*
Ed
 1e-07 1 1 0
1  70 0 0 0.100000000000001
2  70 1 0 0 0.100000000000001
0

0101000
+1381 0 -1379 0 *
Ve
1e-07
48.125 -5.25 0
0 0

0101101
*
Ed
 1e-07 1 1 0
1  71 0 0 0.100000000000001
2  71 1 0 0 0.100000000000001
0

0101000
+1379 0 -1377 0 *
Ve
1e-07
49.075 -5.25 0
0 0

0101101
*
Ed
 1e-07 1 1 0
1  72 0 0 0.950000000000003
2  72 1 0 0 0.950000000000003
0

0101000
+1377 0 -1375 0 *
Ve
1e-07
49.075 -5.15 0
0 0

0101101
*
Ed
 1e-07 1 1 0
1  73 0 0 0.0999999999999996
2  73 1 0 0 0.0999999999999996
0

0101000
+1375 0 -1373 0 *
Ve
1e-07
47.275 -5.15 0
0 0

0101101
*
Ed
 1e-07 1 1 0
1  74 0 0 1.8
2  74 1 0 0 1.8
0

0101000
+1373 0 -1371 0 *
Ve
1e-07
47.275 0 0
0 0

0101101
*
Ed
 1e-07 1 1 0
1  75 0 0 5.15
2  75 1 0 0 5.15
0

0101000
+1371 0 -1369 0 *
Ve
1e-07
50.225 0 0
0 0

0101101
*
Ed
 1e-07 1 1 0
1  76 0 0 2.95
2  76 1 0 0 2.95
0

0101000
+1369 0 -1367 0 *
Ve
1e-07
50.225 -0.4 0
0 0

0101101
*
Ed
 1e-07 1 1 0
1  77 0 0 0.4
2  77 1 0 0 0.4
0

0101000
+1367 0 -1365 0 *
Ve
1e-07
50.075 -0.4 0
0 0

0101101
*
Ed
 1e-07 1 1 0
1  78 0 0 0.149999999999999
2  78 1 0 0 0.149999999999999
0

0101000
+1365 0 -1363 0 *
Ve
1e-07
50.075 -1.5 0
0 0

0101101
*
Ed
 1e-07 1 1 0
1  79 0 0 1.1
2  79 1 0 0 1.1
0

0101000
+1363 0 -1361 0 *
Ve
1e-07
50.225 -1.5 0
0 0

0101101
*
Ed
 1e-07 1 1 0
1  80 0 0 0.149999999999999
2  80 1 0 0 0.149999999999999
0

0101000
+1361 0 -1359 0 *
Ve
1e-07
50.225 -5.15 0
0 0

0101101
*
Ed
 1e-07 1 1 0
1  81 0 0 3.65
2  81 1 0 0 3.65
0

0101000
+1359 0 -1357 0 *
Ve
1e-07
50.075 -5.15 0
0 0

0101101
*
Ed
 1e-07 1 1 0
1  82 0 0 0.149999999999999
2  82 1 0 0 0.149999999999999
0

0101000
+1357 0 -1355 0 *
Ve
1e-07
50.075 -5.25 0
0 0

0101101
*
Ed
 1e-07 1 1 0
1  83 0 0 0.0999999999999996
2  83 1 0 0 0.0999999999999996
0

0101000
+1355 0 -1353 0 *
Ve
1e-07
50.325 -5.25 0
0 0

0101101
*
Ed
 1e-07 1 1 0
1  84 0 0 0.25
2  84 1 0 0 0.25
0

0101000
+1353 0 -1351 0 *
Ve
1e-07
50.325 -1.6 0
0 0

0101101
*
Ed
 1e-07 1 1 0
1  85 0 0 3.65
2  85 1 0 0 3.65
0

0101000
+1351 0 -1349 0 *
Ve
1e-07
51.675 -1.6 0
0 0

0101101
*
Ed
 1e-07 1 1 0
1  86 0 0 1.35
2  86 1 0 0 1.35
0

0101000
+1349 0 -1347 0 *
Ve
1e-07
51.675 -1.5 0
0 0

0101101
*
Ed
 1e-07 1 1 0
1  87 0 0 0.1
2  87 1 0 0 0.1
0

0101000
+1347 0 -1345 0 *
Ve
1e-07
50.325 -1.5 0
0 0

0101101
*
Ed
 1e-07 1 1 0
1  88 0 0 1.35
2  88 1 0 0 1.35
0

0101000
+1345 0 -1343 0 *
Ve
1e-07
50.325 0 0
0 0

0101101
*
Ed
 1e-07 1 1 0
1  89 0 0 1.5
2  89 1 0 0 1.5
0

0101000
+1343 0 -1341 0 *
Ve
1e-07
55.025 0 0
0 0

0101101
*
Ed
 1e-07 1 1 0
1  90 0 0 4.7
2  90 1 0 0 4.7
0

0101000
+1341 0 -1339 0 *
Ve
1e-07
55.025 -1.5 0
0 0

0101101
*
Ed
 1e-07 1 1 0
1  91 0 0 1.5
2  91 1 0 0 1.5
0

0101000
+1339 0 -1337 0 *
Ve
1e-07
53.675 -1.5 0
0 0

0101101
*
Ed
 1e-07 1 1 0
1  92 0 0 1.34999999999999
2  92 1 0 0 1.34999999999999
0

0101000
+1337 0 -1335 0 *
Ve
1e-07
53.675 -1.6 0
0 0

0101101
*
Ed
 1e-07 1 1 0
1  93 0 0 0.1
2  93 1 0 0 0.1
0

0101000
+1335 0 -1333 0 *
Ve
1e-07
55.025 -1.6 0
0 0

0101101
*
Ed
 1e-07 1 1 0
1  94 0 0 1.34999999999999
2  94 1 0 0 1.34999999999999
0

0101000
+1333 0 -1331 0 *
Ve
1e-07
55.025 -3.6 0
0 0

0101101
*
Ed
 1e-07 1 1 0
1  95 0 0 2
2  95 1 0 0 2
0

0101000
+1331 0 -1329 0 *
Ve
1e-07
55.125 -3.6 0
0 0

0101101
*
Ed
 1e-07 1 1 0
1  96 0 0 0.100000000000001
2  96 1 0 0 0.100000000000001
0

0101000
+1329 0 -1327 0 *
Ve
1e-07
55.125 -2.2 0
0 0

0101101
*
Ed
 1e-07 1 1 0
1  97 0 0 1.4
2  97 1 0 0 1.4
0

0101000
+1327 0 -1325 0 *
Ve
1e-07
56.2 -2.2 0
0 0

0101101
*
Ed
 1e-07 1 1 0
1  98 0 0 1.075
2  98 1 0 0 1.075
0

0101000
+1325 0 -1323 0 *
Ve
1e-07
56.2 -2.1 0
0 0

0101101
*
Ed
 1e-07 1 1 0
1  99 0 0 0.1
2  99 1 0 0 0.1
0

0101000
+1323 0 -1321 0 *
Ve
1e-07
55.125 -2.1 0
0 0

0101101
*
Ed
 1e-07 1 1 0
1  100 0 0 1.075
2  100 1 0 0 1.075
0

0101000
+1321 0 -1319 0 *
Ve
1e-07
55.125 0 0
0 0

0101101
*
Ed
 1e-07 1 1 0
1  101 0 0 2.1
2  101 1 0 0 2.1
0

0101000
+1319 0 -1317 0 *
Ve
1e-07
57.925 0 0
0 0

0101101
*
Ed
 1e-07 1 1 0
1  102 0 0 2.8
2  102 1 0 0 2.8
0

0101000
+1317 0 -1315 0 *
Ve
1e-07
57.925 -1 0
0 0

0101101
*
Ed
 1e-07 1 1 0
1  103 0 0 1
2  103 1 0 0 1
0

0101000
+1315 0 -1313 0 *
Ve
1e-07
57.775 -1 0
0 0

0101101
*
Ed
 1e-07 1 1 0
1  104 0 0 0.150000000000006
2  104 1 0 0 0.150000000000006
0

0101000
+1313 0 -1311 0 *
Ve
1e-07
57.775 -2.1 0
0 0

0101101
*
Ed
 1e-07 1 1 0
1  105 0 0 1.1
2  105 1 0 0 1.1
0

0101000
+1311 0 -1309 0 *
Ve
1e-07
57.2 -2.1 0
0 0

0101101
*
Ed
 1e-07 1 1 0
1  106 0 0 0.574999999999996
2  106 1 0 0 0.574999999999996
0

0101000
+1309 0 -1307 0 *
Ve
1e-07
57.2 -2.2 0
0 0

0101101
*
Ed
 1e-07 1 1 0
1  107 0 0 0.1
2  107 1 0 0 0.1
0

0101000
+1307 0 -1305 0 *
Ve
1e-07
57.775 -2.2 0
0 0

0101101
*
Ed
 1e-07 1 1 0
1  108 0 0 0.574999999999996
2  108 1 0 0 0.574999999999996
0

0101000
+1305 0 -1303 0 *
Ve
1e-07
57.775 -5.3 0
0 0

0101101
*
Ed
 1e-07 1 1 0
1  109 0 0 3.1
2  109 1 0 0 3.1
0

0101000
+1303 0 -1301 0 *
Ve
1e-07
55.125 -5.3 0
0 0

0101101
*
Ed
 1e-07 1 1 0
1  110 0 0 2.65
2  110 1 0 0 2.65
0

0101000
+1301 0 -1299 0 *
Ve
1e-07
55.125 -4.6 0
0 0

0101101
*
Ed
 1e-07 1 1 0
1  111 0 0 0.699999999999999
2  111 1 0 0 0.699999999999999
0

0101000
+1299 0 -1297 0 *
Ve
1e-07
55.025 -4.6 0
0 0

0101101
*
Ed
 1e-07 1 1 0
1  112 0 0 0.100000000000001
2  112 1 0 0 0.100000000000001
0

0101000
+1297 0 -1295 0 *
Ve
1e-07
55.025 -7.85 0
0 0

0101101
*
Ed
 1e-07 1 1 0
1  113 0 0 3.25
2  113 1 0 0 3.25
0

0101000
+1295 0 -1293 0 *
Ve
1e-07
54.925 -7.85 0
0 0

0101101
*
Ed
 1e-07 1 1 0
1  114 0 0 0.0999999999999943
2  114 1 0 0 0.0999999999999943
0

0101000
+1293 0 -1291 0 *
Ve
1e-07
54.925 -7.95 0
0 0

0101101
*
Ed
 1e-07 1 1 0
1  115 0 0 0.0999999999999996
2  115 1 0 0 0.0999999999999996
0

0101000
+1291 0 -1289 0 *
Ve
1e-07
55.025 -7.95 0
0 0

0101101
*
Ed
 1e-07 1 1 0
1  116 0 0 0.0999999999999943
2  116 1 0 0 0.0999999999999943
0

0101000
+1289 0 -1287 0 *
Ve
1e-07
55.025 -10.8 0
0 0

0101101
*
Ed
 1e-07 1 1 0
1  117 0 0 2.85
2  117 1 0 0 2.85
0

0101000
+1287 0 -1285 0 *
Ve
1e-07
55.325 -10.8 0
0 0

0101101
*
Ed
 1e-07 1 1 0
1  118 0 0 0.300000000000004
2  118 1 0 0 0.300000000000004
0

0101000
+1285 0 -1283 0 *
Ve
1e-07
55.325 -5.6 0
0 0

0101101
*
Ed
 1e-07 1 1 0
1  119 0 0 5.2
2  119 1 0 0 5.2
0

0101000
+1283 0 -1281 0 *
Ve
1e-07
58.025 -5.6 0
0 0

0101101
*
Ed
 1e-07 1 1 0
1  120 0 0 2.7
2  120 1 0 0 2.7
0

0101000
+1281 0 -1279 0 *
Ve
1e-07
58.025 0 0
0 0

0101101
*
Ed
 1e-07 1 1 0
1  121 0 0 5.6
2  121 1 0 0 5.6
0

0101000
+1279 0 -1277 0 *
Ve
1e-07
64.95 0 0
0 0

0101101
*
Ed
 1e-07 1 1 0
1  122 0 0 6.925
2  122 1 0 0 6.925
0

0101000
+1277 0 -1275 0 *
Ve
1e-07
64.95 -2.15 0
0 0

0101101
*
Ed
 1e-07 1 1 0
1  123 0 0 2.15
2  123 1 0 0 2.15
0

0101000
+1275 0 -1273 0 *
Ve
1e-07
59.75 -2.15 0
0 0

0101101
*
Ed
 1e-07 1 1 0
1  124 0 0 5.2
2  124 1 0 0 5.2
0

0101000
+1273 0 -1271 0 *
Ve
1e-07
59.75 -2.35 0
0 0

0101101
*
Ed
 1e-07 1 1 0
1  125 0 0 0.2
2  125 1 0 0 0.2
0

0101000
+1271 0 -1269 0 *
Ve
1e-07
65.4 -2.35 0
0 0

0101101
*
Ed
 1e-07 1 1 0
1  126 0 0 5.65000000000001
2  126 1 0 0 5.65000000000001
0

0101000
+1269 0 -1267 0 *
Ve
1e-07
65.4 -2.15 0
0 0

0101101
*
Ed
 1e-07 1 1 0
1  127 0 0 0.2
2  127 1 0 0 0.2
0

0101000
+1267 0 -1265 0 *
Ve
1e-07
65.05 -2.15 0
0 0

0101101
*
Ed
 1e-07 1 1 0
1  128 0 0 0.350000000000009
2  128 1 0 0 0.350000000000009
0

0101000
+1265 0 -1263 0 *
Ve
1e-07
65.05 0 0
0 0

0101101
*
Ed
 1e-07 1 1 0
1  129 0 0 2.15
2  129 1 0 0 2.15
0

0101000
+1263 0 -1261 0 *
Ve
1e-07
67.25 0 0
0 0

0101101
*
Ed
 1e-07 1 1 0
1  130 0 0 2.2
2  130 1 0 0 2.2
0

0101000
+1261 0 -1259 0 *
Ve
1e-07
67.25 -0.95 0
0 0

0101101
*
Ed
 1e-07 1 1 0
1  131 0 0 0.95
2  131 1 0 0 0.95
0

0101000
+1259 0 -1257 0 *
Ve
1e-07
67.35 -0.95 0
0 0

0101101
*
Ed
 1e-07 1 1 0
1  132 0 0 0.0999999999999943
2  132 1 0 0 0.0999999999999943
0

0101000
+1257 0 -1255 0 *
Ve
1e-07
67.35 0 0
0 0

0101101
*
Ed
 1e-07 1 1 0
1  133 0 0 0.95
2  133 1 0 0 0.95
0

0101000
+1255 0 -1253 0 *
Ve
1e-07
71.15 0 0
0 0

0101101
*
Ed
 1e-07 1 1 0
1  134 0 0 3.80000000000001
2  134 1 0 0 3.80000000000001
0

0101000
+1253 0 -1251 0 *
Ve
1e-07
71.15 -0.95 0
0 0

0101101
*
Ed
 1e-07 1 1 0
1  135 0 0 0.95
2  135 1 0 0 0.95
0

0101000
+1251 0 -1249 0 *
Ve
1e-07
71.3 -0.95 0
0 0

0101101
*
Ed
 1e-07 1 1 0
1  136 0 0 0.149999999999991
2  136 1 0 0 0.149999999999991
0

0101000
+1249 0 -1247 0 *
Ve
1e-07
71.3 -2.55 0
0 0

0101101
*
Ed
 1e-07 1 1 0
1  137 0 0 1.6
2  137 1 0 0 1.6
0

0101000
+1247 0 -1245 0 *
Ve
1e-07
70.1 -2.55 0
0 0

0101101
*
Ed
 1e-07 1 1 0
1  138 0 0 1.19999999999999
2  138 1 0 0 1.19999999999999
0

0101000
+1245 0 -1243 0 *
Ve
1e-07
70.1 -2.65 0
0 0

0101101
*
Ed
 1e-07 1 1 0
1  139 0 0 0.0999999999999996
2  139 1 0 0 0.0999999999999996
0

0101000
+1243 0 -1241 0 *
Ve
1e-07
71.4 -2.65 0
0 0

0101101
*
Ed
 1e-07 1 1 0
1  140 0 0 1.3
2  140 1 0 0 1.3
0

0101000
+1241 0 -1239 0 *
Ve
1e-07
71.4 -0.3 0
0 0

0101101
*
Ed
 1e-07 1 1 0
1  141 0 0 2.35
2  141 1 0 0 2.35
0

0101000
+1239 0 -1237 0 *
Ve
1e-07
71.25 -0.3 0
0 0

0101101
*
Ed
 1e-07 1 1 0
1  142 0 0 0.150000000000006
2  142 1 0 0 0.150000000000006
0

0101000
+1237 0 -1235 0 *
Ve
1e-07
71.25 0 0
0 0

0101101
*
Ed
 1e-07 1 1 0
1  143 0 0 0.3
2  143 1 0 0 0.3
0

0101000
+1235 0 -1233 0 *
Ve
1e-07
74.8 0 0
0 0

0101101
*
Ed
 1e-07 1 1 0
1  144 0 0 3.55
2  144 1 0 0 3.55
0

0101000
+1233 0 -1231 0 *
Ve
1e-07
74.8 -4 0
0 0

0101101
*
Ed
 1e-07 1 1 0
1  145 0 0 4
2  145 1 0 0 4
0

0101000
+1231 0 -1229 0 *
Ve
1e-07
70.75 -4 0
0 0

0101101
*
Ed
 1e-07 1 1 0
1  146 0 0 4.05
2  146 1 0 0 4.05
0

0101000
+1229 0 -1227 0 *
Ve
1e-07
70.75 -4.1 0
0 0

0101101
*
Ed
 1e-07 1 1 0
1  147 0 0 0.0999999999999996
2  147 1 0 0 0.0999999999999996
0

0101000
+1227 0 -1225 0 *
Ve
1e-07
74.8 -4.1 0
0 0

0101101
*
Ed
 1e-07 1 1 0
1  148 0 0 4.05
2  148 1 0 0 4.05
0

0101000
+1225 0 -1223 0 *
Ve
1e-07
74.8 -8.7 0
0 0

0101101
*
Ed
 1e-07 1 1 0
1  149 0 0 4.6
2  149 1 0 0 4.6
0

0101000
+1223 0 -1221 0 *
Ve
1e-07
71.25 -8.7 0
0 0

0101101
*
Ed
 1e-07 1 1 0
1  150 0 0 3.55
2  150 1 0 0 3.55
0

0101000
+1221 0 -1219 0 *
Ve
1e-07
71.25 -8.8 0
0 0

0101101
*
Ed
 1e-07 1 1 0
1  151 0 0 0.0999999999999996
2  151 1 0 0 0.0999999999999996
0

0101000
+1219 0 -1217 0 *
Ve
1e-07
74.8 -8.8 0
0 0

0101101
*
Ed
 1e-07 1 1 0
1  152 0 0 3.55
2  152 1 0 0 3.55
0

0101000
+1217 0 -1215 0 *
Ve
1e-07
74.8 -11.4 0
0 0

0101101
*
Ed
 1e-07 1 1 0
1  153 0 0 2.6
2  153 1 0 0 2.6
0

0101000
+1215 0 -1213 0 *
Ve
1e-07
70.05 -11.4 0
0 0

0101101
*
Ed
 1e-07 1 1 0
1  154 0 0 4.75
2  154 1 0 0 4.75
0

0101000
+1213 0 -1211 0 *
Ve
1e-07
70.05 -10 0
0 0

0101101
*
Ed
 1e-07 1 1 0
1  155 0 0 1.4
2  155 1 0 0 1.4
0

0101000
+1211 0 -1209 0 *
Ve
1e-07
69.3 -10 0
0 0

0101101
*
Ed
 1e-07 1 1 0
1  156 0 0 0.75
2  156 1 0 0 0.75
0

0101000
+1209 0 -1207 0 *
Ve
1e-07
69.3 -8.8 0
0 0

0101101
*
Ed
 1e-07 1 1 0
1  157 0 0 1.2
2  157 1 0 0 1.2
0

0101000
+1207 0 -1205 0 *
Ve
1e-07
70.2 -8.8 0
0 0

0101101
*
Ed
 1e-07 1 1 0
1  158 0 0 0.900000000000006
2  158 1 0 0 0.900000000000006
0

0101000
+1205 0 -1203 0 *
Ve
1e-07
70.2 -8.7 0
0 0

0101101
*
Ed
 1e-07 1 1 0
1  159 0 0 0.0999999999999996
2  159 1 0 0 0.0999999999999996
0

0101000
+1203 0 -1201 0 *
Ve
1e-07
67.45 -8.7 0
0 0

0101101
*
Ed
 1e-07 1 1 0
1  160 0 0 2.75
2  160 1 0 0 2.75
0

0101000
+1201 0 -1199 0 *
Ve
1e-07
67.45 -8.8 0
0 0

0101101
*
Ed
 1e-07 1 1 0
1  161 0 0 0.0999999999999996
2  161 1 0 0 0.0999999999999996
0

0101000
+1199 0 -1197 0 *
Ve
1e-07
69.2 -8.8 0
0 0

0101101
*
Ed
 1e-07 1 1 0
1  162 0 0 1.75
2  162 1 0 0 1.75
0

0101000
+1197 0 -1195 0 *
Ve
1e-07
69.2 -10.8 0
0 0

0101101
*
Ed
 1e-07 1 1 0
1  163 0 0 2
2  163 1 0 0 2
0

0101000
+1195 0 -1193 0 *
Ve
1e-07
67.5 -10.8 0
0 0

0101101
*
Ed
 1e-07 1 1 0
1  164 0 0 1.7
2  164 1 0 0 1.7
0

0101000
+1193 0 -1191 0 *
Ve
1e-07
67.5 -11.65 0
0 0

0101101
*
Ed
 1e-07 1 1 0
1  165 0 0 0.85
2  165 1 0 0 0.85
0

0101000
+1191 0 -1189 0 *
Ve
1e-07
67.6 -11.65 0
0 0

0101101
*
Ed
 1e-07 1 1 0
1  166 0 0 0.0999999999999943
2  166 1 0 0 0.0999999999999943
0

0101000
+1189 0 -1187 0 *
Ve
1e-07
67.6 -10.9 0
0 0

0101101
*
Ed
 1e-07 1 1 0
1  167 0 0 0.75
2  167 1 0 0 0.75
0

0101000
+1187 0 -1185 0 *
Ve
1e-07
69.95 -10.9 0
0 0

0101101
*
Ed
 1e-07 1 1 0
1  168 0 0 2.35000000000001
2  168 1 0 0 2.35000000000001
0

0101000
+1185 0 -1183 0 *
Ve
1e-07
69.95 -11.5 0
0 0

0101101
*
Ed
 1e-07 1 1 0
1  169 0 0 0.6
2  169 1 0 0 0.6
0

0101000
+1183 0 -1181 0 *
Ve
1e-07
74.8 -11.5 0
0 0

0101101
*
Ed
 1e-07 1 1 0
1  170 0 0 4.84999999999999
2  170 1 0 0 4.84999999999999
0

0101000
+1181 0 -1179 0 *
Ve
1e-07
74.8 -17.3 0
0 0

0101101
*
Ed
 1e-07 1 1 0
1  171 0 0 5.8
2  171 1 0 0 5.8
0

0101000
+1179 0 -1177 0 *
Ve
1e-07
70.1 -17.3 0
0 0

0101101
*
Ed
 1e-07 1 1 0
1  172 0 0 4.69999999999999
2  172 1 0 0 4.69999999999999
0

0101000
+1177 0 -1175 0 *
Ve
1e-07
70.1 -12.8 0
0 0

0101101
*
Ed
 1e-07 1 1 0
1  173 0 0 4.5
2  173 1 0 0 4.5
0

0101000
+1175 0 -1173 0 *
Ve
1e-07
69.85 -12.8 0
0 0

0101101
*
Ed
 1e-07 1 1 0
1  174 0 0 0.25
2  174 1 0 0 0.25
0

0101000
+1173 0 -1171 0 *
Ve
1e-07
69.85 -12.9 0
0 0

0101101
*
Ed
 1e-07 1 1 0
1  175 0 0 0.0999999999999996
2  175 1 0 0 0.0999999999999996
0

0101000
+1171 0 -1169 0 *
Ve
1e-07
70 -12.9 0
0 0

0101101
*
Ed
 1e-07 1 1 0
1  176 0 0 0.149999999999991
2  176 1 0 0 0.149999999999991
0

0101000
+1169 0 -1167 0 *
Ve
1e-07
70 -17.3 0
0 0

0101101
*
Ed
 1e-07 1 1 0
1  177 0 0 4.4
2  177 1 0 0 4.4
0

0101000
+1167 0 -1165 0 *
Ve
1e-07
67.9 -17.3 0
0 0

0101101
*
Ed
 1e-07 1 1 0
1  178 0 0 2.09999999999999
2  178 1 0 0 2.09999999999999
0

0101000
+1165 0 -1163 0 *
Ve
1e-07
67.9 -16.85 0
0 0

0101101
*
Ed
 1e-07 1 1 0
1  179 0 0 0.449999999999999
2  179 1 0 0 0.449999999999999
0

0101000
+1163 0 -1161 0 *
Ve
1e-07
68 -16.85 0
0 0

0101101
*
Ed
 1e-07 1 1 0
1  180 0 0 0.0999999999999943
2  180 1 0 0 0.0999999999999943
0

0101000
+1161 0 -1159 0 *
Ve
1e-07
68 -12.9 0
0 0

0101101
*
Ed
 1e-07 1 1 0
1  181 0 0 3.95
2  181 1 0 0 3.95
0

0101000
+1159 0 -1157 0 *
Ve
1e-07
68.85 -12.9 0
0 0

0101101
*
Ed
 1e-07 1 1 0
1  182 0 0 0.850000000000009
2  182 1 0 0 0.850000000000009
0

0101000
+1157 0 -1155 0 *
Ve
1e-07
68.85 -12.8 0
0 0

0101101
*
Ed
 1e-07 1 1 0
1  183 0 0 0.0999999999999996
2  183 1 0 0 0.0999999999999996
0

0101000
+1155 0 -1153 0 *
Ve
1e-07
67.6 -12.8 0
0 0

0101101
*
Ed
 1e-07 1 1 0
1  184 0 0 1.25000000000001
2  184 1 0 0 1.25000000000001
0

0101000
+1153 0 -1151 0 *
Ve
1e-07
67.6 -12.65 0
0 0

0101101
*
Ed
 1e-07 1 1 0
1  185 0 0 0.15
2  185 1 0 0 0.15
0

0101000
+1151 0 -1149 0 *
Ve
1e-07
67.5 -12.65 0
0 0

0101101
*
Ed
 1e-07 1 1 0
1  186 0 0 0.0999999999999943
2  186 1 0 0 0.0999999999999943
0

0101000
+1149 0 -1147 0 *
Ve
1e-07
67.5 -12.8 0
0 0

0101101
*
Ed
 1e-07 1 1 0
1  187 0 0 0.15
2  187 1 0 0 0.15
0

0101000
+1147 0 -1145 0 *
Ve
1e-07
65.2 -12.8 0
0 0

0101101
*
Ed
 1e-07 1 1 0
1  188 0 0 2.3
2  188 1 0 0 2.3
0

0101000
+1145 0 -1143 0 *
Ve
1e-07
65.2 -12.9 0
0 0

0101101
*
Ed
 1e-07 1 1 0
1  189 0 0 0.0999999999999996
2  189 1 0 0 0.0999999999999996
0

0101000
+1143 0 -1141 0 *
Ve
1e-07
67.1 -12.9 0
0 0

0101101
*
Ed
 1e-07 1 1 0
1  190 0 0 1.89999999999999
2  190 1 0 0 1.89999999999999
0

0101000
+1141 0 -1139 0 *
Ve
1e-07
67.1 -13.5 0
0 0

0101101
*
Ed
 1e-07 1 1 0
1  191 0 0 0.6
2  191 1 0 0 0.6
0

0101000
+1139 0 -1137 0 *
Ve
1e-07
67.8 -13.5 0
0 0

0101101
*
Ed
 1e-07 1 1 0
1  192 0 0 0.700000000000003
2  192 1 0 0 0.700000000000003
0

0101000
+1137 0 -1135 0 *
Ve
1e-07
67.8 -19.6 0
0 0

0101101
*
Ed
 1e-07 1 1 0
1  193 0 0 6.1
2  193 1 0 0 6.1
0

0101000
+1135 0 -1133 0 *
Ve
1e-07
60.4 -19.6 0
0 0

0101101
*
Ed
 1e-07 1 1 0
1  194 0 0 7.4
2  194 1 0 0 7.4
0

0101000
+1133 0 -1131 0 *
Ve
1e-07
60.4 -11.55 0
0 0

0101101
*
Ed
 1e-07 1 1 0
1  195 0 0 8.05
2  195 1 0 0 8.05
0

0101000
+1131 0 -1129 0 *
Ve
1e-07
63.95 -11.55 0
0 0

0101101
*
Ed
 1e-07 1 1 0
1  196 0 0 3.55
2  196 1 0 0 3.55
0

0101000
+1129 0 -1127 0 *
Ve
1e-07
63.95 -11.65 0
0 0

0101101
*
Ed
 1e-07 1 1 0
1  197 0 0 0.0999999999999996
2  197 1 0 0 0.0999999999999996
0

0101000
+1127 0 -1125 0 *
Ve
1e-07
64.05 -11.65 0
0 0

0101101
*
Ed
 1e-07 1 1 0
1  198 0 0 0.0999999999999943
2  198 1 0 0 0.0999999999999943
0

0101000
+1125 0 -1123 0 *
Ve
1e-07
64.05 -11.55 0
0 0

0101101
*
Ed
 1e-07 1 1 0
1  199 0 0 0.0999999999999996
2  199 1 0 0 0.0999999999999996
0

0101000
+1123 0 -1121 0 *
Ve
1e-07
65 -11.55 0
0 0

0101101
*
Ed
 1e-07 1 1 0
1  200 0 0 0.950000000000003
2  200 1 0 0 0.950000000000003
0

0101000
+1121 0 -1119 0 *
Ve
1e-07
65 -11.45 0
0 0

0101101
*
Ed
 1e-07 1 1 0
1  201 0 0 0.0999999999999996
2  201 1 0 0 0.0999999999999996
0

0101000
+1119 0 -1117 0 *
Ve
1e-07
63.25 -11.45 0
0 0

0101101
*
Ed
 1e-07 1 1 0
1  202 0 0 1.75
2  202 1 0 0 1.75
0

0101000
+1117 0 -1115 0 *
Ve
1e-07
63.25 -10.5 0
0 0

0101101
*
Ed
 1e-07 1 1 0
1  203 0 0 0.950000000000001
2  203 1 0 0 0.950000000000001
0

0101000
+1115 0 -1113 0 *
Ve
1e-07
64.25 -10.5 0
0 0

0101101
*
Ed
 1e-07 1 1 0
1  204 0 0 1
2  204 1 0 0 1
0

0101000
+1113 0 -1111 0 *
Ve
1e-07
64.25 -9.75 0
0 0

0101101
*
Ed
 1e-07 1 1 0
1  205 0 0 0.75
2  205 1 0 0 0.75
0

0101000
+1111 0 -1109 0 *
Ve
1e-07
66.05 -9.75 0
0 0

0101101
*
Ed
 1e-07 1 1 0
1  206 0 0 1.8
2  206 1 0 0 1.8
0

0101000
+1109 0 -1107 0 *
Ve
1e-07
66.05 -11.45 0
0 0

0101101
*
Ed
 1e-07 1 1 0
1  207 0 0 1.7
2  207 1 0 0 1.7
0

0101000
+1107 0 -1105 0 *
Ve
1e-07
65.9 -11.45 0
0 0

0101101
*
Ed
 1e-07 1 1 0
1  208 0 0 0.149999999999991
2  208 1 0 0 0.149999999999991
0

0101000
+1105 0 -1103 0 *
Ve
1e-07
65.9 -11.55 0
0 0

0101101
*
Ed
 1e-07 1 1 0
1  209 0 0 0.0999999999999996
2  209 1 0 0 0.0999999999999996
0

0101000
+1103 0 -1101 0 *
Ve
1e-07
66.15 -11.55 0
0 0

0101101
*
Ed
 1e-07 1 1 0
1  210 0 0 0.25
2  210 1 0 0 0.25
0

0101000
+1101 0 -1099 0 *
Ve
1e-07
66.15 -4.1 0
0 0

0101101
*
Ed
 1e-07 1 1 0
1  211 0 0 7.45
2  211 1 0 0 7.45
0

0101000
+1099 0 -1097 0 *
Ve
1e-07
68.3 -4.1 0
0 0

0101101
*
Ed
 1e-07 1 1 0
1  212 0 0 2.14999999999999
2  212 1 0 0 2.14999999999999
0

0101000
+1097 0 -1095 0 *
Ve
1e-07
68.3 -3.9 0
0 0

0101101
*
Ed
 1e-07 1 1 0
1  213 0 0 0.2
2  213 1 0 0 0.2
0

0101000
+1095 0 -1093 0 *
Ve
1e-07
68.2 -3.9 0
0 0

0101101
*
Ed
 1e-07 1 1 0
1  214 0 0 0.0999999999999943
2  214 1 0 0 0.0999999999999943
0

0101000
+1093 0 -1091 0 *
Ve
1e-07
68.2 -4 0
0 0

0101101
*
Ed
 1e-07 1 1 0
1  215 0 0 0.1
2  215 1 0 0 0.1
0

0101000
+1091 0 -1089 0 *
Ve
1e-07
65.9 -4 0
0 0

0101101
*
Ed
 1e-07 1 1 0
1  216 0 0 2.3
2  216 1 0 0 2.3
0

0101000
+1089 0 -1087 0 *
Ve
1e-07
65.9 -4.1 0
0 0

0101101
*
Ed
 1e-07 1 1 0
1  217 0 0 0.0999999999999996
2  217 1 0 0 0.0999999999999996
0

0101000
+1087 0 -1085 0 *
Ve
1e-07
66.05 -4.1 0
0 0

0101101
*
Ed
 1e-07 1 1 0
1  218 0 0 0.149999999999991
2  218 1 0 0 0.149999999999991
0

0101000
+1085 0 -1083 0 *
Ve
1e-07
66.05 -5.8 0
0 0

0101101
*
Ed
 1e-07 1 1 0
1  219 0 0 1.7
2  219 1 0 0 1.7
0

0101000
+1083 0 -1081 0 *
Ve
1e-07
65.9 -5.8 0
0 0

0101101
*
Ed
 1e-07 1 1 0
1  220 0 0 0.149999999999991
2  220 1 0 0 0.149999999999991
0

0101000
+1081 0 -1079 0 *
Ve
1e-07
65.9 -5.9 0
0 0

0101101
*
Ed
 1e-07 1 1 0
1  221 0 0 0.100000000000001
2  221 1 0 0 0.100000000000001
0

0101000
+1079 0 -1077 0 *
Ve
1e-07
66.05 -5.9 0
0 0

0101101
*
Ed
 1e-07 1 1 0
1  222 0 0 0.149999999999991
2  222 1 0 0 0.149999999999991
0

0101000
+1077 0 -1075 0 *
Ve
1e-07
66.05 -8.05 0
0 0

0101101
*
Ed
 1e-07 1 1 0
1  223 0 0 2.15
2  223 1 0 0 2.15
0

0101000
+1075 0 -1073 0 *
Ve
1e-07
65.9 -8.05 0
0 0

0101101
*
Ed
 1e-07 1 1 0
1  224 0 0 0.149999999999991
2  224 1 0 0 0.149999999999991
0

0101000
+1073 0 -1071 0 *
Ve
1e-07
65.9 -8.15 0
0 0

0101101
*
Ed
 1e-07 1 1 0
1  225 0 0 0.0999999999999996
2  225 1 0 0 0.0999999999999996
0

0101000
+1071 0 -1069 0 *
Ve
1e-07
66.05 -8.15 0
0 0

0101101
*
Ed
 1e-07 1 1 0
1  226 0 0 0.149999999999991
2  226 1 0 0 0.149999999999991
0

0101000
+1069 0 -1067 0 *
Ve
1e-07
66.05 -9.15 0
0 0

0101101
*
Ed
 1e-07 1 1 0
1  227 0 0 1
2  227 1 0 0 1
0

0101000
+1067 0 -1065 0 *
Ve
1e-07
64.25 -9.15 0
0 0

0101101
*
Ed
 1e-07 1 1 0
1  228 0 0 1.8
2  228 1 0 0 1.8
0

0101000
+1065 0 -1063 0 *
Ve
1e-07
64.25 -8.15 0
0 0

0101101
*
Ed
 1e-07 1 1 0
1  229 0 0 1
2  229 1 0 0 1
0

0101000
+1063 0 -1061 0 *
Ve
1e-07
65 -8.15 0
0 0

0101101
*
Ed
 1e-07 1 1 0
1  230 0 0 0.75
2  230 1 0 0 0.75
0

0101000
+1061 0 -1059 0 *
Ve
1e-07
65 -8.05 0
0 0

0101101
*
Ed
 1e-07 1 1 0
1  231 0 0 0.0999999999999996
2  231 1 0 0 0.0999999999999996
0

0101000
+1059 0 -1057 0 *
Ve
1e-07
64.25 -8.05 0
0 0

0101101
*
Ed
 1e-07 1 1 0
1  232 0 0 0.75
2  232 1 0 0 0.75
0

0101000
+1057 0 -1055 0 *
Ve
1e-07
64.25 -5.9 0
0 0

0101101
*
Ed
 1e-07 1 1 0
1  233 0 0 2.15
2  233 1 0 0 2.15
0

0101000
+1055 0 -1053 0 *
Ve
1e-07
65 -5.9 0
0 0

0101101
*
Ed
 1e-07 1 1 0
1  234 0 0 0.75
2  234 1 0 0 0.75
0

0101000
+1053 0 -1051 0 *
Ve
1e-07
65 -5.8 0
0 0

0101101
*
Ed
 1e-07 1 1 0
1  235 0 0 0.100000000000001
2  235 1 0 0 0.100000000000001
0

0101000
+1051 0 -1049 0 *
Ve
1e-07
64.25 -5.8 0
0 0

0101101
*
Ed
 1e-07 1 1 0
1  236 0 0 0.75
2  236 1 0 0 0.75
0

0101000
+1049 0 -1047 0 *
Ve
1e-07
64.25 -4.1 0
0 0

0101101
*
Ed
 1e-07 1 1 0
1  237 0 0 1.7
2  237 1 0 0 1.7
0

0101000
+1047 0 -1045 0 *
Ve
1e-07
65 -4.1 0
0 0

0101101
*
Ed
 1e-07 1 1 0
1  238 0 0 0.75
2  238 1 0 0 0.75
0

0101000
+1045 0 -1043 0 *
Ve
1e-07
65 -4 0
0 0

0101101
*
Ed
 1e-07 1 1 0
1  239 0 0 0.0999999999999996
2  239 1 0 0 0.0999999999999996
0

0101000
+1043 0 -1041 0 *
Ve
1e-07
63.95 -4 0
0 0

0101101
*
Ed
 1e-07 1 1 0
1  240 0 0 1.05
2  240 1 0 0 1.05
0

0101000
+1041 0 -1039 0 *
Ve
1e-07
63.95 -10.2 0
0 0

0101101
*
Ed
 1e-07 1 1 0
1  241 0 0 6.2
2  241 1 0 0 6.2
0

0101000
+1039 0 -1037 0 *
Ve
1e-07
63.1 -10.2 0
0 0

0101101
*
Ed
 1e-07 1 1 0
1  242 0 0 0.850000000000001
2  242 1 0 0 0.850000000000001
0

0101000
+1037 0 -1035 0 *
Ve
1e-07
63.1 -11.35 0
0 0

0101101
*
Ed
 1e-07 1 1 0
1  243 0 0 1.15
2  243 1 0 0 1.15
0

0101000
+1035 0 -1033 0 *
Ve
1e-07
60.2 -11.35 0
0 0

0101101
*
Ed
 1e-07 1 1 0
1  244 0 0 2.9
2  244 1 0 0 2.9
0

0101000
+1033 0 -1031 0 *
Ve
1e-07
60.2 -17.3 0
0 0

0101101
*
Ed
 1e-07 1 1 0
1  245 0 0 5.95
2  245 1 0 0 5.95
0

0101000
+1031 0 -1029 0 *
Ve
1e-07
58.025 -17.3 0
0 0

0101101
*
Ed
 1e-07 1 1 0
1  246 0 0 2.175
2  246 1 0 0 2.175
0

0101000
+1029 0 -1027 0 *
Ve
1e-07
58.025 -12.25 0
0 0

0101101
*
Ed
 1e-07 1 1 0
1  247 0 0 5.05
2  247 1 0 0 5.05
0

0101000
+1027 0 -1025 0 *
Ve
1e-07
53.325 -12.25 0
0 0

0101101
*
Ed
 1e-07 1 1 0
1  248 0 0 4.7
2  248 1 0 0 4.7
0

0101000
+1025 0 -1023 0 *
Ve
1e-07
53.325 -9.85 0
0 0

0101101
*
Ed
 1e-07 1 1 0
1  249 0 0 2.4
2  249 1 0 0 2.4
0

0101000
+1023 0 -1021 0 *
Ve
1e-07
53.175 -9.85 0
0 0

0101101
*
Ed
 1e-07 1 1 0
1  250 0 0 0.149999999999999
2  250 1 0 0 0.149999999999999
0

0101000
+1021 0 -1019 0 *
Ve
1e-07
53.175 -10.9 0
0 0

0101101
*
Ed
 1e-07 1 1 0
1  251 0 0 1.05
2  251 1 0 0 1.05
0

0101000
+1019 0 -1017 0 *
Ve
1e-07
53.075 -10.9 0
0 0

0101101
*
Ed
 1e-07 1 1 0
1  252 0 0 0.100000000000001
2  252 1 0 0 0.100000000000001
0

0101000
+1017 0 -1015 0 *
Ve
1e-07
53.075 -11 0
0 0

0101101
*
Ed
 1e-07 1 1 0
1  253 0 0 0.0999999999999996
2  253 1 0 0 0.0999999999999996
0

0101000
+1015 0 -1013 0 *
Ve
1e-07
53.175 -11 0
0 0

0101101
*
Ed
 1e-07 1 1 0
1  254 0 0 0.100000000000001
2  254 1 0 0 0.100000000000001
0

0101000
+1013 0 -1011 0 *
Ve
1e-07
53.175 -13.05 0
0 0

0101101
*
Ed
 1e-07 1 1 0
1  255 0 0 2.05
2  255 1 0 0 2.05
0

0101000
+1011 0 -1009 0 *
Ve
1e-07
53.775 -13.05 0
0 0

0101101
*
Ed
 1e-07 1 1 0
1  256 0 0 0.599999999999994
2  256 1 0 0 0.599999999999994
0

0101000
+1009 0 -1007 0 *
Ve
1e-07
53.775 -12.4 0
0 0

0101101
*
Ed
 1e-07 1 1 0
1  257 0 0 0.65
2  257 1 0 0 0.65
0

0101000
+1007 0 -1005 0 *
Ve
1e-07
56.225 -12.4 0
0 0

0101101
*
Ed
 1e-07 1 1 0
1  258 0 0 2.45
2  258 1 0 0 2.45
0

0101000
+1005 0 -1003 0 *
Ve
1e-07
56.225 -13.15 0
0 0

0101101
*
Ed
 1e-07 1 1 0
1  259 0 0 0.75
2  259 1 0 0 0.75
0

0101000
+1003 0 -1001 0 *
Ve
1e-07
56.325 -13.15 0
0 0

0101101
*
Ed
 1e-07 1 1 0
1  260 0 0 0.100000000000001
2  260 1 0 0 0.100000000000001
0

0101000
+1001 0 -999 0 *
Ve
1e-07
56.325 -12.4 0
0 0

0101101
*
Ed
 1e-07 1 1 0
1  261 0 0 0.75
2  261 1 0 0 0.75
0

0101000
+999 0 -997 0 *
Ve
1e-07
57.325 -12.4 0
0 0

0101101
*
Ed
 1e-07 1 1 0
1  262 0 0 1
2  262 1 0 0 1
0

0101000
+997 0 -995 0 *
Ve
1e-07
57.325 -13.3 0
0 0

0101101
*
Ed
 1e-07 1 1 0
1  263 0 0 0.9
2  263 1 0 0 0.9
0

0101000
+995 0 -993 0 *
Ve
1e-07
57.775 -13.3 0
0 0

0101101
*
Ed
 1e-07 1 1 0
1  264 0 0 0.449999999999996
2  264 1 0 0 0.449999999999996
0

0101000
+993 0 -991 0 *
Ve
1e-07
57.775 -16.35 0
0 0

0101101
*
Ed
 1e-07 1 1 0
1  265 0 0 3.05
2  265 1 0 0 3.05
0

0101000
+991 0 -989 0 *
Ve
1e-07
57.875 -16.35 0
0 0

0101101
*
Ed
 1e-07 1 1 0
1  266 0 0 0.100000000000001
2  266 1 0 0 0.100000000000001
0

0101000
+989 0 -987 0 *
Ve
1e-07
57.875 -17.3 0
0 0

0101101
*
Ed
 1e-07 1 1 0
1  267 0 0 0.949999999999999
2  267 1 0 0 0.949999999999999
0

0101000
+987 0 -985 0 *
Ve
1e-07
53.875 -17.3 0
0 0

0101101
*
Ed
 1e-07 1 1 0
1  268 0 0 4
2  268 1 0 0 4
0

0101000
+985 0 -983 0 *
Ve
1e-07
53.875 -16.35 0
0 0

0101101
*
Ed
 1e-07 1 1 0
1  269 0 0 0.949999999999999
2  269 1 0 0 0.949999999999999
0

0101000
+983 0 -981 0 *
Ve
1e-07
54.875 -16.35 0
0 0

0101101
*
Ed
 1e-07 1 1 0
1  270 0 0 1
2  270 1 0 0 1
0

0101000
+981 0 -979 0 *
Ve
1e-07
54.875 -16.25 0
0 0

0101101
*
Ed
 1e-07 1 1 0
1  271 0 0 0.100000000000001
2  271 1 0 0 0.100000000000001
0

0101000
+979 0 -977 0 *
Ve
1e-07
55.025 -16.25 0
0 0

0101101
*
Ed
 1e-07 1 1 0
1  272 0 0 0.149999999999999
2  272 1 0 0 0.149999999999999
0

0101000
+977 0 -975 0 *
Ve
1e-07
55.025 -16.35 0
0 0

0101101
*
Ed
 1e-07 1 1 0
1  273 0 0 0.100000000000001
2  273 1 0 0 0.100000000000001
0

0101000
+975 0 -973 0 *
Ve
1e-07
56.325 -16.35 0
0 0

0101101
*
Ed
 1e-07 1 1 0
1  274 0 0 1.3
2  274 1 0 0 1.3
0

0101000
+973 0 -971 0 *
Ve
1e-07
56.325 -14.15 0
0 0

0101101
*
Ed
 1e-07 1 1 0
1  275 0 0 2.2
2  275 1 0 0 2.2
0

0101000
+971 0 -969 0 *
Ve
1e-07
56.225 -14.15 0
0 0

0101101
*
Ed
 1e-07 1 1 0
1  276 0 0 0.100000000000001
2  276 1 0 0 0.100000000000001
0

0101000
+969 0 -967 0 *
Ve
1e-07
56.225 -14.25 0
0 0

0101101
*
Ed
 1e-07 1 1 0
1  277 0 0 0.0999999999999996
2  277 1 0 0 0.0999999999999996
0

0101000
+967 0 -965 0 *
Ve
1e-07
55.125 -14.25 0
0 0

0101101
*
Ed
 1e-07 1 1 0
1  278 0 0 1.1
2  278 1 0 0 1.1
0

0101000
+965 0 -963 0 *
Ve
1e-07
55.125 -14.05 0
0 0

0101101
*
Ed
 1e-07 1 1 0
1  279 0 0 0.199999999999999
2  279 1 0 0 0.199999999999999
0

0101000
+963 0 -961 0 *
Ve
1e-07
54.775 -14.05 0
0 0

0101101
*
Ed
 1e-07 1 1 0
1  280 0 0 0.350000000000001
2  280 1 0 0 0.350000000000001
0

0101000
+961 0 -959 0 *
Ve
1e-07
54.775 -16.25 0
0 0

0101101
*
Ed
 1e-07 1 1 0
1  281 0 0 2.2
2  281 1 0 0 2.2
0

0101000
+959 0 -957 0 *
Ve
1e-07
53.775 -16.25 0
0 0

0101101
*
Ed
 1e-07 1 1 0
1  282 0 0 1
2  282 1 0 0 1
0

0101000
+957 0 -955 0 *
Ve
1e-07
53.775 -17.3 0
0 0

0101101
*
Ed
 1e-07 1 1 0
1  283 0 0 1.05
2  283 1 0 0 1.05
0

0101000
+955 0 -953 0 *
Ve
1e-07
51.525 -17.3 0
0 0

0101101
*
Ed
 1e-07 1 1 0
1  284 0 0 2.25
2  284 1 0 0 2.25
0

0101000
+953 0 -951 0 *
Ve
1e-07
51.525 -15.65 0
0 0

0101101
*
Ed
 1e-07 1 1 0
1  285 0 0 1.65
2  285 1 0 0 1.65
0

0101000
+951 0 -949 0 *
Ve
1e-07
51.2195361328125 -15.65 0
0 0

0101101
*
Ed
 1e-07 1 1 0
1  286 0 0 0.305463867187498
2  286 1 0 0 0.305463867187498
0

0101000
+949 0 -947 0 *
Ve
1e-07
51.275 -15.75 0
0 0

0101101
*
Ed
 1e-07 1 1 0
1  287 0 0 0.11435139073659
2  287 1 0 0 0.11435139073659
0

0101000
+947 0 -945 0 *
Ve
1e-07
51.275 -16.9 0
0 0

0101101
*
Ed
 1e-07 1 1 0
1  288 0 0 1.15
2  288 1 0 0 1.15
0

0101000
+945 0 -943 0 *
Ve
1e-07
51.425 -16.9 0
0 0

0101101
*
Ed
 1e-07 1 1 0
1  289 0 0 0.150000000000006
2  289 1 0 0 0.150000000000006
0

0101000
+943 0 -941 0 *
Ve
1e-07
51.425 -17.35 0
0 0

0101101
*
Ed
 1e-07 1 1 0
1  290 0 0 0.450000000000003
2  290 1 0 0 0.450000000000003
0

0101000
+941 0 -939 0 *
Ve
1e-07
44.375 -17.35 0
0 0

0101101
*
Ed
 1e-07 1 1 0
1  291 0 0 7.05
2  291 1 0 0 7.05
0

0101000
+939 0 -937 0 *
Ve
1e-07
44.375 -16.9 0
0 0

0101101
*
Ed
 1e-07 1 1 0
1  292 0 0 0.450000000000003
2  292 1 0 0 0.450000000000003
0

0101000
+937 0 -935 0 *
Ve
1e-07
44.475 -16.9 0
0 0

0101101
*
Ed
 1e-07 1 1 0
1  293 0 0 0.100000000000001
2  293 1 0 0 0.100000000000001
0

0101000
+935 0 -933 0 *
Ve
1e-07
44.475 -15.75 0
0 0

0101101
*
Ed
 1e-07 1 1 0
1  294 0 0 1.15
2  294 1 0 0 1.15
0

0101000
+933 0 -931 0 *
Ve
1e-07
50.282880859375 -15.75 0
0 0

0101101
*
Ed
 1e-07 1 1 0
1  295 0 0 5.807880859375
2  295 1 0 0 5.807880859375
0

0101000
+931 0 -929 0 *
Ve
1e-07
50.282880859375 -15.65 0
0 0

0101101
*
Ed
 1e-07 1 1 0
1  296 0 0 0.0999999999999996
2  296 1 0 0 0.0999999999999996
0

0101000
+929 0 -927 0 *
Ve
1e-07
50.225 -15.65 0
0 0

0101101
*
Ed
 1e-07 1 1 0
1  297 0 0 0.0578808593749969
2  297 1 0 0 0.0578808593749969
0

0101000
+927 0 -925 0 *
Ve
1e-07
50.225 -11 0
0 0

0101101
*
Ed
 1e-07 1 1 0
1  298 0 0 4.65
2  298 1 0 0 4.65
0

0101000
+925 0 -923 0 *
Ve
1e-07
52.075 -11 0
0 0

0101101
*
Ed
 1e-07 1 1 0
1  299 0 0 1.85
2  299 1 0 0 1.85
0

0101000
+923 0 -921 0 *
Ve
1e-07
52.075 -10.9 0
0 0

0101101
*
Ed
 1e-07 1 1 0
1  300 0 0 0.0999999999999996
2  300 1 0 0 0.0999999999999996
0

0101000
+921 0 -919 0 *
Ve
1e-07
50.225 -10.9 0
0 0

0101101
*
Ed
 1e-07 1 1 0
1  301 0 0 1.85
2  301 1 0 0 1.85
0

0101000
+919 0 -917 0 *
Ve
1e-07
50.225 -9.85 0
0 0

0101101
*
Ed
 1e-07 1 1 0
1  302 0 0 1.05
2  302 1 0 0 1.05
0

0101000
+917 0 -915 0 *
Ve
1e-07
50.125 -9.85 0
0 0

0101101
*
Ed
 1e-07 1 1 0
1  303 0 0 0.100000000000001
2  303 1 0 0 0.100000000000001
0

0101000
+915 0 -913 0 *
Ve
1e-07
50.125 -15.65 0
0 0

0101101
*
Ed
 1e-07 1 1 0
1  304 0 0 5.8
2  304 1 0 0 5.8
0

0101000
+913 0 -911 0 *
Ve
1e-07
44.475 -15.65 0
0 0

0101101
*
Ed
 1e-07 1 1 0
1  305 0 0 5.65
2  305 1 0 0 5.65
0

0101000
+911 0 -909 0 *
Ve
1e-07
44.475 -12.25 0
0 0

0101101
*
Ed
 1e-07 1 1 0
1  306 0 0 3.4
2  306 1 0 0 3.4
0

0101000
+909 0 -907 0 *
Ve
1e-07
44.325 -12.25 0
0 0

0101101
*
Ed
 1e-07 1 1 0
1  307 0 0 0.149999999999999
2  307 1 0 0 0.149999999999999
0

0101000
+907 0 -905 0 *
Ve
1e-07
44.325 -13.35 0
0 0

0101101
*
Ed
 1e-07 1 1 0
1  308 0 0 1.1
2  308 1 0 0 1.1
0

0101000
+905 0 -903 0 *
Ve
1e-07
44.225 -13.35 0
0 0

0101101
*
Ed
 1e-07 1 1 0
1  309 0 0 0.100000000000001
2  309 1 0 0 0.100000000000001
0

0101000
+903 0 -901 0 *
Ve
1e-07
44.225 -13.45 0
0 0

0101101
*
Ed
 1e-07 1 1 0
1  310 0 0 0.100000000000001
2  310 1 0 0 0.100000000000001
0

0101000
+901 0 -899 0 *
Ve
1e-07
44.325 -13.45 0
0 0

0101101
*
Ed
 1e-07 1 1 0
1  311 0 0 0.100000000000001
2  311 1 0 0 0.100000000000001
0

0101000
+899 0 -897 0 *
Ve
1e-07
44.325 -15.75 0
0 0

0101101
*
Ed
 1e-07 1 1 0
1  312 0 0 2.3
2  312 1 0 0 2.3
0

0101000
+897 0 -895 0 *
Ve
1e-07
44.125 -15.75 0
0 0

0101101
*
Ed
 1e-07 1 1 0
1  313 0 0 0.200000000000003
2  313 1 0 0 0.200000000000003
0

0101000
+895 0 -893 0 *
Ve
1e-07
44.125 -16.9 0
0 0

0101101
*
Ed
 1e-07 1 1 0
1  314 0 0 1.15
2  314 1 0 0 1.15
0

0101000
+893 0 -891 0 *
Ve
1e-07
44.225 -16.9 0
0 0

0101101
*
Ed
 1e-07 1 1 0
1  315 0 0 0.100000000000001
2  315 1 0 0 0.100000000000001
0

0101000
+891 0 -889 0 *
Ve
1e-07
44.225 -17.3 0
0 0

0101101
*
Ed
 1e-07 1 1 0
1  316 0 0 0.400000000000002
2  316 1 0 0 0.400000000000002
0

0101000
+889 0 -887 0 *
Ve
1e-07
42.575 -17.3 0
0 0

0101101
*
Ed
 1e-07 1 1 0
1  317 0 0 1.65
2  317 1 0 0 1.65
0

0101000
+887 0 -885 0 *
Ve
1e-07
42.575 -15.45 0
0 0

0101101
*
Ed
 1e-07 1 1 0
1  318 0 0 1.85
2  318 1 0 0 1.85
0

0101000
+885 0 -883 0 *
Ve
1e-07
42.475 -15.45 0
0 0

0101101
*
Ed
 1e-07 1 1 0
1  319 0 0 0.100000000000001
2  319 1 0 0 0.100000000000001
0

0101000
+883 0 -881 0 *
Ve
1e-07
42.475 -17.3 0
0 0

0101101
*
Ed
 1e-07 1 1 0
1  320 0 0 1.85
2  320 1 0 0 1.85
0

0101000
+881 0 -879 0 *
Ve
1e-07
41.075 -17.3 0
0 0

0101101
*
Ed
 1e-07 1 1 0
1  321 0 0 1.4
2  321 1 0 0 1.4
0

0101000
+879 0 -877 0 *
Ve
1e-07
41.075 -16.85 0
0 0

0101101
*
Ed
 1e-07 1 1 0
1  322 0 0 0.449999999999999
2  322 1 0 0 0.449999999999999
0

0101000
+877 0 -875 0 *
Ve
1e-07
41.175 -16.85 0
0 0

0101101
*
Ed
 1e-07 1 1 0
1  323 0 0 0.100000000000001
2  323 1 0 0 0.100000000000001
0

0101000
+875 0 -873 0 *
Ve
1e-07
41.175 -15.8 0
0 0

0101101
*
Ed
 1e-07 1 1 0
1  324 0 0 1.05
2  324 1 0 0 1.05
0

0101000
+873 0 -871 0 *
Ve
1e-07
40.975 -15.8 0
0 0

0101101
*
Ed
 1e-07 1 1 0
1  325 0 0 0.200000000000003
2  325 1 0 0 0.200000000000003
0

0101000
+871 0 -869 0 *
Ve
1e-07
40.975 -14.55 0
0 0

0101101
*
Ed
 1e-07 1 1 0
1  326 0 0 1.25
2  326 1 0 0 1.25
0

0101000
+869 0 -867 0 *
Ve
1e-07
42.475 -14.55 0
0 0

0101101
*
Ed
 1e-07 1 1 0
1  327 0 0 1.5
2  327 1 0 0 1.5
0

0101000
+867 0 -865 0 *
Ve
1e-07
42.475 -14.75 0
0 0

0101101
*
Ed
 1e-07 1 1 0
1  328 0 0 0.199999999999999
2  328 1 0 0 0.199999999999999
0

0101000
+865 0 -863 0 *
Ve
1e-07
42.575 -14.75 0
0 0

0101101
*
Ed
 1e-07 1 1 0
1  329 0 0 0.100000000000001
2  329 1 0 0 0.100000000000001
0

0101000
+863 0 -861 0 *
Ve
1e-07
42.575 -14.25 0
0 0

0101101
*
Ed
 1e-07 1 1 0
1  330 0 0 0.5
2  330 1 0 0 0.5
0

0101000
+861 0 -859 0 *
Ve
1e-07
42.475 -14.25 0
0 0

0101101
*
Ed
 1e-07 1 1 0
1  331 0 0 0.100000000000001
2  331 1 0 0 0.100000000000001
0

0101000
+859 0 -857 0 *
Ve
1e-07
42.475 -14.45 0
0 0

0101101
*
Ed
 1e-07 1 1 0
1  332 0 0 0.200000000000001
2  332 1 0 0 0.200000000000001
0

0101000
+857 0 -855 0 *
Ve
1e-07
40.975 -14.45 0
0 0

0101101
*
Ed
 1e-07 1 1 0
1  333 0 0 1.5
2  333 1 0 0 1.5
0

0101000
+855 0 -853 0 *
Ve
1e-07
40.975 -13.45 0
0 0

0101101
*
Ed
 1e-07 1 1 0
1  334 0 0 1
2  334 1 0 0 1
0

0101000
+853 0 -851 0 *
Ve
1e-07
42.475 -13.45 0
0 0

0101101
*
Ed
 1e-07 1 1 0
1  335 0 0 1.5
2  335 1 0 0 1.5
0

0101000
+851 0 -849 0 *
Ve
1e-07
42.475 -13.55 0
0 0

0101101
*
Ed
 1e-07 1 1 0
1  336 0 0 0.0999999999999996
2  336 1 0 0 0.0999999999999996
0

0101000
+849 0 -847 0 *
Ve
1e-07
42.575 -13.55 0
0 0

0101101
*
Ed
 1e-07 1 1 0
1  337 0 0 0.100000000000001
2  337 1 0 0 0.100000000000001
0

0101000
+847 0 -845 0 *
Ve
1e-07
42.575 -13.45 0
0 0

0101101
*
Ed
 1e-07 1 1 0
1  338 0 0 0.0999999999999996
2  338 1 0 0 0.0999999999999996
0

0101000
+845 0 -843 0 *
Ve
1e-07
43.225 -13.45 0
0 0

0101101
*
Ed
 1e-07 1 1 0
1  339 0 0 0.649999999999999
2  339 1 0 0 0.649999999999999
0

0101000
+843 0 -841 0 *
Ve
1e-07
43.225 -13.35 0
0 0

0101101
*
Ed
 1e-07 1 1 0
1  340 0 0 0.100000000000001
2  340 1 0 0 0.100000000000001
0

0101000
+841 0 -839 0 *
Ve
1e-07
41.575 -13.35 0
0 0

0101101
*
Ed
 1e-07 1 1 0
1  341 0 0 1.65
2  341 1 0 0 1.65
0

0101000
+839 0 -837 0 *
Ve
1e-07
41.575 -12.55 0
0 0

0101101
*
Ed
 1e-07 1 1 0
1  342 0 0 0.799999999999999
2  342 1 0 0 0.799999999999999
0

0101000
+837 0 -835 0 *
Ve
1e-07
40.975 -12.55 0
0 0

0101101
*
Ed
 1e-07 1 1 0
1  343 0 0 0.600000000000001
2  343 1 0 0 0.600000000000001
0

0101000
+835 0 -833 0 *
Ve
1e-07
40.975 -10 0
0 0

0101101
*
Ed
 1e-07 1 1 0
1  344 0 0 2.55
2  344 1 0 0 2.55
0

0101000
+833 0 -831 0 *
Ve
1e-07
44.375 -10 0
0 0

0101101
*
Ed
 1e-07 1 1 0
1  345 0 0 3.4
2  345 1 0 0 3.4
0

0101000
+831 0 -829 0 *
Ve
1e-07
44.375 -11.2 0
0 0

0101101
*
Ed
 1e-07 1 1 0
1  346 0 0 1.2
2  346 1 0 0 1.2
0

0101000
+829 0 -827 0 *
Ve
1e-07
44.475 -11.2 0
0 0

0101101
*
Ed
 1e-07 1 1 0
1  347 0 0 0.100000000000001
2  347 1 0 0 0.100000000000001
0

0101000
+827 0 -825 0 *
Ve
1e-07
44.475 -9.9 0
0 0

0101101
*
Ed
 1e-07 1 1 0
1  348 0 0 1.3
2  348 1 0 0 1.3
0

0101000
+825 0 -823 0 *
Ve
1e-07
40.875 -9.9 0
0 0

0101101
*
Ed
 1e-07 1 1 0
1  349 0 0 3.6
2  349 1 0 0 3.6
0

0101000
+823 0 -821 0 *
Ve
1e-07
40.875 -10.2 0
0 0

0101101
*
Ed
 1e-07 1 1 0
1  350 0 0 0.300000000000001
2  350 1 0 0 0.300000000000001
0

0101000
+821 0 -819 0 *
Ve
1e-07
40.725 -10.2 0
0 0

0101101
*
Ed
 1e-07 1 1 0
1  351 0 0 0.149999999999999
2  351 1 0 0 0.149999999999999
0

0101000
+819 0 -817 0 *
Ve
1e-07
40.725 -10.3 0
0 0

0101101
*
Ed
 1e-07 1 1 0
1  352 0 0 0.0999999999999996
2  352 1 0 0 0.0999999999999996
0

0101000
+817 0 -815 0 *
Ve
1e-07
40.875 -10.3 0
0 0

0101101
*
Ed
 1e-07 1 1 0
1  353 0 0 0.149999999999999
2  353 1 0 0 0.149999999999999
0

0101000
+815 0 -813 0 *
Ve
1e-07
40.875 -16.85 0
0 0

0101101
*
Ed
 1e-07 1 1 0
1  354 0 0 6.55
2  354 1 0 0 6.55
0

0101000
+813 0 -811 0 *
Ve
1e-07
40.975 -16.85 0
0 0

0101101
*
Ed
 1e-07 1 1 0
1  355 0 0 0.100000000000001
2  355 1 0 0 0.100000000000001
0

0101000
+811 0 -809 0 *
Ve
1e-07
40.975 -17.3 0
0 0

0101101
*
Ed
 1e-07 1 1 0
1  356 0 0 0.449999999999999
2  356 1 0 0 0.449999999999999
0

0101000
+809 0 -807 0 *
Ve
1e-07
37.425 -17.3 0
0 0

0101101
*
Ed
 1e-07 1 1 0
1  357 0 0 3.55
2  357 1 0 0 3.55
0

0101000
+807 0 -805 0 *
Ve
1e-07
37.425 -16.85 0
0 0

0101101
*
Ed
 1e-07 1 1 0
1  358 0 0 0.449999999999999
2  358 1 0 0 0.449999999999999
0

0101000
+805 0 -803 0 *
Ve
1e-07
37.575 -16.85 0
0 0

0101101
*
Ed
 1e-07 1 1 0
1  359 0 0 0.149999999999999
2  359 1 0 0 0.149999999999999
0

0101000
+803 0 -801 0 *
Ed
 1e-07 1 1 0
1  360 0 0 6.55003007384123
2  360 1 0 0 6.55003007384123
0

0101000
+801 0 -1518 0 *
Wi

0101100
+1516 0 +1514 0 +1512 0 +1510 0 +1508 0 +1506 0 +1504 0 +1502 0 +1500 0 +1498 0 
+1496 0 +1494 0 +1492 0 +1490 0 +1488 0 +1486 0 +1484 0 +1482 0 +1480 0 +1478 0 
+1476 0 +1474 0 +1472 0 +1470 0 +1468 0 +1466 0 +1464 0 +1462 0 +1460 0 +1458 0 
+1456 0 +1454 0 +1452 0 +1450 0 +1448 0 +1446 0 +1444 0 +1442 0 +1440 0 +1438 0 
+1436 0 +1434 0 +1432 0 +1430 0 +1428 0 +1426 0 +1424 0 +1422 0 +1420 0 +1418 0 
+1416 0 +1414 0 +1412 0 +1410 0 +1408 0 +1406 0 +1404 0 +1402 0 +1400 0 +1398 0 
+1396 0 +1394 0 +1392 0 +1390 0 +1388 0 +1386 0 +1384 0 +1382 0 +1380 0 +1378 0 
+1376 0 +1374 0 +1372 0 +1370 0 +1368 0 +1366 0 +1364 0 +1362 0 +1360 0 +1358 0 
+1356 0 +1354 0 +1352 0 +1350 0 +1348 0 +1346 0 +1344 0 +1342 0 +1340 0 +1338 0 
+1336 0 +1334 0 +1332 0 +1330 0 +1328 0 +1326 0 +1324 0 +1322 0 +1320 0 +1318 0 
+1316 0 +1314 0 +1312 0 +1310 0 +1308 0 +1306 0 +1304 0 +1302 0 +1300 0 +1298 0 
+1296 0 +1294 0 +1292 0 +1290 0 +1288 0 +1286 0 +1284 0 +1282 0 +1280 0 +1278 0 
+1276 0 +1274 0 +1272 0 +1270 0 +1268 0 +1266 0 +1264 0 +1262 0 +1260 0 +1258 0 
+1256 0 +1254 0 +1252 0 +1250 0 +1248 0 +1246 0 +1244 0 +1242 0 +1240 0 +1238 0 
+1236 0 +1234 0 +1232 0 +1230 0 +1228 0 +1226 0 +1224 0 +1222 0 +1220 0 +1218 0 
+1216 0 +1214 0 +1212 0 +1210 0 +1208 0 +1206 0 +1204 0 +1202 0 +1200 0 +1198 0 
+1196 0 +1194 0 +1192 0 +1190 0 +1188 0 +1186 0 +1184 0 +1182 0 +1180 0 +1178 0 
+1176 0 +1174 0 +1172 0 +1170 0 +1168 0 +1166 0 +1164 0 +1162 0 +1160 0 +1158 0 
+1156 0 +1154 0 +1152 0 +1150 0 +1148 0 +1146 0 +1144 0 +1142 0 +1140 0 +1138 0 
+1136 0 +1134 0 +1132 0 +1130 0 +1128 0 +1126 0 +1124 0 +1122 0 +1120 0 +1118 0 
+1116 0 +1114 0 +1112 0 +1110 0 +1108 0 +1106 0 +1104 0 +1102 0 +1100 0 +1098 0 
+1096 0 +1094 0 +1092 0 +1090 0 +1088 0 +1086 0 +1084 0 +1082 0 +1080 0 +1078 0 
+1076 0 +1074 0 +1072 0 +1070 0 +1068 0 +1066 0 +1064 0 +1062 0 +1060 0 +1058 0 
+1056 0 +1054 0 +1052 0 +1050 0 +1048 0 +1046 0 +1044 0 +1042 0 +1040 0 +1038 0 
+1036 0 +1034 0 +1032 0 +1030 0 +1028 0 +1026 0 +1024 0 +1022 0 +1020 0 +1018 0 
+1016 0 +1014 0 +1012 0 +1010 0 +1008 0 +1006 0 +1004 0 +1002 0 +1000 0 +998 0 
+996 0 +994 0 +992 0 +990 0 +988 0 +986 0 +984 0 +982 0 +980 0 +978 0 
+976 0 +974 0 +972 0 +970 0 +968 0 +966 0 +964 0 +962 0 +960 0 +958 0 
+956 0 +954 0 +952 0 +950 0 +948 0 +946 0 +944 0 +942 0 +940 0 +938 0 
+936 0 +934 0 +932 0 +930 0 +928 0 +926 0 +924 0 +922 0 +920 0 +918 0 
+916 0 +914 0 +912 0 +910 0 +908 0 +906 0 +904 0 +902 0 +900 0 +898 0 
+896 0 +894 0 +892 0 +890 0 +888 0 +886 0 +884 0 +882 0 +880 0 +878 0 
+876 0 +874 0 +872 0 +870 0 +868 0 +866 0 +864 0 +862 0 +860 0 +858 0 
+856 0 +854 0 +852 0 +850 0 +848 0 +846 0 +844 0 +842 0 +840 0 +838 0 
+836 0 +834 0 +832 0 +830 0 +828 0 +826 0 +824 0 +822 0 +820 0 +818 0 
+816 0 +814 0 +812 0 +810 0 +808 0 +806 0 +804 0 +802 0 +800 0 +799 0 
*
Ve
1e-07
68.3 -2.9 0
0 0

0101101
*
Ve
1e-07
68.3 -2.65 0
0 0

0101101
*
Ed
 1e-07 1 1 0
1  361 0 0 0.25
2  361 2 0 0 0.25
2  362 3 0 0 0.25
2  363 1 0 0 0.25
0

0101000
+797 0 -796 0 *
Ve
1e-07
69.1 -2.65 0
0 0

0101101
*
Ed
 1e-07 1 1 0
1  362 0 0 0.800000000000011
2  364 2 0 0 0.800000000000011
2  365 3 0 0 0.800000000000011
2  366 1 0 0 0.800000000000011
0

0101000
+796 0 -794 0 *
Ve
1e-07
69.1 -2.55 0
0 0

0101101
*
Ed
 1e-07 1 1 0
1  363 0 0 0.0999999999999996
2  367 2 0 0 0.0999999999999996
2  368 3 0 0 0.0999999999999996
2  369 1 0 0 0.0999999999999996
0

0101000
+794 0 -792 0 *
Ve
1e-07
68.95 -2.55 0
0 0

0101101
*
Ed
 1e-07 1 1 0
1  364 0 0 0.150000000000006
2  370 2 0 0 0.150000000000006
2  371 3 0 0 0.150000000000006
2  372 1 0 0 0.150000000000006
0

0101000
+792 0 -790 0 *
Ve
1e-07
68.95 -1.9 0
0 0

0101101
*
Ed
 1e-07 1 1 0
1  365 0 0 0.65
2  373 2 0 0 0.65
2  374 3 0 0 0.65
2  375 1 0 0 0.65
0

0101000
+790 0 -788 0 *
Ve
1e-07
68.3 -1.9 0
0 0

0101101
*
Ed
 1e-07 1 1 0
1  366 0 0 0.650000000000006
2  376 2 0 0 0.650000000000006
2  377 3 0 0 0.650000000000006
2  378 1 0 0 0.650000000000006
0

0101000
+788 0 -786 0 *
Ve
1e-07
68.3 -0.95 0
0 0

0101101
*
Ed
 1e-07 1 1 0
1  367 0 0 0.95
2  379 2 0 0 0.95
2  380 3 0 0 0.95
2  381 1 0 0 0.95
0

0101000
+786 0 -784 0 *
Ve
1e-07
68.2 -0.95 0
0 0

0101101
*
Ed
 1e-07 1 1 0
1  368 0 0 0.0999999999999943
2  382 2 0 0 0.0999999999999943
2  383 3 0 0 0.0999999999999943
2  384 1 0 0 0.0999999999999943
0

0101000
+784 0 -782 0 *
Ve
1e-07
68.2 -2.9 0
0 0

0101101
*
Ed
 1e-07 1 1 0
1  369 0 0 1.95
2  385 2 0 0 1.95
2  386 3 0 0 1.95
2  387 1 0 0 1.95
0

0101000
+782 0 -780 0 *
Ed
 1e-07 1 1 0
1  370 0 0 0.0999999999999943
2  388 2 0 0 0.0999999999999943
2  389 3 0 0 0.0999999999999943
2  390 1 0 0 0.0999999999999943
0

0101000
+780 0 -797 0 *
Wi

0101100
+795 0 +793 0 +791 0 +789 0 +787 0 +785 0 +783 0 +781 0 +779 0 +778 0 
*
Ve
1e-07
64.05 -17.3 0
0 0

0101101
*
Ve
1e-07
64.05 -12.9 0
0 0

0101101
*
Ed
 1e-07 1 1 0
1  371 0 0 4.4
2  391 4 0 0 4.4
2  392 5 0 0 4.4
2  393 1 0 0 4.4
0

0101000
+776 0 -775 0 *
Ve
1e-07
64.2 -12.9 0
0 0

0101101
*
Ed
 1e-07 1 1 0
1  372 0 0 0.150000000000006
2  394 4 0 0 0.150000000000006
2  395 5 0 0 0.150000000000006
2  396 1 0 0 0.150000000000006
0

0101000
+775 0 -773 0 *
Ve
1e-07
64.2 -12.8 0
0 0

0101101
*
Ed
 1e-07 1 1 0
1  373 0 0 0.0999999999999996
2  397 4 0 0 0.0999999999999996
2  398 5 0 0 0.0999999999999996
2  399 1 0 0 0.0999999999999996
0

0101000
+773 0 -771 0 *
Ve
1e-07
64.05 -12.8 0
0 0

0101101
*
Ed
 1e-07 1 1 0
1  374 0 0 0.150000000000006
2  400 4 0 0 0.150000000000006
2  401 5 0 0 0.150000000000006
2  402 1 0 0 0.150000000000006
0

0101000
+771 0 -769 0 *
Ve
1e-07
64.05 -12.65 0
0 0

0101101
*
Ed
 1e-07 1 1 0
1  375 0 0 0.15
2  403 4 0 0 0.15
2  404 5 0 0 0.15
2  405 1 0 0 0.15
0

0101000
+769 0 -767 0 *
Ve
1e-07
63.95 -12.65 0
0 0

0101101
*
Ed
 1e-07 1 1 0
1  376 0 0 0.0999999999999943
2  406 4 0 0 0.0999999999999943
2  407 5 0 0 0.0999999999999943
2  408 1 0 0 0.0999999999999943
0

0101000
+767 0 -765 0 *
Ve
1e-07
63.95 -17.3 0
0 0

0101101
*
Ed
 1e-07 1 1 0
1  377 0 0 4.65
2  409 4 0 0 4.65
2  410 5 0 0 4.65
2  411 1 0 0 4.65
0

0101000
+765 0 -763 0 *
Ed
 1e-07 1 1 0
1  378 0 0 0.0999999999999943
2  412 4 0 0 0.0999999999999943
2  413 5 0 0 0.0999999999999943
2  414 1 0 0 0.0999999999999943
0

0101000
+763 0 -776 0 *
Wi

0101100
+774 0 +772 0 +770 0 +768 0 +766 0 +764 0 +762 0 +761 0 *
Fa
0  1e-07 1 0

0101000
+798 0 +777 0 +760 0 *
Ve
1e-07
0 -13.2 0
0 0

0101101
*
Ve
1e-07
0 -8.6 0
0 0

0101101
*
Ed
 1e-07 1 1 0
1  379 0 0 4.6
2  415 6 0 0 4.6
0

0101000
+758 0 -757 0 *
Ve
1e-07
3.55 -8.6 0
0 0

0101101
*
Ed
 1e-07 1 1 0
1  380 0 0 3.55
2  416 6 0 0 3.55
0

0101000
+757 0 -755 0 *
Ve
1e-07
3.55 -8.5 0
0 0

0101101
*
Ed
 1e-07 1 1 0
1  381 0 0 0.0999999999999996
2  417 6 0 0 0.0999999999999996
0

0101000
+755 0 -753 0 *
Ve
1e-07
0 -8.5 0
0 0

0101101
*
Ed
 1e-07 1 1 0
1  382 0 0 3.55
2  418 6 0 0 3.55
0

0101000
+753 0 -751 0 *
Ve
1e-07
0 -5.9 0
0 0

0101101
*
Ed
 1e-07 1 1 0
1  383 0 0 2.6
2  419 6 0 0 2.6
0

0101000
+751 0 -749 0 *
Ve
1e-07
4.75 -5.9 0
0 0

0101101
*
Ed
 1e-07 1 1 0
1  384 0 0 4.75
2  420 6 0 0 4.75
0

0101000
+749 0 -747 0 *
Ve
1e-07
4.75 -7.3 0
0 0

0101101
*
Ed
 1e-07 1 1 0
1  385 0 0 1.4
2  421 6 0 0 1.4
0

0101000
+747 0 -745 0 *
Ve
1e-07
5.5 -7.3 0
0 0

0101101
*
Ed
 1e-07 1 1 0
1  386 0 0 0.75
2  422 6 0 0 0.75
0

0101000
+745 0 -743 0 *
Ve
1e-07
5.5 -8.5 0
0 0

0101101
*
Ed
 1e-07 1 1 0
1  387 0 0 1.2
2  423 6 0 0 1.2
0

0101000
+743 0 -741 0 *
Ve
1e-07
4.6 -8.5 0
0 0

0101101
*
Ed
 1e-07 1 1 0
1  388 0 0 0.899999999999999
2  424 6 0 0 0.899999999999999
0

0101000
+741 0 -739 0 *
Ve
1e-07
4.6 -8.6 0
0 0

0101101
*
Ed
 1e-07 1 1 0
1  389 0 0 0.0999999999999996
2  425 6 0 0 0.0999999999999996
0

0101000
+739 0 -737 0 *
Ve
1e-07
7.35 -8.6 0
0 0

0101101
*
Ed
 1e-07 1 1 0
1  390 0 0 2.75
2  426 6 0 0 2.75
0

0101000
+737 0 -735 0 *
Ve
1e-07
7.35 -8.5 0
0 0

0101101
*
Ed
 1e-07 1 1 0
1  391 0 0 0.0999999999999996
2  427 6 0 0 0.0999999999999996
0

0101000
+735 0 -733 0 *
Ve
1e-07
5.6 -8.5 0
0 0

0101101
*
Ed
 1e-07 1 1 0
1  392 0 0 1.75
2  428 6 0 0 1.75
0

0101000
+733 0 -731 0 *
Ve
1e-07
5.6 -6.5 0
0 0

0101101
*
Ed
 1e-07 1 1 0
1  393 0 0 2
2  429 6 0 0 2
0

0101000
+731 0 -729 0 *
Ve
1e-07
7.3 -6.5 0
0 0

0101101
*
Ed
 1e-07 1 1 0
1  394 0 0 1.7
2  430 6 0 0 1.7
0

0101000
+729 0 -727 0 *
Ve
1e-07
7.3 -5.65 0
0 0

0101101
*
Ed
 1e-07 1 1 0
1  395 0 0 0.85
2  431 6 0 0 0.85
0

0101000
+727 0 -725 0 *
Ve
1e-07
7.2 -5.65 0
0 0

0101101
*
Ed
 1e-07 1 1 0
1  396 0 0 0.0999999999999996
2  432 6 0 0 0.0999999999999996
0

0101000
+725 0 -723 0 *
Ve
1e-07
7.2 -6.4 0
0 0

0101101
*
Ed
 1e-07 1 1 0
1  397 0 0 0.75
2  433 6 0 0 0.75
0

0101000
+723 0 -721 0 *
Ve
1e-07
4.85 -6.4 0
0 0

0101101
*
Ed
 1e-07 1 1 0
1  398 0 0 2.35
2  434 6 0 0 2.35
0

0101000
+721 0 -719 0 *
Ve
1e-07
4.85 -5.8 0
0 0

0101101
*
Ed
 1e-07 1 1 0
1  399 0 0 0.600000000000001
2  435 6 0 0 0.600000000000001
0

0101000
+719 0 -717 0 *
Ve
1e-07
0 -5.8 0
0 0

0101101
*
Ed
 1e-07 1 1 0
1  400 0 0 4.85
2  436 6 0 0 4.85
0

0101000
+717 0 -715 0 *
Ve
1e-07
0 0 0
0 0

0101101
*
Ed
 1e-07 1 1 0
1  401 0 0 5.8
2  437 6 0 0 5.8
0

0101000
+715 0 -713 0 *
Ve
1e-07
4.7 0 0
0 0

0101101
*
Ed
 1e-07 1 1 0
1  402 0 0 4.7
2  438 6 0 0 4.7
0

0101000
+713 0 -711 0 *
Ve
1e-07
4.7 -4.5 0
0 0

0101101
*
Ed
 1e-07 1 1 0
1  403 0 0 4.5
2  439 6 0 0 4.5
0

0101000
+711 0 -709 0 *
Ve
1e-07
4.95 -4.5 0
0 0

0101101
*
Ed
 1e-07 1 1 0
1  404 0 0 0.25
2  440 6 0 0 0.25
0

0101000
+709 0 -707 0 *
Ve
1e-07
4.95 -4.4 0
0 0

0101101
*
Ed
 1e-07 1 1 0
1  405 0 0 0.0999999999999996
2  441 6 0 0 0.0999999999999996
0

0101000
+707 0 -705 0 *
Ve
1e-07
4.8 -4.4 0
0 0

0101101
*
Ed
 1e-07 1 1 0
1  406 0 0 0.15
2  442 6 0 0 0.15
0

0101000
+705 0 -703 0 *
Ve
1e-07
4.8 0 0
0 0

0101101
*
Ed
 1e-07 1 1 0
1  407 0 0 4.4
2  443 6 0 0 4.4
0

0101000
+703 0 -701 0 *
Ve
1e-07
6.9 0 0
0 0

0101101
*
Ed
 1e-07 1 1 0
1  408 0 0 2.1
2  444 6 0 0 2.1
0

0101000
+701 0 -699 0 *
Ve
1e-07
6.9 -0.45 0
0 0

0101101
*
Ed
 1e-07 1 1 0
1  409 0 0 0.45
2  445 6 0 0 0.45
0

0101000
+699 0 -697 0 *
Ve
1e-07
6.8 -0.45 0
0 0

0101101
*
Ed
 1e-07 1 1 0
1  410 0 0 0.100000000000001
2  446 6 0 0 0.100000000000001
0

0101000
+697 0 -695 0 *
Ve
1e-07
6.8 -4.4 0
0 0

0101101
*
Ed
 1e-07 1 1 0
1  411 0 0 3.95
2  447 6 0 0 3.95
0

0101000
+695 0 -693 0 *
Ve
1e-07
5.95 -4.4 0
0 0

0101101
*
Ed
 1e-07 1 1 0
1  412 0 0 0.85
2  448 6 0 0 0.85
0

0101000
+693 0 -691 0 *
Ve
1e-07
5.95 -4.5 0
0 0

0101101
*
Ed
 1e-07 1 1 0
1  413 0 0 0.0999999999999996
2  449 6 0 0 0.0999999999999996
0

0101000
+691 0 -689 0 *
Ve
1e-07
7.2 -4.5 0
0 0

0101101
*
Ed
 1e-07 1 1 0
1  414 0 0 1.25
2  450 6 0 0 1.25
0

0101000
+689 0 -687 0 *
Ve
1e-07
7.2 -4.65 0
0 0

0101101
*
Ed
 1e-07 1 1 0
1  415 0 0 0.15
2  451 6 0 0 0.15
0

0101000
+687 0 -685 0 *
Ve
1e-07
7.3 -4.65 0
0 0

0101101
*
Ed
 1e-07 1 1 0
1  416 0 0 0.0999999999999996
2  452 6 0 0 0.0999999999999996
0

0101000
+685 0 -683 0 *
Ve
1e-07
7.3 -4.5 0
0 0

0101101
*
Ed
 1e-07 1 1 0
1  417 0 0 0.15
2  453 6 0 0 0.15
0

0101000
+683 0 -681 0 *
Ve
1e-07
9.6 -4.5 0
0 0

0101101
*
Ed
 1e-07 1 1 0
1  418 0 0 2.3
2  454 6 0 0 2.3
0

0101000
+681 0 -679 0 *
Ve
1e-07
9.6 -4.4 0
0 0

0101101
*
Ed
 1e-07 1 1 0
1  419 0 0 0.0999999999999996
2  455 6 0 0 0.0999999999999996
0

0101000
+679 0 -677 0 *
Ve
1e-07
7.7 -4.4 0
0 0

0101101
*
Ed
 1e-07 1 1 0
1  420 0 0 1.9
2  456 6 0 0 1.9
0

0101000
+677 0 -675 0 *
Ve
1e-07
7.7 -3.8 0
0 0

0101101
*
Ed
 1e-07 1 1 0
1  421 0 0 0.6
2  457 6 0 0 0.6
0

0101000
+675 0 -673 0 *
Ve
1e-07
7 -3.8 0
0 0

0101101
*
Ed
 1e-07 1 1 0
1  422 0 0 0.7
2  458 6 0 0 0.7
0

0101000
+673 0 -671 0 *
Ve
1e-07
7 0 0
0 0

0101101
*
Ed
 1e-07 1 1 0
1  423 0 0 3.8
2  459 6 0 0 3.8
0

0101000
+671 0 -669 0 *
Ve
1e-07
10.75 0 0
0 0

0101101
*
Ed
 1e-07 1 1 0
1  424 0 0 3.75
2  460 6 0 0 3.75
0

0101000
+669 0 -667 0 *
Ve
1e-07
10.75 -4.4 0
0 0

0101101
*
Ed
 1e-07 1 1 0
1  425 0 0 4.4
2  461 6 0 0 4.4
0

0101000
+667 0 -665 0 *
Ve
1e-07
10.6 -4.4 0
0 0

0101101
*
Ed
 1e-07 1 1 0
1  426 0 0 0.15
2  462 6 0 0 0.15
0

0101000
+665 0 -663 0 *
Ve
1e-07
10.6 -4.5 0
0 0

0101101
*
Ed
 1e-07 1 1 0
1  427 0 0 0.0999999999999996
2  463 6 0 0 0.0999999999999996
0

0101000
+663 0 -661 0 *
Ve
1e-07
10.75 -4.5 0
0 0

0101101
*
Ed
 1e-07 1 1 0
1  428 0 0 0.15
2  464 6 0 0 0.15
0

0101000
+661 0 -659 0 *
Ve
1e-07
10.75 -4.65 0
0 0

0101101
*
Ed
 1e-07 1 1 0
1  429 0 0 0.15
2  465 6 0 0 0.15
0

0101000
+659 0 -657 0 *
Ve
1e-07
10.85 -4.65 0
0 0

0101101
*
Ed
 1e-07 1 1 0
1  430 0 0 0.0999999999999996
2  466 6 0 0 0.0999999999999996
0

0101000
+657 0 -655 0 *
Ve
1e-07
10.85 0 0
0 0

0101101
*
Ed
 1e-07 1 1 0
1  431 0 0 4.65
2  467 6 0 0 4.65
0

0101000
+655 0 -653 0 *
Ve
1e-07
14.4 0 0
0 0

0101101
*
Ed
 1e-07 1 1 0
1  432 0 0 3.55
2  468 6 0 0 3.55
0

0101000
+653 0 -651 0 *
Ve
1e-07
14.4 -5.75 0
0 0

0101101
*
Ed
 1e-07 1 1 0
1  433 0 0 5.75
2  469 6 0 0 5.75
0

0101000
+651 0 -649 0 *
Ve
1e-07
10.85 -5.75 0
0 0

0101101
*
Ed
 1e-07 1 1 0
1  434 0 0 3.55
2  470 6 0 0 3.55
0

0101000
+649 0 -647 0 *
Ve
1e-07
10.85 -5.65 0
0 0

0101101
*
Ed
 1e-07 1 1 0
1  435 0 0 0.0999999999999996
2  471 6 0 0 0.0999999999999996
0

0101000
+647 0 -645 0 *
Ve
1e-07
10.75 -5.65 0
0 0

0101101
*
Ed
 1e-07 1 1 0
1  436 0 0 0.0999999999999996
2  472 6 0 0 0.0999999999999996
0

0101000
+645 0 -643 0 *
Ve
1e-07
10.75 -5.75 0
0 0

0101101
*
Ed
 1e-07 1 1 0
1  437 0 0 0.0999999999999996
2  473 6 0 0 0.0999999999999996
0

0101000
+643 0 -641 0 *
Ve
1e-07
9.8 -5.75 0
0 0

0101101
*
Ed
 1e-07 1 1 0
1  438 0 0 0.949999999999999
2  474 6 0 0 0.949999999999999
0

0101000
+641 0 -639 0 *
Ve
1e-07
9.8 -5.85 0
0 0

0101101
*
Ed
 1e-07 1 1 0
1  439 0 0 0.100000000000001
2  475 6 0 0 0.100000000000001
0

0101000
+639 0 -637 0 *
Ve
1e-07
11.7 -5.85 0
0 0

0101101
*
Ed
 1e-07 1 1 0
1  440 0 0 1.9
2  476 6 0 0 1.9
0

0101000
+637 0 -635 0 *
Ve
1e-07
11.7 -5.95 0
0 0

0101101
*
Ed
 1e-07 1 1 0
1  441 0 0 0.0999999999999996
2  477 6 0 0 0.0999999999999996
0

0101000
+635 0 -633 0 *
Ve
1e-07
14.6 -5.95 0
0 0

0101101
*
Ed
 1e-07 1 1 0
1  442 0 0 2.9
2  478 6 0 0 2.9
0

0101000
+633 0 -631 0 *
Ve
1e-07
14.6 0 0
0 0

0101101
*
Ed
 1e-07 1 1 0
1  443 0 0 5.95
2  479 6 0 0 5.95
0

0101000
+631 0 -629 0 *
Ve
1e-07
16.775 0 0
0 0

0101101
*
Ed
 1e-07 1 1 0
1  444 0 0 2.175
2  480 6 0 0 2.175
0

0101000
+629 0 -627 0 *
Ve
1e-07
16.775 -5.05 0
0 0

0101101
*
Ed
 1e-07 1 1 0
1  445 0 0 5.05
2  481 6 0 0 5.05
0

0101000
+627 0 -625 0 *
Ve
1e-07
21.475 -5.05 0
0 0

0101101
*
Ed
 1e-07 1 1 0
1  446 0 0 4.7
2  482 6 0 0 4.7
0

0101000
+625 0 -623 0 *
Ve
1e-07
21.475 -7.45 0
0 0

0101101
*
Ed
 1e-07 1 1 0
1  447 0 0 2.4
2  483 6 0 0 2.4
0

0101000
+623 0 -621 0 *
Ve
1e-07
21.625 -7.45 0
0 0

0101101
*
Ed
 1e-07 1 1 0
1  448 0 0 0.149999999999999
2  484 6 0 0 0.149999999999999
0

0101000
+621 0 -619 0 *
Ve
1e-07
21.625 -6.4 0
0 0

0101101
*
Ed
 1e-07 1 1 0
1  449 0 0 1.05
2  485 6 0 0 1.05
0

0101000
+619 0 -617 0 *
Ve
1e-07
21.725 -6.4 0
0 0

0101101
*
Ed
 1e-07 1 1 0
1  450 0 0 0.100000000000001
2  486 6 0 0 0.100000000000001
0

0101000
+617 0 -615 0 *
Ve
1e-07
21.725 -6.3 0
0 0

0101101
*
Ed
 1e-07 1 1 0
1  451 0 0 0.100000000000001
2  487 6 0 0 0.100000000000001
0

0101000
+615 0 -613 0 *
Ve
1e-07
21.625 -6.3 0
0 0

0101101
*
Ed
 1e-07 1 1 0
1  452 0 0 0.100000000000001
2  488 6 0 0 0.100000000000001
0

0101000
+613 0 -611 0 *
Ve
1e-07
21.625 -4.25 0
0 0

0101101
*
Ed
 1e-07 1 1 0
1  453 0 0 2.05
2  489 6 0 0 2.05
0

0101000
+611 0 -609 0 *
Ve
1e-07
21.025 -4.25 0
0 0

0101101
*
Ed
 1e-07 1 1 0
1  454 0 0 0.599999999999998
2  490 6 0 0 0.599999999999998
0

0101000
+609 0 -607 0 *
Ve
1e-07
21.025 -4.9 0
0 0

0101101
*
Ed
 1e-07 1 1 0
1  455 0 0 0.65
2  491 6 0 0 0.65
0

0101000
+607 0 -605 0 *
Ve
1e-07
18.575 -4.9 0
0 0

0101101
*
Ed
 1e-07 1 1 0
1  456 0 0 2.45
2  492 6 0 0 2.45
0

0101000
+605 0 -603 0 *
Ve
1e-07
18.575 -4.15 0
0 0

0101101
*
Ed
 1e-07 1 1 0
1  457 0 0 0.75
2  493 6 0 0 0.75
0

0101000
+603 0 -601 0 *
Ve
1e-07
18.475 -4.15 0
0 0

0101101
*
Ed
 1e-07 1 1 0
1  458 0 0 0.0999999999999979
2  494 6 0 0 0.0999999999999979
0

0101000
+601 0 -599 0 *
Ve
1e-07
18.475 -4.9 0
0 0

0101101
*
Ed
 1e-07 1 1 0
1  459 0 0 0.75
2  495 6 0 0 0.75
0

0101000
+599 0 -597 0 *
Ve
1e-07
17.475 -4.9 0
0 0

0101101
*
Ed
 1e-07 1 1 0
1  460 0 0 1
2  496 6 0 0 1
0

0101000
+597 0 -595 0 *
Ve
1e-07
17.475 -4 0
0 0

0101101
*
Ed
 1e-07 1 1 0
1  461 0 0 0.9
2  497 6 0 0 0.9
0

0101000
+595 0 -593 0 *
Ve
1e-07
17.025 -4 0
0 0

0101101
*
Ed
 1e-07 1 1 0
1  462 0 0 0.450000000000003
2  498 6 0 0 0.450000000000003
0

0101000
+593 0 -591 0 *
Ve
1e-07
17.025 -0.95 0
0 0

0101101
*
Ed
 1e-07 1 1 0
1  463 0 0 3.05
2  499 6 0 0 3.05
0

0101000
+591 0 -589 0 *
Ve
1e-07
16.925 -0.95 0
0 0

0101101
*
Ed
 1e-07 1 1 0
1  464 0 0 0.0999999999999979
2  500 6 0 0 0.0999999999999979
0

0101000
+589 0 -587 0 *
Ve
1e-07
16.925 0 0
0 0

0101101
*
Ed
 1e-07 1 1 0
1  465 0 0 0.95
2  501 6 0 0 0.95
0

0101000
+587 0 -585 0 *
Ve
1e-07
20.925 0 0
0 0

0101101
*
Ed
 1e-07 1 1 0
1  466 0 0 4
2  502 6 0 0 4
0

0101000
+585 0 -583 0 *
Ve
1e-07
20.925 -0.95 0
0 0

0101101
*
Ed
 1e-07 1 1 0
1  467 0 0 0.95
2  503 6 0 0 0.95
0

0101000
+583 0 -581 0 *
Ve
1e-07
19.925 -0.95 0
0 0

0101101
*
Ed
 1e-07 1 1 0
1  468 0 0 1
2  504 6 0 0 1
0

0101000
+581 0 -579 0 *
Ve
1e-07
19.925 -1.05 0
0 0

0101101
*
Ed
 1e-07 1 1 0
1  469 0 0 0.1
2  505 6 0 0 0.1
0

0101000
+579 0 -577 0 *
Ve
1e-07
19.775 -1.05 0
0 0

0101101
*
Ed
 1e-07 1 1 0
1  470 0 0 0.149999999999999
2  506 6 0 0 0.149999999999999
0

0101000
+577 0 -575 0 *
Ve
1e-07
19.775 -0.95 0
0 0

0101101
*
Ed
 1e-07 1 1 0
1  471 0 0 0.1
2  507 6 0 0 0.1
0

0101000
+575 0 -573 0 *
Ve
1e-07
18.475 -0.95 0
0 0

0101101
*
Ed
 1e-07 1 1 0
1  472 0 0 1.3
2  508 6 0 0 1.3
0

0101000
+573 0 -571 0 *
Ve
1e-07
18.475 -3.15 0
0 0

0101101
*
Ed
 1e-07 1 1 0
1  473 0 0 2.2
2  509 6 0 0 2.2
0

0101000
+571 0 -569 0 *
Ve
1e-07
18.575 -3.15 0
0 0

0101101
*
Ed
 1e-07 1 1 0
1  474 0 0 0.0999999999999979
2  510 6 0 0 0.0999999999999979
0

0101000
+569 0 -567 0 *
Ve
1e-07
18.575 -3.05 0
0 0

0101101
*
Ed
 1e-07 1 1 0
1  475 0 0 0.0999999999999996
2  511 6 0 0 0.0999999999999996
0

0101000
+567 0 -565 0 *
Ve
1e-07
19.675 -3.05 0
0 0

0101101
*
Ed
 1e-07 1 1 0
1  476 0 0 1.1
2  512 6 0 0 1.1
0

0101000
+565 0 -563 0 *
Ve
1e-07
19.675 -3.25 0
0 0

0101101
*
Ed
 1e-07 1 1 0
1  477 0 0 0.2
2  513 6 0 0 0.2
0

0101000
+563 0 -561 0 *
Ve
1e-07
20.025 -3.25 0
0 0

0101101
*
Ed
 1e-07 1 1 0
1  478 0 0 0.350000000000001
2  514 6 0 0 0.350000000000001
0

0101000
+561 0 -559 0 *
Ve
1e-07
20.025 -1.05 0
0 0

0101101
*
Ed
 1e-07 1 1 0
1  479 0 0 2.2
2  515 6 0 0 2.2
0

0101000
+559 0 -557 0 *
Ve
1e-07
21.025 -1.05 0
0 0

0101101
*
Ed
 1e-07 1 1 0
1  480 0 0 1
2  516 6 0 0 1
0

0101000
+557 0 -555 0 *
Ve
1e-07
21.025 0 0
0 0

0101101
*
Ed
 1e-07 1 1 0
1  481 0 0 1.05
2  517 6 0 0 1.05
0

0101000
+555 0 -553 0 *
Ve
1e-07
23.275 0 0
0 0

0101101
*
Ed
 1e-07 1 1 0
1  482 0 0 2.25
2  518 6 0 0 2.25
0

0101000
+553 0 -551 0 *
Ve
1e-07
23.275 -1.65 0
0 0

0101101
*
Ed
 1e-07 1 1 0
1  483 0 0 1.65
2  519 6 0 0 1.65
0

0101000
+551 0 -549 0 *
Ve
1e-07
23.5804614257813 -1.65 0
0 0

0101101
*
Ed
 1e-07 1 1 0
1  484 0 0 0.30546142578125
2  520 6 0 0 0.30546142578125
0

0101000
+549 0 -547 0 *
Ve
1e-07
23.525 -1.55 0
0 0

0101101
*
Ed
 1e-07 1 1 0
1  485 0 0 0.11435020660099
2  521 6 0 0 0.11435020660099
0

0101000
+547 0 -545 0 *
Ve
1e-07
23.525 -0.4 0
0 0

0101101
*
Ed
 1e-07 1 1 0
1  486 0 0 1.15
2  522 6 0 0 1.15
0

0101000
+545 0 -543 0 *
Ve
1e-07
23.375 -0.4 0
0 0

0101101
*
Ed
 1e-07 1 1 0
1  487 0 0 0.150000000000002
2  523 6 0 0 0.150000000000002
0

0101000
+543 0 -541 0 *
Ve
1e-07
23.375 0.05 0
0 0

0101101
*
Ed
 1e-07 1 1 0
1  488 0 0 0.45
2  524 6 0 0 0.45
0

0101000
+541 0 -539 0 *
Ve
1e-07
30.425 0.05 0
0 0

0101101
*
Ed
 1e-07 1 1 0
1  489 0 0 7.05
2  525 6 0 0 7.05
0

0101000
+539 0 -537 0 *
Ve
1e-07
30.425 -0.4 0
0 0

0101101
*
Ed
 1e-07 1 1 0
1  490 0 0 0.45
2  526 6 0 0 0.45
0

0101000
+537 0 -535 0 *
Ve
1e-07
30.325 -0.4 0
0 0

0101101
*
Ed
 1e-07 1 1 0
1  491 0 0 0.100000000000001
2  527 6 0 0 0.100000000000001
0

0101000
+535 0 -533 0 *
Ve
1e-07
30.325 -1.55 0
0 0

0101101
*
Ed
 1e-07 1 1 0
1  492 0 0 1.15
2  528 6 0 0 1.15
0

0101000
+533 0 -531 0 *
Ve
1e-07
24.5171215820313 -1.55 0
0 0

0101101
*
Ed
 1e-07 1 1 0
1  493 0 0 5.80787841796875
2  529 6 0 0 5.80787841796875
0

0101000
+531 0 -529 0 *
Ve
1e-07
24.5171215820313 -1.65 0
0 0

0101101
*
Ed
 1e-07 1 1 0
1  494 0 0 0.1
2  530 6 0 0 0.1
0

0101000
+529 0 -527 0 *
Ve
1e-07
24.575 -1.65 0
0 0

0101101
*
Ed
 1e-07 1 1 0
1  495 0 0 0.0578784179687482
2  531 6 0 0 0.0578784179687482
0

0101000
+527 0 -525 0 *
Ve
1e-07
24.575 -6.3 0
0 0

0101101
*
Ed
 1e-07 1 1 0
1  496 0 0 4.65
2  532 6 0 0 4.65
0

0101000
+525 0 -523 0 *
Ve
1e-07
22.725 -6.3 0
0 0

0101101
*
Ed
 1e-07 1 1 0
1  497 0 0 1.85
2  533 6 0 0 1.85
0

0101000
+523 0 -521 0 *
Ve
1e-07
22.725 -6.4 0
0 0

0101101
*
Ed
 1e-07 1 1 0
1  498 0 0 0.100000000000001
2  534 6 0 0 0.100000000000001
0

0101000
+521 0 -519 0 *
Ve
1e-07
24.575 -6.4 0
0 0

0101101
*
Ed
 1e-07 1 1 0
1  499 0 0 1.85
2  535 6 0 0 1.85
0

0101000
+519 0 -517 0 *
Ve
1e-07
24.575 -7.45 0
0 0

0101101
*
Ed
 1e-07 1 1 0
1  500 0 0 1.05
2  536 6 0 0 1.05
0

0101000
+517 0 -515 0 *
Ve
1e-07
24.675 -7.45 0
0 0

0101101
*
Ed
 1e-07 1 1 0
1  501 0 0 0.100000000000001
2  537 6 0 0 0.100000000000001
0

0101000
+515 0 -513 0 *
Ve
1e-07
24.675 -1.65 0
0 0

0101101
*
Ed
 1e-07 1 1 0
1  502 0 0 5.8
2  538 6 0 0 5.8
0

0101000
+513 0 -511 0 *
Ve
1e-07
30.325 -1.65 0
0 0

0101101
*
Ed
 1e-07 1 1 0
1  503 0 0 5.65
2  539 6 0 0 5.65
0

0101000
+511 0 -509 0 *
Ve
1e-07
30.325 -5.05 0
0 0

0101101
*
Ed
 1e-07 1 1 0
1  504 0 0 3.4
2  540 6 0 0 3.4
0

0101000
+509 0 -507 0 *
Ve
1e-07
30.475 -5.05 0
0 0

0101101
*
Ed
 1e-07 1 1 0
1  505 0 0 0.150000000000002
2  541 6 0 0 0.150000000000002
0

0101000
+507 0 -505 0 *
Ve
1e-07
30.475 -3.95 0
0 0

0101101
*
Ed
 1e-07 1 1 0
1  506 0 0 1.1
2  542 6 0 0 1.1
0

0101000
+505 0 -503 0 *
Ve
1e-07
30.575 -3.95 0
0 0

0101101
*
Ed
 1e-07 1 1 0
1  507 0 0 0.0999999999999979
2  543 6 0 0 0.0999999999999979
0

0101000
+503 0 -501 0 *
Ve
1e-07
30.575 -3.85 0
0 0

0101101
*
Ed
 1e-07 1 1 0
1  508 0 0 0.1
2  544 6 0 0 0.1
0

0101000
+501 0 -499 0 *
Ve
1e-07
30.475 -3.85 0
0 0

0101101
*
Ed
 1e-07 1 1 0
1  509 0 0 0.0999999999999979
2  545 6 0 0 0.0999999999999979
0

0101000
+499 0 -497 0 *
Ve
1e-07
30.475 -1.55 0
0 0

0101101
*
Ed
 1e-07 1 1 0
1  510 0 0 2.3
2  546 6 0 0 2.3
0

0101000
+497 0 -495 0 *
Ve
1e-07
30.675 -1.55 0
0 0

0101101
*
Ed
 1e-07 1 1 0
1  511 0 0 0.199999999999999
2  547 6 0 0 0.199999999999999
0

0101000
+495 0 -493 0 *
Ve
1e-07
30.675 -0.4 0
0 0

0101101
*
Ed
 1e-07 1 1 0
1  512 0 0 1.15
2  548 6 0 0 1.15
0

0101000
+493 0 -491 0 *
Ve
1e-07
30.575 -0.4 0
0 0

0101101
*
Ed
 1e-07 1 1 0
1  513 0 0 0.100000000000001
2  549 6 0 0 0.100000000000001
0

0101000
+491 0 -489 0 *
Ve
1e-07
30.575 0 0
0 0

0101101
*
Ed
 1e-07 1 1 0
1  514 0 0 0.4
2  550 6 0 0 0.4
0

0101000
+489 0 -487 0 *
Ve
1e-07
32.225 0 0
0 0

0101101
*
Ed
 1e-07 1 1 0
1  515 0 0 1.65
2  551 6 0 0 1.65
0

0101000
+487 0 -485 0 *
Ve
1e-07
32.225 -1.85 0
0 0

0101101
*
Ed
 1e-07 1 1 0
1  516 0 0 1.85
2  552 6 0 0 1.85
0

0101000
+485 0 -483 0 *
Ve
1e-07
32.325 -1.85 0
0 0

0101101
*
Ed
 1e-07 1 1 0
1  517 0 0 0.100000000000001
2  553 6 0 0 0.100000000000001
0

0101000
+483 0 -481 0 *
Ve
1e-07
32.325 0 0
0 0

0101101
*
Ed
 1e-07 1 1 0
1  518 0 0 1.85
2  554 6 0 0 1.85
0

0101000
+481 0 -479 0 *
Ve
1e-07
33.725 0 0
0 0

0101101
*
Ed
 1e-07 1 1 0
1  519 0 0 1.4
2  555 6 0 0 1.4
0

0101000
+479 0 -477 0 *
Ve
1e-07
33.725 -0.45 0
0 0

0101101
*
Ed
 1e-07 1 1 0
1  520 0 0 0.45
2  556 6 0 0 0.45
0

0101000
+477 0 -475 0 *
Ve
1e-07
33.625 -0.45 0
0 0

0101101
*
Ed
 1e-07 1 1 0
1  521 0 0 0.100000000000001
2  557 6 0 0 0.100000000000001
0

0101000
+475 0 -473 0 *
Ve
1e-07
33.625 -1.5 0
0 0

0101101
*
Ed
 1e-07 1 1 0
1  522 0 0 1.05
2  558 6 0 0 1.05
0

0101000
+473 0 -471 0 *
Ve
1e-07
33.825 -1.5 0
0 0

0101101
*
Ed
 1e-07 1 1 0
1  523 0 0 0.200000000000003
2  559 6 0 0 0.200000000000003
0

0101000
+471 0 -469 0 *
Ve
1e-07
33.825 -2.75 0
0 0

0101101
*
Ed
 1e-07 1 1 0
1  524 0 0 1.25
2  560 6 0 0 1.25
0

0101000
+469 0 -467 0 *
Ve
1e-07
32.325 -2.75 0
0 0

0101101
*
Ed
 1e-07 1 1 0
1  525 0 0 1.5
2  561 6 0 0 1.5
0

0101000
+467 0 -465 0 *
Ve
1e-07
32.325 -2.55 0
0 0

0101101
*
Ed
 1e-07 1 1 0
1  526 0 0 0.2
2  562 6 0 0 0.2
0

0101000
+465 0 -463 0 *
Ve
1e-07
32.225 -2.55 0
0 0

0101101
*
Ed
 1e-07 1 1 0
1  527 0 0 0.100000000000001
2  563 6 0 0 0.100000000000001
0

0101000
+463 0 -461 0 *
Ve
1e-07
32.225 -3.05 0
0 0

0101101
*
Ed
 1e-07 1 1 0
1  528 0 0 0.5
2  564 6 0 0 0.5
0

0101000
+461 0 -459 0 *
Ve
1e-07
32.325 -3.05 0
0 0

0101101
*
Ed
 1e-07 1 1 0
1  529 0 0 0.100000000000001
2  565 6 0 0 0.100000000000001
0

0101000
+459 0 -457 0 *
Ve
1e-07
32.325 -2.85 0
0 0

0101101
*
Ed
 1e-07 1 1 0
1  530 0 0 0.2
2  566 6 0 0 0.2
0

0101000
+457 0 -455 0 *
Ve
1e-07
33.825 -2.85 0
0 0

0101101
*
Ed
 1e-07 1 1 0
1  531 0 0 1.5
2  567 6 0 0 1.5
0

0101000
+455 0 -453 0 *
Ve
1e-07
33.825 -3.85 0
0 0

0101101
*
Ed
 1e-07 1 1 0
1  532 0 0 1
2  568 6 0 0 1
0

0101000
+453 0 -451 0 *
Ve
1e-07
32.325 -3.85 0
0 0

0101101
*
Ed
 1e-07 1 1 0
1  533 0 0 1.5
2  569 6 0 0 1.5
0

0101000
+451 0 -449 0 *
Ve
1e-07
32.325 -3.75 0
0 0

0101101
*
Ed
 1e-07 1 1 0
1  534 0 0 0.1
2  570 6 0 0 0.1
0

0101000
+449 0 -447 0 *
Ve
1e-07
32.225 -3.75 0
0 0

0101101
*
Ed
 1e-07 1 1 0
1  535 0 0 0.100000000000001
2  571 6 0 0 0.100000000000001
0

0101000
+447 0 -445 0 *
Ve
1e-07
32.225 -3.85 0
0 0

0101101
*
Ed
 1e-07 1 1 0
1  536 0 0 0.1
2  572 6 0 0 0.1
0

0101000
+445 0 -443 0 *
Ve
1e-07
31.575 -3.85 0
0 0

0101101
*
Ed
 1e-07 1 1 0
1  537 0 0 0.650000000000002
2  573 6 0 0 0.650000000000002
0

0101000
+443 0 -441 0 *
Ve
1e-07
31.575 -3.95 0
0 0

0101101
*
Ed
 1e-07 1 1 0
1  538 0 0 0.1
2  574 6 0 0 0.1
0

0101000
+441 0 -439 0 *
Ve
1e-07
33.225 -3.95 0
0 0

0101101
*
Ed
 1e-07 1 1 0
1  539 0 0 1.65
2  575 6 0 0 1.65
0

0101000
+439 0 -437 0 *
Ve
1e-07
33.225 -4.75 0
0 0

0101101
*
Ed
 1e-07 1 1 0
1  540 0 0 0.8
2  576 6 0 0 0.8
0

0101000
+437 0 -435 0 *
Ve
1e-07
33.825 -4.75 0
0 0

0101101
*
Ed
 1e-07 1 1 0
1  541 0 0 0.600000000000001
2  577 6 0 0 0.600000000000001
0

0101000
+435 0 -433 0 *
Ve
1e-07
33.825 -7.3 0
0 0

0101101
*
Ed
 1e-07 1 1 0
1  542 0 0 2.55
2  578 6 0 0 2.55
0

0101000
+433 0 -431 0 *
Ve
1e-07
30.425 -7.3 0
0 0

0101101
*
Ed
 1e-07 1 1 0
1  543 0 0 3.4
2  579 6 0 0 3.4
0

0101000
+431 0 -429 0 *
Ve
1e-07
30.425 -6.1 0
0 0

0101101
*
Ed
 1e-07 1 1 0
1  544 0 0 1.2
2  580 6 0 0 1.2
0

0101000
+429 0 -427 0 *
Ve
1e-07
30.325 -6.1 0
0 0

0101101
*
Ed
 1e-07 1 1 0
1  545 0 0 0.100000000000001
2  581 6 0 0 0.100000000000001
0

0101000
+427 0 -425 0 *
Ve
1e-07
30.325 -7.4 0
0 0

0101101
*
Ed
 1e-07 1 1 0
1  546 0 0 1.3
2  582 6 0 0 1.3
0

0101000
+425 0 -423 0 *
Ve
1e-07
33.925 -7.4 0
0 0

0101101
*
Ed
 1e-07 1 1 0
1  547 0 0 3.6
2  583 6 0 0 3.6
0

0101000
+423 0 -421 0 *
Ve
1e-07
33.925 -7.1 0
0 0

0101101
*
Ed
 1e-07 1 1 0
1  548 0 0 0.3
2  584 6 0 0 0.3
0

0101000
+421 0 -419 0 *
Ve
1e-07
34.075 -7.1 0
0 0

0101101
*
Ed
 1e-07 1 1 0
1  549 0 0 0.150000000000006
2  585 6 0 0 0.150000000000006
0

0101000
+419 0 -417 0 *
Ve
1e-07
34.075 -7 0
0 0

0101101
*
Ed
 1e-07 1 1 0
1  550 0 0 0.100000000000001
2  586 6 0 0 0.100000000000001
0

0101000
+417 0 -415 0 *
Ve
1e-07
33.925 -7 0
0 0

0101101
*
Ed
 1e-07 1 1 0
1  551 0 0 0.150000000000006
2  587 6 0 0 0.150000000000006
0

0101000
+415 0 -413 0 *
Ve
1e-07
33.925 -0.45 0
0 0

0101101
*
Ed
 1e-07 1 1 0
1  552 0 0 6.55
2  588 6 0 0 6.55
0

0101000
+413 0 -411 0 *
Ve
1e-07
33.825 -0.45 0
0 0

0101101
*
Ed
 1e-07 1 1 0
1  553 0 0 0.0999999999999943
2  589 6 0 0 0.0999999999999943
0

0101000
+411 0 -409 0 *
Ve
1e-07
33.825 0 0
0 0

0101101
*
Ed
 1e-07 1 1 0
1  554 0 0 0.45
2  590 6 0 0 0.45
0

0101000
+409 0 -407 0 *
Ve
1e-07
37.375 0 0
0 0

0101101
*
Ed
 1e-07 1 1 0
1  555 0 0 3.55
2  591 6 0 0 3.55
0

0101000
+407 0 -405 0 *
Ve
1e-07
37.375 -0.45 0
0 0

0101101
*
Ed
 1e-07 1 1 0
1  556 0 0 0.45
2  592 6 0 0 0.45
0

0101000
+405 0 -403 0 *
Ve
1e-07
37.225 -0.45 0
0 0

0101101
*
Ed
 1e-07 1 1 0
1  557 0 0 0.149999999999999
2  593 6 0 0 0.149999999999999
0

0101000
+403 0 -401 0 *
Ve
1e-07
37.2569702148438 -11 0
0 0

0101101
*
Ed
 1e-07 1 1 0
1  558 0 0 10.5500484403929
2  594 6 0 0 10.5500484403929
0

0101000
+401 0 -399 0 *
Ve
1e-07
35.3572729492188 -11 0
0 0

0101101
*
Ed
 1e-07 1 1 0
1  559 0 0 1.899697265625
2  595 6 0 0 1.899697265625
0

0101000
+399 0 -397 0 *
Ve
1e-07
35.3572729492188 -7.1 0
0 0

0101101
*
Ed
 1e-07 1 1 0
1  560 0 0 3.9
2  596 6 0 0 3.9
0

0101000
+397 0 -395 0 *
Ve
1e-07
35.5072729492188 -7.1 0
0 0

0101101
*
Ed
 1e-07 1 1 0
1  561 0 0 0.149999999999999
2  597 6 0 0 0.149999999999999
0

0101000
+395 0 -393 0 *
Ve
1e-07
35.5072729492188 -7 0
0 0

0101101
*
Ed
 1e-07 1 1 0
1  562 0 0 0.100000000000001
2  598 6 0 0 0.100000000000001
0

0101000
+393 0 -391 0 *
Ve
1e-07
35.075 -7 0
0 0

0101101
*
Ed
 1e-07 1 1 0
1  563 0 0 0.432272949218749
2  599 6 0 0 0.432272949218749
0

0101000
+391 0 -389 0 *
Ve
1e-07
35.075 -7.1 0
0 0

0101101
*
Ed
 1e-07 1 1 0
1  564 0 0 0.100000000000001
2  600 6 0 0 0.100000000000001
0

0101000
+389 0 -387 0 *
Ve
1e-07
35.2572729492188 -7.1 0
0 0

0101101
*
Ed
 1e-07 1 1 0
1  565 0 0 0.182272949218749
2  601 6 0 0 0.182272949218749
0

0101000
+387 0 -385 0 *
Ve
1e-07
35.2572729492188 -9.3 0
0 0

0101101
*
Ed
 1e-07 1 1 0
1  566 0 0 2.2
2  602 6 0 0 2.2
0

0101000
+385 0 -383 0 *
Ve
1e-07
32.3572729492188 -9.3 0
0 0

0101101
*
Ed
 1e-07 1 1 0
1  567 0 0 2.9
2  603 6 0 0 2.9
0

0101000
+383 0 -381 0 *
Ve
1e-07
32.3572729492188 -8.55 0
0 0

0101101
*
Ed
 1e-07 1 1 0
1  568 0 0 0.75
2  604 6 0 0 0.75
0

0101000
+381 0 -379 0 *
Ve
1e-07
32.2572729492188 -8.55 0
0 0

0101101
*
Ed
 1e-07 1 1 0
1  569 0 0 0.100000000000001
2  605 6 0 0 0.100000000000001
0

0101000
+379 0 -377 0 *
Ve
1e-07
32.2572729492188 -11.1 0
0 0

0101101
*
Ed
 1e-07 1 1 0
1  570 0 0 2.55
2  606 6 0 0 2.55
0

0101000
+377 0 -375 0 *
Ve
1e-07
32.5072729492188 -11.1 0
0 0

0101101
*
Ed
 1e-07 1 1 0
1  571 0 0 0.25
2  607 6 0 0 0.25
0

0101000
+375 0 -373 0 *
Ve
1e-07
32.5072729492188 -11 0
0 0

0101101
*
Ed
 1e-07 1 1 0
1  572 0 0 0.0999999999999996
2  608 6 0 0 0.0999999999999996
0

0101000
+373 0 -371 0 *
Ve
1e-07
32.3572729492188 -11 0
0 0

0101101
*
Ed
 1e-07 1 1 0
1  573 0 0 0.149999999999999
2  609 6 0 0 0.149999999999999
0

0101000
+371 0 -369 0 *
Ve
1e-07
32.3572729492188 -9.4 0
0 0

0101101
*
Ed
 1e-07 1 1 0
1  574 0 0 1.6
2  610 6 0 0 1.6
0

0101000
+369 0 -367 0 *
Ve
1e-07
35.2572729492188 -9.4 0
0 0

0101101
*
Ed
 1e-07 1 1 0
1  575 0 0 2.9
2  611 6 0 0 2.9
0

0101000
+367 0 -365 0 *
Ve
1e-07
35.2572729492188 -11 0
0 0

0101101
*
Ed
 1e-07 1 1 0
1  576 0 0 1.6
2  612 6 0 0 1.6
0

0101000
+365 0 -363 0 *
Ve
1e-07
33.5072729492188 -11 0
0 0

0101101
*
Ed
 1e-07 1 1 0
1  577 0 0 1.75
2  613 6 0 0 1.75
0

0101000
+363 0 -361 0 *
Ve
1e-07
33.5072729492188 -11.1 0
0 0

0101101
*
Ed
 1e-07 1 1 0
1  578 0 0 0.0999999999999996
2  614 6 0 0 0.0999999999999996
0

0101000
+361 0 -359 0 *
Ve
1e-07
34.125 -11.1 0
0 0

0101101
*
Ed
 1e-07 1 1 0
1  579 0 0 0.617727050781248
2  615 6 0 0 0.617727050781248
0

0101000
+359 0 -357 0 *
Ve
1e-07
34.125 -11.2 0
0 0

0101101
*
Ed
 1e-07 1 1 0
1  580 0 0 0.100000000000001
2  616 6 0 0 0.100000000000001
0

0101000
+357 0 -355 0 *
Ve
1e-07
34.225 -11.2 0
0 0

0101101
*
Ed
 1e-07 1 1 0
1  581 0 0 0.100000000000001
2  617 6 0 0 0.100000000000001
0

0101000
+355 0 -353 0 *
Ve
1e-07
34.225 -11.1 0
0 0

0101101
*
Ed
 1e-07 1 1 0
1  582 0 0 0.100000000000001
2  618 6 0 0 0.100000000000001
0

0101000
+353 0 -351 0 *
Ve
1e-07
37.2572729492188 -11.1 0
0 0

0101101
*
Ed
 1e-07 1 1 0
1  583 0 0 3.03227294921875
2  619 6 0 0 3.03227294921875
0

0101000
+351 0 -349 0 *
Ve
1e-07
37.2737890625 -16.55 0
0 0

0101101
*
Ed
 1e-07 1 1 0
1  584 0 0 5.45002502581391
2  620 6 0 0 5.45002502581391
0

0101000
+349 0 -347 0 *
Ve
1e-07
37.025 -16.55 0
0 0

0101101
*
Ed
 1e-07 1 1 0
1  585 0 0 0.248789062500002
2  621 6 0 0 0.248789062500002
0

0101000
+347 0 -345 0 *
Ve
1e-07
37.025 -16.95 0
0 0

0101101
*
Ed
 1e-07 1 1 0
1  586 0 0 0.399999999999999
2  622 6 0 0 0.399999999999999
0

0101000
+345 0 -343 0 *
Ve
1e-07
37.325 -16.95 0
0 0

0101101
*
Ed
 1e-07 1 1 0
1  587 0 0 0.300000000000004
2  623 6 0 0 0.300000000000004
0

0101000
+343 0 -341 0 *
Ve
1e-07
37.325 -17.3 0
0 0

0101101
*
Ed
 1e-07 1 1 0
1  588 0 0 0.350000000000001
2  624 6 0 0 0.350000000000001
0

0101000
+341 0 -339 0 *
Ve
1e-07
34.225 -17.3 0
0 0

0101101
*
Ed
 1e-07 1 1 0
1  589 0 0 3.1
2  625 6 0 0 3.1
0

0101000
+339 0 -337 0 *
Ve
1e-07
34.225 -12.2 0
0 0

0101101
*
Ed
 1e-07 1 1 0
1  590 0 0 5.1
2  626 6 0 0 5.1
0

0101000
+337 0 -335 0 *
Ve
1e-07
34.125 -12.2 0
0 0

0101101
*
Ed
 1e-07 1 1 0
1  591 0 0 0.100000000000001
2  627 6 0 0 0.100000000000001
0

0101000
+335 0 -333 0 *
Ve
1e-07
34.125 -12.3 0
0 0

0101101
*
Ed
 1e-07 1 1 0
1  592 0 0 0.0999999999999996
2  628 6 0 0 0.0999999999999996
0

0101000
+333 0 -331 0 *
Ve
1e-07
32.325 -12.3 0
0 0

0101101
*
Ed
 1e-07 1 1 0
1  593 0 0 1.8
2  629 6 0 0 1.8
0

0101000
+331 0 -329 0 *
Ve
1e-07
32.325 -12.4 0
0 0

0101101
*
Ed
 1e-07 1 1 0
1  594 0 0 0.0999999999999996
2  630 6 0 0 0.0999999999999996
0

0101000
+329 0 -327 0 *
Ve
1e-07
34.125 -12.4 0
0 0

0101101
*
Ed
 1e-07 1 1 0
1  595 0 0 1.8
2  631 6 0 0 1.8
0

0101000
+327 0 -325 0 *
Ve
1e-07
34.125 -17.3 0
0 0

0101101
*
Ed
 1e-07 1 1 0
1  596 0 0 4.9
2  632 6 0 0 4.9
0

0101000
+325 0 -323 0 *
Ve
1e-07
31.175 -17.3 0
0 0

0101101
*
Ed
 1e-07 1 1 0
1  597 0 0 2.95
2  633 6 0 0 2.95
0

0101000
+323 0 -321 0 *
Ve
1e-07
31.175 -12.4 0
0 0

0101101
*
Ed
 1e-07 1 1 0
1  598 0 0 4.9
2  634 6 0 0 4.9
0

0101000
+321 0 -319 0 *
Ve
1e-07
31.325 -12.4 0
0 0

0101101
*
Ed
 1e-07 1 1 0
1  599 0 0 0.149999999999999
2  635 6 0 0 0.149999999999999
0

0101000
+319 0 -317 0 *
Ve
1e-07
31.325 -12.3 0
0 0

0101101
*
Ed
 1e-07 1 1 0
1  600 0 0 0.0999999999999996
2  636 6 0 0 0.0999999999999996
0

0101000
+317 0 -315 0 *
Ve
1e-07
31.175 -12.3 0
0 0

0101101
*
Ed
 1e-07 1 1 0
1  601 0 0 0.149999999999999
2  637 6 0 0 0.149999999999999
0

0101000
+315 0 -313 0 *
Ve
1e-07
31.175 -8.55 0
0 0

0101101
*
Ed
 1e-07 1 1 0
1  602 0 0 3.75
2  638 6 0 0 3.75
0

0101000
+313 0 -311 0 *
Ve
1e-07
24.675 -8.55 0
0 0

0101101
*
Ed
 1e-07 1 1 0
1  603 0 0 6.5
2  639 6 0 0 6.5
0

0101000
+311 0 -309 0 *
Ve
1e-07
24.675 -8.45 0
0 0

0101101
*
Ed
 1e-07 1 1 0
1  604 0 0 0.100000000000001
2  640 6 0 0 0.100000000000001
0

0101000
+309 0 -307 0 *
Ve
1e-07
24.575 -8.45 0
0 0

0101101
*
Ed
 1e-07 1 1 0
1  605 0 0 0.100000000000001
2  641 6 0 0 0.100000000000001
0

0101000
+307 0 -305 0 *
Ve
1e-07
24.575 -8.55 0
0 0

0101101
*
Ed
 1e-07 1 1 0
1  606 0 0 0.100000000000001
2  642 6 0 0 0.100000000000001
0

0101000
+305 0 -303 0 *
Ve
1e-07
21.625 -8.55 0
0 0

0101101
*
Ed
 1e-07 1 1 0
1  607 0 0 2.95
2  643 6 0 0 2.95
0

0101000
+303 0 -301 0 *
Ve
1e-07
21.625 -8.45 0
0 0

0101101
*
Ed
 1e-07 1 1 0
1  608 0 0 0.100000000000001
2  644 6 0 0 0.100000000000001
0

0101000
+301 0 -299 0 *
Ve
1e-07
21.475 -8.45 0
0 0

0101101
*
Ed
 1e-07 1 1 0
1  609 0 0 0.149999999999999
2  645 6 0 0 0.149999999999999
0

0101000
+299 0 -297 0 *
Ve
1e-07
21.475 -9.35 0
0 0

0101101
*
Ed
 1e-07 1 1 0
1  610 0 0 0.9
2  646 6 0 0 0.9
0

0101000
+297 0 -295 0 *
Ve
1e-07
20.875 -9.35 0
0 0

0101101
*
Ed
 1e-07 1 1 0
1  611 0 0 0.600000000000001
2  647 6 0 0 0.600000000000001
0

0101000
+295 0 -293 0 *
Ve
1e-07
20.875 -9.45 0
0 0

0101101
*
Ed
 1e-07 1 1 0
1  612 0 0 0.100000000000001
2  648 6 0 0 0.100000000000001
0

0101000
+293 0 -291 0 *
Ve
1e-07
21.575 -9.45 0
0 0

0101101
*
Ed
 1e-07 1 1 0
1  613 0 0 0.699999999999999
2  649 6 0 0 0.699999999999999
0

0101000
+291 0 -289 0 *
Ve
1e-07
21.575 -8.8 0
0 0

0101101
*
Ed
 1e-07 1 1 0
1  614 0 0 0.65
2  650 6 0 0 0.65
0

0101000
+289 0 -287 0 *
Ve
1e-07
24.475 -8.8 0
0 0

0101101
*
Ed
 1e-07 1 1 0
1  615 0 0 2.9
2  651 6 0 0 2.9
0

0101000
+287 0 -285 0 *
Ve
1e-07
24.475 -10.85 0
0 0

0101101
*
Ed
 1e-07 1 1 0
1  616 0 0 2.05
2  652 6 0 0 2.05
0

0101000
+285 0 -283 0 *
Ve
1e-07
26.675 -10.85 0
0 0

0101101
*
Ed
 1e-07 1 1 0
1  617 0 0 2.2
2  653 6 0 0 2.2
0

0101000
+283 0 -281 0 *
Ve
1e-07
26.675 -10.95 0
0 0

0101101
*
Ed
 1e-07 1 1 0
1  618 0 0 0.100000000000001
2  654 6 0 0 0.100000000000001
0

0101000
+281 0 -279 0 *
Ve
1e-07
26.775 -10.95 0
0 0

0101101
*
Ed
 1e-07 1 1 0
1  619 0 0 0.100000000000001
2  655 6 0 0 0.100000000000001
0

0101000
+279 0 -277 0 *
Ve
1e-07
26.775 -10.85 0
0 0

0101101
*
Ed
 1e-07 1 1 0
1  620 0 0 0.100000000000001
2  656 6 0 0 0.100000000000001
0

0101000
+277 0 -275 0 *
Ve
1e-07
30.925 -10.85 0
0 0

0101101
*
Ed
 1e-07 1 1 0
1  621 0 0 4.15
2  657 6 0 0 4.15
0

0101000
+275 0 -273 0 *
Ve
1e-07
30.925 -17.3 0
0 0

0101101
*
Ed
 1e-07 1 1 0
1  622 0 0 6.45
2  658 6 0 0 6.45
0

0101000
+273 0 -271 0 *
Ve
1e-07
27.625 -17.3 0
0 0

0101101
*
Ed
 1e-07 1 1 0
1  623 0 0 3.3
2  659 6 0 0 3.3
0

0101000
+271 0 -269 0 *
Ve
1e-07
27.625 -12.05 0
0 0

0101101
*
Ed
 1e-07 1 1 0
1  624 0 0 5.25
2  660 6 0 0 5.25
0

0101000
+269 0 -267 0 *
Ve
1e-07
26.775 -12.05 0
0 0

0101101
*
Ed
 1e-07 1 1 0
1  625 0 0 0.849999999999998
2  661 6 0 0 0.849999999999998
0

0101000
+267 0 -265 0 *
Ve
1e-07
26.775 -11.95 0
0 0

0101101
*
Ed
 1e-07 1 1 0
1  626 0 0 0.0999999999999996
2  662 6 0 0 0.0999999999999996
0

0101000
+265 0 -263 0 *
Ve
1e-07
26.675 -11.95 0
0 0

0101101
*
Ed
 1e-07 1 1 0
1  627 0 0 0.100000000000001
2  663 6 0 0 0.100000000000001
0

0101000
+263 0 -261 0 *
Ve
1e-07
26.675 -12.05 0
0 0

0101101
*
Ed
 1e-07 1 1 0
1  628 0 0 0.0999999999999996
2  664 6 0 0 0.0999999999999996
0

0101000
+261 0 -259 0 *
Ve
1e-07
25.725 -12.05 0
0 0

0101101
*
Ed
 1e-07 1 1 0
1  629 0 0 0.949999999999999
2  665 6 0 0 0.949999999999999
0

0101000
+259 0 -257 0 *
Ve
1e-07
25.725 -12.15 0
0 0

0101101
*
Ed
 1e-07 1 1 0
1  630 0 0 0.0999999999999996
2  666 6 0 0 0.0999999999999996
0

0101000
+257 0 -255 0 *
Ve
1e-07
27.525 -12.15 0
0 0

0101101
*
Ed
 1e-07 1 1 0
1  631 0 0 1.8
2  667 6 0 0 1.8
0

0101000
+255 0 -253 0 *
Ve
1e-07
27.525 -17.3 0
0 0

0101101
*
Ed
 1e-07 1 1 0
1  632 0 0 5.15
2  668 6 0 0 5.15
0

0101000
+253 0 -251 0 *
Ve
1e-07
24.575 -17.3 0
0 0

0101101
*
Ed
 1e-07 1 1 0
1  633 0 0 2.95
2  669 6 0 0 2.95
0

0101000
+251 0 -249 0 *
Ve
1e-07
24.575 -16.9 0
0 0

0101101
*
Ed
 1e-07 1 1 0
1  634 0 0 0.400000000000002
2  670 6 0 0 0.400000000000002
0

0101000
+249 0 -247 0 *
Ve
1e-07
24.725 -16.9 0
0 0

0101101
*
Ed
 1e-07 1 1 0
1  635 0 0 0.150000000000002
2  671 6 0 0 0.150000000000002
0

0101000
+247 0 -245 0 *
Ve
1e-07
24.725 -15.8 0
0 0

0101101
*
Ed
 1e-07 1 1 0
1  636 0 0 1.1
2  672 6 0 0 1.1
0

0101000
+245 0 -243 0 *
Ve
1e-07
24.575 -15.8 0
0 0

0101101
*
Ed
 1e-07 1 1 0
1  637 0 0 0.150000000000002
2  673 6 0 0 0.150000000000002
0

0101000
+243 0 -241 0 *
Ve
1e-07
24.575 -12.15 0
0 0

0101101
*
Ed
 1e-07 1 1 0
1  638 0 0 3.65
2  674 6 0 0 3.65
0

0101000
+241 0 -239 0 *
Ve
1e-07
24.725 -12.15 0
0 0

0101101
*
Ed
 1e-07 1 1 0
1  639 0 0 0.150000000000002
2  675 6 0 0 0.150000000000002
0

0101000
+239 0 -237 0 *
Ve
1e-07
24.725 -12.05 0
0 0

0101101
*
Ed
 1e-07 1 1 0
1  640 0 0 0.0999999999999996
2  676 6 0 0 0.0999999999999996
0

0101000
+237 0 -235 0 *
Ve
1e-07
24.475 -12.05 0
0 0

0101101
*
Ed
 1e-07 1 1 0
1  641 0 0 0.25
2  677 6 0 0 0.25
0

0101000
+235 0 -233 0 *
Ve
1e-07
24.475 -15.7 0
0 0

0101101
*
Ed
 1e-07 1 1 0
1  642 0 0 3.65
2  678 6 0 0 3.65
0

0101000
+233 0 -231 0 *
Ve
1e-07
23.125 -15.7 0
0 0

0101101
*
Ed
 1e-07 1 1 0
1  643 0 0 1.35
2  679 6 0 0 1.35
0

0101000
+231 0 -229 0 *
Ve
1e-07
23.125 -15.8 0
0 0

0101101
*
Ed
 1e-07 1 1 0
1  644 0 0 0.0999999999999996
2  680 6 0 0 0.0999999999999996
0

0101000
+229 0 -227 0 *
Ve
1e-07
24.475 -15.8 0
0 0

0101101
*
Ed
 1e-07 1 1 0
1  645 0 0 1.35
2  681 6 0 0 1.35
0

0101000
+227 0 -225 0 *
Ve
1e-07
24.475 -17.3 0
0 0

0101101
*
Ed
 1e-07 1 1 0
1  646 0 0 1.5
2  682 6 0 0 1.5
0

0101000
+225 0 -223 0 *
Ve
1e-07
19.775 -17.3 0
0 0

0101101
*
Ed
 1e-07 1 1 0
1  647 0 0 4.7
2  683 6 0 0 4.7
0

0101000
+223 0 -221 0 *
Ve
1e-07
19.775 -15.8 0
0 0

0101101
*
Ed
 1e-07 1 1 0
1  648 0 0 1.5
2  684 6 0 0 1.5
0

0101000
+221 0 -219 0 *
Ve
1e-07
21.125 -15.8 0
0 0

0101101
*
Ed
 1e-07 1 1 0
1  649 0 0 1.35
2  685 6 0 0 1.35
0

0101000
+219 0 -217 0 *
Ve
1e-07
21.125 -15.7 0
0 0

0101101
*
Ed
 1e-07 1 1 0
1  650 0 0 0.0999999999999996
2  686 6 0 0 0.0999999999999996
0

0101000
+217 0 -215 0 *
Ve
1e-07
19.775 -15.7 0
0 0

0101101
*
Ed
 1e-07 1 1 0
1  651 0 0 1.35
2  687 6 0 0 1.35
0

0101000
+215 0 -213 0 *
Ve
1e-07
19.775 -13.7 0
0 0

0101101
*
Ed
 1e-07 1 1 0
1  652 0 0 2
2  688 6 0 0 2
0

0101000
+213 0 -211 0 *
Ve
1e-07
19.675 -13.7 0
0 0

0101101
*
Ed
 1e-07 1 1 0
1  653 0 0 0.100000000000001
2  689 6 0 0 0.100000000000001
0

0101000
+211 0 -209 0 *
Ve
1e-07
19.675 -15.1 0
0 0

0101101
*
Ed
 1e-07 1 1 0
1  654 0 0 1.4
2  690 6 0 0 1.4
0

0101000
+209 0 -207 0 *
Ve
1e-07
18.6 -15.1 0
0 0

0101101
*
Ed
 1e-07 1 1 0
1  655 0 0 1.075
2  691 6 0 0 1.075
0

0101000
+207 0 -205 0 *
Ve
1e-07
18.6 -15.2 0
0 0

0101101
*
Ed
 1e-07 1 1 0
1  656 0 0 0.100000000000001
2  692 6 0 0 0.100000000000001
0

0101000
+205 0 -203 0 *
Ve
1e-07
19.675 -15.2 0
0 0

0101101
*
Ed
 1e-07 1 1 0
1  657 0 0 1.075
2  693 6 0 0 1.075
0

0101000
+203 0 -201 0 *
Ve
1e-07
19.675 -17.3 0
0 0

0101101
*
Ed
 1e-07 1 1 0
1  658 0 0 2.1
2  694 6 0 0 2.1
0

0101000
+201 0 -199 0 *
Ve
1e-07
16.875 -17.3 0
0 0

0101101
*
Ed
 1e-07 1 1 0
1  659 0 0 2.8
2  695 6 0 0 2.8
0

0101000
+199 0 -197 0 *
Ve
1e-07
16.875 -16.3 0
0 0

0101101
*
Ed
 1e-07 1 1 0
1  660 0 0 1
2  696 6 0 0 1
0

0101000
+197 0 -195 0 *
Ve
1e-07
17.025 -16.3 0
0 0

0101101
*
Ed
 1e-07 1 1 0
1  661 0 0 0.149999999999999
2  697 6 0 0 0.149999999999999
0

0101000
+195 0 -193 0 *
Ve
1e-07
17.025 -15.2 0
0 0

0101101
*
Ed
 1e-07 1 1 0
1  662 0 0 1.1
2  698 6 0 0 1.1
0

0101000
+193 0 -191 0 *
Ve
1e-07
17.6 -15.2 0
0 0

0101101
*
Ed
 1e-07 1 1 0
1  663 0 0 0.575000000000003
2  699 6 0 0 0.575000000000003
0

0101000
+191 0 -189 0 *
Ve
1e-07
17.6 -15.1 0
0 0

0101101
*
Ed
 1e-07 1 1 0
1  664 0 0 0.100000000000001
2  700 6 0 0 0.100000000000001
0

0101000
+189 0 -187 0 *
Ve
1e-07
17.025 -15.1 0
0 0

0101101
*
Ed
 1e-07 1 1 0
1  665 0 0 0.575000000000003
2  701 6 0 0 0.575000000000003
0

0101000
+187 0 -185 0 *
Ve
1e-07
17.025 -12 0
0 0

0101101
*
Ed
 1e-07 1 1 0
1  666 0 0 3.1
2  702 6 0 0 3.1
0

0101000
+185 0 -183 0 *
Ve
1e-07
19.675 -12 0
0 0

0101101
*
Ed
 1e-07 1 1 0
1  667 0 0 2.65
2  703 6 0 0 2.65
0

0101000
+183 0 -181 0 *
Ve
1e-07
19.675 -12.7 0
0 0

0101101
*
Ed
 1e-07 1 1 0
1  668 0 0 0.700000000000001
2  704 6 0 0 0.700000000000001
0

0101000
+181 0 -179 0 *
Ve
1e-07
19.775 -12.7 0
0 0

0101101
*
Ed
 1e-07 1 1 0
1  669 0 0 0.100000000000001
2  705 6 0 0 0.100000000000001
0

0101000
+179 0 -177 0 *
Ve
1e-07
19.775 -9.45 0
0 0

0101101
*
Ed
 1e-07 1 1 0
1  670 0 0 3.25
2  706 6 0 0 3.25
0

0101000
+177 0 -175 0 *
Ve
1e-07
19.875 -9.45 0
0 0

0101101
*
Ed
 1e-07 1 1 0
1  671 0 0 0.0999999999999979
2  707 6 0 0 0.0999999999999979
0

0101000
+175 0 -173 0 *
Ve
1e-07
19.875 -9.35 0
0 0

0101101
*
Ed
 1e-07 1 1 0
1  672 0 0 0.100000000000001
2  708 6 0 0 0.100000000000001
0

0101000
+173 0 -171 0 *
Ve
1e-07
19.775 -9.35 0
0 0

0101101
*
Ed
 1e-07 1 1 0
1  673 0 0 0.0999999999999979
2  709 6 0 0 0.0999999999999979
0

0101000
+171 0 -169 0 *
Ve
1e-07
19.775 -6.5 0
0 0

0101101
*
Ed
 1e-07 1 1 0
1  674 0 0 2.85
2  710 6 0 0 2.85
0

0101000
+169 0 -167 0 *
Ve
1e-07
19.475 -6.5 0
0 0

0101101
*
Ed
 1e-07 1 1 0
1  675 0 0 0.300000000000001
2  711 6 0 0 0.300000000000001
0

0101000
+167 0 -165 0 *
Ve
1e-07
19.475 -11.7 0
0 0

0101101
*
Ed
 1e-07 1 1 0
1  676 0 0 5.2
2  712 6 0 0 5.2
0

0101000
+165 0 -163 0 *
Ve
1e-07
16.775 -11.7 0
0 0

0101101
*
Ed
 1e-07 1 1 0
1  677 0 0 2.7
2  713 6 0 0 2.7
0

0101000
+163 0 -161 0 *
Ve
1e-07
16.775 -14.95 0
0 0

0101101
*
Ed
 1e-07 1 1 0
1  678 0 0 3.25
2  714 6 0 0 3.25
0

0101000
+161 0 -159 0 *
Ve
1e-07
10.2 -14.95 0
0 0

0101101
*
Ed
 1e-07 1 1 0
1  679 0 0 6.575
2  715 6 0 0 6.575
0

0101000
+159 0 -157 0 *
Ve
1e-07
10.2 -13.3 0
0 0

0101101
*
Ed
 1e-07 1 1 0
1  680 0 0 1.65
2  716 6 0 0 1.65
0

0101000
+157 0 -155 0 *
Ve
1e-07
10.85 -13.3 0
0 0

0101101
*
Ed
 1e-07 1 1 0
1  681 0 0 0.649999999999999
2  717 6 0 0 0.649999999999999
0

0101000
+155 0 -153 0 *
Ve
1e-07
10.85 -7.1 0
0 0

0101101
*
Ed
 1e-07 1 1 0
1  682 0 0 6.2
2  718 6 0 0 6.2
0

0101000
+153 0 -151 0 *
Ve
1e-07
11.7 -7.1 0
0 0

0101101
*
Ed
 1e-07 1 1 0
1  683 0 0 0.850000000000001
2  719 6 0 0 0.850000000000001
0

0101000
+151 0 -149 0 *
Ve
1e-07
11.7 -6.8 0
0 0

0101101
*
Ed
 1e-07 1 1 0
1  684 0 0 0.300000000000001
2  720 6 0 0 0.300000000000001
0

0101000
+149 0 -147 0 *
Ve
1e-07
10.55 -6.8 0
0 0

0101101
*
Ed
 1e-07 1 1 0
1  685 0 0 1.15
2  721 6 0 0 1.15
0

0101000
+147 0 -145 0 *
Ve
1e-07
10.55 -7.55 0
0 0

0101101
*
Ed
 1e-07 1 1 0
1  686 0 0 0.75
2  722 6 0 0 0.75
0

0101000
+145 0 -143 0 *
Ve
1e-07
8.75 -7.55 0
0 0

0101101
*
Ed
 1e-07 1 1 0
1  687 0 0 1.8
2  723 6 0 0 1.8
0

0101000
+143 0 -141 0 *
Ve
1e-07
8.75 -5.85 0
0 0

0101101
*
Ed
 1e-07 1 1 0
1  688 0 0 1.7
2  724 6 0 0 1.7
0

0101000
+141 0 -139 0 *
Ve
1e-07
8.9 -5.85 0
0 0

0101101
*
Ed
 1e-07 1 1 0
1  689 0 0 0.15
2  725 6 0 0 0.15
0

0101000
+139 0 -137 0 *
Ve
1e-07
8.9 -5.75 0
0 0

0101101
*
Ed
 1e-07 1 1 0
1  690 0 0 0.100000000000001
2  726 6 0 0 0.100000000000001
0

0101000
+137 0 -135 0 *
Ve
1e-07
8.65 -5.75 0
0 0

0101101
*
Ed
 1e-07 1 1 0
1  691 0 0 0.25
2  727 6 0 0 0.25
0

0101000
+135 0 -133 0 *
Ve
1e-07
8.65 -13.2 0
0 0

0101101
*
Ed
 1e-07 1 1 0
1  692 0 0 7.45
2  728 6 0 0 7.45
0

0101000
+133 0 -131 0 *
Ve
1e-07
6.5 -13.2 0
0 0

0101101
*
Ed
 1e-07 1 1 0
1  693 0 0 2.15
2  729 6 0 0 2.15
0

0101000
+131 0 -129 0 *
Ve
1e-07
6.5 -13.4 0
0 0

0101101
*
Ed
 1e-07 1 1 0
1  694 0 0 0.199999999999999
2  730 6 0 0 0.199999999999999
0

0101000
+129 0 -127 0 *
Ve
1e-07
6.6 -13.4 0
0 0

0101101
*
Ed
 1e-07 1 1 0
1  695 0 0 0.100000000000001
2  731 6 0 0 0.100000000000001
0

0101000
+127 0 -125 0 *
Ve
1e-07
6.6 -13.3 0
0 0

0101101
*
Ed
 1e-07 1 1 0
1  696 0 0 0.0999999999999996
2  732 6 0 0 0.0999999999999996
0

0101000
+125 0 -123 0 *
Ve
1e-07
8.9 -13.3 0
0 0

0101101
*
Ed
 1e-07 1 1 0
1  697 0 0 2.3
2  733 6 0 0 2.3
0

0101000
+123 0 -121 0 *
Ve
1e-07
8.9 -13.2 0
0 0

0101101
*
Ed
 1e-07 1 1 0
1  698 0 0 0.0999999999999996
2  734 6 0 0 0.0999999999999996
0

0101000
+121 0 -119 0 *
Ve
1e-07
8.75 -13.2 0
0 0

0101101
*
Ed
 1e-07 1 1 0
1  699 0 0 0.15
2  735 6 0 0 0.15
0

0101000
+119 0 -117 0 *
Ve
1e-07
8.75 -11.5 0
0 0

0101101
*
Ed
 1e-07 1 1 0
1  700 0 0 1.7
2  736 6 0 0 1.7
0

0101000
+117 0 -115 0 *
Ve
1e-07
8.9 -11.5 0
0 0

0101101
*
Ed
 1e-07 1 1 0
1  701 0 0 0.15
2  737 6 0 0 0.15
0

0101000
+115 0 -113 0 *
Ve
1e-07
8.9 -11.4 0
0 0

0101101
*
Ed
 1e-07 1 1 0
1  702 0 0 0.0999999999999996
2  738 6 0 0 0.0999999999999996
0

0101000
+113 0 -111 0 *
Ve
1e-07
8.75 -11.4 0
0 0

0101101
*
Ed
 1e-07 1 1 0
1  703 0 0 0.15
2  739 6 0 0 0.15
0

0101000
+111 0 -109 0 *
Ve
1e-07
8.75 -9.25 0
0 0

0101101
*
Ed
 1e-07 1 1 0
1  704 0 0 2.15
2  740 6 0 0 2.15
0

0101000
+109 0 -107 0 *
Ve
1e-07
8.9 -9.25 0
0 0

0101101
*
Ed
 1e-07 1 1 0
1  705 0 0 0.15
2  741 6 0 0 0.15
0

0101000
+107 0 -105 0 *
Ve
1e-07
8.9 -9.15 0
0 0

0101101
*
Ed
 1e-07 1 1 0
1  706 0 0 0.0999999999999996
2  742 6 0 0 0.0999999999999996
0

0101000
+105 0 -103 0 *
Ve
1e-07
8.75 -9.15 0
0 0

0101101
*
Ed
 1e-07 1 1 0
1  707 0 0 0.15
2  743 6 0 0 0.15
0

0101000
+103 0 -101 0 *
Ve
1e-07
8.75 -8.15 0
0 0

0101101
*
Ed
 1e-07 1 1 0
1  708 0 0 1
2  744 6 0 0 1
0

0101000
+101 0 -99 0 *
Ve
1e-07
10.55 -8.15 0
0 0

0101101
*
Ed
 1e-07 1 1 0
1  709 0 0 1.8
2  745 6 0 0 1.8
0

0101000
+99 0 -97 0 *
Ve
1e-07
10.55 -9.15 0
0 0

0101101
*
Ed
 1e-07 1 1 0
1  710 0 0 1
2  746 6 0 0 1
0

0101000
+97 0 -95 0 *
Ve
1e-07
9.8 -9.15 0
0 0

0101101
*
Ed
 1e-07 1 1 0
1  711 0 0 0.75
2  747 6 0 0 0.75
0

0101000
+95 0 -93 0 *
Ve
1e-07
9.8 -9.25 0
0 0

0101101
*
Ed
 1e-07 1 1 0
1  712 0 0 0.0999999999999996
2  748 6 0 0 0.0999999999999996
0

0101000
+93 0 -91 0 *
Ve
1e-07
10.55 -9.25 0
0 0

0101101
*
Ed
 1e-07 1 1 0
1  713 0 0 0.75
2  749 6 0 0 0.75
0

0101000
+91 0 -89 0 *
Ve
1e-07
10.55 -11.4 0
0 0

0101101
*
Ed
 1e-07 1 1 0
1  714 0 0 2.15
2  750 6 0 0 2.15
0

0101000
+89 0 -87 0 *
Ve
1e-07
9.8 -11.4 0
0 0

0101101
*
Ed
 1e-07 1 1 0
1  715 0 0 0.75
2  751 6 0 0 0.75
0

0101000
+87 0 -85 0 *
Ve
1e-07
9.8 -11.5 0
0 0

0101101
*
Ed
 1e-07 1 1 0
1  716 0 0 0.0999999999999996
2  752 6 0 0 0.0999999999999996
0

0101000
+85 0 -83 0 *
Ve
1e-07
10.55 -11.5 0
0 0

0101101
*
Ed
 1e-07 1 1 0
1  717 0 0 0.75
2  753 6 0 0 0.75
0

0101000
+83 0 -81 0 *
Ve
1e-07
10.55 -13.2 0
0 0

0101101
*
Ed
 1e-07 1 1 0
1  718 0 0 1.7
2  754 6 0 0 1.7
0

0101000
+81 0 -79 0 *
Ve
1e-07
9.8 -13.2 0
0 0

0101101
*
Ed
 1e-07 1 1 0
1  719 0 0 0.75
2  755 6 0 0 0.75
0

0101000
+79 0 -77 0 *
Ve
1e-07
9.8 -13.3 0
0 0

0101101
*
Ed
 1e-07 1 1 0
1  720 0 0 0.0999999999999996
2  756 6 0 0 0.0999999999999996
0

0101000
+77 0 -75 0 *
Ve
1e-07
10.1 -13.3 0
0 0

0101101
*
Ed
 1e-07 1 1 0
1  721 0 0 0.299999999999999
2  757 6 0 0 0.299999999999999
0

0101000
+75 0 -73 0 *
Ve
1e-07
10.1 -14.95 0
0 0

0101101
*
Ed
 1e-07 1 1 0
1  722 0 0 1.65
2  758 6 0 0 1.65
0

0101000
+73 0 -71 0 *
Ve
1e-07
9.4 -14.95 0
0 0

0101101
*
Ed
 1e-07 1 1 0
1  723 0 0 0.699999999999999
2  759 6 0 0 0.699999999999999
0

0101000
+71 0 -69 0 *
Ve
1e-07
9.4 -15.15 0
0 0

0101101
*
Ed
 1e-07 1 1 0
1  724 0 0 0.199999999999999
2  760 6 0 0 0.199999999999999
0

0101000
+69 0 -67 0 *
Ve
1e-07
9.75 -15.15 0
0 0

0101101
*
Ed
 1e-07 1 1 0
1  725 0 0 0.35
2  761 6 0 0 0.35
0

0101000
+67 0 -65 0 *
Ve
1e-07
9.75 -17.3 0
0 0

0101101
*
Ed
 1e-07 1 1 0
1  726 0 0 2.15
2  762 6 0 0 2.15
0

0101000
+65 0 -63 0 *
Ve
1e-07
7.55 -17.3 0
0 0

0101101
*
Ed
 1e-07 1 1 0
1  727 0 0 2.2
2  763 6 0 0 2.2
0

0101000
+63 0 -61 0 *
Ve
1e-07
7.55 -16.35 0
0 0

0101101
*
Ed
 1e-07 1 1 0
1  728 0 0 0.949999999999999
2  764 6 0 0 0.949999999999999
0

0101000
+61 0 -59 0 *
Ve
1e-07
7.45 -16.35 0
0 0

0101101
*
Ed
 1e-07 1 1 0
1  729 0 0 0.0999999999999996
2  765 6 0 0 0.0999999999999996
0

0101000
+59 0 -57 0 *
Ve
1e-07
7.45 -17.3 0
0 0

0101101
*
Ed
 1e-07 1 1 0
1  730 0 0 0.949999999999999
2  766 6 0 0 0.949999999999999
0

0101000
+57 0 -55 0 *
Ve
1e-07
3.65 -17.3 0
0 0

0101101
*
Ed
 1e-07 1 1 0
1  731 0 0 3.8
2  767 6 0 0 3.8
0

0101000
+55 0 -53 0 *
Ve
1e-07
3.65 -16.35 0
0 0

0101101
*
Ed
 1e-07 1 1 0
1  732 0 0 0.949999999999999
2  768 6 0 0 0.949999999999999
0

0101000
+53 0 -51 0 *
Ve
1e-07
3.5 -16.35 0
0 0

0101101
*
Ed
 1e-07 1 1 0
1  733 0 0 0.15
2  769 6 0 0 0.15
0

0101000
+51 0 -49 0 *
Ve
1e-07
3.5 -14.75 0
0 0

0101101
*
Ed
 1e-07 1 1 0
1  734 0 0 1.6
2  770 6 0 0 1.6
0

0101000
+49 0 -47 0 *
Ve
1e-07
4.7 -14.75 0
0 0

0101101
*
Ed
 1e-07 1 1 0
1  735 0 0 1.2
2  771 6 0 0 1.2
0

0101000
+47 0 -45 0 *
Ve
1e-07
4.7 -14.65 0
0 0

0101101
*
Ed
 1e-07 1 1 0
1  736 0 0 0.0999999999999996
2  772 6 0 0 0.0999999999999996
0

0101000
+45 0 -43 0 *
Ve
1e-07
3.4 -14.65 0
0 0

0101101
*
Ed
 1e-07 1 1 0
1  737 0 0 1.3
2  773 6 0 0 1.3
0

0101000
+43 0 -41 0 *
Ve
1e-07
3.4 -17 0
0 0

0101101
*
Ed
 1e-07 1 1 0
1  738 0 0 2.35
2  774 6 0 0 2.35
0

0101000
+41 0 -39 0 *
Ve
1e-07
3.55 -17 0
0 0

0101101
*
Ed
 1e-07 1 1 0
1  739 0 0 0.15
2  775 6 0 0 0.15
0

0101000
+39 0 -37 0 *
Ve
1e-07
3.55 -17.3 0
0 0

0101101
*
Ed
 1e-07 1 1 0
1  740 0 0 0.300000000000001
2  776 6 0 0 0.300000000000001
0

0101000
+37 0 -35 0 *
Ve
1e-07
0 -17.3 0
0 0

0101101
*
Ed
 1e-07 1 1 0
1  741 0 0 3.55
2  777 6 0 0 3.55
0

0101000
+35 0 -33 0 *
Ve
1e-07
0 -13.3 0
0 0

0101101
*
Ed
 1e-07 1 1 0
1  742 0 0 4
2  778 6 0 0 4
0

0101000
+33 0 -31 0 *
Ve
1e-07
4.05 -13.3 0
0 0

0101101
*
Ed
 1e-07 1 1 0
1  743 0 0 4.05
2  779 6 0 0 4.05
0

0101000
+31 0 -29 0 *
Ve
1e-07
4.05 -13.2 0
0 0

0101101
*
Ed
 1e-07 1 1 0
1  744 0 0 0.0999999999999996
2  780 6 0 0 0.0999999999999996
0

0101000
+29 0 -27 0 *
Ed
 1e-07 1 1 0
1  745 0 0 4.05
2  781 6 0 0 4.05
0

0101000
+27 0 -758 0 *
Wi

0101100
+756 0 +754 0 +752 0 +750 0 +748 0 +746 0 +744 0 +742 0 +740 0 +738 0 
+736 0 +734 0 +732 0 +730 0 +728 0 +726 0 +724 0 +722 0 +720 0 +718 0 
+716 0 +714 0 +712 0 +710 0 +708 0 +706 0 +704 0 +702 0 +700 0 +698 0 
+696 0 +694 0 +692 0 +690 0 +688 0 +686 0 +684 0 +682 0 +680 0 +678 0 
+676 0 +674 0 +672 0 +670 0 +668 0 +666 0 +664 0 +662 0 +660 0 +658 0 
+656 0 +654 0 +652 0 +650 0 +648 0 +646 0 +644 0 +642 0 +640 0 +638 0 
+636 0 +634 0 +632 0 +630 0 +628 0 +626 0 +624 0 +622 0 +620 0 +618 0 
+616 0 +614 0 +612 0 +610 0 +608 0 +606 0 +604 0 +602 0 +600 0 +598 0 
+596 0 +594 0 +592 0 +590 0 +588 0 +586 0 +584 0 +582 0 +580 0 +578 0 
+576 0 +574 0 +572 0 +570 0 +568 0 +566 0 +564 0 +562 0 +560 0 +558 0 
+556 0 +554 0 +552 0 +550 0 +548 0 +546 0 +544 0 +542 0 +540 0 +538 0 
+536 0 +534 0 +532 0 +530 0 +528 0 +526 0 +524 0 +522 0 +520 0 +518 0 
+516 0 +514 0 +512 0 +510 0 +508 0 +506 0 +504 0 +502 0 +500 0 +498 0 
+496 0 +494 0 +492 0 +490 0 +488 0 +486 0 +484 0 +482 0 +480 0 +478 0 
+476 0 +474 0 +472 0 +470 0 +468 0 +466 0 +464 0 +462 0 +460 0 +458 0 
+456 0 +454 0 +452 0 +450 0 +448 0 +446 0 +444 0 +442 0 +440 0 +438 0 
+436 0 +434 0 +432 0 +430 0 +428 0 +426 0 +424 0 +422 0 +420 0 +418 0 
+416 0 +414 0 +412 0 +410 0 +408 0 +406 0 +404 0 +402 0 +400 0 +398 0 
+396 0 +394 0 +392 0 +390 0 +388 0 +386 0 +384 0 +382 0 +380 0 +378 0 
+376 0 +374 0 +372 0 +370 0 +368 0 +366 0 +364 0 +362 0 +360 0 +358 0 
+356 0 +354 0 +352 0 +350 0 +348 0 +346 0 +344 0 +342 0 +340 0 +338 0 
+336 0 +334 0 +332 0 +330 0 +328 0 +326 0 +324 0 +322 0 +320 0 +318 0 
+316 0 +314 0 +312 0 +310 0 +308 0 +306 0 +304 0 +302 0 +300 0 +298 0 
+296 0 +294 0 +292 0 +290 0 +288 0 +286 0 +284 0 +282 0 +280 0 +278 0 
+276 0 +274 0 +272 0 +270 0 +268 0 +266 0 +264 0 +262 0 +260 0 +258 0 
+256 0 +254 0 +252 0 +250 0 +248 0 +246 0 +244 0 +242 0 +240 0 +238 0 
+236 0 +234 0 +232 0 +230 0 +228 0 +226 0 +224 0 +222 0 +220 0 +218 0 
+216 0 +214 0 +212 0 +210 0 +208 0 +206 0 +204 0 +202 0 +200 0 +198 0 
+196 0 +194 0 +192 0 +190 0 +188 0 +186 0 +184 0 +182 0 +180 0 +178 0 
+176 0 +174 0 +172 0 +170 0 +168 0 +166 0 +164 0 +162 0 +160 0 +158 0 
+156 0 +154 0 +152 0 +150 0 +148 0 +146 0 +144 0 +142 0 +140 0 +138 0 
+136 0 +134 0 +132 0 +130 0 +128 0 +126 0 +124 0 +122 0 +120 0 +118 0 
+116 0 +114 0 +112 0 +110 0 +108 0 +106 0 +104 0 +102 0 +100 0 +98 0 
+96 0 +94 0 +92 0 +90 0 +88 0 +86 0 +84 0 +82 0 +80 0 +78 0 
+76 0 +74 0 +72 0 +70 0 +68 0 +66 0 +64 0 +62 0 +60 0 +58 0 
+56 0 +54 0 +52 0 +50 0 +48 0 +46 0 +44 0 +42 0 +40 0 +38 0 
+36 0 +34 0 +32 0 +30 0 +28 0 +26 0 +25 0 *
Ve
1e-07
5.85 -15.4 0
0 0

0101101
*
Ve
1e-07
6.5 -15.4 0
0 0

0101101
*
Ed
 1e-07 1 1 0
1  746 0 0 0.649999999999999
2  782 7 0 0 0.649999999999999
2  783 8 0 0 0.649999999999999
2  784 6 0 0 0.649999999999999
0

0101000
+23 0 -22 0 *
Ve
1e-07
6.5 -16.35 0
0 0

0101101
*
Ed
 1e-07 1 1 0
1  747 0 0 0.950000000000001
2  785 7 0 0 0.950000000000001
2  786 8 0 0 0.950000000000001
2  787 6 0 0 0.950000000000001
0

0101000
+22 0 -20 0 *
Ve
1e-07
6.6 -16.35 0
0 0

0101101
*
Ed
 1e-07 1 1 0
1  748 0 0 0.100000000000001
2  788 7 0 0 0.100000000000001
2  789 8 0 0 0.100000000000001
2  790 6 0 0 0.100000000000001
0

0101000
+20 0 -18 0 *
Ve
1e-07
6.6 -14.4 0
0 0

0101101
*
Ed
 1e-07 1 1 0
1  749 0 0 1.95
2  791 7 0 0 1.95
2  792 8 0 0 1.95
2  793 6 0 0 1.95
0

0101000
+18 0 -16 0 *
Ve
1e-07
6.5 -14.4 0
0 0

0101101
*
Ed
 1e-07 1 1 0
1  750 0 0 0.100000000000001
2  794 7 0 0 0.100000000000001
2  795 8 0 0 0.100000000000001
2  796 6 0 0 0.100000000000001
0

0101000
+16 0 -14 0 *
Ve
1e-07
6.5 -14.65 0
0 0

0101101
*
Ed
 1e-07 1 1 0
1  751 0 0 0.25
2  797 7 0 0 0.25
2  798 8 0 0 0.25
2  799 6 0 0 0.25
0

0101000
+14 0 -12 0 *
Ve
1e-07
5.7 -14.65 0
0 0

0101101
*
Ed
 1e-07 1 1 0
1  752 0 0 0.8
2  800 7 0 0 0.8
2  801 8 0 0 0.8
2  802 6 0 0 0.8
0

0101000
+12 0 -10 0 *
Ve
1e-07
5.7 -14.75 0
0 0

0101101
*
Ed
 1e-07 1 1 0
1  753 0 0 0.0999999999999996
2  803 7 0 0 0.0999999999999996
2  804 8 0 0 0.0999999999999996
2  805 6 0 0 0.0999999999999996
0

0101000
+10 0 -8 0 *
Ve
1e-07
5.85 -14.75 0
0 0

0101101
*
Ed
 1e-07 1 1 0
1  754 0 0 0.15
2  806 7 0 0 0.15
2  807 8 0 0 0.15
2  808 6 0 0 0.15
0

0101000
+8 0 -6 0 *
Ed
 1e-07 1 1 0
1  755 0 0 0.65
2  809 7 0 0 0.65
2  810 8 0 0 0.65
2  811 6 0 0 0.65
0

0101000
+6 0 -23 0 *
Wi

0101100
+21 0 +19 0 +17 0 +15 0 +13 0 +11 0 +9 0 +7 0 +5 0 +4 0 
*
Fa
0  1e-07 6 0

0101000
+24 0 +3 0 *
Co

1100000
+759 0 +2 0 *

+1 0 