
CASCADE Topology V3, (c) Open Cascade
Locations 0
Curve2ds 282
1 -16.10464681553561 9.3156482901399755 -0.022216737285145626 -0.99975317783161011 
1 -16.10464681553561 9.3156482901399755 -0.022216737285145626 -0.99975317783161011 
1 -16.154646815535607 7.0656482901399755 1 0 
1 -16.154646815535607 7.0656482901399755 1 0 
1 -14.954646815535604 7.0656482901399755 0 -1 
1 -14.954646815535604 7.0656482901399755 0 -1 
1 -14.954646815535604 6.9656482901399759 -1 0 
1 -14.954646815535604 6.9656482901399759 -1 0 
1 -16.254646815535601 6.9656482901399759 0 1 
1 -16.254646815535601 6.9656482901399759 0 1 
1 -16.254646815535601 9.3156482901399755 1 0 
1 -16.254646815535601 9.3156482901399755 1 0 
1 -13.154646815535607 8.665648290139977 1 0 
1 -13.154646815535607 8.665648290139977 1 0 
1 -13.054646815535598 8.665648290139977 0 -1 
1 -13.054646815535598 8.665648290139977 0 -1 
1 -13.054646815535598 6.7156482901399759 -1 0 
1 -13.054646815535598 6.7156482901399759 -1 0 
1 -13.154646815535607 6.7156482901399759 0 1 
1 -13.154646815535607 6.7156482901399759 0 1 
1 -13.154646815535607 6.9656482901399759 -1 0 
1 -13.154646815535607 6.9656482901399759 -1 0 
1 -13.954646815535604 6.9656482901399759 0 1 
1 -13.954646815535604 6.9656482901399759 0 1 
1 -13.954646815535604 7.0656482901399755 1 0 
1 -13.954646815535604 7.0656482901399755 1 0 
1 -13.804646815535612 7.0656482901399755 0 1 
1 -13.804646815535612 7.0656482901399755 0 1 
1 -13.804646815535612 7.7156482901399759 1 0 
1 -13.804646815535612 7.7156482901399759 1 0 
1 -13.154646815535607 7.7156482901399759 0 1 
1 -13.154646815535607 7.7156482901399759 0 1 
1 13.495140524834611 -5.876110425124681 0 -1 
1 13.495140524834611 -5.876110425124681 0 -1 
1 13.495140524834611 -6.5261104251246813 -1 0 
1 13.495140524834611 -6.5261104251246813 -1 0 
1 12.845140524834612 -6.5261104251246813 0 -1 
1 12.845140524834612 -6.5261104251246813 0 -1 
1 12.845140524834612 -7.4761104251246824 -1 0 
1 12.845140524834612 -7.4761104251246824 -1 0 
1 12.745140524834611 -7.4761104251246824 0 1 
1 12.745140524834611 -7.4761104251246824 0 1 
1 12.745140524834611 -5.5261104251246813 1 0 
1 12.745140524834611 -5.5261104251246813 1 0 
1 12.845140524834612 -5.5261104251246813 0 -1 
1 12.845140524834612 -5.5261104251246813 0 -1 
1 12.845140524834612 -5.7761104251246813 1 0 
1 12.845140524834612 -5.7761104251246813 1 0 
1 13.645140524834613 -5.7761104251246813 0 -1 
1 13.645140524834613 -5.7761104251246813 0 -1 
1 13.645140524834613 -5.876110425124681 -1 0 
1 13.645140524834613 -5.876110425124681 -1 0 
1 0.11315518585364259 1.2353674152231378 0.49999718661828696 -0.86602702808503496 
1 -1.3582937360459635 -16.483926288351626 -0.49999718661828696 -0.86602702808503496 
1 -1.3582937360459635 -16.483926288351626 -0.49999718661828696 -0.86602702808503496 
1 0.71315518585364224 0.19612913397314458 -0.87691992355215287 -0.4806365026475688 
1 -1.9582937360459631 -17.523164569601619 0.87691992355215287 -0.4806365026475688 
1 -1.9582937360459631 -17.523164569601619 0.87691992355215287 -0.4806365026475688 
1 -1.2604019430526066 -0.88557008477685883 0.50000423436773878 -0.86602295905728233 
1 0.015263392860285663 -18.604863788351622 -0.50000423436773878 -0.86602295905728233 
1 0.015263392860285663 -18.604863788351622 -0.50000423436773878 -0.86602295905728233 
1 -1.1854019430526073 -1.0154724285268628 0.86602529660489225 0.50000018564037407 
1 -0.059736607139713627 -18.734766132101626 -0.86602529660489225 0.50000018564037407 
1 -0.059736607139713627 -18.734766132101626 -0.86602529660489225 0.50000018564037407 
1 0.84975674835364323 0.15952757147313434 -0.49999772874698117 0.86602671508900941 
1 -2.0948952985459641 -17.559766132101629 0.49999772874698117 0.86602671508900941 
1 -2.0948952985459641 -17.559766132101629 0.49999772874698117 0.86602671508900941 
1 0.19975674835364288 1.2853674152231349 -0.86602295905728666 -0.50000423436773134 
1 -1.4448952985459638 -16.433926288351628 0.86602295905728666 -0.50000423436773134 
1 -1.4448952985459638 -16.433926288351628 0.86602295905728666 -0.50000423436773134 
1 0.68413433150237424 -0.16565279278437117 0.50000423436773878 -0.86602295905728233 
1 -0.7832937360459642 -15.487998553976624 -0.50000423436773878 -0.86602295905728233 
1 -0.7832937360459642 -15.487998553976624 -0.50000423436773878 -0.86602295905728233 
1 0.75913433150237353 -0.29555513653437515 0.86602295905728666 0.50000423436773134 
1 -0.85829373604596348 -15.617900897726628 -0.86602295905728666 0.50000423436773134 
1 -0.85829373604596348 -15.617900897726628 -0.86602295905728666 0.50000423436773134 
1 0.84573589400237381 -0.24555513653437799 -0.50000423436775299 0.86602295905727422 
1 -0.94489529854596377 -15.567900897726631 0.50000423436775299 0.86602295905727422 
1 -0.94489529854596377 -15.567900897726631 0.50000423436775299 0.86602295905727422 
1 0.44573589400237346 0.44725736346562428 0.8660254004945801 0.50000000569820202 
1 -0.54489529854596341 -14.875088397726628 -0.8660254004945801 0.50000000569820202 
1 -0.54489529854596341 -14.875088397726628 -0.8660254004945801 0.50000000569820202 
1 0.66224224165862466 0.57225736346562428 -0.49996195035435242 0.86604737064312609 
1 -0.76140164620221462 -14.750088397726628 0.49996195035435242 0.86604737064312609 
1 -0.76140164620221462 -14.750088397726628 0.49996195035435242 0.86604737064312609 
1 0.61224224165862395 0.65886869159062655 -0.86602530659429078 -0.50000016833823657 
1 -0.71140164620221391 -14.663477069601626 0.86602530659429078 -0.50000016833823657 
1 -0.71140164620221391 -14.663477069601626 0.86602530659429078 -0.50000016833823657 
1 -1.0765065376382505 -0.31613130840936776 0.49996195035433916 -0.86604737064313375 
1 0.97734713309466059 -15.63847706960162 -0.49996195035433916 -0.86604737064313375 
1 0.97734713309466059 -15.63847706960162 -0.49996195035433916 -0.86604737064313375 
1 -1.0265065376382516 -0.40274263653437004 0.86602520775178315 0.50000033953836542 
1 0.92734713309466166 -15.725088397726623 -0.86602520775178315 0.50000033953836542 
1 0.92734713309466166 -15.725088397726623 -0.86602520775178315 0.50000033953836542 
1 -0.20378314896637661 0.07225736346562428 0.50000423436775632 -0.86602295905727233 
1 0.10462374442278666 -15.250088397726628 -0.50000423436775632 -0.86602295905727233 
1 0.10462374442278666 -15.250088397726628 -0.50000423436775632 -0.86602295905727233 
1 0.12121685103362445 -0.49065279278437401 0.86602577609481834 0.49999935513895188 
1 -0.22037625557721441 -15.812998553976627 -0.86602577609481834 0.49999935513895188 
1 -0.22037625557721441 -15.812998553976627 -0.86602577609481834 0.49999935513895188 
1 0.14109268188476509 -0.34437744140626592 0.86602524790651347 0.50000026998838898 
1 -7.3270178678300368 -16.438544276222899 -0.86602524790651347 0.50000026998838898 
1 -7.3270178678300368 -16.438544276222899 -0.86602524790651347 0.50000026998838898 
1 0.22769515991210909 -0.29437744140625455 -0.50000258102646644 0.86602391362298536 
1 -7.4136203458573817 -16.388544276222888 0.50000258102646644 0.86602391362298536 
1 -7.4136203458573817 -16.388544276222888 0.50000258102646644 0.86602391362298536 
1 -0.14109268188476598 0.34437744140623749 -0.86602524790657498 -0.5000002699882824 
1 -7.0448325040605067 -15.749789393410396 0.86602524790657498 -0.5000002699882824 
1 -7.0448325040605067 -15.749789393410396 0.86602524790657498 -0.5000002699882824 
1 -0.22769515991210998 0.29437744140624034 0.50000258102645811 -0.86602391362299014 
1 -6.9582300260331618 -15.799789393410393 -0.50000258102645811 -0.86602391362299014 
1 -6.9582300260331618 -15.799789393410393 -0.50000258102645811 -0.86602391362299014 
1 -0.75913209928128733 0.29555778629692497 -0.86602601084420727 -0.49999894854016352 
1 1.733709366056682 14.755093419089611 0.86602601084420727 -0.49999894854016352 
1 1.733709366056682 14.755093419089611 0.86602601084420727 -0.49999894854016352 
1 -0.84573488248441198 0.24555778629692071 0.50000026998830405 -0.86602524790656255 
1 1.8203121492598067 14.705093419089607 -0.50000026998830405 -0.86602524790656255 
1 1.8203121492598067 14.705093419089607 -0.50000026998830405 -0.86602524790656255 
1 -0.44573488248441162 -0.44726203792183128 -0.86602540049457921 -0.50000000569820358 
1 1.4203121492598063 14.012273594870855 0.86602540049457921 -0.50000000569820358 
1 1.4203121492598063 14.012273594870855 0.86602540049457921 -0.50000000569820358 
1 -0.66224123014066194 -0.57226203792183128 0.49999366280565638 -0.86602906253438383 
1 1.6368184969160566 13.887273594870855 -0.49999366280565638 -0.86602906253438383 
1 1.6368184969160566 13.887273594870855 -0.49999366280565638 -0.86602906253438383 
1 -0.61224123014066212 -0.65886604182807673 0.86602542396963678 0.49999996503820981 
1 1.5868184969160568 13.80066959096461 -0.86602542396963678 0.49999996503820981 
1 1.5868184969160568 13.80066959096461 -0.86602542396963678 0.49999996503820981 
1 1.076508464683557 0.31613395817192469 -0.49999366280565638 0.86602906253438383 
1 -0.1019311979081623 14.775669590964611 0.49999366280565638 0.86602906253438383 
1 -0.1019311979081623 14.775669590964611 0.49999366280565638 0.86602906253438383 
1 1.0265084646835572 0.40273796207817014 -0.86602544868021747 -0.49999992223822187 
1 -0.051931197908162474 14.862273594870857 0.86602544868021747 -0.49999992223822187 
1 -0.051931197908162474 14.862273594870857 0.86602544868021747 -0.49999992223822187 
1 0.20378416048433845 -0.072262037921831279 -0.50000098153973127 0.86602483709146905 
1 0.77079310629105624 14.387273594870855 0.50000098153973127 0.86602483709146905 
1 0.77079310629105624 14.387273594870855 0.50000098153973127 0.86602483709146905 
1 -0.12121583951566173 0.49065300114067156 -0.86602530659428778 -0.50000016833824157 
1 1.0957931062910564 14.950188633933358 0.86602530659428778 -0.50000016833824157 
1 1.0957931062910564 14.950188633933358 0.86602530659428778 -0.50000016833824157 
1 -0.68413209928128715 0.16565300114066872 -0.49999718661826764 0.86602702808504617 
1 1.6587093660566818 14.625188633933355 0.49999718661826764 0.86602702808504617 
1 1.6587093660566818 14.625188633933355 0.49999718661826764 0.86602702808504617 
1 -13.530560118011358 7.1836949419056992 1 0 
1 -13.530560118011358 7.1836949419056992 1 0 
1 -12.880560118011353 7.1836949419056992 0 1 
1 -12.880560118011353 7.1836949419056992 0 1 
1 -12.880560118011353 8.1336949419057021 1 0 
1 -12.880560118011353 8.1336949419057021 1 0 
1 -12.780560118011358 8.1336949419057021 0 -1 
1 -12.780560118011358 8.1336949419057021 0 -1 
1 -12.780560118011358 6.1836949419056992 -1 0 
1 -12.780560118011358 6.1836949419056992 -1 0 
1 -12.880560118011353 6.1836949419056992 0 1 
1 -12.880560118011353 6.1836949419056992 0 1 
1 -12.880560118011353 6.4336949419056992 -1 0 
1 -12.880560118011353 6.4336949419056992 -1 0 
1 -13.680560118011364 6.4336949419056992 0 1 
1 -13.680560118011364 6.4336949419056992 0 1 
1 -13.680560118011364 6.5336949419057078 1 0 
1 -13.680560118011364 6.5336949419057078 1 0 
1 -13.530560118011358 6.5336949419057078 0 1 
1 -13.530560118011358 6.5336949419057078 0 1 
1 8.5581671893372668 3.8985465508560253 0 -1 
1 8.5581671893372668 3.8985465508560253 0 -1 
1 8.5581671893372668 3.7485465508560196 -1 0 
1 8.5581671893372668 3.7485465508560196 -1 0 
1 8.4581671893372672 3.7485465508560196 0 1 
1 8.4581671893372672 3.7485465508560196 0 1 
1 8.4581671893372672 8.3985465508560253 1 0 
1 8.4581671893372672 8.3985465508560253 1 0 
1 8.5581671893372668 8.3985465508560253 0 -1 
1 8.5581671893372668 8.3985465508560253 0 -1 
1 8.5581671893372668 3.9985465508560196 1 0 
1 8.5581671893372668 3.9985465508560196 1 0 
1 8.7081671893372672 3.9985465508560196 0 -1 
1 8.7081671893372672 3.9985465508560196 0 -1 
1 8.7081671893372672 3.8985465508560253 -1 0 
1 8.7081671893372672 3.8985465508560253 -1 0 
1 13.608166884161484 -6.3514534491439747 -1 0 
1 13.608166884161484 -6.3514534491439747 -1 0 
1 13.458166884161486 -6.3514534491439747 0 -1 
1 13.458166884161486 -6.3514534491439747 0 -1 
1 13.458166884161486 -7.0014534491439804 -1 0 
1 13.458166884161486 -7.0014534491439804 -1 0 
1 12.808167189337267 -7.0014534491439804 0 -1 
1 12.808167189337267 -7.0014534491439804 0 -1 
1 12.808167189337267 -7.9514534491439832 -1 0 
1 12.808167189337267 -7.9514534491439832 -1 0 
1 12.708167189337267 -7.9514534491439832 0 1 
1 12.708167189337267 -7.9514534491439832 0 1 
1 12.708167189337267 -6.0014534491439804 1 0 
1 12.708167189337267 -6.0014534491439804 1 0 
1 12.808167189337267 -6.0014534491439804 0 -1 
1 12.808167189337267 -6.0014534491439804 0 -1 
1 12.808167189337267 -6.2514534491439804 1 0 
1 12.808167189337267 -6.2514534491439804 1 0 
1 13.608166884161484 -6.2514534491439804 0 -1 
1 13.608166884161484 -6.2514534491439804 0 -1 
1 -1.7299479669847599 1.2235402453718009 -0.49999894854012794 -0.86602601084422781 
1 -7.7303236665438142 5.5922200966530298 0.49999894854012794 -0.86602601084422781 
1 -7.7303236665438142 5.5922200966530298 0.49999894854012794 -0.86602601084422781 
1 -1.8049479669847592 1.093636070567114 -0.86602499359265928 0.50000071047232986 
1 -7.6553236665438149 5.4623159218483428 0.86602499359265928 0.50000071047232986 
1 -7.6553236665438149 5.4623159218483428 0.86602499359265928 0.50000071047232986 
1 -1.9348515314378822 1.1686360705671142 -0.50000159144230583 -0.86602448496284534 
1 -7.5254201020906919 5.537315921848343 0.50000159144230583 -0.86602448496284534 
1 -7.5254201020906919 5.537315921848343 0.50000159144230583 -0.86602448496284534 
1 -1.984851531437883 1.0820338977155517 0.86602538736873746 -0.50000002843282754 
1 -7.4754201020906912 5.4507137489967805 -0.86602538736873746 -0.50000002843282754 
1 -7.4754201020906912 5.4507137489967805 -0.86602538736873746 -0.50000002843282754 
1 2.0421662908277405 -1.2429661022844485 0.5000015914423096 0.86602448496284312 
1 -11.502437924356315 3.1257137489967803 -0.5000015914423096 0.86602448496284312 
1 -11.502437924356315 3.1257137489967803 -0.5000015914423096 0.86602448496284312 
1 2.0921662908277412 -1.1563639294328869 -0.86602538662295092 0.50000002972456759 
1 -11.552437924356315 3.2123159218483419 0.86602538662295092 0.50000002972456759 
1 -11.552437924356315 3.2123159218483419 0.86602538662295092 0.50000002972456759 
1 -1.7183451837816328 1.0436360705671142 0.49999894854012794 0.86602601084422781 
1 -7.7419264497469413 5.412315921848343 -0.49999894854012794 0.86602601084422781 
1 -7.7419264497469413 5.412315921848343 -0.49999894854012794 0.86602601084422781 
1 -1.6433451837816335 1.1735402453718011 -0.86602601084423092 0.4999989485401225 
1 -7.8169264497469406 5.5422200966530299 0.86602601084423092 0.4999989485401225 
1 -7.8169264497469406 5.5422200966530299 0.86602601084423092 0.4999989485401225 
1 0.68413220144809372 0.16565360982378619 -0.86602530659428978 0.50000016833823824 
1 -1.2285634126375662 14.830840549533889 0.86602530659428978 0.50000016833823824 
1 -1.2285634126375662 14.830840549533889 0.86602530659428978 0.50000016833823824 
1 0.1212159416824683 0.49065360982378614 -0.49999996503820848 -0.86602542396963744 
1 -0.66564715287194076 15.15584054953389 0.49999996503820848 -0.86602542396963744 
1 -0.66564715287194076 15.15584054953389 0.49999996503820848 -0.86602542396963744 
1 -0.20378405831753099 -0.072262955117620153 -0.86602552898956364 0.49999978313829957 
1 -0.34064715287194147 14.592923984592483 0.86602552898956364 0.49999978313829957 
1 -0.34064715287194147 14.592923984592483 0.86602552898956364 0.49999978313829957 
1 -1.0265086676925321 0.40273704488237994 -0.50000026998829661 -0.86602524790656676 
1 0.48207745650305966 15.067923984592483 0.50000026998829661 -0.86602524790656676 
1 0.48207745650305966 15.067923984592483 0.50000026998829661 -0.86602524790656676 
1 -1.0765086676925311 0.31613456685503616 0.8660254461530611 -0.49999992661538606 
1 0.5320774565030586 14.98132150656514 -0.8660254461530611 -0.49999992661538606 
1 0.5320774565030586 14.98132150656514 -0.8660254461530611 -0.49999992661538606 
1 0.6122413323074678 -0.6588655094389092 0.49999993962572031 0.86602543864154258 
1 -1.1566725434969403 14.006321430271194 -0.49999993962572031 0.86602543864154258 
1 -1.1566725434969403 14.006321430271194 -0.49999993962572031 0.86602543864154258 
1 0.66224133230746851 -0.57226295511762004 -0.86602540049457843 0.50000000569820513 
1 -1.206672543496941 14.092923984592483 0.86602540049457843 0.50000000569820513 
1 -1.206672543496941 14.092923984592483 0.86602540049457843 0.50000000569820513 
1 0.44573498465121908 -0.44726295511762004 0.50000002221632722 0.86602539095783571 
1 -0.99016619584069154 14.217923984592483 -0.50000002221632722 0.86602539095783571 
1 -0.99016619584069154 14.217923984592483 -0.50000002221632722 0.86602539095783571 
1 0.84573498465121766 0.24555732686480192 -0.86602601084422648 0.49999894854013022 
1 -1.3901661958406901 14.910744266574905 0.86602601084422648 0.49999894854013022 
1 -1.3901661958406901 14.910744266574905 0.86602601084422648 0.49999894854013022 
1 0.75913220144809301 0.29555732686480174 -0.50000026998830138 -0.8660252479065641 
1 -1.3035634126375655 14.960744266574906 0.50000026998830138 -0.8660252479065641 
1 -1.3035634126375655 14.960744266574906 0.50000026998830138 -0.8660252479065641 
1 -0.68413156068467451 -0.16565173395596844 0.86602530659428778 -0.50000016833824157 
1 1.1069345663406978 -14.984655757337585 -0.86602530659428778 -0.50000016833824157 
1 1.1069345663406978 -14.984655757337585 -0.86602530659428778 -0.50000016833824157 
1 -0.12121530091904908 -0.49065173395597128 0.50000098153973027 0.86602483709146971 
1 0.54401830657507233 -15.309655757337588 -0.50000098153973027 0.86602483709146971 
1 0.54401830657507233 -15.309655757337588 -0.50000098153973027 0.86602483709146971 
1 0.2037846990809502 0.072263305106531561 0.86602552898956275 -0.49999978313830101 
1 0.21901830657507304 -14.746740718275085 -0.86602552898956275 -0.49999978313830101 
1 0.21901830657507304 -14.746740718275085 -0.86602552898956275 -0.49999978313830101 
1 1.0265093084559505 -0.40273669489346986 0.50000423436775132 0.86602295905727511 
1 -0.60370630279992721 -15.221740718275086 -0.50000423436775132 0.86602295905727511 
1 -0.60370630279992721 -15.221740718275086 -0.50000423436775132 0.86602295905727511 
1 1.0765093084559503 -0.31613513239346958 -0.86602546309472073 0.49999989727156396 
1 -0.65370630279992703 -15.135139155775086 0.86602546309472073 0.49999989727156396 
1 -0.65370630279992703 -15.135139155775086 0.86602546309472073 0.49999989727156396 
1 -0.61224069154405036 0.65886486760653185 -0.50000423436774466 -0.866022959057279 
1 1.0350436972000736 -14.160139155775084 0.50000423436774466 -0.866022959057279 
1 1.0350436972000736 -14.160139155775084 0.50000423436774466 -0.866022959057279 
1 -0.6622406915440493 0.57226330510653156 0.86602540049457843 -0.50000000569820513 
1 1.0850436972000725 -14.246740718275085 -0.86602540049457843 -0.50000000569820513 
1 1.0850436972000725 -14.246740718275085 -0.86602540049457843 -0.50000000569820513 
1 -0.44573434388779987 0.44726330510653156 -0.499998948540128 -0.8660260108442277 
1 0.86853734954382311 -14.371740718275085 0.499998948540128 -0.8660260108442277 
1 0.86853734954382311 -14.371740718275085 0.499998948540128 -0.8660260108442277 
1 -0.84573434388780022 -0.2455589605184727 0.86602601084424247 -0.49999894854010252 
1 1.2685373495438235 -15.064562983900089 -0.86602601084424247 -0.49999894854010252 
1 1.2685373495438235 -15.064562983900089 -0.86602601084424247 -0.49999894854010252 
1 -0.7591315606846738 -0.29555896051846986 0.49999013903437478 0.86603109694074298 
1 1.181934566340697 -15.114562983900086 -0.49999013903437478 0.86603109694074298 
1 1.181934566340697 -15.114562983900086 -0.49999013903437478 0.86603109694074298 
Curves 3019
1 37.575000000000003 -16.850000000000001 0 -0.0030303382040738902 0.99999540851464364 0 
1 37.54302978515625 -6.2999999999999998 0 1 0 0 
1 39.442727050781251 -6.2999999999999998 0 0 -1 0 
1 39.442727050781251 -10.200000000000001 0 -1 0 0 
1 39.292727050781252 -10.200000000000001 0 0 -1 0 
1 39.292727050781252 -10.300000000000001 0 1 0 0 
1 39.725000000000001 -10.300000000000001 0 0 1 0 
1 39.725000000000001 -10.200000000000001 0 -1 0 0 
1 39.542727050781252 -10.200000000000001 0 0 1 0 
1 39.542727050781252 -8 0 1 0 0 
1 42.442729492187503 -8 0 0 -1 0 
1 42.442729492187503 -8.75 0 1 0 0 
1 42.542729492187497 -8.75 0 0 1 0 
1 42.542729492187497 -6.2000000000000002 0 -1 0 0 
1 42.292729492187497 -6.2000000000000002 0 0 -1 0 
1 42.292729492187497 -6.2999999999999998 0 1 0 0 
1 42.442729492187503 -6.2999999999999998 0 0 -1 0 
1 42.442729492187503 -7.9000000000000004 0 -1 0 0 
1 39.542727050781252 -7.9000000000000004 0 0 1 0 
1 39.542727050781252 -6.2999999999999998 0 1 0 0 
1 41.292729492187497 -6.2999999999999998 0 0 1 0 
1 41.292729492187497 -6.2000000000000002 0 -1 0 0 
1 40.675000000000004 -6.2000000000000002 0 0 1 0 
1 40.675000000000004 -6.1000000000000005 0 -1 0 0 
1 40.575000000000003 -6.1000000000000005 0 0 -1 0 
1 40.575000000000003 -6.2000000000000002 0 -1 0 0 
1 37.542727050781252 -6.2000000000000002 0 -0.0030304655855744531 0.99999540812862464 0 
1 37.526210937500004 -0.75 0 1 0 0 
1 37.774999999999999 -0.75 0 0 1 0 
1 37.774999999999999 -0.35000000000000003 0 -1 0 0 
1 37.475000000000001 -0.35000000000000003 0 0 1 0 
1 37.475000000000001 0 0 1 0 0 
1 40.575000000000003 0 0 0 -1 0 
1 40.575000000000003 -5.1000000000000005 0 1 0 0 
1 40.675000000000004 -5.1000000000000005 0 0 1 0 
1 40.675000000000004 -5 0 1 0 0 
1 42.475000000000001 -5 0 0 1 0 
1 42.475000000000001 -4.9000000000000004 0 -1 0 0 
1 40.675000000000004 -4.9000000000000004 0 0 1 0 
1 40.675000000000004 0 0 1 0 0 
1 43.625 0 0 0 -1 0 
1 43.625 -4.9000000000000004 0 -1 0 0 
1 43.475000000000001 -4.9000000000000004 0 0 -1 0 
1 43.475000000000001 -5 0 1 0 0 
1 43.625 -5 0 0 -1 0 
1 43.625 -8.75 0 1 0 0 
1 50.125 -8.75 0 0 -1 0 
1 50.125 -8.8499999999999996 0 1 0 0 
1 50.225000000000001 -8.8499999999999996 0 0 1 0 
1 50.225000000000001 -8.75 0 1 0 0 
1 53.175000000000004 -8.75 0 0 -1 0 
1 53.175000000000004 -8.8499999999999996 0 1 0 0 
1 53.325000000000003 -8.8499999999999996 0 0 1 0 
1 53.325000000000003 -7.9500000000000002 0 1 0 0 
1 53.925000000000004 -7.9500000000000002 0 0 1 0 
1 53.925000000000004 -7.8500000000000005 0 -1 0 0 
1 53.225000000000001 -7.8500000000000005 0 0 -1 0 
1 53.225000000000001 -8.5 0 -1 0 0 
1 50.325000000000003 -8.5 0 0 1 0 
1 50.325000000000003 -6.4500000000000002 0 -1 0 0 
1 48.125 -6.4500000000000002 0 0 1 0 
1 48.125 -6.3500000000000005 0 -1 0 0 
1 48.024999999999999 -6.3500000000000005 0 0 -1 0 
1 48.024999999999999 -6.4500000000000002 0 -1 0 0 
1 43.875 -6.4500000000000002 0 0 1 0 
1 43.875 0 0 1 0 0 
1 47.175000000000004 0 0 0 -1 0 
1 47.175000000000004 -5.25 0 1 0 0 
1 48.024999999999999 -5.25 0 0 -1 0 
1 48.024999999999999 -5.3500000000000005 0 1 0 0 
1 48.125 -5.3500000000000005 0 0 1 0 
1 48.125 -5.25 0 1 0 0 
1 49.075000000000003 -5.25 0 0 1 0 
1 49.075000000000003 -5.1500000000000004 0 -1 0 0 
1 47.274999999999999 -5.1500000000000004 0 0 1 0 
1 47.274999999999999 0 0 1 0 0 
1 50.225000000000001 0 0 0 -1 0 
1 50.225000000000001 -0.40000000000000002 0 -1 0 0 
1 50.075000000000003 -0.40000000000000002 0 0 -1 0 
1 50.075000000000003 -1.5 0 1 0 0 
1 50.225000000000001 -1.5 0 0 -1 0 
1 50.225000000000001 -5.1500000000000004 0 -1 0 0 
1 50.075000000000003 -5.1500000000000004 0 0 -1 0 
1 50.075000000000003 -5.25 0 1 0 0 
1 50.325000000000003 -5.25 0 0 1 0 
1 50.325000000000003 -1.6000000000000001 0 1 0 0 
1 51.675000000000004 -1.6000000000000001 0 0 1 0 
1 51.675000000000004 -1.5 0 -1 0 0 
1 50.325000000000003 -1.5 0 0 1 0 
1 50.325000000000003 0 0 1 0 0 
1 55.024999999999999 0 0 0 -1 0 
1 55.024999999999999 -1.5 0 -1 0 0 
1 53.675000000000004 -1.5 0 0 -1 0 
1 53.675000000000004 -1.6000000000000001 0 1 0 0 
1 55.024999999999999 -1.6000000000000001 0 0 -1 0 
1 55.024999999999999 -3.6000000000000001 0 1 0 0 
1 55.125 -3.6000000000000001 0 0 1 0 
1 55.125 -2.2000000000000002 0 1 0 0 
1 56.200000000000003 -2.2000000000000002 0 0 1 0 
1 56.200000000000003 -2.1000000000000001 0 -1 0 0 
1 55.125 -2.1000000000000001 0 0 1 0 
1 55.125 0 0 1 0 0 
1 57.925000000000004 0 0 0 -1 0 
1 57.925000000000004 -1 0 -1 0 0 
1 57.774999999999999 -1 0 0 -1 0 
1 57.774999999999999 -2.1000000000000001 0 -1 0 0 
1 57.200000000000003 -2.1000000000000001 0 0 -1 0 
1 57.200000000000003 -2.2000000000000002 0 1 0 0 
1 57.774999999999999 -2.2000000000000002 0 0 -1 0 
1 57.774999999999999 -5.2999999999999998 0 -1 0 0 
1 55.125 -5.2999999999999998 0 0 1 0 
1 55.125 -4.6000000000000005 0 -1 0 0 
1 55.024999999999999 -4.6000000000000005 0 0 -1 0 
1 55.024999999999999 -7.8500000000000005 0 -1 0 0 
1 54.925000000000004 -7.8500000000000005 0 0 -1 0 
1 54.925000000000004 -7.9500000000000002 0 1 0 0 
1 55.024999999999999 -7.9500000000000002 0 0 -1 0 
1 55.024999999999999 -10.800000000000001 0 1 0 0 
1 55.325000000000003 -10.800000000000001 0 0 1 0 
1 55.325000000000003 -5.6000000000000005 0 1 0 0 
1 58.024999999999999 -5.6000000000000005 0 0 1 0 
1 58.024999999999999 -2.3500000000000001 0 1 0 0 
1 65.299999999999997 -2.3500000000000001 0 0 1 0 
1 65.299999999999997 -2.1499999999999999 0 -1 0 0 
1 64.950000000000003 -2.1499999999999999 0 0 1 0 
1 64.950000000000003 0 0 1 0 0 
1 67.150000000000006 0 0 0 -1 0 
1 67.150000000000006 -0.95000000000000007 0 1 0 0 
1 67.349999999999994 -0.95000000000000007 0 0 1 0 
1 67.349999999999994 0 0 1 0 0 
1 74.700000000000003 0 0 0 -1 0 
1 74.700000000000003 -4 0 -1 0 0 
1 70.650000000000006 -4 0 0 -1 0 
1 70.650000000000006 -4.0999999999999996 0 1 0 0 
1 74.700000000000003 -4.0999999999999996 0 0 -1 0 
1 74.700000000000003 -8.7000000000000011 0 -1 0 0 
1 71.150000000000006 -8.7000000000000011 0 0 -1 0 
1 71.150000000000006 -8.8000000000000007 0 1 0 0 
1 74.700000000000003 -8.8000000000000007 0 0 -1 0 
1 74.700000000000003 -11.4 0 -1 0 0 
1 69.950000000000003 -11.4 0 0 1 0 
1 69.950000000000003 -10 0 -1 0 0 
1 69.200000000000003 -10 0 0 1 0 
1 69.200000000000003 -8.8000000000000007 0 1 0 0 
1 70.100000000000009 -8.8000000000000007 0 0 1 0 
1 70.100000000000009 -8.7000000000000011 0 -1 0 0 
1 67.349999999999994 -8.7000000000000011 0 0 -1 0 
1 67.349999999999994 -8.8000000000000007 0 1 0 0 
1 69.100000000000009 -8.8000000000000007 0 0 -1 0 
1 69.100000000000009 -10.800000000000001 0 -1 0 0 
1 67.400000000000006 -10.800000000000001 0 0 -1 0 
1 67.400000000000006 -11.65 0 1 0 0 
1 67.5 -11.65 0 0 1 0 
1 67.5 -10.9 0 1 0 0 
1 69.850000000000009 -10.9 0 0 -1 0 
1 69.850000000000009 -11.5 0 1 0 0 
1 74.700000000000003 -11.5 0 0 -1 0 
1 74.700000000000003 -17.300000000000001 0 -1 0 0 
1 70 -17.300000000000001 0 0 1 0 
1 70 -12.800000000000001 0 -1 0 0 
1 69.75 -12.800000000000001 0 0 -1 0 
1 69.75 -12.9 0 1 0 0 
1 69.900000000000006 -12.9 0 0 -1 0 
1 69.900000000000006 -17.300000000000001 0 -1 0 0 
1 67.799999999999997 -17.300000000000001 0 0 1 0 
1 67.799999999999997 -16.850000000000001 0 1 0 0 
1 67.900000000000006 -16.850000000000001 0 0 1 0 
1 67.900000000000006 -12.9 0 1 0 0 
1 68.75 -12.9 0 0 1 0 
1 68.75 -12.800000000000001 0 -1 0 0 
1 67.5 -12.800000000000001 0 0 1 0 
1 67.5 -12.65 0 -1 0 0 
1 67.400000000000006 -12.65 0 0 -1 0 
1 67.400000000000006 -12.800000000000001 0 -1 0 0 
1 65.099999999999994 -12.800000000000001 0 0 -1 0 
1 65.099999999999994 -12.9 0 1 0 0 
1 67 -12.9 0 0 -1 0 
1 67 -13.5 0 1 0 0 
1 67.700000000000003 -13.5 0 0 -1 0 
1 67.700000000000003 -17.300000000000001 0 -1 0 0 
1 63.950000000000003 -17.300000000000001 0 0 1 0 
1 63.950000000000003 -12.9 0 1 0 0 
1 64.099999999999994 -12.9 0 0 1 0 
1 64.099999999999994 -12.800000000000001 0 -1 0 0 
1 63.950000000000003 -12.800000000000001 0 0 1 0 
1 63.950000000000003 -12.65 0 -1 0 0 
1 63.850000000000001 -12.65 0 0 -1 0 
1 63.850000000000001 -17.300000000000001 0 -1 0 0 
1 60.300000000000004 -17.300000000000001 0 0 1 0 
1 60.300000000000004 -11.550000000000001 0 1 0 0 
1 63.850000000000001 -11.550000000000001 0 0 -1 0 
1 63.850000000000001 -11.65 0 1 0 0 
1 63.950000000000003 -11.65 0 0 1 0 
1 63.950000000000003 -11.550000000000001 0 1 0 0 
1 64.900000000000006 -11.550000000000001 0 0 1 0 
1 64.900000000000006 -11.450000000000001 0 -1 0 0 
1 63.149999999999999 -11.450000000000001 0 0 1 0 
1 63.149999999999999 -10.5 0 1 0 0 
1 64.150000000000006 -10.5 0 0 1 0 
1 64.150000000000006 -9.75 0 1 0 0 
1 65.950000000000003 -9.75 0 0 -1 0 
1 65.950000000000003 -11.450000000000001 0 -1 0 0 
1 65.799999999999997 -11.450000000000001 0 0 -1 0 
1 65.799999999999997 -11.550000000000001 0 1 0 0 
1 66.049999999999997 -11.550000000000001 0 0 1 0 
1 66.049999999999997 -4.0999999999999996 0 1 0 0 
1 68.200000000000003 -4.0999999999999996 0 0 1 0 
1 68.200000000000003 -3.8999999999999999 0 -1 0 0 
1 68.099999999999994 -3.8999999999999999 0 0 -1 0 
1 68.099999999999994 -4 0 -1 0 0 
1 65.799999999999997 -4 0 0 -1 0 
1 65.799999999999997 -4.0999999999999996 0 1 0 0 
1 65.950000000000003 -4.0999999999999996 0 0 -1 0 
1 65.950000000000003 -5.7999999999999998 0 -1 0 0 
1 65.799999999999997 -5.7999999999999998 0 0 -1 0 
1 65.799999999999997 -5.9000000000000004 0 1 0 0 
1 65.950000000000003 -5.9000000000000004 0 0 -1 0 
1 65.950000000000003 -8.0500000000000007 0 -1 0 0 
1 65.799999999999997 -8.0500000000000007 0 0 -1 0 
1 65.799999999999997 -8.1500000000000004 0 1 0 0 
1 65.950000000000003 -8.1500000000000004 0 0 -1 0 
1 65.950000000000003 -9.1500000000000004 0 -1 0 0 
1 64.150000000000006 -9.1500000000000004 0 0 1 0 
1 64.150000000000006 -8.1500000000000004 0 1 0 0 
1 64.900000000000006 -8.1500000000000004 0 0 1 0 
1 64.900000000000006 -8.0500000000000007 0 -1 0 0 
1 64.150000000000006 -8.0500000000000007 0 0 1 0 
1 64.150000000000006 -5.9000000000000004 0 1 0 0 
1 64.900000000000006 -5.9000000000000004 0 0 1 0 
1 64.900000000000006 -5.7999999999999998 0 -1 0 0 
1 64.150000000000006 -5.7999999999999998 0 0 1 0 
1 64.150000000000006 -4.0999999999999996 0 1 0 0 
1 64.900000000000006 -4.0999999999999996 0 0 1 0 
1 64.900000000000006 -4 0 -1 0 0 
1 63.950000000000003 -4 0 0 -1 0 
1 63.950000000000003 -10.200000000000001 0 -1 0 0 
1 63.100000000000001 -10.200000000000001 0 0 -1 0 
1 63.100000000000001 -11.35 0 -1 0 0 
1 60.200000000000003 -11.35 0 0 -1 0 
1 60.200000000000003 -18.949999999999999 0 -0.99999102281551422 0.0042372500966756654 0 
1 48.399999999999999 -18.900000000000002 0 0 1 0 
1 48.399999999999999 -17.650000000000002 0 1 0 0 
1 58.024999999999999 -17.650000000000002 0 0 1 0 
1 58.024999999999999 -12.25 0 -1 0 0 
1 53.325000000000003 -12.25 0 0 1 0 
1 53.325000000000003 -9.8499999999999996 0 -1 0 0 
1 53.175000000000004 -9.8499999999999996 0 0 -1 0 
1 53.175000000000004 -10.9 0 -1 0 0 
1 53.075000000000003 -10.9 0 0 -1 0 
1 53.075000000000003 -11 0 1 0 0 
1 53.175000000000004 -11 0 0 -1 0 
1 53.175000000000004 -13.050000000000001 0 1 0 0 
1 53.774999999999999 -13.050000000000001 0 0 1 0 
1 53.774999999999999 -12.4 0 1 0 0 
1 56.225000000000001 -12.4 0 0 -1 0 
1 56.225000000000001 -13.15 0 1 0 0 
1 56.325000000000003 -13.15 0 0 1 0 
1 56.325000000000003 -12.4 0 1 0 0 
1 57.325000000000003 -12.4 0 0 -1 0 
1 57.325000000000003 -13.300000000000001 0 1 0 0 
1 57.774999999999999 -13.300000000000001 0 0 -1 0 
1 57.774999999999999 -16.350000000000001 0 1 0 0 
1 57.875 -16.350000000000001 0 0 -1 0 
1 57.875 -17.300000000000001 0 -1 0 0 
1 53.875 -17.300000000000001 0 0 1 0 
1 53.875 -16.350000000000001 0 1 0 0 
1 54.875 -16.350000000000001 0 0 1 0 
1 54.875 -16.25 0 1 0 0 
1 55.024999999999999 -16.25 0 0 -1 0 
1 55.024999999999999 -16.350000000000001 0 1 0 0 
1 56.325000000000003 -16.350000000000001 0 0 1 0 
1 56.325000000000003 -14.15 0 -1 0 0 
1 56.225000000000001 -14.15 0 0 -1 0 
1 56.225000000000001 -14.25 0 -1 0 0 
1 55.125 -14.25 0 0 1 0 
1 55.125 -14.050000000000001 0 -1 0 0 
1 54.774999999999999 -14.050000000000001 0 0 -1 0 
1 54.774999999999999 -16.25 0 -1 0 0 
1 53.774999999999999 -16.25 0 0 -1 0 
1 53.774999999999999 -17.300000000000001 0 -1 0 0 
1 51.524999999999999 -17.300000000000001 0 0 1 0 
1 51.524999999999999 -15.65 0 -1 0 0 
1 51.2195361328125 -15.65 0 0.48503010615113434 -0.87449745347086028 0 
1 51.274999999999999 -15.75 0 0 -1 0 
1 51.274999999999999 -16.899999999999999 0 1 0 0 
1 51.425000000000004 -16.899999999999999 0 0 -1 0 
1 51.425000000000004 -17.350000000000001 0 -1 0 0 
1 44.375 -17.350000000000001 0 0 1 0 
1 44.375 -16.899999999999999 0 1 0 0 
1 44.475000000000001 -16.899999999999999 0 0 1 0 
1 44.475000000000001 -15.75 0 1 0 0 
1 50.282880859374998 -15.75 0 0 1 0 
1 50.282880859374998 -15.65 0 -1 0 0 
1 50.225000000000001 -15.65 0 0 1 0 
1 50.225000000000001 -11 0 1 0 0 
1 52.075000000000003 -11 0 0 1 0 
1 52.075000000000003 -10.9 0 -1 0 0 
1 50.225000000000001 -10.9 0 0 1 0 
1 50.225000000000001 -9.8499999999999996 0 -1 0 0 
1 50.125 -9.8499999999999996 0 0 -1 0 
1 50.125 -15.65 0 -1 0 0 
1 44.475000000000001 -15.65 0 0 1 0 
1 44.475000000000001 -12.25 0 -1 0 0 
1 44.325000000000003 -12.25 0 0 -1 0 
1 44.325000000000003 -13.35 0 -1 0 0 
1 44.225000000000001 -13.35 0 0 -1 0 
1 44.225000000000001 -13.450000000000001 0 1 0 0 
1 44.325000000000003 -13.450000000000001 0 0 -1 0 
1 44.325000000000003 -15.75 0 -1 0 0 
1 44.125 -15.75 0 0 -1 0 
1 44.125 -16.899999999999999 0 1 0 0 
1 44.225000000000001 -16.899999999999999 0 0 -1 0 
1 44.225000000000001 -17.300000000000001 0 -1 0 0 
1 42.575000000000003 -17.300000000000001 0 0 1 0 
1 42.575000000000003 -15.450000000000001 0 -1 0 0 
1 42.475000000000001 -15.450000000000001 0 0 -1 0 
1 42.475000000000001 -17.300000000000001 0 -1 0 0 
1 41.075000000000003 -17.300000000000001 0 0 1 0 
1 41.075000000000003 -16.850000000000001 0 1 0 0 
1 41.175000000000004 -16.850000000000001 0 0 1 0 
1 41.175000000000004 -15.800000000000001 0 -1 0 0 
1 40.975000000000001 -15.800000000000001 0 0 1 0 
1 40.975000000000001 -14.550000000000001 0 1 0 0 
1 42.475000000000001 -14.550000000000001 0 0 -1 0 
1 42.475000000000001 -14.75 0 1 0 0 
1 42.575000000000003 -14.75 0 0 1 0 
1 42.575000000000003 -14.25 0 -1 0 0 
1 42.475000000000001 -14.25 0 0 -1 0 
1 42.475000000000001 -14.450000000000001 0 -1 0 0 
1 40.975000000000001 -14.450000000000001 0 0 1 0 
1 40.975000000000001 -13.450000000000001 0 1 0 0 
1 42.475000000000001 -13.450000000000001 0 0 -1 0 
1 42.475000000000001 -13.550000000000001 0 1 0 0 
1 42.575000000000003 -13.550000000000001 0 0 1 0 
1 42.575000000000003 -13.450000000000001 0 1 0 0 
1 43.225000000000001 -13.450000000000001 0 0 1 0 
1 43.225000000000001 -13.35 0 -1 0 0 
1 41.575000000000003 -13.35 0 0 1 0 
1 41.575000000000003 -12.550000000000001 0 -1 0 0 
1 40.975000000000001 -12.550000000000001 0 0 1 0 
1 40.975000000000001 -10 0 1 0 0 
1 44.375 -10 0 0 -1 0 
1 44.375 -11.200000000000001 0 1 0 0 
1 44.475000000000001 -11.200000000000001 0 0 1 0 
1 44.475000000000001 -9.9000000000000004 0 -1 0 0 
1 40.875 -9.9000000000000004 0 0 -1 0 
1 40.875 -10.200000000000001 0 -1 0 0 
1 40.725000000000001 -10.200000000000001 0 0 -1 0 
1 40.725000000000001 -10.300000000000001 0 1 0 0 
1 40.875 -10.300000000000001 0 0 -1 0 
1 40.875 -16.850000000000001 0 1 0 0 
1 40.975000000000001 -16.850000000000001 0 0 -1 0 
1 40.975000000000001 -17.300000000000001 0 -1 0 0 
1 37.425000000000004 -17.300000000000001 0 0 1 0 
1 37.425000000000004 -16.850000000000001 0 1 0 0 
1 71.150000000000006 -0.29999999999999999 0 0.022216737285145626 -0.99975317783161011 0 
1 71.200000000000003 -2.5500000000000003 0 -1 0 0 
1 70 -2.5500000000000003 0 0 -1 0 
1 70 -2.6499999999999999 0 1 0 0 
1 71.299999999999997 -2.6499999999999999 0 0 1 0 
1 71.299999999999997 -0.29999999999999999 0 -1 0 0 
1 68.200000000000003 -0.95000000000000007 0 -1 0 0 
1 68.099999999999994 -0.95000000000000007 0 0 -1 0 
1 68.099999999999994 -2.8999999999999999 0 1 0 0 
1 68.200000000000003 -2.8999999999999999 0 0 1 0 
1 68.200000000000003 -2.6499999999999999 0 1 0 0 
1 69 -2.6499999999999999 0 0 1 0 
1 69 -2.5500000000000003 0 -1 0 0 
1 68.850000000000009 -2.5500000000000003 0 0 1 0 
1 68.850000000000009 -1.9000000000000001 0 -1 0 0 
1 68.200000000000003 -1.9000000000000001 0 0 1 0 
1 4.0499999999999998 -13.200000000000001 0 -1 0 0 
1 0 -13.200000000000001 0 0 1 0 
1 0 -8.5999999999999996 0 1 0 0 
1 3.5500000000000003 -8.5999999999999996 0 0 1 0 
1 3.5500000000000003 -8.5 0 -1 0 0 
1 0 -8.5 0 0 1 0 
1 0 -5.9000000000000004 0 1 0 0 
1 4.75 -5.9000000000000004 0 0 -1 0 
1 4.75 -7.2999999999999998 0 1 0 0 
1 5.5 -7.2999999999999998 0 0 -1 0 
1 5.5 -8.5 0 -1 0 0 
1 4.6000000000000005 -8.5 0 0 -1 0 
1 4.6000000000000005 -8.5999999999999996 0 1 0 0 
1 7.3500000000000005 -8.5999999999999996 0 0 1 0 
1 7.3500000000000005 -8.5 0 -1 0 0 
1 5.6000000000000005 -8.5 0 0 1 0 
1 5.6000000000000005 -6.5 0 1 0 0 
1 7.2999999999999998 -6.5 0 0 1 0 
1 7.2999999999999998 -5.6500000000000004 0 -1 0 0 
1 7.2000000000000002 -5.6500000000000004 0 0 -1 0 
1 7.2000000000000002 -6.4000000000000004 0 -1 0 0 
1 4.8500000000000005 -6.4000000000000004 0 0 1 0 
1 4.8500000000000005 -5.7999999999999998 0 -1 0 0 
1 0 -5.7999999999999998 0 0 1 0 
1 0 0 0 1 0 0 
1 4.7000000000000002 0 0 0 -1 0 
1 4.7000000000000002 -4.5 0 1 0 0 
1 4.9500000000000002 -4.5 0 0 1 0 
1 4.9500000000000002 -4.4000000000000004 0 -1 0 0 
1 4.7999999999999998 -4.4000000000000004 0 0 1 0 
1 4.7999999999999998 0 0 1 0 0 
1 6.9000000000000004 0 0 0 -1 0 
1 6.9000000000000004 -0.45000000000000001 0 -1 0 0 
1 6.7999999999999998 -0.45000000000000001 0 0 -1 0 
1 6.7999999999999998 -4.4000000000000004 0 -1 0 0 
1 5.9500000000000002 -4.4000000000000004 0 0 -1 0 
1 5.9500000000000002 -4.5 0 1 0 0 
1 7.2000000000000002 -4.5 0 0 -1 0 
1 7.2000000000000002 -4.6500000000000004 0 1 0 0 
1 7.2999999999999998 -4.6500000000000004 0 0 1 0 
1 7.2999999999999998 -4.5 0 1 0 0 
1 9.5999999999999996 -4.5 0 0 1 0 
1 9.5999999999999996 -4.4000000000000004 0 -1 0 0 
1 7.7000000000000002 -4.4000000000000004 0 0 1 0 
1 7.7000000000000002 -3.8000000000000003 0 -1 0 0 
1 7 -3.8000000000000003 0 0 1 0 
1 7 0 0 1 0 0 
1 10.75 0 0 0 -1 0 
1 10.75 -4.4000000000000004 0 -1 0 0 
1 10.6 -4.4000000000000004 0 0 -1 0 
1 10.6 -4.5 0 1 0 0 
1 10.75 -4.5 0 0 -1 0 
1 10.75 -4.6500000000000004 0 1 0 0 
1 10.85 -4.6500000000000004 0 0 1 0 
1 10.85 0 0 1 0 0 
1 14.4 0 0 0 -1 0 
1 14.4 -5.75 0 -1 0 0 
1 10.85 -5.75 0 0 1 0 
1 10.85 -5.6500000000000004 0 -1 0 0 
1 10.75 -5.6500000000000004 0 0 -1 0 
1 10.75 -5.75 0 -1 0 0 
1 9.8000000000000007 -5.75 0 0 -1 0 
1 9.8000000000000007 -5.8500000000000005 0 1 0 0 
1 11.550000000000001 -5.8500000000000005 0 0 -1 0 
1 11.550000000000001 -6.7999999999999998 0 -1 0 0 
1 10.550000000000001 -6.7999999999999998 0 0 -1 0 
1 10.550000000000001 -7.5499999999999998 0 -1 0 0 
1 8.75 -7.5499999999999998 0 0 1 0 
1 8.75 -5.8500000000000005 0 1 0 0 
1 8.9000000000000004 -5.8500000000000005 0 0 1 0 
1 8.9000000000000004 -5.75 0 -1 0 0 
1 8.6500000000000004 -5.75 0 0 -1 0 
1 8.6500000000000004 -13.200000000000001 0 -1 0 0 
1 6.5 -13.200000000000001 0 0 -1 0 
1 6.5 -13.4 0 1 0 0 
1 6.6000000000000005 -13.4 0 0 1 0 
1 6.6000000000000005 -13.300000000000001 0 1 0 0 
1 8.9000000000000004 -13.300000000000001 0 0 1 0 
1 8.9000000000000004 -13.200000000000001 0 -1 0 0 
1 8.75 -13.200000000000001 0 0 1 0 
1 8.75 -11.5 0 1 0 0 
1 8.9000000000000004 -11.5 0 0 1 0 
1 8.9000000000000004 -11.4 0 -1 0 0 
1 8.75 -11.4 0 0 1 0 
1 8.75 -9.25 0 1 0 0 
1 8.9000000000000004 -9.25 0 0 1 0 
1 8.9000000000000004 -9.1500000000000004 0 -1 0 0 
1 8.75 -9.1500000000000004 0 0 1 0 
1 8.75 -8.1500000000000004 0 1 0 0 
1 10.550000000000001 -8.1500000000000004 0 0 -1 0 
1 10.550000000000001 -9.1500000000000004 0 -1 0 0 
1 9.8000000000000007 -9.1500000000000004 0 0 -1 0 
1 9.8000000000000007 -9.25 0 1 0 0 
1 10.550000000000001 -9.25 0 0 -1 0 
1 10.550000000000001 -11.4 0 -1 0 0 
1 9.8000000000000007 -11.4 0 0 -1 0 
1 9.8000000000000007 -11.5 0 1 0 0 
1 10.550000000000001 -11.5 0 0 -1 0 
1 10.550000000000001 -13.200000000000001 0 -1 0 0 
1 9.8000000000000007 -13.200000000000001 0 0 -1 0 
1 9.8000000000000007 -13.300000000000001 0 1 0 0 
1 10.85 -13.300000000000001 0 0 1 0 
1 10.85 -7.1000000000000005 0 1 0 0 
1 11.700000000000001 -7.1000000000000005 0 0 1 0 
1 11.700000000000001 -5.9500000000000002 0 1 0 0 
1 14.6 -5.9500000000000002 0 0 1 0 
1 14.6 -2.6499999999999999 0 1 0 0 
1 16.774999999999999 -2.6499999999999999 0 0 -1 0 
1 16.774999999999999 -5.0499999999999998 0 1 0 0 
1 21.475000000000001 -5.0499999999999998 0 0 -1 0 
1 21.475000000000001 -7.4500000000000002 0 1 0 0 
1 21.625 -7.4500000000000002 0 0 1 0 
1 21.625 -6.4000000000000004 0 1 0 0 
1 21.725000000000001 -6.4000000000000004 0 0 1 0 
1 21.725000000000001 -6.2999999999999998 0 -1 0 0 
1 21.625 -6.2999999999999998 0 0 1 0 
1 21.625 -4.25 0 -1 0 0 
1 21.025000000000002 -4.25 0 0 -1 0 
1 21.025000000000002 -4.9000000000000004 0 -1 0 0 
1 18.574999999999999 -4.9000000000000004 0 0 1 0 
1 18.574999999999999 -4.1500000000000004 0 -1 0 0 
1 18.475000000000001 -4.1500000000000004 0 0 -1 0 
1 18.475000000000001 -4.9000000000000004 0 -1 0 0 
1 17.475000000000001 -4.9000000000000004 0 0 1 0 
1 17.475000000000001 -4 0 -1 0 0 
1 17.024999999999999 -4 0 0 1 0 
1 17.024999999999999 -0.95000000000000007 0 -1 0 0 
1 16.925000000000001 -0.95000000000000007 0 0 1 0 
1 16.925000000000001 0 0 1 0 0 
1 20.925000000000001 0 0 0 -1 0 
1 20.925000000000001 -0.95000000000000007 0 -1 0 0 
1 19.925000000000001 -0.95000000000000007 0 0 -1 0 
1 19.925000000000001 -1.05 0 -1 0 0 
1 19.775000000000002 -1.05 0 0 1 0 
1 19.775000000000002 -0.95000000000000007 0 -1 0 0 
1 18.475000000000001 -0.95000000000000007 0 0 -1 0 
1 18.475000000000001 -3.1499999999999999 0 1 0 0 
1 18.574999999999999 -3.1499999999999999 0 0 1 0 
1 18.574999999999999 -3.0500000000000003 0 1 0 0 
1 19.675000000000001 -3.0500000000000003 0 0 -1 0 
1 19.675000000000001 -3.25 0 1 0 0 
1 20.025000000000002 -3.25 0 0 1 0 
1 20.025000000000002 -1.05 0 1 0 0 
1 21.025000000000002 -1.05 0 0 1 0 
1 21.025000000000002 0 0 1 0 0 
1 23.275000000000002 0 0 0 -1 0 
1 23.275000000000002 -1.6500000000000001 0 1 0 0 
1 23.580461425781252 -1.6500000000000001 0 -0.48501377854764155 0.87450650919186379 0 
1 23.525000000000002 -1.55 0 0 1 0 
1 23.525000000000002 -0.40000000000000002 0 -1 0 0 
1 23.375 -0.40000000000000002 0 0 1 0 
1 23.375 0.050000000000000003 0 1 0 0 
1 30.425000000000001 0.050000000000000003 0 0 -1 0 
1 30.425000000000001 -0.40000000000000002 0 -1 0 0 
1 30.324999999999999 -0.40000000000000002 0 0 -1 0 
1 30.324999999999999 -1.55 0 -1 0 0 
1 24.517121582031251 -1.55 0 0 -1 0 
1 24.517121582031251 -1.6500000000000001 0 1 0 0 
1 24.574999999999999 -1.6500000000000001 0 0 -1 0 
1 24.574999999999999 -6.2999999999999998 0 -1 0 0 
1 22.725000000000001 -6.2999999999999998 0 0 -1 0 
1 22.725000000000001 -6.4000000000000004 0 1 0 0 
1 24.574999999999999 -6.4000000000000004 0 0 -1 0 
1 24.574999999999999 -7.4500000000000002 0 1 0 0 
1 24.675000000000001 -7.4500000000000002 0 0 1 0 
1 24.675000000000001 -1.6500000000000001 0 1 0 0 
1 30.324999999999999 -1.6500000000000001 0 0 -1 0 
1 30.324999999999999 -5.0499999999999998 0 1 0 0 
1 30.475000000000001 -5.0499999999999998 0 0 1 0 
1 30.475000000000001 -3.9500000000000002 0 1 0 0 
1 30.574999999999999 -3.9500000000000002 0 0 1 0 
1 30.574999999999999 -3.8500000000000001 0 -1 0 0 
1 30.475000000000001 -3.8500000000000001 0 0 1 0 
1 30.475000000000001 -1.55 0 1 0 0 
1 30.675000000000001 -1.55 0 0 1 0 
1 30.675000000000001 -0.40000000000000002 0 -1 0 0 
1 30.574999999999999 -0.40000000000000002 0 0 1 0 
1 30.574999999999999 0 0 1 0 0 
1 32.225000000000001 0 0 0 -1 0 
1 32.225000000000001 -1.8500000000000001 0 1 0 0 
1 32.325000000000003 -1.8500000000000001 0 0 1 0 
1 32.325000000000003 0 0 1 0 0 
1 33.725000000000001 0 0 0 -1 0 
1 33.725000000000001 -0.45000000000000001 0 -1 0 0 
1 33.625 -0.45000000000000001 0 0 -1 0 
1 33.625 -1.5 0 1 0 0 
1 33.825000000000003 -1.5 0 0 -1 0 
1 33.825000000000003 -2.75 0 -1 0 0 
1 32.325000000000003 -2.75 0 0 1 0 
1 32.325000000000003 -2.5500000000000003 0 -1 0 0 
1 32.225000000000001 -2.5500000000000003 0 0 -1 0 
1 32.225000000000001 -3.0500000000000003 0 1 0 0 
1 32.325000000000003 -3.0500000000000003 0 0 1 0 
1 32.325000000000003 -2.8500000000000001 0 1 0 0 
1 33.825000000000003 -2.8500000000000001 0 0 -1 0 
1 33.825000000000003 -3.8500000000000001 0 -1 0 0 
1 32.325000000000003 -3.8500000000000001 0 0 1 0 
1 32.325000000000003 -3.75 0 -1 0 0 
1 32.225000000000001 -3.75 0 0 -1 0 
1 32.225000000000001 -3.8500000000000001 0 -1 0 0 
1 31.574999999999999 -3.8500000000000001 0 0 -1 0 
1 31.574999999999999 -3.9500000000000002 0 1 0 0 
1 33.225000000000001 -3.9500000000000002 0 0 -1 0 
1 33.225000000000001 -4.75 0 1 0 0 
1 33.825000000000003 -4.75 0 0 -1 0 
1 33.825000000000003 -7.2999999999999998 0 -1 0 0 
1 30.425000000000001 -7.2999999999999998 0 0 1 0 
1 30.425000000000001 -6.1000000000000005 0 -1 0 0 
1 30.324999999999999 -6.1000000000000005 0 0 -1 0 
1 30.324999999999999 -7.4000000000000004 0 1 0 0 
1 33.924999999999997 -7.4000000000000004 0 0 1 0 
1 33.924999999999997 -7.1000000000000005 0 1 0 0 
1 34.075000000000003 -7.1000000000000005 0 0 1 0 
1 34.075000000000003 -7 0 -1 0 0 
1 33.924999999999997 -7 0 0 1 0 
1 33.924999999999997 -0.45000000000000001 0 -1 0 0 
1 33.825000000000003 -0.45000000000000001 0 0 1 0 
1 33.825000000000003 0 0 1 0 0 
1 37.375 0 0 0 -1 0 
1 37.375 -0.45000000000000001 0 -1 0 0 
1 37.225000000000001 -0.45000000000000001 0 0.0030303382040738902 -0.99999540851464364 0 
1 37.256970214843754 -11 0 -1 0 0 
1 35.357272949218753 -11 0 0 1 0 
1 35.357272949218753 -7.1000000000000005 0 1 0 0 
1 35.507272949218752 -7.1000000000000005 0 0 1 0 
1 35.507272949218752 -7 0 -1 0 0 
1 35.075000000000003 -7 0 0 -1 0 
1 35.075000000000003 -7.1000000000000005 0 1 0 0 
1 35.257272949218752 -7.1000000000000005 0 0 -1 0 
1 35.257272949218752 -9.3000000000000007 0 -1 0 0 
1 32.357272949218753 -9.3000000000000007 0 0 1 0 
1 32.357272949218753 -8.5500000000000007 0 -1 0 0 
1 32.257272949218752 -8.5500000000000007 0 0 -1 0 
1 32.257272949218752 -11.1 0 1 0 0 
1 32.507272949218752 -11.1 0 0 1 0 
1 32.507272949218752 -11 0 -1 0 0 
1 32.357272949218753 -11 0 0 1 0 
1 32.357272949218753 -9.4000000000000004 0 1 0 0 
1 35.257272949218752 -9.4000000000000004 0 0 -1 0 
1 35.257272949218752 -11 0 -1 0 0 
1 33.507272949218752 -11 0 0 -1 0 
1 33.507272949218752 -11.1 0 1 0 0 
1 34.125 -11.1 0 0 -1 0 
1 34.125 -11.200000000000001 0 1 0 0 
1 34.225000000000001 -11.200000000000001 0 0 1 0 
1 34.225000000000001 -11.1 0 1 0 0 
1 37.257272949218752 -11.1 0 0.0030304655855744526 -0.99999540812862464 0 
1 37.273789062500001 -16.550000000000001 0 -1 0 0 
1 37.024999999999999 -16.550000000000001 0 0 -1 0 
1 37.024999999999999 -16.949999999999999 0 1 0 0 
1 37.325000000000003 -16.949999999999999 0 0 -1 0 
1 37.325000000000003 -17.300000000000001 0 -1 0 0 
1 34.225000000000001 -17.300000000000001 0 0 1 0 
1 34.225000000000001 -12.200000000000001 0 -1 0 0 
1 34.125 -12.200000000000001 0 0 -1 0 
1 34.125 -12.300000000000001 0 -1 0 0 
1 32.325000000000003 -12.300000000000001 0 0 -1 0 
1 32.325000000000003 -12.4 0 1 0 0 
1 34.125 -12.4 0 0 -1 0 
1 34.125 -17.300000000000001 0 -1 0 0 
1 31.175000000000001 -17.300000000000001 0 0 1 0 
1 31.175000000000001 -12.4 0 1 0 0 
1 31.324999999999999 -12.4 0 0 1 0 
1 31.324999999999999 -12.300000000000001 0 -1 0 0 
1 31.175000000000001 -12.300000000000001 0 0 1 0 
1 31.175000000000001 -8.5500000000000007 0 -1 0 0 
1 24.675000000000001 -8.5500000000000007 0 0 1 0 
1 24.675000000000001 -8.4499999999999993 0 -1 0 0 
1 24.574999999999999 -8.4499999999999993 0 0 -1 0 
1 24.574999999999999 -8.5500000000000007 0 -1 0 0 
1 21.625 -8.5500000000000007 0 0 1 0 
1 21.625 -8.4499999999999993 0 -1 0 0 
1 21.475000000000001 -8.4499999999999993 0 0 -1 0 
1 21.475000000000001 -9.3499999999999996 0 -1 0 0 
1 20.875 -9.3499999999999996 0 0 -1 0 
1 20.875 -9.4500000000000011 0 1 0 0 
1 21.574999999999999 -9.4500000000000011 0 0 1 0 
1 21.574999999999999 -8.8000000000000007 0 1 0 0 
1 24.475000000000001 -8.8000000000000007 0 0 -1 0 
1 24.475000000000001 -10.85 0 1 0 0 
1 26.675000000000001 -10.85 0 0 -1 0 
1 26.675000000000001 -10.950000000000001 0 1 0 0 
1 26.775000000000002 -10.950000000000001 0 0 1 0 
1 26.775000000000002 -10.85 0 1 0 0 
1 30.925000000000001 -10.85 0 0 -1 0 
1 30.925000000000001 -17.300000000000001 0 -1 0 0 
1 27.625 -17.300000000000001 0 0 1 0 
1 27.625 -12.050000000000001 0 -1 0 0 
1 26.775000000000002 -12.050000000000001 0 0 1 0 
1 26.775000000000002 -11.950000000000001 0 -1 0 0 
1 26.675000000000001 -11.950000000000001 0 0 -1 0 
1 26.675000000000001 -12.050000000000001 0 -1 0 0 
1 25.725000000000001 -12.050000000000001 0 0 -1 0 
1 25.725000000000001 -12.15 0 1 0 0 
1 27.525000000000002 -12.15 0 0 -1 0 
1 27.525000000000002 -17.300000000000001 0 -1 0 0 
1 24.574999999999999 -17.300000000000001 0 0 1 0 
1 24.574999999999999 -16.899999999999999 0 1 0 0 
1 24.725000000000001 -16.899999999999999 0 0 1 0 
1 24.725000000000001 -15.800000000000001 0 -1 0 0 
1 24.574999999999999 -15.800000000000001 0 0 1 0 
1 24.574999999999999 -12.15 0 1 0 0 
1 24.725000000000001 -12.15 0 0 1 0 
1 24.725000000000001 -12.050000000000001 0 -1 0 0 
1 24.475000000000001 -12.050000000000001 0 0 -1 0 
1 24.475000000000001 -15.700000000000001 0 -1 0 0 
1 23.125 -15.700000000000001 0 0 -1 0 
1 23.125 -15.800000000000001 0 1 0 0 
1 24.475000000000001 -15.800000000000001 0 0 -1 0 
1 24.475000000000001 -17.300000000000001 0 -1 0 0 
1 19.775000000000002 -17.300000000000001 0 0 1 0 
1 19.775000000000002 -15.800000000000001 0 1 0 0 
1 21.125 -15.800000000000001 0 0 1 0 
1 21.125 -15.700000000000001 0 -1 0 0 
1 19.775000000000002 -15.700000000000001 0 0 1 0 
1 19.775000000000002 -13.700000000000001 0 -1 0 0 
1 19.675000000000001 -13.700000000000001 0 0 -1 0 
1 19.675000000000001 -15.1 0 -1 0 0 
1 18.600000000000001 -15.1 0 0 -1 0 
1 18.600000000000001 -15.200000000000001 0 1 0 0 
1 19.675000000000001 -15.200000000000001 0 0 -1 0 
1 19.675000000000001 -17.300000000000001 0 -1 0 0 
1 16.875 -17.300000000000001 0 0 1 0 
1 16.875 -16.300000000000001 0 1 0 0 
1 17.024999999999999 -16.300000000000001 0 0 1 0 
1 17.024999999999999 -15.200000000000001 0 1 0 0 
1 17.600000000000001 -15.200000000000001 0 0 1 0 
1 17.600000000000001 -15.1 0 -1 0 0 
1 17.024999999999999 -15.1 0 0 1 0 
1 17.024999999999999 -12 0 1 0 0 
1 19.675000000000001 -12 0 0 -1 0 
1 19.675000000000001 -12.700000000000001 0 1 0 0 
1 19.775000000000002 -12.700000000000001 0 0 1 0 
1 19.775000000000002 -9.4500000000000011 0 1 0 0 
1 19.875 -9.4500000000000011 0 0 1 0 
1 19.875 -9.3499999999999996 0 -1 0 0 
1 19.775000000000002 -9.3499999999999996 0 0 1 0 
1 19.775000000000002 -6.5 0 -1 0 0 
1 19.475000000000001 -6.5 0 0 -1 0 
1 19.475000000000001 -11.700000000000001 0 -1 0 0 
1 16.774999999999999 -11.700000000000001 0 0 -1 0 
1 16.774999999999999 -17.600000000000001 0 1 0 0 
1 26.350000000000001 -17.600000000000001 0 0 -1 0 
1 26.350000000000001 -18.850000000000001 0 -1 0 0 
1 14.550000000000001 -18.850000000000001 0 0 1 0 
1 14.550000000000001 -17.300000000000001 0 -1 0 0 
1 9.8499999999999996 -17.300000000000001 0 0 1 0 
1 9.8499999999999996 -15.15 0 1 0 0 
1 15.050000000000001 -15.15 0 0 1 0 
1 15.050000000000001 -14.950000000000001 0 -1 0 0 
1 9.4000000000000004 -14.950000000000001 0 0 -1 0 
1 9.4000000000000004 -15.15 0 1 0 0 
1 9.75 -15.15 0 0 -1 0 
1 9.75 -17.300000000000001 0 -1 0 0 
1 7.5499999999999998 -17.300000000000001 0 0 1 0 
1 7.5499999999999998 -16.350000000000001 0 -1 0 0 
1 7.4500000000000002 -16.350000000000001 0 0 -1 0 
1 7.4500000000000002 -17.300000000000001 0 -1 0 0 
1 3.6499999999999999 -17.300000000000001 0 0 1 0 
1 3.6499999999999999 -16.350000000000001 0 -1 0 0 
1 3.5 -16.350000000000001 0 0 1 0 
1 3.5 -14.75 0 1 0 0 
1 4.7000000000000002 -14.75 0 0 1 0 
1 4.7000000000000002 -14.65 0 -1 0 0 
1 3.3999999999999999 -14.65 0 0 -1 0 
1 3.3999999999999999 -17 0 1 0 0 
1 3.5500000000000003 -17 0 0 -1 0 
1 3.5500000000000003 -17.300000000000001 0 -1 0 0 
1 0 -17.300000000000001 0 0 1 0 
1 0 -13.300000000000001 0 1 0 0 
1 4.0499999999999998 -13.300000000000001 0 0 1 0 
1 5.8500000000000005 -14.75 0 0 -1 0 
1 5.8500000000000005 -15.4 0 1 0 0 
1 6.5 -15.4 0 0 -1 0 
1 6.5 -16.350000000000001 0 1 0 0 
1 6.6000000000000005 -16.350000000000001 0 0 1 0 
1 6.6000000000000005 -14.4 0 -1 0 0 
1 6.5 -14.4 0 0 -1 0 
1 6.5 -14.65 0 -1 0 0 
1 5.7000000000000002 -14.65 0 0 -1 0 
1 5.7000000000000002 -14.75 0 1 0 0 
1 -2.8087234497070312 -71.907895507812498 0 0.86753650932061466 0.49737350652784396 0 
1 1.91937255859375 -69.197197265625007 0 0.50000000208587247 -0.8660254025801597 0 
1 3.4355090332031253 -71.823222656249996 0 -0.86602601084417752 -0.49999894854021487 0 
1 3.3489062500000002 -71.873222656250007 0 0.50000423436778207 -0.86602295905725735 0 
1 3.39890625 -71.959824218750001 0 0.86602601084423914 0.49999894854010829 0 
1 3.4855090332031251 -71.909824218750003 0 0.5000010502544826 -0.86602479741888128 0 
1 3.79437255859375 -72.444790039062497 0 0.86602524790657498 0.5000002699882824 0 
1 3.880975036621094 -72.394790039062499 0 -0.50000060979020633 0.86602505172161259 0 
1 3.005975036621094 -70.879248046875006 0 0.86602539095783571 0.50000002221632744 0 
1 4.3916156005859373 -70.079248046875009 0 0.49999985988307594 -0.86602548468096741 0 
1 5.8416156005859374 -72.590722656250009 0 -0.86602539095783571 -0.50000002221632744 0 
1 4.4559750366210942 -73.390722656250006 0 -0.49999013903435868 0.8660310969407522 0 
1 4.380975036621094 -73.260815429687497 0 -0.86602524790651347 -0.50000026998838898 0 
1 4.29437255859375 -73.310815429687509 0 0.49999577708828069 -0.86602784186992865 0 
1 4.41937255859375 -73.527324218749996 0 0.86602541246225773 0.49999998496957604 0 
1 6.6277374267578129 -72.252324218750005 0 -0.50000423436772046 0.86602295905729287 0 
1 6.577737426757813 -72.165722656249997 0 -0.86602540049457888 -0.50000000569820402 0 
1 5.928218383789063 -72.540722656249997 0 -0.49999985988307594 0.86602548468096741 0 
1 4.4782183837890628 -70.029248046874997 0 0.86602538662295214 0.50000002972456548 0 
1 6.3834741210937498 -68.929248046875003 0 0.50000342554704758 -0.86602342603489546 0 
1 6.4746105957031252 -69.087099609375002 0 0.86602448496286066 0.50000159144227907 0 
1 6.5612127685546877 -69.037099609375005 0 -0.49999794315719998 0.86602659129992632 0 
1 6.3450769042968753 -68.662739257812504 0 -0.86602601084424014 -0.49999894854010635 0 
1 6.2584741210937498 -68.712739257812501 0 0.49999013903439976 -0.86603109694072866 0 
1 6.33347412109375 -68.842646484374995 0 -0.86602540440708875 -0.49999999892153851 0 
1 2.9559750366210937 -70.792646484374998 0 -0.50000006390603391 0.86602536688826959 0 
1 2.0061265563964845 -69.1474609375 0 0.86753614601123474 0.49737414022441251 0 
1 5.4762890625000002 -67.157954101562495 0 0.86753675682967035 0.49737307481352222 0 
1 11.158679199218751 -63.900146484375 0 -0.5000042343677682 0.86602295905726523 0 
1 11.08367919921875 -63.770244140625003 0 0.86602567176156586 0.49999953584971313 0 
1 11.47339111328125 -63.545244140625002 0 0.50000006525651608 -0.86602536610856828 0 
1 13.248391113281251 -66.619633789062505 0 -0.86602567176157264 -0.4999995358497013 0 
1 12.85867919921875 -66.844633789062499 0 -0.49998309161605781 0.86603516562438076 0 
1 12.80867919921875 -66.758027343750001 0 -0.86602540515375082 -0.49999999762828179 0 
1 7.1362127685546879 -70.033027343750007 0 -0.50000423436774322 0.86602295905727977 0 
1 7.0612127685546877 -69.903125000000003 0 -0.86602448496286066 -0.50000159144227907 0 
1 6.9746105957031252 -69.953125 0 0.50000423436774322 -0.86602295905727977 0 
1 7.0496105957031254 -70.083027343750004 0 -0.86602550221980146 -0.49999982950491151 0 
1 6.7898028564453128 -70.233027343749995 0 0.49999953584971091 -0.86602567176156708 0 
1 8.5898028564453135 -73.350722656249999 0 0.86602542396963977 0.49999996503820454 0 
1 9.7156359863281256 -72.700722656250008 0 -0.49998309161599636 0.86603516562441629 0 
1 9.6656359863281249 -72.614116210937496 0 -0.8660253750632565 -0.50000004974654344 0 
1 8.6264056396484374 -73.214116210937505 0 -0.50000050318564471 0.8660251132698763 0 
1 6.9264056396484373 -70.269633789062496 0 0.86602535262385605 0.50000008861271783 0 
1 9.1347698974609379 -68.994633789062505 0 0.50000071047232764 -0.8660249935926605 0 
1 9.4347698974609369 -69.514248046874997 0 0.86602543864155013 0.49999993962570694 0 
1 10.12759033203125 -69.114248046875005 0 0.50000039012024522 -0.86602517854829297 0 
1 10.952590332031249 -70.543188476562506 0 0.86602601084424247 0.49999894854010252 0 
1 11.039193115234376 -70.493188476562509 0 -0.50000098153973227 0.86602483709146838 0 
1 10.714193115234375 -69.930273437500006 0 0.86602601084423791 0.49999894854011012 0 
1 10.800795898437499 -69.880273437500009 0 -0.5000042343677138 0.86602295905729665 0 
1 10.7507958984375 -69.793671875000001 0 -0.86602601084423791 -0.49999894854011012 0 
1 10.664193115234376 -69.843671874999998 0 -0.50000000569820513 0.86602540049457832 0 
1 9.9141931152343759 -68.544633789062502 0 0.86602540049457877 0.50000000569820435 0 
1 10.780218505859375 -68.044633789062502 0 0.50000000569820513 -0.86602540049457832 0 
1 11.530218505859375 -69.343671874999998 0 -0.86602601084420727 -0.49999894854016352 0 
1 11.357012939453126 -69.443671875000007 0 0.50000423436777541 -0.86602295905726123 0 
1 11.407012939453125 -69.5302734375 0 0.86602540049457921 0.50000000569820358 0 
1 11.840025634765626 -69.2802734375 0 -0.50000423436778874 0.86602295905725346 0 
1 11.790025634765625 -69.193671875000007 0 -0.86602448496286066 -0.50000159144227907 0 
1 11.6168212890625 -69.293671875000001 0 -0.50000000569820513 0.86602540049457832 0 
1 10.8668212890625 -67.994633789062505 0 0.8660254004945791 0.50000000569820391 0 
1 11.949353027343751 -67.369633789062505 0 0.50000423436775132 -0.86602295905727511 0 
1 12.04935302734375 -67.542836914062505 0 0.86602528423706182 0.50000020706207338 0 
1 12.95867919921875 -67.017836914062499 0 -0.50000423436777541 0.86602295905726123 0 
1 12.908679199218751 -66.931235351562506 0 0.86602567176155798 0.49999953584972673 0 
1 13.29839111328125 -66.706235351562498 0 0.49999970365265944 -0.86602557488058785 0 
1 13.998391113281251 -67.918671875000001 0 -0.86602543348655159 -0.49999994855442781 0 
1 12.396243896484375 -68.843671874999998 0 0.50000423436772723 -0.8660229590572891 0 
1 12.446243896484376 -68.930273437500006 0 0.86602543348654804 0.49999994855443403 0 
1 14.04839111328125 -68.005273437499994 0 0.500000390120246 -0.86602517854829253 0 
1 14.873391113281251 -69.434213867187495 0 -0.86602524790655966 -0.50000026998830904 0 
1 14.526981201171875 -69.634213867187498 0 -0.50000423436777541 0.86602295905726123 0 
1 14.476981201171876 -69.547612304687505 0 -0.86602561279054668 -0.49999963799062708 0 
1 13.481051025390625 -70.122612304687507 0 0.50000423436775132 -0.86602295905727511 0 
1 13.581051025390625 -70.295815429687508 0 -0.86602534742051529 -0.5000000976251664 0 
1 11.589193115234375 -71.445815429687499 0 -0.50000423436777541 0.86602295905726123 0 
1 11.539193115234376 -71.359213867187506 0 -0.86602601084424247 -0.49999894854010252 0 
1 11.452590332031249 -71.409213867187503 0 0.50000423436778874 -0.86602295905725346 0 
1 11.50259033203125 -71.495815429687497 0 -0.86602545598106584 -0.49999990959277879 0 
1 10.549962158203126 -72.045815429687508 0 0.49999013903439532 -0.86603109694073122 0 
1 10.624962158203125 -72.175722656250002 0 0.86602547230062044 0.49999988132647322 0 
1 13.569449462890626 -70.475722656249999 0 0.50000011796299693 -0.86602533567845996 0 
1 16.394449462890627 -75.368764648437505 0 -0.86602543206448412 -0.49999995101752154 0 
1 11.37150146484375 -78.268764648437497 0 0.50000423436772723 -0.8660229590572891 0 
1 11.42150146484375 -78.355366210937504 0 0.86602557488058551 0.49999970365266372 0 
1 12.330828857421876 -77.830366210937498 0 0.49999966283571612 -0.86602559844624116 0 
1 13.255828857421875 -79.432514648437504 0 0.86602295905728666 0.50000423436773134 0 
1 13.342430419921875 -79.382514648437507 0 -0.49999966283571684 0.86602559844624083 0 
1 12.417430419921875 -77.780366210937501 0 0.86602545299792633 0.49999991475972927 0 
1 16.444449462890624 -75.455366210937498 0 0.49997925598988008 -0.86603738001301422 0 
1 16.473388671875 -75.5054931640625 0 0.86602601084424247 0.49999894854010252 0 
1 16.559991455078126 -75.455493164062503 0 -0.50000013856691294 0.8660253237827793 0 
1 13.656051025390624 -70.425722656250002 0 0.86602561279054668 0.49999963799062708 0 
1 14.651981201171875 -69.850722656249999 0 -0.49998309161604454 0.86603516562438854 0 
1 14.601981201171876 -69.764116210937502 0 0.86602499359266816 0.50000071047231431 0 
1 14.99169189453125 -69.539116210937507 0 0.49999973578515006 -0.86602555632889955 0 
1 18.516691894531249 -75.644599609375007 0 -0.86602499359266716 -0.50000071047231598 0 
1 18.126981201171876 -75.869599609375001 0 -0.49999013903439532 0.86603109694073122 0 
1 18.051981201171877 -75.739692382812507 0 -0.86602561279055201 -0.49999963799061781 0 
1 17.056051025390627 -76.314692382812495 0 -0.9998519266999577 -0.017208273428282805 0 
1 16.941717529296874 -76.316660156249995 0 0.49999780746789063 -0.86602666963974162 0 
1 17.094449462890626 -76.581201171875009 0 0.86602536350356585 0.50000006976851208 0 
1 18.523391113281249 -75.756201171875006 0 0.50000047554743421 -0.86602512922682529 0 
1 19.648391113281249 -77.704755859374998 0 -0.86602557488058507 -0.49999970365266444 0 
1 18.739063720703125 -78.229755859375004 0 0.50000000569820513 -0.86602540049457843 0 
1 19.239063720703125 -79.095781250000002 0 -0.86602531726478282 -0.50000014985640995 0 
1 17.33380859375 -80.195781249999996 0 0.49999819342949087 -0.86602644680589591 0 
1 17.50880859375 -80.498891601562505 0 0.86602448496283213 0.50000159144232859 0 
1 17.682012939453127 -80.398891601562497 0 0.50000039012024178 -0.86602517854829508 0 
1 18.232012939453124 -81.351518554687502 0 -0.86602295905728666 -0.50000423436773134 0 
1 18.145411376953124 -81.401518554687499 0 0.50000423436772723 -0.8660229590572891 0 
1 18.195411376953125 -81.488120117187506 0 0.86602531726477994 0.50000014985641472 0 
1 20.10066650390625 -80.388120117187498 0 -0.50000098153973493 0.86602483709146683 0 
1 19.450666503906252 -79.262290039062506 0 -0.86602601084424247 -0.49999894854010252 0 
1 19.364063720703125 -79.312290039062503 0 -0.49999013903435424 0.86603109694075475 0 
1 19.289063720703126 -79.182382812499995 0 0.86602601084423358 0.49999894854011789 0 
1 19.375666503906249 -79.132382812499998 0 -0.50000000569820513 0.86602540049457843 0 
1 18.875666503906249 -78.266357421875 0 0.8660255289895662 0.49999978313829502 0 
1 19.69839111328125 -77.791357421875006 0 0.50000000569820513 -0.86602540049457843 0 
1 21.69839111328125 -81.255458984374997 0 -0.86602552898955976 -0.49999978313830623 0 
1 20.875666503906249 -81.730458984375005 0 -0.50000423436770058 0.86602295905730453 0 
1 20.825666503906252 -81.643857421874998 0 -0.86602536047151513 -0.50000007502017652 0 
1 18.184289550781251 -83.168857421875003 0 -0.50000423436775843 0.866022959057271 0 
1 17.95928955078125 -82.779150390625006 0 -0.86602533267771098 -0.50000012316044473 0 
1 17.179866943359375 -83.229150390625009 0 -0.50000000569819902 0.86602540049458188 0 
1 16.679866943359375 -82.363124999999997 0 0.86602540049457954 0.50000000569820313 0 
1 17.329385986328127 -81.988124999999997 0 -0.49998309161605781 0.86603516562438076 0 
1 17.279385986328126 -81.901518554687499 0 -0.86602258139682375 -0.50000488848688429 0 
1 16.629866943359374 -82.276523437500003 0 -0.49999905641323167 0.86602594856382797 0 
1 15.404866943359375 -80.154755859375001 0 0.86602530659428778 0.50000016833824157 0 
1 15.967783203125 -79.829755859374998 0 -0.50000071047232986 0.86602499359265928 0 
1 15.667783203125 -79.310141601562506 0 -0.86602548981428307 -0.49999985099190902 0 
1 13.892430419921876 -80.335141601562498 0 -0.50000423436778874 0.86602295905725346 0 
1 13.842430419921875 -80.248540039062505 0 -0.86602295905728666 -0.50000423436773134 0 
1 13.755828857421875 -80.298540039062502 0 0.50000423436778874 -0.86602295905725346 0 
1 13.805828857421876 -80.385141601562495 0 -0.86602557488058551 -0.49999970365266372 0 
1 12.89650146484375 -80.910141601562501 0 0.50000423436774766 -0.86602295905727722 0 
1 12.971501464843751 -81.040043945312505 0 0.86602537506325905 0.500000049746539 0 
1 15.049962158203126 -79.840043945312502 0 0.50000018564037418 -0.86602529660489203 0 
1 17.399962158203124 -83.910361328125006 0 0.86602578073242575 0.49999934710636629 0 
1 22.076499023437499 -81.210366210937508 0 -0.49999974582632822 0.86602555053162666 0 
1 17.264000244140625 -72.874868164062505 0 0.8660254004945791 0.50000000569820391 0 
1 18.346531982421876 -72.249868164062505 0 0.50366487757388922 -0.86389912090387 0 
1 24.289833984375001 -82.443974609375005 0 -0.86602544868021836 -0.49999992223822048 0 
1 17.708039550781251 -86.243974609375002 0 0.50000131803754688 -0.8660246428137689 0 
1 19.15803955078125 -88.755439453125007 0 -0.86602534742051773 -0.50000009762516207 0 
1 18.162110595703126 -89.330439453124995 0 0.4999992594685852 -0.8660258313300282 0 
1 18.587110595703127 -90.066562500000003 0 -0.86602542018333817 -0.49999997159627185 0 
1 13.217752685546875 -93.166562499999998 0 0.49999978313829924 -0.86602552898956386 0 
1 13.692752685546875 -93.989287109374999 0 0.86602601084423791 0.49999894854011012 0 
1 13.77935546875 -93.939287109375002 0 -0.50000423436775054 0.86602295905727555 0 
1 13.40435546875 -93.289775390624996 0 0.86602547230062243 0.49999988132646989 0 
1 14.876599121093751 -92.439775390625002 0 0.50000423436775054 -0.86602295905727555 0 
1 15.251599121093751 -93.089287109375007 0 0.86602295905722515 0.50000423436783792 0 
1 15.338200683593751 -93.039287109374996 0 -0.50000423436775876 0.86602295905727078 0 
1 14.963200683593751 -92.389775390625005 0 0.8660255140482942 0.49999980901735153 0 
1 16.825156249999999 -91.314775390625002 0 0.50000423436775054 -0.86602295905727555 0 
1 17.200156249999999 -91.964287109375007 0 0.86602295905722515 0.50000423436783792 0 
1 17.286757812499999 -91.914287109374996 0 -0.50000423436775876 0.86602295905727078 0 
1 16.911757812499999 -91.264775390625005 0 0.86602570566988724 0.4999994771187003 0 
1 17.777784423828127 -90.764775390625005 0 0.50000188509953369 -0.86602431541897984 0 
1 18.677784423828125 -92.323613281250005 0 -0.86602570566988635 -0.49999947711870185 0 
1 17.811757812500002 -92.823613281250005 0 -0.50000423436775654 0.86602295905727211 0 
1 17.736757812499999 -92.693710937500001 0 -0.86602295905727789 -0.50000423436774666 0 
1 17.650156250000002 -92.743710937499998 0 0.50000423436773878 -0.86602295905728233 0 
1 17.725156250000001 -92.873613281250002 0 -0.86602551404829453 -0.4999998090173508 0 
1 15.86320068359375 -93.948613281250005 0 -0.50000423436773878 0.86602295905728233 0 
1 15.78820068359375 -93.818710937500001 0 -0.86602295905728666 -0.50000423436773134 0 
1 15.70159912109375 -93.868710937499998 0 0.50000423436774766 -0.86602295905727722 0 
1 15.776599121093751 -93.998613281250002 0 -0.86602547230062243 -0.49999988132646989 0 
1 14.30435546875 -94.848613281249996 0 -0.50000423436777985 0.86602295905725857 0 
1 14.229355468750001 -94.718710937500006 0 -0.86602601084423791 -0.49999894854011012 0 
1 14.142752685546876 -94.768710937500003 0 0.50000055726041615 -0.86602508204974826 0 
1 15.292752685546875 -96.760566406250007 0 -0.86602601084423791 -0.49999894854011012 0 
1 15.20614990234375 -96.810566406250004 0 0.49996195035435237 -0.86604737064312598 0 
1 15.256149902343751 -96.897177734375006 0 0.86602601084420727 0.49999894854016352 0 
1 15.42935546875 -96.797177734374998 0 -0.49999833391505605 0.86602636569689262 0 
1 14.354355468750001 -94.935214843750003 0 0.86602541687985446 0.49999997731807377 0 
1 20.806245117187501 -91.210214843749995 0 -0.50000423436775876 0.86602295905727078 0 
1 20.681245117187501 -90.993710937499998 0 -0.86602906253440426 -0.49999366280562102 0 
1 20.594641113281252 -91.043710937499995 0 0.50000423436773878 -0.86602295905728233 0 
1 20.669641113281251 -91.173613281249999 0 -0.86602529278541374 -0.50000019225590131 0 
1 19.197398681640625 -92.023613281250007 0 -0.50000188509953369 0.86602431541897984 0 
1 18.297398681640626 -90.464775390625007 0 0.86602540049457832 0.50000000569820513 0 
1 18.946917724609374 -90.089775390625007 0 -0.50000000569819902 0.86602540049458188 0 
1 18.446917724609374 -89.223749999999995 0 0.8660255289895662 0.49999978313829502 0 
1 19.269642333984375 -88.748750000000001 0 0.50000181797785459 -0.86602435417189072 0 
1 20.144642333984375 -90.264287109375005 0 0.86602601084424247 0.49999894854010252 0 
1 20.231245117187502 -90.214287109375007 0 -0.49999978313830062 0.86602552898956298 0 
1 19.7562451171875 -89.391562500000006 0 0.86602601084418096 0.4999989485402091 0 
1 19.842847900390627 -89.341562499999995 0 -0.50000423436778874 0.86602295905725346 0 
1 19.792847900390626 -89.254960937500002 0 -0.86602601084424247 -0.49999894854010252 0 
1 19.7062451171875 -89.304960937499999 0 -0.50000066084028871 0.86602502224778399 0 
1 17.931245117187501 -86.230576171875001 0 0.86602540049457888 0.50000000569820435 0 
1 22.910891113281249 -83.355576171875001 0 0.50000066084028949 -0.86602502224778355 0 
1 24.685891113281251 -86.429960937499999 0 -0.86602545299792633 -0.49999991475972927 0 
1 20.658872070312501 -88.754960937500002 0 0.50000423436778874 -0.86602295905725346 0 
1 20.708872070312502 -88.841562499999995 0 0.8660270280850676 0.49999718661823034 0 
1 20.838776855468751 -88.766562500000006 0 0.50000423436777985 -0.86602295905725857 0 
1 20.91377685546875 -88.896464843749996 0 0.86602295905728666 0.50000423436773134 0 
1 21.000378417968751 -88.846464843749999 0 -0.50000423436773878 0.86602295905728233 0 
1 20.925378417968751 -88.716562499999995 0 0.86602545598107172 0.4999999095927688 0 
1 24.735891113281252 -86.516562500000006 0 0.4999997237890208 -0.86602556325486302 0 
1 26.610891113281252 -89.76416015625 0 -0.86602536837080557 -0.50000006133820685 0 
1 23.319995117187499 -91.664160156250006 0 -0.49999819342949586 0.86602644680589314 0 
1 22.969995117187501 -91.057939453125002 0 -0.86602601084422925 -0.49999894854012539 0 
1 22.45037841796875 -91.357939453124999 0 -0.49999978313829924 0.86602552898956386 0 
1 21.500378417968751 -89.712490234374997 0 -0.86602295905722515 -0.50000423436783792 0 
1 21.41377685546875 -89.762490234375008 0 0.49999871872365015 -0.86602614352842044 0 
1 22.563776855468749 -91.754355468750006 0 -0.8660270280850676 -0.49999718661823034 0 
1 22.4338720703125 -91.829355468749995 0 0.50000423436772723 -0.8660229590572891 0 
1 22.483872070312501 -91.915957031250002 0 0.86602702808502652 0.49999718661830139 0 
1 22.61377685546875 -91.840957031249999 0 0.50000085142734252 -0.86602491221207512 0 
1 23.23877685546875 -92.923486328125009 0 0.86602295905722515 0.50000423436783792 0 
1 23.32537841796875 -92.873486328124997 0 -0.49999925946859242 0.86602583133002409 0 
1 22.900378417968749 -92.137363281250003 0 0.86602543139845078 0.49999995217112497 0 
1 26.321179199218751 -90.162363281249995 0 -0.50000423436778874 0.86602295905725346 0 
1 26.27117919921875 -90.075761718750002 0 0.86602567176157363 0.49999953584969958 0 
1 26.660891113281252 -89.850761718750007 0 0.5000002070620706 -0.86602528423706349 0 
1 27.710891113281249 -91.669414062499996 0 -0.86602545598107028 -0.49999990959277124 0 
1 23.900378417968749 -93.869414062499999 0 -0.50000423436773878 0.86602295905728233 0 
1 23.82537841796875 -93.739511718749995 0 -0.86602295905722515 -0.50000423436783792 0 
1 23.73877685546875 -93.789511718750006 0 0.50000423436775876 -0.86602295905727078 0 
1 23.86377685546875 -94.006015625000003 0 0.86602540049457899 0.50000000569820413 0 
1 27.76089111328125 -91.756015625000003 0 0.49999973578515089 -0.86602555632889922 0 
1 30.110891113281252 -95.826337890624998 0 -0.86602537944796998 -0.50000004215199789 0 
1 25.0879443359375 -98.726337890625004 0 -0.49999987491556019 0.86602547600196145 0 
1 22.6629443359375 -94.526113281250005 0 -0.8660260108442277 -0.49999894854012789 0 
1 22.143327636718752 -94.826113281250002 0 -0.5000006354962746 0.86602503688018251 0 
1 20.968327636718751 -92.790957031250002 0 0.86602540049457832 0.50000000569820513 0 
1 21.617846679687499 -92.415957031250002 0 -0.50000423436770058 0.86602295905730453 0 
1 21.567846679687502 -92.329355468749995 0 -0.86602511326987053 -0.5000005031856547 0 
1 20.83172607421875 -92.754355468750006 0 0.50000174690786148 -0.86602439520436536 0 
1 21.681726074218751 -94.226591796874999 0 -0.86602540049457921 -0.50000000569820358 0 
1 19.949675292968749 -95.226591796874999 0 -0.50000181797785459 0.86602435417189072 0 
1 19.074675292968749 -93.711054687499995 0 -0.86602601084417208 -0.49999894854022447 0 
1 18.988072509765626 -93.761054687500007 0 0.50000115896580632 -0.8660247346541845 0 
1 20.363072509765626 -96.142617187500008 0 0.86602601084417208 0.49999894854022447 0 
1 20.449675292968749 -96.092617187499997 0 -0.50000423436775543 0.86602295905727278 0 
1 19.99967529296875 -95.313203125000001 0 0.86602550221979113 0.49999982950492927 0 
1 21.03890625 -94.713203125000007 0 0.50000423436775876 -0.86602295905727078 0 
1 21.41390625 -95.362714843749998 0 0.86602513891497268 0.50000045876709176 0 
1 22.626340332031251 -94.662714843749995 0 0.49999978313829946 -0.86602552898956364 0 
1 25.001340332031251 -98.776337890625001 0 -0.86602530659429022 -0.50000016833823746 0 
1 22.74967529296875 -100.076337890625 0 -0.50000066084028871 0.86602502224778399 0 
1 20.974675292968751 -97.001953125 0 -0.86602906253440426 -0.49999366280562102 0 
1 20.888071289062502 -97.051953124999997 0 0.50000066084028871 -0.86602502224778399 0 
1 22.663071289062501 -100.126337890625 0 -0.86602534742051263 -0.50000009762517106 0 
1 18.67935546875 -102.42633789062501 0 -0.50000005790363722 0.8660253703537556 0 
1 16.654355468750001 -98.918935546875005 0 -0.86602601084424247 -0.49999894854010252 0 
1 16.567752685546875 -98.968935546875002 0 0.50000005790363788 -0.86602537035375515 0 
1 18.592752685546877 -102.476337890625 0 -0.86602540049457899 -0.50000000569820402 0 
1 15.128651123046875 -104.476337890625 0 -0.50000020706206905 0.86602528423706426 0 
1 11.453651123046875 -98.111054687500001 0 0.8660255289895662 0.49999978313829502 0 
1 12.276375732421876 -97.636054687500007 0 -0.50000423436775798 0.86602295905727134 0 
1 12.176375732421874 -97.462851562500006 0 -0.86602552898956564 -0.49999978313829579 0 
1 11.353651123046875 -97.937851562500001 0 -0.49999846801496295 0.86602628827460537 0 
1 10.253651123046875 -96.032587890624995 0 0.86602537210613129 0.50000005486843369 0 
1 12.115605468750001 -94.957587890625007 0 0.49999215261288721 -0.8660299344280955 0 
1 12.29060546875 -95.260703125000006 0 0.86602601084420938 0.49999894854015964 0 
1 12.463811035156251 -95.160703124999998 0 -0.49999958428766611 0.86602564379593339 0 
1 8.8263110351562499 -88.860361328124995 0 0.86602540049457888 0.50000000569820413 0 
1 11.6408935546875 -87.235361328124995 0 -0.50000110201421732 0.86602476753529889 0 
1 10.2908935546875 -84.897099609375005 0 0.86602542396963622 0.49999996503821054 0 
1 14.79422607421875 -82.297099609374996 0 -0.49999013903439976 0.86603109694072866 0 
1 14.64422607421875 -82.037285156250007 0 -0.86602542191042198 -0.49999996860487445 0 
1 12.176053466796875 -83.462285156250005 0 -0.5000042343677138 0.86602295905729665 0 
1 12.126053466796876 -83.375683593749997 0 -0.86602601084417652 -0.49999894854021681 0 
1 12.039450683593751 -83.425683593750009 0 0.50000423436777541 -0.86602295905726123 0 
1 12.08945068359375 -83.512285156250002 0 -0.86602540049457888 -0.50000000569820413 0 
1 9.2748681640625001 -85.137285156250002 0 0.50000423436778874 -0.86602295905725346 0 
1 9.3248681640625009 -85.223886718749995 0 0.86602535689803062 0.50000008120963202 0 
1 9.9310858154296877 -84.873886718750001 0 0.49999961994004904 -0.86602562321204257 0 
1 11.25608642578125 -87.168857421875003 0 -0.86602542018333806 -0.49999997159627191 0 
1 8.5714074707031251 -88.718857421875001 0 -0.50000423436775088 0.86602295905727544 0 
1 8.2839074707031255 -88.220898437499997 0 -0.86602601084417652 -0.49999894854021681 0 
1 8.1973046875000009 -88.270898437500009 0 0.50000423436776154 -0.86602295905726934 0 
1 8.4848046875000005 -88.768857421874998 0 -0.86602545598107172 -0.4999999095927688 0 
1 7.5321765136718755 -89.318857421874995 0 0.50000423436773878 -0.86602295905728233 0 
1 7.6071765136718748 -89.448759765624999 0 -0.86602540049457877 -0.50000000569820435 0 
1 6.7411511230468752 -89.948759765624999 0 -0.49999970365266116 0.86602557488058685 0 
1 5.3411511230468749 -87.523886718750006 0 0.86602542955893336 0.49999995535726294 0 
1 7.1598046875000003 -86.473886718749995 0 0.49999636712327689 -0.86602750121663286 0 
1 7.6973046875 -87.404873046874997 0 0.86602601084424014 0.49999894854010635 0 
1 7.7839074707031255 -87.354873046874999 0 -0.49999636712327761 0.86602750121663274 0 
1 7.246407470703125 -86.423886718749998 0 0.86602535689802651 0.50000008120963935 0 
1 8.4588427734374996 -85.723886718749995 0 -0.50000423436777541 0.86602295905726123 0 
1 8.4088427734375006 -85.637285156250002 0 -0.86602540049457899 -0.50000000569820402 0 
1 6.6767919921874999 -86.637285156250002 0 -0.5000011020142151 0.86602476753530011 0 
1 6.0017919921875 -85.468154296874999 0 -0.86602601084423791 -0.49999894854011012 0 
1 5.9151892089843754 -85.518154296874997 0 0.5000011020142151 -0.86602476753530011 0 
1 6.5901892089843752 -86.687285156249999 0 -0.86602540049457888 -0.50000000569820402 0 
1 5.2911511230468751 -87.437285156249999 0 -0.50000058679798831 0.86602506499619702 0 
1 2.9411514282226565 -83.366972656249999 0 0.86602540049457888 0.50000000569820424 0 
1 4.2401895141601562 -82.616972656249999 0 0.5000011020142151 -0.86602476753530011 0 
1 4.915189514160156 -83.786103515625001 0 0.86602524790657498 0.5000002699882824 0 
1 5.0017919921875 -83.736103515625004 0 -0.5000011020142151 0.86602476753530011 0 
1 4.3267919921875002 -82.566972656250002 0 0.86602484631168963 0.50000096556988216 0 
1 7.4877850341796872 -80.741967773437509 0 -0.50000423436773411 0.86602295905728499 0 
1 7.3627850341796872 -80.525463867187497 0 -0.86602601084417652 -0.49999894854021681 0 
1 7.2761822509765626 -80.575463867187509 0 0.50000423436778429 -0.86602295905725601 0 
1 7.3511822509765627 -80.705366210937498 0 -0.8660248254091697 -0.50000100177401352 0 
1 4.1901895141601564 -82.530371093750006 0 -0.49997604436326548 0.86603923413599571 0 
1 4.1151895141601562 -82.400458984375007 0 -0.86602538662295214 -0.50000002972456548 0 
1 3.1625616455078127 -82.950458984375004 0 0.49997604436326326 -0.86603923413599693 0 
1 3.2375616455078124 -83.080371093750003 0 -0.86602543864154224 -0.49999993962572076 0 
1 2.8911514282226562 -83.280371093750006 0 -0.49999921730877855 0.86602585567095447 0 
1 1.4161514282226564 -80.725590820312505 0 0.86602540345745049 0.50000000056636029 0 
1 5.8761822509765622 -78.150590820312502 0 0.49999953584971263 -0.8660256717615662 0 
1 6.7761822509765626 -79.709438476562497 0 0.86602601084423791 0.49999894854011012 0 
1 6.8627850341796872 -79.659438476562499 0 -0.49999978313829924 0.86602552898956386 0 
1 6.3877850341796876 -78.836713867187498 0 0.86602448496286066 0.50000159144227907 0 
1 6.47438720703125 -78.786713867187501 0 -0.50000423436778207 0.86602295905725735 0 
1 6.4243872070312502 -78.700112304687508 0 -0.86602448496286066 -0.50000159144227907 0 
1 6.3377850341796877 -78.750112304687505 0 -0.49999925946858442 0.86602583133002864 0 
1 5.9127850341796879 -78.013989257812497 0 -0.86602541502675845 -0.49999998052773043 0 
1 1.3661514282226563 -80.638989257812497 0 -0.49999976242176536 0.86602554095025297 0 
1 -0.28384862899780272 -77.781103515625006 0 0.86602540980953668 0.49999998956422392 0 
1 5.3020153808593751 -74.556103515624997 0 0.49999964906614836 -0.86602560639609749 0 
1 7.3770153808593752 -78.150112304687497 0 -0.86602601084417863 -0.49999894854021293 0 
1 7.2904125976562497 -78.200112304687508 0 0.50000423436778874 -0.86602295905725346 0 
1 7.3404125976562504 -78.286713867187501 0 0.86602601084423791 0.49999894854011012 0 
1 7.4270153808593751 -78.236713867187504 0 0.50000039012024633 -0.86602517854829231 0 
1 8.5270153808593747 -80.1419677734375 0 0.8660253409480666 0.50000010883577339 0 
1 10.302366943359376 -79.116967773437509 0 0.49999985988307571 -0.86602548468096752 0 
1 11.752366943359375 -81.628442382812509 0 -0.86602205378661656 -0.50000580232154357 0 
1 11.18945068359375 -81.953447265625002 0 0.50000423436775854 -0.86602295905727089 0 
1 11.539450683593751 -82.559658203124997 0 0.86602601084423791 0.49999894854011012 0 
1 11.626053466796876 -82.509658203124999 0 -0.50000423436775354 0.86602295905727389 0 
1 11.326053466796875 -81.990048828124998 0 0.8660229834293055 0.50000419215463054 0 
1 12.10547607421875 -81.540043945312505 0 -0.50000423436773878 0.86602295905728233 0 
1 12.03047607421875 -81.410141601562501 0 -0.86602601084423791 -0.49999894854011012 0 
1 11.943873291015626 -81.460141601562498 0 -0.49999993402635345 0.86602544187433794 0 
1 10.468873291015624 -78.905366210937501 0 0.86602601084424247 0.49999894854010252 0 
1 10.555476074218751 -78.855366210937504 0 -0.50000423436772723 0.8660229590572891 0 
1 10.50547607421875 -78.768764648437497 0 -0.86602601084417652 -0.49999894854021681 0 
1 10.418873291015625 -78.818764648437508 0 -0.49999993527301867 0.86602544115457547 0 
1 7.1688739013671876 -73.189599609375009 0 -0.86602542083962963 -0.49999997045954164 0 
1 3.9212783813476562 -75.064599609375009 0 -0.500004234367741 0.86602295905728111 0 
1 3.8462783813476564 -74.934697265625005 0 -0.86602524790657498 -0.5000002699882824 0 
1 3.7596759033203124 -74.984697265625002 0 0.50000423436774322 -0.86602295905727977 0 
1 3.8346759033203126 -75.114599609375006 0 -0.86602540555489149 -0.4999999969334859 0 
1 -0.40884860992431643 -77.564599609375009 0 -0.49999992432796841 0.86602544747370203 0 
1 -1.8838485717773439 -75.009824218749998 0 0.86602540360861724 0.50000000030453151 0 
1 2.3596759033203125 -72.559824218749995 0 0.49999953584970902 -0.86602567176156819 0 
1 3.2596759033203124 -74.118671875000004 0 0.86602524790657498 0.5000002699882824 0 
1 3.3462783813476564 -74.068671875000007 0 -0.49999953584970902 0.86602567176156819 0 
1 2.4462783813476565 -72.509824218749998 0 0.86602562937616256 0.49999960926346865 0 
1 2.5328810119628908 -72.459824218750001 0 -0.50000423436778541 0.86602295905725557 0 
1 2.4828810119628906 -72.373222656250007 0 -0.86602540498245839 -0.49999999792496908 0 
1 -1.9338485717773437 -74.923222656250005 0 -0.50000014210596888 0.86602532173950375 0 
1 -3.4838485717773438 -72.238544921875004 0 0.86602535689803095 0.50000008120963146 0 
1 -3.1807397460937499 -72.063544921875007 0 0.50000423436776265 -0.86602295905726845 0 
1 -3.03073974609375 -72.323349609375001 0 0.86602543864154224 0.49999993962572076 0 
1 -2.6843295288085938 -72.123349609374998 0 -0.50000433313085924 0.86602290203571675 0 
1 14.9870166015625 -99.131015625000003 0 0.49999718661828696 -0.86602702808503496 0 
1 15.5870166015625 -100.17025390625 0 -0.87691992355215276 -0.48063650264756874 0 
1 13.613459472656251 -101.251953125 0 0.50000423436773878 -0.86602295905728233 0 
1 13.68845947265625 -101.38185546875 0 0.86602529660489225 0.50000018564037407 0 
1 15.723618164062501 -100.20685546875001 0 -0.49999772874698112 0.8660267150890093 0 
1 15.0736181640625 -99.081015625000006 0 -0.86602295905728666 -0.50000423436773134 0 
1 14.412016601562501 -98.135087890625002 0 0.50000423436773878 -0.86602295905728233 0 
1 14.4870166015625 -98.264990234375006 0 0.86602295905728666 0.50000423436773134 0 
1 14.5736181640625 -98.214990234375009 0 -0.50000423436775299 0.86602295905727422 0 
1 14.1736181640625 -97.522177734375006 0 0.8660254004945801 0.50000000569820202 0 
1 14.390124511718751 -97.397177734375006 0 -0.49996195035435237 0.86604737064312598 0 
1 14.34012451171875 -97.310566406250004 0 -0.86602530659429067 -0.50000016833823646 0 
1 12.651375732421876 -98.285566406249998 0 0.49996195035433916 -0.86604737064313375 0 
1 12.701375732421875 -98.372177734375001 0 0.86602520775178315 0.50000033953836542 0 
1 13.52409912109375 -97.897177734375006 0 0.50000423436775621 -0.86602295905727222 0 
1 13.849099121093751 -98.460087890625005 0 0.86602577609481823 0.49999935513895183 0 
1 -10.244747314453125 -52.528325195312505 0 0.50000055310097091 -0.86602508445120874 0 
1 -10.019746704101562 -52.918037109375 0 0.86602533267771453 0.50000012316043885 0 
1 -9.2403240966796876 -52.468037109375004 0 0.50000000569820513 -0.86602540049457843 0 
1 -8.7403240966796876 -53.334062500000002 0 -0.86602540049457888 -0.50000000569820402 0 
1 -9.3898431396484376 -53.709062500000002 0 0.50000423436775798 -0.86602295905727134 0 
1 -9.3398431396484369 -53.795664062500002 0 0.86602540049457888 0.50000000569820402 0 
1 -8.6903240966796869 -53.420664062500002 0 0.49999991939944649 -0.86602545031918488 0 
1 -7.4653240966796872 -55.5424267578125 0 -0.86602530659428778 -0.50000016833824157 0 
1 -8.0282403564453126 -55.867426757812503 0 0.50000071047232353 -0.86602499359266272 0 
1 -7.7282403564453128 -56.387041015625002 0 0.86602534094806483 0.50000010883577617 0 
1 -5.9528887939453128 -55.362041015625003 0 0.50000423436775132 -0.86602295905727511 0 
1 -5.902888793945313 -55.448642578125003 0 0.86602601084420938 0.49999894854015964 0 
1 -5.8162860107421874 -55.398642578124999 0 -0.50000423436775132 0.86602295905727511 0 
1 -5.8662860107421873 -55.312041015624999 0 0.86602542955893613 0.49999995535725827 0 
1 -4.9569592285156254 -54.787041015625 0 -0.50000423436775931 0.86602295905727045 0 
1 -5.0319592285156247 -54.657138671875003 0 -0.86602543864154624 -0.49999993962571393 0 
1 -7.1104205322265628 -55.857138671874999 0 -0.49999973578515061 0.86602555632889933 0 
1 -9.4604205322265624 -51.786816406250004 0 -0.86602543864154624 -0.49999993962571393 0 
1 -11.5388818359375 -52.98681640625 0 -0.50000034593377951 0.86602520405938566 0 
1 -12.626381835937501 -51.103212890625002 0 0.86602545598107072 0.4999999095927703 0 
1 -9.7684973144531249 -49.453212890625004 0 -0.49999985988307616 0.86602548468096729 0 
1 -11.218497314453126 -46.941738281250004 0 0.86602534742051274 0.50000009762517073 0 
1 -10.222568359375 -46.366738281250001 0 -0.49999925946858886 0.8660258313300262 0 
1 -10.647568359375001 -45.630615234375 0 0.86602542018333761 0.4999999715962728 0 
1 -5.2782104492187498 -42.530615234374999 0 -0.50000020706207182 0.86602528423706282 0 
1 -5.8032104492187502 -41.621289062500004 0 -0.86602601084423791 -0.49999894854011012 0 
1 -5.8898132324218748 -41.671289062500001 0 0.49999859615493275 -0.866026214293249 0 
1 -5.5148132324218748 -42.320810546875002 0 -0.86602538254305983 -0.50000003679114557 0 
1 -6.987056274414063 -43.170810546875003 0 -0.49999859615493275 0.866026214293249 0 
1 -7.362056274414063 -42.521289062500003 0 -0.86602601084423791 -0.49999894854011012 0 
1 -7.4486590576171876 -42.5712890625 0 0.49999859615493275 -0.866026214293249 0 
1 -7.0736590576171876 -43.220810546875001 0 -0.8660253721061284 -0.50000005486843879 0 
1 -8.9356134033203123 -44.295810546875003 0 -0.49999859615493275 0.866026214293249 0 
1 -9.3106134033203123 -43.646289062500003 0 -0.86602601084423791 -0.49999894854011012 0 
1 -9.3972161865234369 -43.6962890625 0 0.49999859615493275 -0.866026214293249 0 
1 -9.0222161865234369 -44.345810546875001 0 -0.86602540049457921 -0.50000000569820358 0 
1 -9.8882415771484382 -44.845810546875001 0 -0.49999979016271806 0.86602552493401586 0 
1 -10.7882421875 -43.286962890624999 0 0.86602555308235385 0.49999974140833631 0 
1 -9.9222161865234373 -42.786962890624999 0 0.50000423436773878 -0.86602295905728233 0 
1 -9.847216186523438 -42.916865234375003 0 0.86602601084420727 0.49999894854016352 0 
1 -9.7606134033203134 -42.866865234374998 0 -0.50000423436775931 0.86602295905727045 0 
1 -9.8356134033203126 -42.736962890625001 0 0.8660253721061284 0.50000005486843879 0 
1 -7.973659057617188 -41.661962890624999 0 0.50000423436774322 -0.86602295905727977 0 
1 -7.8986590576171878 -41.791865234375003 0 0.86602601084420938 0.49999894854015964 0 
1 -7.8120562744140623 -41.741865234374998 0 -0.50000423436776376 0.866022959057268 0 
1 -7.8870562744140624 -41.611962890625001 0 0.86602538254305972 0.5000000367911458 0 
1 -6.4148132324218752 -40.761962890625 0 0.49999718661828818 -0.8660270280850344 0 
1 -6.339813232421875 -40.891867675781249 0 0.86602601084423791 0.49999894854011012 0 
1 -6.2532104492187504 -40.841867675781252 0 -0.50000009762516939 0.86602534742051351 0 
1 -7.4032104492187498 -38.850009765625003 0 0.86602448496283002 0.50000159144233247 0 
1 -7.3166082763671874 -38.800009765624999 0 -0.49999366280566304 0.86602906253437995 0 
1 -7.3666082763671881 -38.713405761718754 0 -0.86602524790657398 -0.50000026998828428 0 
1 -7.5398132324218752 -38.813405761718748 0 0.49999980901734986 -0.86602551404829509 0 
1 -6.464813232421875 -40.675361328125 0 -0.8660254168798549 -0.49999997731807305 0 
1 -12.916702880859376 -44.400361328125001 0 0.50000423436775876 -0.86602295905727078 0 
1 -12.791702880859376 -44.616865234374998 0 0.86602601084423791 0.49999894854011012 0 
1 -12.705100097656251 -44.566865234375001 0 -0.50000423436775931 0.86602295905727045 0 
1 -12.78010009765625 -44.436962890625004 0 0.86602547230062032 0.49999988132647338 0 
1 -11.307856445312501 -43.586962890625003 0 0.49999953584971263 -0.8660256717615662 0 
1 -10.4078564453125 -45.145810546874998 0 -0.86602540049457888 -0.50000000569820402 0 
1 -11.05737548828125 -45.520810546874998 0 0.50000000569820202 -0.8660254004945801 0 
1 -10.55737548828125 -46.386835937500003 0 -0.86602552898956253 -0.49999978313830146 0 
1 -11.38010009765625 -46.861835937500004 0 -0.49999940160741857 0.86602574926628106 0 
1 -12.25510009765625 -45.346289062499999 0 -0.86602601084420727 -0.49999894854016352 0 
1 -12.341702880859375 -45.396289062500003 0 0.49999978313829924 -0.86602552898956386 0 
1 -11.866702880859375 -46.219013671875004 0 -0.86602601084423791 -0.49999894854011012 0 
1 -11.9533056640625 -46.269013671875001 0 0.50000423436774466 -0.866022959057279 0 
1 -11.903305664062501 -46.355615234375001 0 0.86602601084423791 0.49999894854011012 0 
1 -11.816702880859376 -46.305615234375004 0 0.5000001942040192 -0.86602529166066677 0 
1 -10.041702270507812 -49.3800048828125 0 -0.86602542703160068 -0.49999995973473216 0 
1 -15.021348876953125 -52.2550048828125 0 -0.50000006525651697 0.86602536610856773 0 
1 -16.796348876953125 -49.180615234375004 0 0.86602538736873735 0.50000002843282776 0 
1 -12.7693310546875 -46.855615234375001 0 -0.50000423436775798 0.86602295905727134 0 
1 -12.819331054687501 -46.769013671875001 0 -0.86602499359265439 -0.50000071047233796 0 
1 -12.949234619140626 -46.844013671875004 0 -0.50000423436773878 0.86602295905728233 0 
1 -13.024234619140625 -46.714111328125 0 -0.86602601084420727 -0.49999894854016352 0 
1 -13.11083740234375 -46.764111328125004 0 0.50000423436775931 -0.86602295905727045 0 
1 -13.03583740234375 -46.894013671875001 0 -0.86602538662295081 -0.5000000297245677 0 
1 -16.846348876953126 -49.094013671875004 0 -0.50000028760765269 0.86602523773401929 0 
1 -18.721348876953126 -45.846420898437501 0 0.86602544868021836 0.49999992223822048 0 
1 -15.430451660156251 -43.946420898437502 0 0.50000121388342378 -0.86602470294738287 0 
1 -15.08045166015625 -44.552636718750001 0 0.86602499359266472 0.5000007104723202 0 
1 -14.560837402343751 -44.252636718750004 0 0.49999978313830151 -0.86602552898956242 0 
1 -13.61083740234375 -45.898085937499999 0 0.86602601084423791 0.49999894854011012 0 
1 -13.524234619140625 -45.848085937500002 0 -0.49999963799062536 0.86602561279054768 0 
1 -14.674234619140625 -43.856225585937501 0 0.86602499359265439 0.50000071047233796 0 
1 -14.5443310546875 -43.781225585937499 0 -0.50000423436775798 0.86602295905727134 0 
1 -14.594331054687501 -43.694624023437498 0 -0.86602499359265439 -0.50000071047233796 0 
1 -14.724234619140626 -43.769624023437501 0 -0.49999915997144695 0.86602588877460662 0 
1 -15.349234619140626 -42.687089843750002 0 -0.86602601084423791 -0.49999894854011012 0 
1 -15.435837402343751 -42.737089843749999 0 0.49999925946858886 -0.8660258313300262 0 
1 -15.01083740234375 -43.473212890625 0 -0.86602535413875115 -0.50000008598884327 0 
1 -18.431636962890625 -45.448212890625001 0 0.50000423436775798 -0.86602295905727134 0 
1 -18.381636962890624 -45.534814453125001 0 -0.86602567176156675 -0.49999953584971141 0 
1 -18.771348876953127 -45.759814453125003 0 -0.5000002070620676 0.86602528423706515 0 
1 -19.821348876953124 -43.941162109375 0 0.86602538662295148 0.5000000297245667 0 
1 -16.01083740234375 -41.741162109375004 0 0.50000423436775931 -0.86602295905727045 0 
1 -15.935837402343751 -41.871064453125001 0 0.86602601084423791 0.49999894854011012 0 
1 -15.849234619140626 -41.821064453125004 0 -0.50000423436774644 0.86602295905727789 0 
1 -15.974234619140626 -41.604560546875 0 -0.86602540049457877 -0.50000000569820424 0 
1 -19.871348876953125 -43.854560546875 0 -0.49999976591959366 0.86602553893078216 0 
1 -22.22134765625 -39.78424072265625 0 0.86602537944797031 0.50000004215199723 0 
1 -17.198400878906252 -36.884240722656251 0 0.50000009288666591 -0.86602535015629045 0 
1 -14.77340087890625 -41.084462890624998 0 0.86602675552824115 0.49999765870374618 0 
1 -14.25378662109375 -40.784465332031253 0 0.50000018564037607 -0.86602529660489103 0 
1 -13.07878662109375 -42.819624023437498 0 -0.86602540049457888 -0.50000000569820402 0 
1 -13.7283056640625 -43.194624023437498 0 0.50000423436774466 -0.866022959057279 0 
1 -13.678305664062501 -43.281225585937499 0 0.86602547230062266 0.49999988132646939 0 
1 -12.942183837890624 -42.856225585937501 0 -0.50000050318564704 0.86602511326987497 0 
1 -13.792183837890626 -41.383984375000004 0 0.86602540049457899 0.50000000569820402 0 
1 -12.060133056640625 -40.383984375000004 0 0.50000060979020633 -0.86602505172161259 0 
1 -11.185133056640625 -41.899526367187498 0 0.86602601084423791 0.49999894854011012 0 
1 -11.0985302734375 -41.849526367187501 0 -0.50000039012024577 0.86602517854829242 0 
1 -12.4735302734375 -39.467958984375002 0 -0.86602601084423791 -0.49999894854011012 0 
1 -12.560133056640625 -39.517958984374999 0 0.50000071047232153 -0.86602499359266405 0 
1 -12.110133056640626 -40.297380371093752 0 -0.86602524790656144 -0.50000026998830582 0 
1 -13.14936279296875 -40.897380371093753 0 -0.50000000569820102 0.86602540049458077 0 
1 -13.52436279296875 -40.247861328124998 0 -0.86602557488058662 -0.4999997036526615 0 
1 -14.73679931640625 -40.947861328125001 0 -0.50000000569820469 0.86602540049457855 0 
1 -17.111799316406252 -36.834240722656254 0 0.86602542396963633 0.49999996503821037 0 
1 -14.860133056640626 -35.53424072265625 0 0.50000006525651608 -0.86602536610856828 0 
1 -13.085133056640625 -38.608630371093753 0 0.86602601084420727 0.49999894854016352 0 
1 -12.998530273437501 -38.558630371093749 0 -0.50000006525651697 0.86602536610856773 0 
1 -14.773530273437501 -35.484240722656253 0 0.86602541376309028 0.49999998271646795 0 
1 -10.789813232421876 -33.184240722656249 0 0.50000005790363755 -0.86602537035375537 0 
1 -8.7648132324218757 -36.69164306640625 0 0.86602601084423791 0.49999894854011012 0 
1 -8.6782104492187511 -36.641643066406253 0 -0.50000005790363722 0.8660253703537556 0 
1 -10.70321044921875 -33.134240722656251 0 0.86602540049457899 0.50000000569820424 0 
1 -7.2391088867187499 -31.134240722656251 0 0.50000006525651586 -0.8660253661085684 0 
1 -5.4641088867187504 -34.208630371093754 0 -0.86602550221979113 -0.49999982950492927 0 
1 -5.723916625976563 -34.358630371093753 0 -0.50000423436773878 0.86602295905728233 0 
1 -5.7989166259765623 -34.228728027343749 0 -0.86602542646698255 -0.49999996071267955 0 
1 -7.8340765380859381 -35.403728027343753 0 0.50000016833823846 -0.86602530659428956 0 
1 -7.1840765380859377 -36.529560546875004 0 0.86602601084420727 0.49999894854016352 0 
1 -7.0974737548828131 -36.479560546875 0 -0.4999998295049326 0.86602550221978924 0 
1 -7.6974737548828127 -35.440329589843749 0 0.86602534327410174 0.50000010480696322 0 
1 -6.3118334960937501 -34.640329589843752 0 0.49999718661828818 -0.8660270280850344 0 
1 -6.2368334960937499 -34.770234375000001 0 0.86602552898956264 0.49999978313830096 0 
1 -5.4141088867187497 -34.295234375 0 0.50000000110613751 -0.86602540314580989 0 
1 -3.5141091918945313 -37.586130371093752 0 -0.86602536837080546 -0.50000006133820707 0 
1 -4.3368331909179689 -38.061130371093753 0 0.50000423436775132 -0.86602295905727511 0 
1 -4.2868331909179691 -38.147731933593754 0 0.86602536837080546 0.50000006133820707 0 
1 -3.4641091918945315 -37.672731933593752 0 0.49999990959277113 -0.86602545598107039 0 
1 -2.3641091918945314 -39.577988281250001 0 -0.86602540759168944 -0.49999999340564794 0 
1 -4.2260638427734376 -40.652988281250003 0 -0.50000121388342189 0.86602470294738398 0 
1 -4.4010638427734374 -40.349880371093754 0 -0.86602524790657498 -0.5000002699882824 0 
1 -4.5742687988281254 -40.449880371093748 0 0.49999993085503208 -0.86602544370530088 0 
1 -1.749268798828125 -45.342924804687499 0 0.86602543864154224 0.49999993962572076 0 
1 -1.5760636901855469 -45.242924804687497 0 -0.49999998704607734 0.86602541126338928 0 
1 -4.1760638427734378 -40.739592285156249 0 0.86602540759169111 0.49999999340564544 0 
1 -2.3141091918945311 -39.664592285156253 0 0.49999996946314706 -0.86602542141489813 0 
1 0.035890862941741944 -43.734912109375003 0 0.86602541133877897 0.49999998691549852 0 
1 1.3782302856445312 -42.959912109375004 0 0.50000009380924615 -0.86602534962363842 0 
1 7.2782299804687502 -53.1790087890625 0 -0.86602540049457888 -0.50000000569820424 0 
1 6.1956982421875004 -53.8040087890625 0 -0.50000001491660107 0.8660253951723349 0 
1 1.4081985473632812 -45.511816406249999 0 -0.86602540308081422 -0.50000000121871324 0 
1 -3.7013513183593751 -48.461816406250001 0 0.49999949346419753 -0.86602569623282311 0 
1 -2.3513514709472658 -50.800087890625001 0 -0.86602538728985623 -0.50000002856945391 0 
1 -6.8546832275390628 -53.400087890625002 0 0.50000423436775354 -0.86602295905727389 0 
1 -6.7046832275390624 -53.659892578125003 0 0.86602536837080535 0.50000006133820707 0 
1 -4.23651123046875 -52.234892578124999 0 0.50000423436775132 -0.86602295905727511 0 
1 -4.1865112304687502 -52.321494140624999 0 0.86602601084424014 0.49999894854010635 0 
1 -4.0999084472656246 -52.271494140625002 0 -0.50000423436775798 0.86602295905727134 0 
1 -4.1499084472656254 -52.184892578125002 0 0.86602540049457888 0.50000000569820402 0 
1 -1.335325927734375 -50.559892578125002 0 -0.50000423436775299 0.86602295905727422 0 
1 -1.385325927734375 -50.473291015625001 0 -0.86602541139371281 -0.4999999868203503 0 
1 -1.9915437316894531 -50.823291015625003 0 -0.50000028824052412 0.86602523736863057 0 
1 -3.316543884277344 -48.528325195312505 0 0.86602541095423191 0.49999998758155356 0 
1 -0.63186504364013674 -46.9783251953125 0 0.50000055726041681 -0.86602508204974804 0 
1 -0.3443650436401367 -47.476289062500001 0 0.86602543864155757 0.49999993962569411 0 
1 -0.25776248931884765 -47.426289062500004 0 -0.50000055726041681 0.86602508204974804 0 
1 -0.54526248931884769 -46.928325195312503 0 0.86602540396248395 0.49999999969161657 0 
1 0.40736545562744142 -46.378325195312499 0 -0.49999013903437839 0.86603109694074087 0 
1 0.33236545562744141 -46.248417968749997 0 0.86602541003132194 0.4999999891800806 0 
1 1.198390884399414 -45.748417968749997 0 0.4999996832167844 -0.86602558667923624 0 
1 2.598390808105469 -48.173291015625004 0 -0.86602539322848904 -0.50000001828344076 0 
1 0.77973754882812507 -49.223291015625001 0 -0.50000032733389865 0.86602521479804162 0 
1 0.24223751068115235 -48.292314453125002 0 -0.86602539095784725 -0.50000002221630724 0 
1 0.15563497543334961 -48.342314453124999 0 0.500000314026813 -0.86602522248089775 0 
1 0.69313499450683591 -49.273291015624999 0 -0.8660254045817537 -0.49999999861900973 0 
1 -0.51930057525634765 -49.973291015625001 0 0.50000423436775254 -0.86602295905727444 0 
1 -0.46930057525634766 -50.059892578125002 0 0.86602540526295069 0.49999999743914225 0 
1 1.2627502441406251 -49.059892578125002 0 0.49999953584971135 -0.86602567176156686 0 
1 1.9377502441406251 -50.229028320312501 0 0.86602524790657431 0.50000026998828329 0 
1 2.0243527221679689 -50.179028320312504 0 -0.49999953584971135 0.86602567176156686 0 
1 1.3493527221679689 -49.009892578125005 0 0.86602540049457899 0.50000000569820424 0 
1 2.6483908081054688 -48.259892578125005 0 0.49999973578515061 -0.86602555632889933 0 
1 4.9983908081054684 -52.330214843749999 0 -0.86602540049457888 -0.50000000569820424 0 
1 3.6993527221679687 -53.080214843749999 0 -0.4999995358497113 0.86602567176156697 0 
1 3.0243527221679689 -51.9110791015625 0 -0.86602524790654423 -0.50000026998833569 0 
1 2.9377502441406249 -51.961079101562504 0 0.49999953584971152 -0.86602567176156686 0 
1 3.6127502441406252 -53.130214843750004 0 -0.86602540467506961 -0.49999999845738186 0 
1 0.45175750732421877 -54.955214843749999 0 0.50000423436774633 -0.866022959057278 0 
1 0.57675750732421871 -55.171718750000004 0 0.86602543864152715 0.4999999396257469 0 
1 0.66336006164550787 -55.121718749999999 0 -0.50000442510312815 0.86602284893488257 0 
1 0.58836002349853522 -54.991816406250003 0 0.86602540206226253 0.50000000298289671 0 
1 3.749352722167969 -53.16681640625 0 0.500004234367741 -0.86602295905728111 0 
1 3.8243527221679687 -53.296718750000004 0 0.86602538662294937 0.50000002972457014 0 
1 4.7769805908203127 -52.746718749999999 0 -0.50000423436776376 0.866022959057268 0 
1 4.7019805908203125 -52.616816406250003 0 0.86602543864154247 0.49999993962572026 0 
1 5.0483908081054691 -52.41681640625 0 0.50000001161340557 -0.8660253970794356 0 
1 6.5233911132812503 -54.971591796875003 0 -0.86602541827180823 -0.49999997490713899 0 
1 2.0633599853515627 -57.546591796874999 0 -0.49999950406057753 0.8660256901150083 0 
1 1.1633600616455078 -55.987744140625004 0 -0.86602543864155734 -0.49999993962569461 0 
1 1.0767575073242188 -56.037744140625001 0 0.4999997831382994 -0.86602552898956375 0 
1 1.5517575073242187 -56.860468750000003 0 -0.86602524790657398 -0.50000026998828428 0 
1 1.4651550292968751 -56.91046875 0 0.50000423436775132 -0.86602295905727511 0 
1 1.515155029296875 -56.9970703125 0 0.86602524790657431 0.50000026998828329 0 
1 1.6017575073242187 -56.947070312500003 0 0.49999925946858836 -0.86602583133002631 0 
1 2.026757507324219 -57.683193359375004 0 0.86602541502675845 0.49999998052773054 0 
1 6.5733911132812501 -55.058193359375004 0 0.49999974941711711 -0.86602554845848523 0 
1 8.2233911132812505 -57.916079101562502 0 -0.86602540759169 -0.49999999340564705 0 
1 2.6375271606445314 -61.141079101562504 0 -0.49999967664226597 0.86602559047503291 0 
1 0.56252700805664069 -57.547070312500004 0 0.86602543864152681 0.4999999396257474 0 
1 0.64912956237792974 -57.4970703125 0 -0.50000423436775299 0.86602295905727422 0 
1 0.59912956237792969 -57.41046875 0 -0.86602543864152681 -0.4999999396257474 0 
1 0.51252700805664064 -57.460468750000004 0 -0.50000039012024511 0.86602517854829308 0 
1 -0.58747299194335934 -55.555214843750001 0 -0.86602539677292312 -0.50000001214430079 0 
1 -2.3628250122070313 -56.580214843749999 0 -0.49999985988307594 0.86602548468096741 0 
1 -3.8128250122070315 -54.068740234374999 0 0.86602542396963988 0.49999996503820421 0 
1 -3.249908447265625 -53.743740234375004 0 -0.49999819342949825 0.86602644680589169 0 
1 -3.5999084472656251 -53.13751953125 0 -0.86602601084420838 -0.49999894854016158 0 
1 -3.6865112304687502 -53.187519531250004 0 0.49999718661828751 -0.86602702808503462 0 
1 -3.3865112304687499 -53.707138671875001 0 -0.86602533267771109 -0.50000012316044451 0 
1 -4.1659338378906252 -54.157138671875003 0 0.50000423436776376 -0.866022959057268 0 
1 -4.090933837890625 -54.287041015625 0 0.86602524790657498 0.5000002699882824 0 
1 -4.004331359863281 -54.237041015625003 0 0.49999993402635301 -0.86602544187433816 0 
1 -2.5293313598632814 -56.79181640625 0 -0.86602524790654323 -0.50000026998833758 0 
1 -2.6159338378906249 -56.841816406250004 0 0.50000423436775132 -0.86602295905727511 0 
1 -2.5659338378906251 -56.928417968750004 0 0.86602524790654423 0.50000026998833569 0 
1 -2.4793313598632811 -56.87841796875 0 0.49999999689505648 -0.86602540557707852 0 
1 0.77066856384277349 -62.507583007812499 0 0.86602540558084196 0.49999999688853813 0 
1 4.0182638549804688 -60.632583007812499 0 0.50000423436774322 -0.86602295905727977 0 
1 4.093263854980469 -60.762485351562503 0 0.86602524790654423 0.50000026998833569 0 
1 4.179866333007813 -60.712485351562499 0 -0.50000423436776376 0.866022959057268 0 
1 4.1048663330078128 -60.582583007812502 0 0.86602541917880915 0.49999997333616747 0 
1 8.3483911132812505 -58.132583007812499 0 0.49999993402635196 -0.86602544187433883 0 
1 9.8233911132812501 -60.687358398437503 0 -0.8660254191788096 -0.4999999733361663 0 
1 5.5798663330078124 -63.137358398437499 0 -0.4999995358497123 0.86602567176156642 0 
1 4.679866333007813 -61.578510742187504 0 -0.86602524790657498 -0.5000002699882824 0 
1 4.593263854980469 -61.628510742187501 0 0.49999940869315845 -0.86602574517533359 0 
1 5.4932635498046878 -63.187358398437503 0 -0.86602448496286066 -0.50000159144227907 0 
1 5.4066613769531253 -63.2373583984375 0 0.50000423436775132 -0.86602295905727511 0 
1 5.4566613769531251 -63.323959960937501 0 0.86602541246225651 0.49999998496957815 0 
1 9.8733911132812509 -60.773959960937503 0 0.50000014210596866 -0.86602532173950397 0 
1 11.42339111328125 -63.458637695312504 0 -0.86602557488059051 -0.49999970365265506 0 
1 11.120281982421876 -63.633637695312501 0 -0.50000423436775354 0.86602295905727389 0 
1 10.970281982421875 -63.3738330078125 0 -0.86602524790655966 -0.50000026998830904 0 
1 10.623872070312499 -63.573833007812503 0 0.50000249314610778 -0.86602396436107731 0 
1 10.748265380859376 -63.789287109375003 0 -0.86753649546847422 -0.49737353068923756 0 
1 6.0201696777343754 -66.499985351562501 0 -0.49999992660392845 0.86602544615967614 0 
1 4.5040335083007816 -63.873959960937505 0 0.86602524790654212 0.50000026998833957 0 
1 4.5906359863281248 -63.823959960937501 0 -0.50000423436775132 0.86602295905727511 0 
1 4.5406359863281249 -63.7373583984375 0 -0.86602524790654423 -0.50000026998833569 0 
1 4.4540335083007809 -63.787358398437505 0 -0.50000142077720389 0.86602458349678357 0 
1 4.1451696777343754 -63.252392578125004 0 -0.86602524790657498 -0.5000002699882824 0 
1 4.0585671997070314 -63.302392578125001 0 0.50000060979020455 -0.86602505172161359 0 
1 4.9335671997070314 -64.817934570312502 0 -0.86602539095783582 -0.50000002221632733 0 
1 3.5479266357421877 -65.617934570312499 0 -0.49999989934545624 0.86602546189735874 0 
1 2.0979264831542968 -63.106459960937499 0 0.86602541479969397 0.49999998092101783 0 
1 3.4835671997070312 -62.306459960937502 0 0.49999013903437922 -0.86603109694074043 0 
1 3.5585671997070314 -62.436367187500004 0 0.86602524790654323 0.50000026998833758 0 
1 3.6451696777343749 -62.386367187499999 0 -0.49999577708826837 0.86602784186993575 0 
1 3.5201696777343749 -62.169858398437505 0 -0.86602539750265961 -0.50000001088036028 0 
1 1.3118049621582031 -63.444858398437503 0 0.50000423436775299 -0.86602295905727422 0 
1 1.3618049621582031 -63.531459960937504 0 0.86602540049457888 0.50000000569820402 0 
1 2.0113240051269532 -63.156459960937504 0 0.49999982042069357 -0.86602550746457474 0 
1 3.4613238525390626 -65.667934570312497 0 -0.86602538662294926 -0.50000002972457014 0 
1 1.5560681152343749 -66.767934570312505 0 -0.50000279769057132 0.86602378853100881 0 
1 1.4649317932128907 -66.610083007812506 0 -0.86602562937616256 -0.49999960926346865 0 
1 1.3783291625976564 -66.660083007812503 0 0.49999900212666132 -0.86602597990611285 0 
1 1.5944656372070314 -67.034443359375004 0 0.86602524790657398 0.50000026998828428 0 
1 1.6810681152343749 -66.984443359375007 0 -0.49999013903435757 0.86603109694075286 0 
1 1.606068115234375 -66.854536132812498 0 0.86602540440708875 0.49999999892153851 0 
1 4.9835671997070312 -64.904536132812495 0 0.50000000366435426 -0.86602540166882269 0 
1 5.9334155273437501 -66.549721679687508 0 -0.86753652881769205 -0.49737347252034819 0 
1 -3.2191372680664063 -71.797036132812508 0 0.50000423436778429 -0.86602295905725601 0 
1 -3.1441372680664061 -71.926938476562498 0 -0.86602533267770443 -0.50000012316045617 0 
1 -3.533848571777344 -72.151938476562506 0 -0.5000001297302713 0.86602532888461869 0 
1 -5.3088488769531255 -69.077548828125003 0 0.86602550221978092 0.49999982950494709 0 
1 -4.9191372680664065 -68.852548828124995 0 0.49998309161598958 -0.86603516562442007 0 
1 -4.8691372680664067 -68.939155273437507 0 0.86602540806573347 0.49999999258457989 0 
1 0.80332923889160157 -65.664155273437501 0 0.50000423436774211 -0.86602295905728044 0 
1 0.87832923889160153 -65.794057617187505 0 0.86602524790657431 0.50000026998828329 0 
1 0.9649317169189453 -65.744057617187508 0 -0.50000423436774211 0.86602295905728044 0 
1 0.88993171691894535 -65.614155273437504 0 0.86602543864153725 0.49999993962572947 0 
1 1.1497393798828126 -65.464155273437498 0 -0.49999953584971163 0.86602567176156664 0 
1 -0.65026062011718755 -62.346459960937501 0 -0.86602539462581396 -0.50000001586320286 0 
1 -1.7760935974121095 -62.9964599609375 0 0.50000423436775299 -0.86602295905727422 0 
1 -1.7260935974121094 -63.0830615234375 0 0.86602539095783448 0.50000002221632944 0 
1 -0.68686317443847655 -62.483061523437499 0 0.49999988132647283 -0.86602547230062077 0 
1 1.0131368255615234 -65.427548828124998 0 -0.86602540498245717 -0.49999999792497107 0 
1 -1.1952279663085938 -66.702548828125003 0 -0.50000071047231875 0.8660249935926656 0 
1 -1.4952279663085939 -66.182934570312497 0 -0.86602539095783182 -0.50000002221633411 0 
1 -2.1880482482910155 -66.582934570312503 0 -0.500000459478391 0.8660251385043034 0 
1 -3.0130484008789065 -65.153994140625002 0 -0.86602524790657398 -0.50000026998828428 0 
1 -3.09965087890625 -65.203994140624999 0 0.50000098153973116 -0.86602483709146894 0 
1 -2.7746508789062498 -65.766909179687502 0 -0.86602524790657498 -0.5000002699882824 0 
1 -2.8612533569335938 -65.816909179687499 0 0.50000423436772046 -0.86602295905729287 0 
1 -2.811253356933594 -65.903510742187507 0 0.86602524790651347 0.50000026998838898 0 
1 -2.72465087890625 -65.853510742187495 0 0.50000000569820102 -0.86602540049458077 0 
1 -1.97465087890625 -67.152548828125006 0 -0.86602540049457899 -0.50000000569820424 0 
1 -2.84067626953125 -67.652548828125006 0 -0.50000000569820102 0.86602540049458077 0 
1 -3.59067626953125 -66.353510742187495 0 0.86602562937616256 0.49999960926346865 0 
1 -3.4174710083007813 -66.253510742187501 0 -0.50000423436778207 0.86602295905725735 0 
1 -3.4674710083007811 -66.166909179687508 0 -0.86602540049457899 -0.50000000569820402 0 
1 -3.9004837036132813 -66.416909179687508 0 0.50000423436778207 -0.86602295905725735 0 
1 -3.8504837036132815 -66.503510742187501 0 0.86602524790657431 0.50000026998828329 0 
1 -3.677278747558594 -66.403510742187507 0 0.50000000569820513 -0.86602540049457832 0 
1 -2.927278747558594 -67.702548828125003 0 -0.86602540049457888 -0.50000000569820424 0 
1 -4.0098104858398438 -68.327548828125003 0 -0.50000423436775132 0.86602295905727511 0 
1 -4.1098104858398434 -68.154345703125003 0 -0.86602542955893336 -0.49999995535726294 0 
1 -5.0191372680664061 -68.679345703125009 0 0.50000423436778207 -0.86602295905725735 0 
1 -4.9691372680664063 -68.765947265625002 0 -0.86602550221979469 -0.49999982950492339 0 
1 -5.3588488769531253 -68.990947265624996 0 -0.49999970365266339 0.86602557488058562 0 
1 -6.0588488769531255 -67.778510742187507 0 0.86602543348654804 0.49999994855443375 0 
1 -4.4567016601562504 -66.853510742187495 0 -0.50000423436778207 0.86602295905725735 0 
1 -4.5067016601562502 -66.766909179687502 0 -0.86602543348655137 -0.49999994855442803 0 
1 -6.1088488769531253 -67.691909179687499 0 -0.50000039012024555 0.86602517854829275 0 
1 -6.9338488769531255 -66.262968749999999 0 0.86602562937614769 0.49999960926349429 0 
1 -6.5874383544921873 -66.062968749999996 0 0.50000423436772046 -0.86602295905729287 0 
1 -6.5374383544921875 -66.149570312500003 0 0.86602534742051263 0.50000009762517106 0 
1 -5.5415093994140623 -65.574570312500001 0 -0.50000423436775465 0.86602295905727322 0 
1 -5.6415093994140628 -65.4013671875 0 0.86602541376308961 0.49999998271646906 0 
1 -3.6496508789062503 -64.251367187499994 0 0.50000423436772379 -0.86602295905729088 0 
1 -3.59965087890625 -64.337968750000002 0 0.86602524790657398 0.50000026998828428 0 
1 -3.5130484008789065 -64.287968750000005 0 -0.50000423436772046 0.86602295905729287 0 
1 -3.5630484008789063 -64.201367187499997 0 0.86602545598107172 0.4999999095927688 0 
1 -2.6104202270507812 -63.6513671875 0 -0.49999013903437922 0.86603109694074043 0 
1 -2.6854202270507814 -63.521459960937499 0 -0.86602540498245861 -0.49999999792496846 0 
1 -5.6299066162109375 -65.221459960937494 0 -0.50000011796299793 0.86602533567845941 0 
1 -8.4549066162109376 -60.328417968750003 0 0.86602540575623055 0.49999999658475636 0 
1 -3.4319592285156251 -57.428417968750004 0 -0.50000423436775132 0.86602295905727511 0 
1 -3.4819592285156249 -57.341816406250004 0 -0.86602542955893624 -0.49999995535725789 0 
1 -4.3912860107421876 -57.866816406250003 0 -0.49999966283571812 0.86602559844624005 0 
1 -5.3162860107421874 -56.264667968750004 0 -0.86602601084424014 -0.49999894854010635 0 
1 -5.402888793945313 -56.314667968750001 0 0.49999978655558641 -0.86602552701659319 0 
1 -4.4778884887695316 -57.91681640625 0 -0.86602540377603876 -0.50000000001454903 0 
1 -8.5049066162109384 -60.241816406250003 0 -0.4999871648743236 0.86603281402088683 0 
1 -8.5338464355468755 -60.191689453125001 0 -0.86602601084423791 -0.49999894854011012 0 
1 -8.6204492187500001 -60.241689453124998 0 0.50000005974922257 -0.86602536928820606 0 
1 -5.716509399414063 -65.271459960937506 0 -0.86602534742051773 -0.50000009762516207 0 
1 -6.7124383544921873 -65.846459960937494 0 0.50000423436772046 -0.86602295905729287 0 
1 -6.6624383544921875 -65.933061523437502 0 -0.86602533267771775 -0.50000012316043285 0 
1 -7.0521496582031249 -66.158061523437496 0 -0.50000003568855866 0.86602538317963873 0 
1 -10.577149658203124 -60.052583007812501 0 0.86602533267771098 0.50000012316044473 0 
1 -10.187438354492187 -59.8275830078125 0 0.49999013903437478 -0.86603109694074298 0 
1 -10.112438354492188 -59.957490234375001 0 0.86602534742051229 0.50000009762517139 0 
1 -9.1165093994140634 -59.382490234374998 0 0.99985192828052638 0.017208181592288728 0 
1 -9.0021752929687509 -59.380522460937499 0 -0.49999630888251001 0.86602753484162709 0 
1 -9.1549066162109369 -59.115981445312499 0 -0.86602545598106995 -0.49999990959277196 0 
1 -10.583848876953125 -59.940981445312502 0 -0.50000047554743299 0.86602512922682617 0 
1 -11.708848876953125 -57.992426757812503 0 0.86602557488058796 0.49999970365265939 0 
1 -10.799521484375001 -57.467426757812504 0 -0.50000000569820202 0.8660254004945801 0 
1 -11.299521484375001 -56.601401367187499 0 0.86602531726478138 0.50000014985641228 0 
1 -9.3942663574218752 -55.501401367187498 0 -0.49999819342950846 0.86602644680588581 0 
1 -9.5692663574218759 -55.198291015625003 0 -0.86602524790655733 -0.50000026998831282 0 
1 -9.7424713134765621 -55.298291015625004 0 -0.49999997397116974 0.86602541881219031 0 
1 -10.292470703125 -54.345664062499999 0 0.86602448496285844 0.50000159144228296 0 
1 -10.205868530273438 -54.295664062500002 0 -0.50000881199643443 0.86602031611614883 0 
1 -10.255869140625 -54.209062500000002 0 -0.86602531726478138 -0.50000014985641228 0 
1 -12.161124267578126 -55.309062500000003 0 0.5000009815397336 -0.8660248370914676 0 
1 -11.511124267578126 -56.434892578125002 0 0.86602601084423791 0.49999894854011012 0 
1 -11.424521484375001 -56.384892578125005 0 0.5000042343677682 -0.86602295905726523 0 
1 -11.349521484375 -56.514794921875001 0 -0.86602601084423791 -0.49999894854011012 0 
1 -11.436124267578125 -56.564794921874999 0 0.50000000569820202 -0.8660254004945801 0 
1 -10.936124267578125 -57.430820312500003 0 -0.8660255289895662 -0.49999978313829502 0 
1 -11.758848876953126 -57.905820312499998 0 -0.50000000569820435 0.86602540049457877 0 
1 -13.758848876953126 -54.44171875 0 0.86602552898956298 0.49999978313830062 0 
1 -12.936124267578125 -53.966718749999998 0 0.49998309161601373 -0.86603516562440619 0 
1 -12.886124267578126 -54.053325195312503 0 0.86602536047151624 0.50000007502017485 0 
1 2.4632534790039062 -68.539223632812508 0 0.86602524790651347 0.50000026998838898 0 
1 2.5498559570312502 -68.489223632812497 0 -0.50000258102646633 0.86602391362298525 0 
1 2.1810681152343752 -67.850468750000005 0 -0.86602524790657498 -0.5000002699882824 0 
1 2.0944656372070312 -67.900468750000002 0 0.50000258102645811 -0.86602391362299014 0 
1 -6.5974737548828131 -37.345585937499997 0 -0.86602601084420727 -0.49999894854016352 0 
1 -6.6840765380859377 -37.395585937500002 0 0.50000026998830405 -0.86602524790656255 0 
1 -6.2840765380859374 -38.088405761718754 0 -0.86602540049457921 -0.50000000569820358 0 
1 -6.5005828857421877 -38.213405761718754 0 0.49999366280565632 -0.86602906253438372 0 
1 -6.4505828857421879 -38.300009765624999 0 0.86602542396963667 0.49999996503820976 0 
1 -4.7618331909179688 -37.325009765624998 0 -0.49999366280565632 0.86602906253438372 0 
1 -4.8118331909179686 -37.238405761718752 0 -0.86602544868021747 -0.49999992223822187 0 
1 -5.6345574951171873 -37.713405761718754 0 -0.50000098153973116 0.86602483709146894 0 
1 -5.9595574951171875 -37.150490722656251 0 -0.86602530659428778 -0.50000016833824157 0 
1 -6.5224737548828129 -37.475490722656254 0 -0.49999718661826764 0.86602702808504617 0 
1 36.278652343750004 -94.519999999999996 5 0 1 0 
1 36.278652343750004 -94.070000000000007 5 1 0 0 
1 36.428652343750002 -94.070000000000007 5 -0.0030303382040738872 0.99999540851464364 0 
1 36.396682128906249 -83.519999999999996 5 1 0 0 
1 38.29637939453125 -83.519999999999996 5 0 -1 0 
1 38.29637939453125 -87.420000000000002 5 -1 0 0 
1 38.146379394531252 -87.420000000000002 5 0 -1 0 
1 38.146379394531252 -87.519999999999996 5 1 0 0 
1 38.578652343750001 -87.519999999999996 5 0 1 0 
1 38.578652343750001 -87.420000000000002 5 -1 0 0 
1 38.396379394531252 -87.420000000000002 5 0 1 0 
1 38.396379394531252 -85.219999999999999 5 1 0 0 
1 41.296376953124998 -85.219999999999999 5 0 -1 0 
1 41.296376953124998 -85.969999999999999 5 1 0 0 
1 41.396376953124999 -85.969999999999999 5 0 1 0 
1 41.396376953124999 -83.420000000000002 5 -1 0 0 
1 41.146376953124999 -83.420000000000002 5 0 -1 0 
1 41.146376953124999 -83.519999999999996 5 1 0 0 
1 41.296376953124998 -83.519999999999996 5 0 -1 0 
1 41.296376953124998 -85.120000000000005 5 -1 0 0 
1 38.396379394531252 -85.120000000000005 5 0 1 0 
1 38.396379394531252 -83.519999999999996 5 1 0 0 
1 40.146379394531252 -83.519999999999996 5 0 1 0 
1 40.146379394531252 -83.420000000000002 5 -1 0 0 
1 39.528652343750004 -83.420000000000002 5 0 1 0 
1 39.528652343750004 -83.320000000000007 5 -1 0 0 
1 39.428652343750002 -83.320000000000007 5 0 -1 0 
1 39.428652343750002 -83.420000000000002 5 -1 0 0 
1 36.396379394531252 -83.420000000000002 5 -0.0030304655855744518 0.99999540812862464 0 
1 36.379863281250003 -77.969999999999999 5 1 0 0 
1 36.628652343749998 -77.969999999999999 5 0 1 0 
1 36.628652343749998 -77.570000000000007 5 -1 0 0 
1 36.328652343750001 -77.570000000000007 5 0 1 0 
1 36.328652343750001 -77.219999999999999 5 1 0 0 
1 39.428652343750002 -77.219999999999999 5 0 -1 0 
1 39.428652343750002 -82.320000000000007 5 1 0 0 
1 39.528652343750004 -82.320000000000007 5 0 1 0 
1 39.528652343750004 -82.219999999999999 5 1 0 0 
1 41.328652343750001 -82.219999999999999 5 0 1 0 
1 41.328652343750001 -82.120000000000005 5 -1 0 0 
1 39.528652343750004 -82.120000000000005 5 0 1 0 
1 39.528652343750004 -77.219999999999999 5 1 0 0 
1 42.478652343749999 -77.219999999999999 5 0 -1 0 
1 42.478652343749999 -82.120000000000005 5 -1 0 0 
1 42.328652343750001 -82.120000000000005 5 0 -1 0 
1 42.328652343750001 -82.219999999999999 5 1 0 0 
1 42.478652343749999 -82.219999999999999 5 0 -1 0 
1 42.478652343749999 -85.969999999999999 5 1 0 0 
1 48.978652343749999 -85.969999999999999 5 0 -1 0 
1 48.978652343749999 -86.070000000000007 5 1 0 0 
1 49.078652343750001 -86.070000000000007 5 0 1 0 
1 49.078652343750001 -85.969999999999999 5 1 0 0 
1 52.028652343750004 -85.969999999999999 5 0 -1 0 
1 52.028652343750004 -86.070000000000007 5 1 0 0 
1 52.178652343750002 -86.070000000000007 5 0 1 0 
1 52.178652343750002 -85.170000000000002 5 1 0 0 
1 52.778652343750004 -85.170000000000002 5 0 1 0 
1 52.778652343750004 -85.070000000000007 5 -1 0 0 
1 52.078652343750001 -85.070000000000007 5 0 -1 0 
1 52.078652343750001 -85.719999999999999 5 -1 0 0 
1 49.178652343750002 -85.719999999999999 5 0 1 0 
1 49.178652343750002 -83.670000000000002 5 -1 0 0 
1 46.978652343749999 -83.670000000000002 5 0 1 0 
1 46.978652343749999 -83.570000000000007 5 -1 0 0 
1 46.878652343749998 -83.570000000000007 5 0 -1 0 
1 46.878652343749998 -83.670000000000002 5 -1 0 0 
1 42.728652343749999 -83.670000000000002 5 0 1 0 
1 42.728652343749999 -77.219999999999999 5 1 0 0 
1 46.028652343750004 -77.219999999999999 5 0 -1 0 
1 46.028652343750004 -82.469999999999999 5 1 0 0 
1 46.878652343749998 -82.469999999999999 5 0 -1 0 
1 46.878652343749998 -82.570000000000007 5 1 0 0 
1 46.978652343749999 -82.570000000000007 5 0 1 0 
1 46.978652343749999 -82.469999999999999 5 1 0 0 
1 47.928652343750002 -82.469999999999999 5 0 1 0 
1 47.928652343750002 -82.370000000000005 5 -1 0 0 
1 46.128652343749998 -82.370000000000005 5 0 1 0 
1 46.128652343749998 -77.219999999999999 5 1 0 0 
1 49.078652343750001 -77.219999999999999 5 0 -1 0 
1 49.078652343750001 -77.620000000000005 5 -1 0 0 
1 48.928652343750002 -77.620000000000005 5 0 -1 0 
1 48.928652343750002 -78.719999999999999 5 1 0 0 
1 49.078652343750001 -78.719999999999999 5 0 -1 0 
1 49.078652343750001 -82.370000000000005 5 -1 0 0 
1 48.928652343750002 -82.370000000000005 5 0 -1 0 
1 48.928652343750002 -82.469999999999999 5 1 0 0 
1 49.178652343750002 -82.469999999999999 5 0 1 0 
1 49.178652343750002 -78.820000000000007 5 1 0 0 
1 50.528652343750004 -78.820000000000007 5 0 1 0 
1 50.528652343750004 -78.719999999999999 5 -1 0 0 
1 49.178652343750002 -78.719999999999999 5 0 1 0 
1 49.178652343750002 -77.219999999999999 5 1 0 0 
1 53.878652343749998 -77.219999999999999 5 0 -1 0 
1 53.878652343749998 -78.719999999999999 5 -1 0 0 
1 52.528652343750004 -78.719999999999999 5 0 -1 0 
1 52.528652343750004 -78.820000000000007 5 1 0 0 
1 53.878652343749998 -78.820000000000007 5 0 -1 0 
1 53.878652343749998 -80.820000000000007 5 1 0 0 
1 53.978652343749999 -80.820000000000007 5 0 1 0 
1 53.978652343749999 -79.420000000000002 5 1 0 0 
1 55.053652343750002 -79.420000000000002 5 0 1 0 
1 55.053652343750002 -79.320000000000007 5 -1 0 0 
1 53.978652343749999 -79.320000000000007 5 0 1 0 
1 53.978652343749999 -77.219999999999999 5 1 0 0 
1 56.778652343750004 -77.219999999999999 5 0 -1 0 
1 56.778652343750004 -78.219999999999999 5 -1 0 0 
1 56.628652343749998 -78.219999999999999 5 0 -1 0 
1 56.628652343749998 -79.320000000000007 5 -1 0 0 
1 56.053652343750002 -79.320000000000007 5 0 -1 0 
1 56.053652343750002 -79.420000000000002 5 1 0 0 
1 56.628652343749998 -79.420000000000002 5 0 -1 0 
1 56.628652343749998 -82.519999999999996 5 -1 0 0 
1 53.978652343749999 -82.519999999999996 5 0 1 0 
1 53.978652343749999 -81.820000000000007 5 -1 0 0 
1 53.878652343749998 -81.820000000000007 5 0 -1 0 
1 53.878652343749998 -85.070000000000007 5 -1 0 0 
1 53.778652343750004 -85.070000000000007 5 0 -1 0 
1 53.778652343750004 -85.170000000000002 5 1 0 0 
1 53.878652343749998 -85.170000000000002 5 0 -1 0 
1 53.878652343749998 -88.019999999999996 5 1 0 0 
1 54.178652343750002 -88.019999999999996 5 0 1 0 
1 54.178652343750002 -82.820000000000007 5 1 0 0 
1 56.878652343749998 -82.820000000000007 5 0 1 0 
1 56.878652343749998 -79.570000000000007 5 1 0 0 
1 63.453652343750001 -79.570000000000007 5 0 -1 0 
1 63.453652343750001 -81.219999999999999 5 -1 0 0 
1 62.803652343750002 -81.219999999999999 5 0 -1 0 
1 62.803652343750002 -87.420000000000002 5 -1 0 0 
1 61.953652343750001 -87.420000000000002 5 0 -1 0 
1 61.953652343750001 -87.719999999999999 5 1 0 0 
1 63.103652343749999 -87.719999999999999 5 0 1 0 
1 63.103652343749999 -86.969999999999999 5 1 0 0 
1 64.903652343749997 -86.969999999999999 5 0 -1 0 
1 64.903652343749997 -88.670000000000002 5 -1 0 0 
1 64.753652343750005 -88.670000000000002 5 0 -1 0 
1 64.753652343750005 -88.769999999999996 5 1 0 0 
1 65.003652343750005 -88.769999999999996 5 0 1 0 
1 65.003652343750005 -81.320000000000007 5 1 0 0 
1 67.153652343749997 -81.320000000000007 5 0 1 0 
1 67.153652343749997 -81.120000000000005 5 -1 0 0 
1 67.053652343750002 -81.120000000000005 5 0 -1 0 
1 67.053652343750002 -81.219999999999999 5 -1 0 0 
1 64.753652343750005 -81.219999999999999 5 0 -1 0 
1 64.753652343750005 -81.320000000000007 5 1 0 0 
1 64.903652343749997 -81.320000000000007 5 0 -1 0 
1 64.903652343749997 -83.019999999999996 5 -1 0 0 
1 64.753652343750005 -83.019999999999996 5 0 -1 0 
1 64.753652343750005 -83.120000000000005 5 1 0 0 
1 64.903652343749997 -83.120000000000005 5 0 -1 0 
1 64.903652343749997 -85.269999999999996 5 -1 0 0 
1 64.753652343750005 -85.269999999999996 5 0 -1 0 
1 64.753652343750005 -85.370000000000005 5 1 0 0 
1 64.903652343749997 -85.370000000000005 5 0 -1 0 
1 64.903652343749997 -86.370000000000005 5 -1 0 0 
1 63.103652343749999 -86.370000000000005 5 0 1 0 
1 63.103652343749999 -85.370000000000005 5 1 0 0 
1 63.853652343749999 -85.370000000000005 5 0 1 0 
1 63.853652343749999 -85.269999999999996 5 -1 0 0 
1 63.103652343749999 -85.269999999999996 5 0 1 0 
1 63.103652343749999 -83.120000000000005 5 1 0 0 
1 63.853652343749999 -83.120000000000005 5 0 1 0 
1 63.853652343749999 -83.019999999999996 5 -1 0 0 
1 63.103652343749999 -83.019999999999996 5 0 1 0 
1 63.103652343749999 -81.320000000000007 5 1 0 0 
1 63.853652343749999 -81.320000000000007 5 0 1 0 
1 63.853652343749999 -81.219999999999999 5 -1 0 0 
1 63.553652343750002 -81.219999999999999 5 0 1 0 
1 63.553652343750002 -79.570000000000007 5 1 0 0 
1 64.253652343750005 -79.570000000000007 5 0 1 0 
1 64.253652343750005 -79.370000000000005 5 -1 0 0 
1 63.903652343750004 -79.370000000000005 5 0 1 0 
1 63.903652343750004 -77.219999999999999 5 1 0 0 
1 66.103652343749999 -77.219999999999999 5 0 -1 0 
1 66.103652343749999 -78.170000000000002 5 1 0 0 
1 66.203652343750008 -78.170000000000002 5 0 1 0 
1 66.203652343750008 -77.219999999999999 5 1 0 0 
1 70.003652343750005 -77.219999999999999 5 0 -1 0 
1 70.003652343750005 -78.170000000000002 5 1 0 0 
1 70.153652343749997 -78.170000000000002 5 0 -1 0 
1 70.153652343749997 -79.769999999999996 5 -1 0 0 
1 68.953652343750008 -79.769999999999996 5 0 -1 0 
1 68.953652343750008 -79.870000000000005 5 1 0 0 
1 70.253652343750005 -79.870000000000005 5 0 1 0 
1 70.253652343750005 -77.519999999999996 5 -1 0 0 
1 70.103652343749999 -77.519999999999996 5 0 1 0 
1 70.103652343749999 -77.219999999999999 5 1 0 0 
1 73.653652343749997 -77.219999999999999 5 0 -1 0 
1 73.653652343749997 -81.219999999999999 5 -1 0 0 
1 69.603652343749999 -81.219999999999999 5 0 -1 0 
1 69.603652343749999 -81.320000000000007 5 1 0 0 
1 73.653652343749997 -81.320000000000007 5 0 -1 0 
1 73.653652343749997 -85.920000000000002 5 -1 0 0 
1 70.103652343749999 -85.920000000000002 5 0 -1 0 
1 70.103652343749999 -86.019999999999996 5 1 0 0 
1 73.653652343749997 -86.019999999999996 5 0 -1 0 
1 73.653652343749997 -88.620000000000005 5 -1 0 0 
1 68.903652343749997 -88.620000000000005 5 0 1 0 
1 68.903652343749997 -87.219999999999999 5 -1 0 0 
1 68.153652343749997 -87.219999999999999 5 0 1 0 
1 68.153652343749997 -86.019999999999996 5 1 0 0 
1 69.053652343750002 -86.019999999999996 5 0 1 0 
1 69.053652343750002 -85.920000000000002 5 -1 0 0 
1 66.303652343750002 -85.920000000000002 5 0 -1 0 
1 66.303652343750002 -86.019999999999996 5 1 0 0 
1 68.053652343750002 -86.019999999999996 5 0 -1 0 
1 68.053652343750002 -88.019999999999996 5 -1 0 0 
1 66.353652343749999 -88.019999999999996 5 0 -1 0 
1 66.353652343749999 -88.870000000000005 5 1 0 0 
1 66.453652343750008 -88.870000000000005 5 0 1 0 
1 66.453652343750008 -88.120000000000005 5 1 0 0 
1 68.803652343750002 -88.120000000000005 5 0 -1 0 
1 68.803652343750002 -88.719999999999999 5 1 0 0 
1 73.653652343749997 -88.719999999999999 5 0 -1 0 
1 73.653652343749997 -94.519999999999996 5 -1 0 0 
1 68.953652343750008 -94.519999999999996 5 0 1 0 
1 68.953652343750008 -90.019999999999996 5 -1 0 0 
1 68.703652343750008 -90.019999999999996 5 0 -1 0 
1 68.703652343750008 -90.120000000000005 5 1 0 0 
1 68.853652343749999 -90.120000000000005 5 0 -1 0 
1 68.853652343749999 -94.519999999999996 5 -1 0 0 
1 66.753652343750005 -94.519999999999996 5 0 1 0 
1 66.753652343750005 -94.070000000000007 5 1 0 0 
1 66.853652343749999 -94.070000000000007 5 0 1 0 
1 66.853652343749999 -90.120000000000005 5 1 0 0 
1 67.703652343750008 -90.120000000000005 5 0 1 0 
1 67.703652343750008 -90.019999999999996 5 -1 0 0 
1 66.453652343750008 -90.019999999999996 5 0 1 0 
1 66.453652343750008 -89.870000000000005 5 -1 0 0 
1 66.353652343749999 -89.870000000000005 5 0 -1 0 
1 66.353652343749999 -90.019999999999996 5 -1 0 0 
1 64.053652343750002 -90.019999999999996 5 0 -1 0 
1 64.053652343750002 -90.120000000000005 5 1 0 0 
1 65.953652343750008 -90.120000000000005 5 0 -1 0 
1 65.953652343750008 -90.719999999999999 5 1 0 0 
1 66.653652343749997 -90.719999999999999 5 0 -1 0 
1 66.653652343749997 -94.519999999999996 5 -1 0 0 
1 62.903652343750004 -94.519999999999996 5 0 1 0 
1 62.903652343750004 -90.120000000000005 5 1 0 0 
1 63.053652343750002 -90.120000000000005 5 0 1 0 
1 63.053652343750002 -90.019999999999996 5 -1 0 0 
1 62.903652343750004 -90.019999999999996 5 0 1 0 
1 62.903652343750004 -89.870000000000005 5 -1 0 0 
1 62.803652343750002 -89.870000000000005 5 0 -1 0 
1 62.803652343750002 -94.519999999999996 5 -1 0 0 
1 59.253652343749998 -94.519999999999996 5 0 1 0 
1 59.253652343749998 -88.769999999999996 5 1 0 0 
1 62.803652343750002 -88.769999999999996 5 0 -1 0 
1 62.803652343750002 -88.870000000000005 5 1 0 0 
1 62.903652343750004 -88.870000000000005 5 0 1 0 
1 62.903652343750004 -88.769999999999996 5 1 0 0 
1 63.853652343749999 -88.769999999999996 5 0 1 0 
1 63.853652343749999 -88.670000000000002 5 -1 0 0 
1 61.953652343750001 -88.670000000000002 5 0 1 0 
1 61.953652343750001 -88.570000000000007 5 -1 0 0 
1 59.053652343750002 -88.570000000000007 5 0 -1 0 
1 59.053652343750002 -94.519999999999996 5 -1 0 0 
1 56.878652343749998 -94.519999999999996 5 0 1 0 
1 56.878652343749998 -89.469999999999999 5 -1 0 0 
1 52.178652343750002 -89.469999999999999 5 0 1 0 
1 52.178652343750002 -87.070000000000007 5 -1 0 0 
1 52.028652343750004 -87.070000000000007 5 0 -1 0 
1 52.028652343750004 -88.120000000000005 5 -1 0 0 
1 51.928652343750002 -88.120000000000005 5 0 -1 0 
1 51.928652343750002 -88.219999999999999 5 1 0 0 
1 52.028652343750004 -88.219999999999999 5 0 -1 0 
1 52.028652343750004 -90.269999999999996 5 1 0 0 
1 52.628652343749998 -90.269999999999996 5 0 1 0 
1 52.628652343749998 -89.620000000000005 5 1 0 0 
1 55.078652343750001 -89.620000000000005 5 0 -1 0 
1 55.078652343750001 -90.370000000000005 5 1 0 0 
1 55.178652343750002 -90.370000000000005 5 0 1 0 
1 55.178652343750002 -89.620000000000005 5 1 0 0 
1 56.178652343750002 -89.620000000000005 5 0 -1 0 
1 56.178652343750002 -90.519999999999996 5 1 0 0 
1 56.628652343749998 -90.519999999999996 5 0 -1 0 
1 56.628652343749998 -93.570000000000007 5 1 0 0 
1 56.728652343749999 -93.570000000000007 5 0 -1 0 
1 56.728652343749999 -94.519999999999996 5 -1 0 0 
1 52.728652343749999 -94.519999999999996 5 0 1 0 
1 52.728652343749999 -93.570000000000007 5 1 0 0 
1 53.728652343749999 -93.570000000000007 5 0 1 0 
1 53.728652343749999 -93.469999999999999 5 1 0 0 
1 53.878652343749998 -93.469999999999999 5 0 -1 0 
1 53.878652343749998 -93.570000000000007 5 1 0 0 
1 55.178652343750002 -93.570000000000007 5 0 1 0 
1 55.178652343750002 -91.370000000000005 5 -1 0 0 
1 55.078652343750001 -91.370000000000005 5 0 -1 0 
1 55.078652343750001 -91.469999999999999 5 -1 0 0 
1 53.978652343749999 -91.469999999999999 5 0 1 0 
1 53.978652343749999 -91.269999999999996 5 -1 0 0 
1 53.628652343749998 -91.269999999999996 5 0 -1 0 
1 53.628652343749998 -93.469999999999999 5 -1 0 0 
1 52.628652343749998 -93.469999999999999 5 0 -1 0 
1 52.628652343749998 -94.519999999999996 5 -1 0 0 
1 50.378652343749998 -94.519999999999996 5 0 1 0 
1 50.378652343749998 -92.870000000000005 5 -1 0 0 
1 50.0731884765625 -92.870000000000005 5 0.48503010615115405 -0.87449745347084917 0 
1 50.128652343749998 -92.969999999999999 5 0 -1 0 
1 50.128652343749998 -94.120000000000005 5 1 0 0 
1 50.278652343750004 -94.120000000000005 5 0 -1 0 
1 50.278652343750004 -94.570000000000007 5 -1 0 0 
1 43.228652343749999 -94.570000000000007 5 0 1 0 
1 43.228652343749999 -94.120000000000005 5 1 0 0 
1 43.328652343750001 -94.120000000000005 5 0 1 0 
1 43.328652343750001 -92.969999999999999 5 1 0 0 
1 49.1365283203125 -92.969999999999999 5 0 1 0 
1 49.1365283203125 -92.870000000000005 5 -1 0 0 
1 49.078652343750001 -92.870000000000005 5 0 1 0 
1 49.078652343750001 -88.219999999999999 5 1 0 0 
1 50.928652343750002 -88.219999999999999 5 0 1 0 
1 50.928652343750002 -88.120000000000005 5 -1 0 0 
1 49.078652343750001 -88.120000000000005 5 0 1 0 
1 49.078652343750001 -87.070000000000007 5 -1 0 0 
1 48.978652343749999 -87.070000000000007 5 0 -1 0 
1 48.978652343749999 -92.870000000000005 5 -1 0 0 
1 43.328652343750001 -92.870000000000005 5 0 1 0 
1 43.328652343750001 -89.469999999999999 5 -1 0 0 
1 43.178652343750002 -89.469999999999999 5 0 -1 0 
1 43.178652343750002 -90.570000000000007 5 -1 0 0 
1 43.078652343750001 -90.570000000000007 5 0 -1 0 
1 43.078652343750001 -90.670000000000002 5 1 0 0 
1 43.178652343750002 -90.670000000000002 5 0 -1 0 
1 43.178652343750002 -92.969999999999999 5 -1 0 0 
1 42.978652343749999 -92.969999999999999 5 0 -1 0 
1 42.978652343749999 -94.120000000000005 5 1 0 0 
1 43.078652343750001 -94.120000000000005 5 0 -1 0 
1 43.078652343750001 -94.519999999999996 5 -1 0 0 
1 41.428652343750002 -94.519999999999996 5 0 1 0 
1 41.428652343750002 -92.670000000000002 5 -1 0 0 
1 41.328652343750001 -92.670000000000002 5 0 -1 0 
1 41.328652343750001 -94.519999999999996 5 -1 0 0 
1 39.928652343750002 -94.519999999999996 5 0 1 0 
1 39.928652343750002 -94.070000000000007 5 1 0 0 
1 40.028652343750004 -94.070000000000007 5 0 1 0 
1 40.028652343750004 -93.019999999999996 5 -1 0 0 
1 39.828652343750001 -93.019999999999996 5 0 1 0 
1 39.828652343750001 -91.769999999999996 5 1 0 0 
1 41.328652343750001 -91.769999999999996 5 0 -1 0 
1 41.328652343750001 -91.969999999999999 5 1 0 0 
1 41.428652343750002 -91.969999999999999 5 0 1 0 
1 41.428652343750002 -91.469999999999999 5 -1 0 0 
1 41.328652343750001 -91.469999999999999 5 0 -1 0 
1 41.328652343750001 -91.670000000000002 5 -1 0 0 
1 39.828652343750001 -91.670000000000002 5 0 1 0 
1 39.828652343750001 -90.670000000000002 5 1 0 0 
1 41.328652343750001 -90.670000000000002 5 0 -1 0 
1 41.328652343750001 -90.769999999999996 5 1 0 0 
1 41.428652343750002 -90.769999999999996 5 0 1 0 
1 41.428652343750002 -90.670000000000002 5 1 0 0 
1 42.078652343750001 -90.670000000000002 5 0 1 0 
1 42.078652343750001 -90.570000000000007 5 -1 0 0 
1 40.428652343750002 -90.570000000000007 5 0 1 0 
1 40.428652343750002 -89.769999999999996 5 -1 0 0 
1 39.828652343750001 -89.769999999999996 5 0 1 0 
1 39.828652343750001 -87.219999999999999 5 1 0 0 
1 43.228652343749999 -87.219999999999999 5 0 -1 0 
1 43.228652343749999 -88.420000000000002 5 1 0 0 
1 43.328652343750001 -88.420000000000002 5 0 1 0 
1 43.328652343750001 -87.120000000000005 5 -1 0 0 
1 39.728652343749999 -87.120000000000005 5 0 -1 0 
1 39.728652343749999 -87.420000000000002 5 -1 0 0 
1 39.578652343750001 -87.420000000000002 5 0 -1 0 
1 39.578652343750001 -87.519999999999996 5 1 0 0 
1 39.728652343749999 -87.519999999999996 5 0 -1 0 
1 39.728652343749999 -94.070000000000007 5 1 0 0 
1 39.828652343750001 -94.070000000000007 5 0 -1 0 
1 39.828652343750001 -94.519999999999996 5 -1 0 0 
1 67.803652343750002 -79.120000000000005 5 -1 0 0 
1 67.153652343749997 -79.120000000000005 5 0 1 0 
1 67.153652343749997 -78.170000000000002 5 -1 0 0 
1 67.053652343750002 -78.170000000000002 5 0 -1 0 
1 67.053652343750002 -80.120000000000005 5 1 0 0 
1 67.153652343749997 -80.120000000000005 5 0 1 0 
1 67.153652343749997 -79.870000000000005 5 1 0 0 
1 67.953652343750008 -79.870000000000005 5 0 1 0 
1 67.953652343750008 -79.769999999999996 5 -1 0 0 
1 67.803652343750002 -79.769999999999996 5 0 1 0 
1 2.9036514282226564 -90.519999999999996 5 0 1 0 
1 2.9036514282226564 -90.420000000000002 5 -1 0 0 
1 -1.146348648071289 -90.420000000000002 5 0 1 0 
1 -1.146348648071289 -85.820000000000007 5 1 0 0 
1 2.4036514282226564 -85.820000000000007 5 0 1 0 
1 2.4036514282226564 -85.719999999999999 5 -1 0 0 
1 -1.146348648071289 -85.719999999999999 5 0 1 0 
1 -1.146348648071289 -83.120000000000005 5 1 0 0 
1 3.6036514282226562 -83.120000000000005 5 0 -1 0 
1 3.6036514282226562 -84.519999999999996 5 1 0 0 
1 4.3536514282226566 -84.519999999999996 5 0 -1 0 
1 4.3536514282226566 -85.719999999999999 5 -1 0 0 
1 3.4536514282226562 -85.719999999999999 5 0 -1 0 
1 3.4536514282226562 -85.820000000000007 5 1 0 0 
1 6.2036511230468747 -85.820000000000007 5 0 1 0 
1 6.2036511230468747 -85.719999999999999 5 -1 0 0 
1 4.4536514282226562 -85.719999999999999 5 0 1 0 
1 4.4536514282226562 -83.719999999999999 5 1 0 0 
1 6.1536511230468749 -83.719999999999999 5 0 1 0 
1 6.1536511230468749 -82.870000000000005 5 -1 0 0 
1 6.0536511230468752 -82.870000000000005 5 0 -1 0 
1 6.0536511230468752 -83.620000000000005 5 -1 0 0 
1 3.7036514282226562 -83.620000000000005 5 0 1 0 
1 3.7036514282226562 -83.019999999999996 5 -1 0 0 
1 -1.146348648071289 -83.019999999999996 5 0 1 0 
1 -1.146348648071289 -77.219999999999999 5 1 0 0 
1 3.5536514282226563 -77.219999999999999 5 0 -1 0 
1 3.5536514282226563 -81.719999999999999 5 1 0 0 
1 3.8036514282226563 -81.719999999999999 5 0 1 0 
1 3.8036514282226563 -81.620000000000005 5 -1 0 0 
1 3.6536514282226564 -81.620000000000005 5 0 1 0 
1 3.6536514282226564 -77.219999999999999 5 1 0 0 
1 5.7536511230468754 -77.219999999999999 5 0 -1 0 
1 5.7536511230468754 -77.670000000000002 5 -1 0 0 
1 5.6536511230468749 -77.670000000000002 5 0 -1 0 
1 5.6536511230468749 -81.620000000000005 5 -1 0 0 
1 4.8036514282226568 -81.620000000000005 5 0 -1 0 
1 4.8036514282226568 -81.719999999999999 5 1 0 0 
1 6.0536511230468752 -81.719999999999999 5 0 -1 0 
1 6.0536511230468752 -81.870000000000005 5 1 0 0 
1 6.1536511230468749 -81.870000000000005 5 0 1 0 
1 6.1536511230468749 -81.719999999999999 5 1 0 0 
1 8.4536511230468747 -81.719999999999999 5 0 1 0 
1 8.4536511230468747 -81.620000000000005 5 -1 0 0 
1 6.5536511230468752 -81.620000000000005 5 0 1 0 
1 6.5536511230468752 -81.019999999999996 5 -1 0 0 
1 5.8536511230468751 -81.019999999999996 5 0 1 0 
1 5.8536511230468751 -74.920000000000002 5 1 0 0 
1 13.253651123046875 -74.920000000000002 5 0 -1 0 
1 13.253651123046875 -82.969999999999999 5 -1 0 0 
1 9.7036511230468747 -82.969999999999999 5 0 1 0 
1 9.7036511230468747 -82.870000000000005 5 -1 0 0 
1 9.6036511230468751 -82.870000000000005 5 0 -1 0 
1 9.6036511230468751 -82.969999999999999 5 -1 0 0 
1 8.6536511230468758 -82.969999999999999 5 0 -1 0 
1 8.6536511230468758 -83.070000000000007 5 1 0 0 
1 10.403651123046876 -83.070000000000007 5 0 -1 0 
1 10.403651123046876 -84.019999999999996 5 -1 0 0 
1 9.4036511230468758 -84.019999999999996 5 0 -1 0 
1 9.4036511230468758 -84.769999999999996 5 -1 0 0 
1 7.6036511230468751 -84.769999999999996 5 0 1 0 
1 7.6036511230468751 -83.070000000000007 5 1 0 0 
1 7.7536511230468754 -83.070000000000007 5 0 1 0 
1 7.7536511230468754 -82.969999999999999 5 -1 0 0 
1 7.5036511230468754 -82.969999999999999 5 0 -1 0 
1 7.5036511230468754 -90.420000000000002 5 -1 0 0 
1 5.3536511230468751 -90.420000000000002 5 0 -1 0 
1 5.3536511230468751 -90.620000000000005 5 1 0 0 
1 5.4536511230468747 -90.620000000000005 5 0 1 0 
1 5.4536511230468747 -90.519999999999996 5 1 0 0 
1 7.7536511230468754 -90.519999999999996 5 0 1 0 
1 7.7536511230468754 -90.420000000000002 5 -1 0 0 
1 7.6036511230468751 -90.420000000000002 5 0 1 0 
1 7.6036511230468751 -88.719999999999999 5 1 0 0 
1 7.7536511230468754 -88.719999999999999 5 0 1 0 
1 7.7536511230468754 -88.620000000000005 5 -1 0 0 
1 7.6036511230468751 -88.620000000000005 5 0 1 0 
1 7.6036511230468751 -86.469999999999999 5 1 0 0 
1 7.7536511230468754 -86.469999999999999 5 0 1 0 
1 7.7536511230468754 -86.370000000000005 5 -1 0 0 
1 7.6036511230468751 -86.370000000000005 5 0 1 0 
1 7.6036511230468751 -85.370000000000005 5 1 0 0 
1 9.4036511230468758 -85.370000000000005 5 0 -1 0 
1 9.4036511230468758 -86.370000000000005 5 -1 0 0 
1 8.6536511230468758 -86.370000000000005 5 0 -1 0 
1 8.6536511230468758 -86.469999999999999 5 1 0 0 
1 9.4036511230468758 -86.469999999999999 5 0 -1 0 
1 9.4036511230468758 -88.620000000000005 5 -1 0 0 
1 8.6536511230468758 -88.620000000000005 5 0 -1 0 
1 8.6536511230468758 -88.719999999999999 5 1 0 0 
1 9.4036511230468758 -88.719999999999999 5 0 -1 0 
1 9.4036511230468758 -90.420000000000002 5 -1 0 0 
1 8.6536511230468758 -90.420000000000002 5 0 -1 0 
1 8.6536511230468758 -90.519999999999996 5 1 0 0 
1 9.7036511230468747 -90.519999999999996 5 0 1 0 
1 9.7036511230468747 -84.320000000000007 5 1 0 0 
1 10.553651123046874 -84.320000000000007 5 0 1 0 
1 10.553651123046874 -83.170000000000002 5 1 0 0 
1 13.453651123046875 -83.170000000000002 5 0 1 0 
1 13.453651123046875 -77.219999999999999 5 1 0 0 
1 15.628651123046875 -77.219999999999999 5 0 -1 0 
1 15.628651123046875 -82.269999999999996 5 1 0 0 
1 20.328651123046875 -82.269999999999996 5 0 -1 0 
1 20.328651123046875 -84.670000000000002 5 1 0 0 
1 20.478651123046877 -84.670000000000002 5 0 1 0 
1 20.478651123046877 -83.620000000000005 5 1 0 0 
1 20.578652343750001 -83.620000000000005 5 0 1 0 
1 20.578652343750001 -83.519999999999996 5 -1 0 0 
1 20.478651123046877 -83.519999999999996 5 0 1 0 
1 20.478651123046877 -81.469999999999999 5 -1 0 0 
1 19.878651123046875 -81.469999999999999 5 0 -1 0 
1 19.878651123046875 -82.120000000000005 5 -1 0 0 
1 17.428651123046876 -82.120000000000005 5 0 1 0 
1 17.428651123046876 -81.370000000000005 5 -1 0 0 
1 17.328651123046875 -81.370000000000005 5 0 -1 0 
1 17.328651123046875 -82.120000000000005 5 -1 0 0 
1 16.328651123046875 -82.120000000000005 5 0 1 0 
1 16.328651123046875 -81.219999999999999 5 -1 0 0 
1 15.878651123046875 -81.219999999999999 5 0 1 0 
1 15.878651123046875 -78.170000000000002 5 -1 0 0 
1 15.778651123046876 -78.170000000000002 5 0 1 0 
1 15.778651123046876 -77.219999999999999 5 1 0 0 
1 19.778651123046874 -77.219999999999999 5 0 -1 0 
1 19.778651123046874 -78.170000000000002 5 -1 0 0 
1 18.778651123046874 -78.170000000000002 5 0 -1 0 
1 18.778651123046874 -78.269999999999996 5 -1 0 0 
1 18.628651123046875 -78.269999999999996 5 0 1 0 
1 18.628651123046875 -78.170000000000002 5 -1 0 0 
1 17.328651123046875 -78.170000000000002 5 0 -1 0 
1 17.328651123046875 -80.370000000000005 5 1 0 0 
1 17.428651123046876 -80.370000000000005 5 0 1 0 
1 17.428651123046876 -80.269999999999996 5 1 0 0 
1 18.528651123046874 -80.269999999999996 5 0 -1 0 
1 18.528651123046874 -80.469999999999999 5 1 0 0 
1 18.878651123046875 -80.469999999999999 5 0 1 0 
1 18.878651123046875 -78.269999999999996 5 1 0 0 
1 19.878651123046875 -78.269999999999996 5 0 1 0 
1 19.878651123046875 -77.219999999999999 5 1 0 0 
1 22.128652343750002 -77.219999999999999 5 0 -1 0 
1 22.128652343750002 -78.870000000000005 5 1 0 0 
1 22.434113769531251 -78.870000000000005 5 -0.48501377854761024 0.87450650919188111 0 
1 22.378652343750002 -78.769999999999996 5 0 1 0 
1 22.378652343750002 -77.620000000000005 5 -1 0 0 
1 22.228652343749999 -77.620000000000005 5 0 1 0 
1 22.228652343749999 -77.170000000000002 5 1 0 0 
1 29.27865234375 -77.170000000000002 5 0 -1 0 
1 29.27865234375 -77.620000000000005 5 -1 0 0 
1 29.178652343750002 -77.620000000000005 5 0 -1 0 
1 29.178652343750002 -78.769999999999996 5 -1 0 0 
1 23.370771484375002 -78.769999999999996 5 0 -1 0 
1 23.370771484375002 -78.870000000000005 5 1 0 0 
1 23.428652343749999 -78.870000000000005 5 0 -1 0 
1 23.428652343749999 -83.519999999999996 5 -1 0 0 
1 21.578652343750001 -83.519999999999996 5 0 -1 0 
1 21.578652343750001 -83.620000000000005 5 1 0 0 
1 23.428652343749999 -83.620000000000005 5 0 -1 0 
1 23.428652343749999 -84.670000000000002 5 1 0 0 
1 23.52865234375 -84.670000000000002 5 0 1 0 
1 23.52865234375 -78.870000000000005 5 1 0 0 
1 29.178652343750002 -78.870000000000005 5 0 -1 0 
1 29.178652343750002 -82.269999999999996 5 1 0 0 
1 29.328652343750001 -82.269999999999996 5 0 1 0 
1 29.328652343750001 -81.170000000000002 5 1 0 0 
1 29.428652343750002 -81.170000000000002 5 0 1 0 
1 29.428652343750002 -81.070000000000007 5 -1 0 0 
1 29.328652343750001 -81.070000000000007 5 0 1 0 
1 29.328652343750001 -78.769999999999996 5 1 0 0 
1 29.52865234375 -78.769999999999996 5 0 1 0 
1 29.52865234375 -77.620000000000005 5 -1 0 0 
1 29.428652343750002 -77.620000000000005 5 0 1 0 
1 29.428652343750002 -77.219999999999999 5 1 0 0 
1 31.078652343750001 -77.219999999999999 5 0 -1 0 
1 31.078652343750001 -79.070000000000007 5 1 0 0 
1 31.178652343750002 -79.070000000000007 5 0 1 0 
1 31.178652343750002 -77.219999999999999 5 1 0 0 
1 32.578652343750001 -77.219999999999999 5 0 -1 0 
1 32.578652343750001 -77.670000000000002 5 -1 0 0 
1 32.478652343749999 -77.670000000000002 5 0 -1 0 
1 32.478652343749999 -78.719999999999999 5 1 0 0 
1 32.678652343750002 -78.719999999999999 5 0 -1 0 
1 32.678652343750002 -79.969999999999999 5 -1 0 0 
1 31.178652343750002 -79.969999999999999 5 0 1 0 
1 31.178652343750002 -79.769999999999996 5 -1 0 0 
1 31.078652343750001 -79.769999999999996 5 0 -1 0 
1 31.078652343750001 -80.269999999999996 5 1 0 0 
1 31.178652343750002 -80.269999999999996 5 0 1 0 
1 31.178652343750002 -80.070000000000007 5 1 0 0 
1 32.678652343750002 -80.070000000000007 5 0 -1 0 
1 32.678652343750002 -81.070000000000007 5 -1 0 0 
1 31.178652343750002 -81.070000000000007 5 0 1 0 
1 31.178652343750002 -80.969999999999999 5 -1 0 0 
1 31.078652343750001 -80.969999999999999 5 0 -1 0 
1 31.078652343750001 -81.070000000000007 5 -1 0 0 
1 30.428652343750002 -81.070000000000007 5 0 -1 0 
1 30.428652343750002 -81.170000000000002 5 1 0 0 
1 32.078652343750001 -81.170000000000002 5 0 -1 0 
1 32.078652343750001 -81.969999999999999 5 1 0 0 
1 32.678652343750002 -81.969999999999999 5 0 -1 0 
1 32.678652343750002 -84.519999999999996 5 -1 0 0 
1 29.27865234375 -84.519999999999996 5 0 1 0 
1 29.27865234375 -83.320000000000007 5 -1 0 0 
1 29.178652343750002 -83.320000000000007 5 0 -1 0 
1 29.178652343750002 -84.620000000000005 5 1 0 0 
1 32.778652343750004 -84.620000000000005 5 0 1 0 
1 32.778652343750004 -84.320000000000007 5 1 0 0 
1 32.928652343750002 -84.320000000000007 5 0 1 0 
1 32.928652343750002 -84.219999999999999 5 -1 0 0 
1 32.778652343750004 -84.219999999999999 5 0 1 0 
1 32.778652343750004 -77.670000000000002 5 -1 0 0 
1 32.678652343750002 -77.670000000000002 5 0 1 0 
1 32.678652343750002 -77.219999999999999 5 1 0 0 
1 36.228652343749999 -77.219999999999999 5 0 -1 0 
1 36.228652343749999 -77.670000000000002 5 -1 0 0 
1 36.078652343750001 -77.670000000000002 5 0.003030311706776187 -0.99999540859493941 0 
1 36.098500976562498 -84.219999999999999 5 0.0030297712502415698 -0.99999541023255256 0 
1 36.110620117187501 -88.219999999999999 5 -1 0 0 
1 34.210925292968753 -88.219999999999999 5 0 1 0 
1 34.210925292968753 -84.320000000000007 5 1 0 0 
1 34.360925292968751 -84.320000000000007 5 0 1 0 
1 34.360925292968751 -84.219999999999999 5 -1 0 0 
1 33.928652343750002 -84.219999999999999 5 0 -1 0 
1 33.928652343750002 -84.320000000000007 5 1 0 0 
1 34.110925292968751 -84.320000000000007 5 0 -1 0 
1 34.110925292968751 -86.519999999999996 5 -1 0 0 
1 31.210925292968749 -86.519999999999996 5 0 1 0 
1 31.210925292968749 -85.769999999999996 5 -1 0 0 
1 31.110925292968751 -85.769999999999996 5 0 -1 0 
1 31.110925292968751 -88.320000000000007 5 1 0 0 
1 31.360925292968751 -88.320000000000007 5 0 1 0 
1 31.360925292968751 -88.219999999999999 5 -1 0 0 
1 31.210925292968749 -88.219999999999999 5 0 1 0 
1 31.210925292968749 -86.620000000000005 5 1 0 0 
1 34.110925292968751 -86.620000000000005 5 0 -1 0 
1 34.110925292968751 -88.219999999999999 5 -1 0 0 
1 32.360925292968751 -88.219999999999999 5 0 -1 0 
1 32.360925292968751 -88.320000000000007 5 1 0 0 
1 32.978652343749999 -88.320000000000007 5 0 -1 0 
1 32.978652343749999 -88.420000000000002 5 1 0 0 
1 33.078652343750001 -88.420000000000002 5 0 1 0 
1 33.078652343750001 -88.320000000000007 5 1 0 0 
1 36.110925292968751 -88.320000000000007 5 0.0030300176272945465 -0.9999954094860527 0 
1 36.127438964843748 -93.769999999999996 5 -1 0 0 
1 35.878652343749998 -93.769999999999996 5 0 -1 0 
1 35.878652343749998 -94.170000000000002 5 1 0 0 
1 36.178652343750002 -94.170000000000002 5 0 -1 0 
1 36.178652343750002 -94.519999999999996 5 -1 0 0 
1 33.078652343750001 -94.519999999999996 5 0 1 0 
1 33.078652343750001 -89.420000000000002 5 -1 0 0 
1 32.978652343749999 -89.420000000000002 5 0 -1 0 
1 32.978652343749999 -89.519999999999996 5 -1 0 0 
1 31.178652343750002 -89.519999999999996 5 0 -1 0 
1 31.178652343750002 -89.620000000000005 5 1 0 0 
1 32.978652343749999 -89.620000000000005 5 0 -1 0 
1 32.978652343749999 -94.519999999999996 5 -1 0 0 
1 30.02865234375 -94.519999999999996 5 0 1 0 
1 30.02865234375 -89.620000000000005 5 1 0 0 
1 30.178652343750002 -89.620000000000005 5 0 1 0 
1 30.178652343750002 -89.519999999999996 5 -1 0 0 
1 30.02865234375 -89.519999999999996 5 0 1 0 
1 30.02865234375 -85.769999999999996 5 -1 0 0 
1 23.52865234375 -85.769999999999996 5 0 1 0 
1 23.52865234375 -85.670000000000002 5 -1 0 0 
1 23.428652343749999 -85.670000000000002 5 0 -1 0 
1 23.428652343749999 -85.769999999999996 5 -1 0 0 
1 20.478651123046877 -85.769999999999996 5 0 1 0 
1 20.478651123046877 -85.670000000000002 5 -1 0 0 
1 20.328651123046875 -85.670000000000002 5 0 -1 0 
1 20.328651123046875 -86.570000000000007 5 -1 0 0 
1 19.728651123046877 -86.570000000000007 5 0 -1 0 
1 19.728651123046877 -86.670000000000002 5 1 0 0 
1 20.428651123046876 -86.670000000000002 5 0 1 0 
1 20.428651123046876 -86.019999999999996 5 1 0 0 
1 23.328652343750001 -86.019999999999996 5 0 -1 0 
1 23.328652343750001 -88.070000000000007 5 1 0 0 
1 25.52865234375 -88.070000000000007 5 0 -1 0 
1 25.52865234375 -88.170000000000002 5 1 0 0 
1 25.628652343750002 -88.170000000000002 5 0 1 0 
1 25.628652343750002 -88.070000000000007 5 1 0 0 
1 29.77865234375 -88.070000000000007 5 0 -1 0 
1 29.77865234375 -94.519999999999996 5 -1 0 0 
1 26.478652343749999 -94.519999999999996 5 0 1 0 
1 26.478652343749999 -89.269999999999996 5 -1 0 0 
1 25.628652343750002 -89.269999999999996 5 0 1 0 
1 25.628652343750002 -89.170000000000002 5 -1 0 0 
1 25.52865234375 -89.170000000000002 5 0 -1 0 
1 25.52865234375 -89.269999999999996 5 -1 0 0 
1 24.578652343750001 -89.269999999999996 5 0 -1 0 
1 24.578652343750001 -89.370000000000005 5 1 0 0 
1 26.378652343750002 -89.370000000000005 5 0 -1 0 
1 26.378652343750002 -94.519999999999996 5 -1 0 0 
1 23.428652343749999 -94.519999999999996 5 0 1 0 
1 23.428652343749999 -94.120000000000005 5 1 0 0 
1 23.578652343750001 -94.120000000000005 5 0 1 0 
1 23.578652343750001 -93.019999999999996 5 -1 0 0 
1 23.428652343749999 -93.019999999999996 5 0 1 0 
1 23.428652343749999 -89.370000000000005 5 1 0 0 
1 23.578652343750001 -89.370000000000005 5 0 1 0 
1 23.578652343750001 -89.269999999999996 5 -1 0 0 
1 23.328652343750001 -89.269999999999996 5 0 -1 0 
1 23.328652343750001 -92.920000000000002 5 -1 0 0 
1 21.978652343749999 -92.920000000000002 5 0 -1 0 
1 21.978652343749999 -93.019999999999996 5 1 0 0 
1 23.328652343750001 -93.019999999999996 5 0 -1 0 
1 23.328652343750001 -94.519999999999996 5 -1 0 0 
1 18.628651123046875 -94.519999999999996 5 0 1 0 
1 18.628651123046875 -93.019999999999996 5 1 0 0 
1 19.978651123046877 -93.019999999999996 5 0 1 0 
1 19.978651123046877 -92.920000000000002 5 -1 0 0 
1 18.628651123046875 -92.920000000000002 5 0 1 0 
1 18.628651123046875 -90.920000000000002 5 -1 0 0 
1 18.528651123046874 -90.920000000000002 5 0 -1 0 
1 18.528651123046874 -92.320000000000007 5 -1 0 0 
1 17.453651123046875 -92.320000000000007 5 0 -1 0 
1 17.453651123046875 -92.420000000000002 5 1 0 0 
1 18.528651123046874 -92.420000000000002 5 0 -1 0 
1 18.528651123046874 -94.519999999999996 5 -1 0 0 
1 15.728651123046875 -94.519999999999996 5 0 1 0 
1 15.728651123046875 -93.519999999999996 5 1 0 0 
1 15.878651123046875 -93.519999999999996 5 0 1 0 
1 15.878651123046875 -92.420000000000002 5 1 0 0 
1 16.453651123046875 -92.420000000000002 5 0 1 0 
1 16.453651123046875 -92.320000000000007 5 -1 0 0 
1 15.878651123046875 -92.320000000000007 5 0 1 0 
1 15.878651123046875 -89.219999999999999 5 1 0 0 
1 18.528651123046874 -89.219999999999999 5 0 -1 0 
1 18.528651123046874 -89.920000000000002 5 1 0 0 
1 18.628651123046875 -89.920000000000002 5 0 1 0 
1 18.628651123046875 -86.670000000000002 5 1 0 0 
1 18.728651123046877 -86.670000000000002 5 0 1 0 
1 18.728651123046877 -86.570000000000007 5 -1 0 0 
1 18.628651123046875 -86.570000000000007 5 0 1 0 
1 18.628651123046875 -83.719999999999999 5 -1 0 0 
1 18.328651123046875 -83.719999999999999 5 0 -1 0 
1 18.328651123046875 -88.920000000000002 5 -1 0 0 
1 15.628651123046875 -88.920000000000002 5 0 -1 0 
1 15.628651123046875 -94.519999999999996 5 -1 0 0 
1 8.7036511230468747 -94.519999999999996 5 0 1 0 
1 8.7036511230468747 -92.370000000000005 5 1 0 0 
1 13.903651123046876 -92.370000000000005 5 0 1 0 
1 13.903651123046876 -92.170000000000002 5 -1 0 0 
1 8.2536511230468754 -92.170000000000002 5 0 -1 0 
1 8.2536511230468754 -92.370000000000005 5 1 0 0 
1 8.6036511230468751 -92.370000000000005 5 0 -1 0 
1 8.6036511230468751 -94.519999999999996 5 -1 0 0 
1 6.4036511230468749 -94.519999999999996 5 0 1 0 
1 6.4036511230468749 -93.570000000000007 5 -1 0 0 
1 6.3036511230468752 -93.570000000000007 5 0 -1 0 
1 6.3036511230468752 -94.519999999999996 5 -1 0 0 
1 2.5036514282226565 -94.519999999999996 5 0 1 0 
1 2.5036514282226565 -93.570000000000007 5 -1 0 0 
1 2.3536514282226562 -93.570000000000007 5 0 1 0 
1 2.3536514282226562 -91.969999999999999 5 1 0 0 
1 3.5536514282226563 -91.969999999999999 5 0 1 0 
1 3.5536514282226563 -91.870000000000005 5 -1 0 0 
1 2.2536514282226565 -91.870000000000005 5 0 -1 0 
1 2.2536514282226565 -94.219999999999999 5 1 0 0 
1 2.4036514282226564 -94.219999999999999 5 0 -1 0 
1 2.4036514282226564 -94.519999999999996 5 -1 0 0 
1 -1.146348648071289 -94.519999999999996 5 0 1 0 
1 -1.146348648071289 -90.519999999999996 5 1 0 0 
1 9.6036511230468751 -81.719999999999999 5 0 -1 0 
1 9.6036511230468751 -81.870000000000005 5 1 0 0 
1 9.7036511230468747 -81.870000000000005 5 0 1 0 
1 9.7036511230468747 -77.219999999999999 5 -1 0 0 
1 9.6036511230468751 -77.219999999999999 5 0 -1 0 
1 9.6036511230468751 -81.620000000000005 5 -1 0 0 
1 9.4536511230468747 -81.620000000000005 5 0 -1 0 
1 9.4536511230468747 -81.719999999999999 5 1 0 0 
1 4.5536514282226568 -91.969999999999999 5 1 0 0 
1 4.7036514282226562 -91.969999999999999 5 0 -1 0 
1 4.7036514282226562 -92.620000000000005 5 1 0 0 
1 5.3536511230468751 -92.620000000000005 5 0 -1 0 
1 5.3536511230468751 -93.570000000000007 5 1 0 0 
1 5.4536511230468747 -93.570000000000007 5 0 1 0 
1 5.4536511230468747 -91.620000000000005 5 -1 0 0 
1 5.3536511230468751 -91.620000000000005 5 0 -1 0 
1 5.3536511230468751 -91.870000000000005 5 -1 0 0 
1 4.5536514282226568 -91.870000000000005 5 0 -1 0 
1 -3.6314483642578126 -21.785588378906251 5 0.86602539750265939 -0.50000001088036083 0 
1 0.78528106689453125 -24.335588378906252 5 0.50000423436775299 0.86602295905727422 0 
1 0.8352810668945313 -24.248986816406251 5 -0.86602543864154224 0.49999993962572076 0 
1 0.74867851257324225 -24.198986816406251 5 0.50000009137129497 0.86602535103119049 0 
1 1.648678436279297 -22.640141601562501 5 -0.8660252479065591 0.50000026998830993 0 
1 1.5620759582519532 -22.5901416015625 5 -0.5000001231604424 -0.86602533267771231 0 
1 0.66207595825195309 -24.14898681640625 5 -0.86602539582352078 0.50000001378871384 0 
1 -3.5814483642578128 -21.698986816406251 5 0.50000007441247785 0.86602536082237025 0 
1 -2.106448516845703 -19.144212646484377 5 0.86602551148207196 -0.49999981346218075 0 
1 2.1370759582519532 -21.59421142578125 5 -0.49999718661828818 -0.8660270280850344 0 
1 2.062075958251953 -21.724116210937499 5 0.86602524790655966 -0.50000026998830904 0 
1 2.148678436279297 -21.7741162109375 5 0.49999718661828585 0.86602702808503551 0 
1 2.2236784362792967 -21.644211425781251 5 0.86602541066710481 -0.4999999880788723 0 
1 5.4712738037109379 -23.519211425781251 5 0.50000000569820413 0.86602540049457888 0 
1 8.7212738037109379 -17.890046386718751 5 0.86602601084422259 -0.49999894854013688 0 
1 8.8078765869140625 -17.940046386718752 5 0.50000423436775798 0.86602295905727134 0 
1 8.8578765869140632 -17.853444824218752 5 -0.86602601084422259 0.49999894854013688 0 
1 8.7712738037109386 -17.803444824218751 5 0.49999977885220898 0.86602553146413763 0 
1 10.246273193359375 -15.248669433593751 5 0.86602601084423037 -0.49999894854012356 0 
1 10.3328759765625 -15.29866943359375 5 0.50000071047232908 0.8660249935926595 0 
1 10.407875976562501 -15.168765869140625 5 -0.86602533267771276 0.50000012316044185 0 
1 9.628453369140626 -14.718765869140626 5 0.49999982950493149 0.86602550221978991 0 
1 9.9284533691406249 -14.199150390625 5 -0.86602448496284312 0.5000015914423096 0 
1 9.8418511962890634 -14.149150390625 5 -0.4999997036526615 -0.86602557488058662 0 
1 9.4918511962890619 -14.75536865234375 5 0.866025306594289 -0.50000016833823946 0 
1 10.054767456054687 -15.080368652343751 5 -0.50000004215199723 -0.86602537944797031 0 
1 8.6047674560546881 -17.591842041015624 5 -0.86602541538120226 0.49999997991381595 0 
1 6.829415283203125 -16.566842041015626 5 -0.50000014985641172 -0.86602531726478171 0 
1 5.7294152832031253 -18.472097167968752 5 -0.86602601084422481 0.49999894854013299 0 
1 5.6428124999999998 -18.422097167968751 5 -0.49999894854013782 -0.86602601084422193 0 
1 5.5928125 -18.508699951171874 5 0.86602601084422481 -0.49999894854013299 0 
1 5.6794152832031255 -18.558699951171874 5 -0.50000003117193881 -0.8660253857873107 0 
1 3.6044152832031249 -22.152705078124999 5 -0.86602548362780907 0.49999986170720029 0 
1 -1.9814485168457032 -18.927706298828124 5 0.49999990959277107 0.86602545598107028 0 
1 -0.33144851684570314 -16.069821777343751 5 0.86602540776066894 -0.49999999311296711 0 
1 4.2151849365234373 -18.694821777343751 5 0.49999988132647338 0.86602547230062032 0 
1 4.640184936523438 -17.958699951171877 5 0.86602524790657276 -0.50000026998828617 0 
1 4.7267874145507811 -18.008699951171874 5 0.49999894854013782 0.86602601084422193 0 
1 4.7767874145507809 -17.922097167968751 5 -0.86602524790655733 0.50000026998831282 0 
1 4.6901849365234378 -17.87209716796875 5 0.50000033953836964 0.86602520775178071 0 
1 5.1651849365234375 -17.049373779296875 5 -0.86602524790655966 0.50000026998830904 0 
1 5.0785824584960935 -16.999373779296874 5 -0.50000012316044218 -0.86602533267771242 0 
1 4.178582458496094 -18.558218994140624 5 -0.8660254108646297 0.49999998773674936 0 
1 -0.28144851684570316 -15.983218994140625 5 0.50000011320601379 0.86602533842490637 0 
1 1.1935514831542968 -13.428444824218751 5 0.86602543864154624 -0.49999993962571387 0 
1 1.5399617004394532 -13.62844482421875 5 -0.50000071047232464 -0.86602499359266205 0 
1 1.4649617004394531 -13.758348388671875 5 0.86602538662295081 -0.50000002972456781 0 
1 2.4175895690917968 -14.308348388671876 5 0.50000071047232464 0.86602499359266205 0 
1 2.492589569091797 -14.178444824218751 5 0.86602539422384339 -0.50000001655943638 0 
1 5.653582153320313 -16.00344482421875 5 -0.50000071047231953 -0.86602499359266516 0 
1 5.5785821533203128 -16.133348388671877 5 0.86602601084423791 -0.49999894854011012 0 
1 5.6651849365234375 -16.183348388671874 5 0.50000000569820824 0.86602540049457655 0 
1 5.7901849365234375 -15.966842041015626 5 -0.86602540467506905 0.49999999845738297 0 
1 2.6291921997070311 -14.141842041015625 5 0.49999992739007093 0.86602544570579665 0 
1 3.3041921997070314 -12.97270751953125 5 -0.86602524790656732 0.50000026998829572 0 
1 3.2175897216796874 -12.922707519531251 5 -0.50000001216111045 -0.86602539676321821 0 
1 2.5425895690917968 -14.091842041015624 5 -0.86602540049457899 0.50000000569820424 0 
1 1.2435514831542969 -13.341842041015624 5 0.49999998506180854 0.86602541240900732 0 
1 3.5935516357421875 -9.2715222167968747 5 0.86602540049457888 -0.50000000569820402 0 
1 4.8925897216796876 -10.021522216796875 5 -0.49999992739007065 -0.86602544570579687 0 
1 4.2175897216796878 -11.19065673828125 5 0.86602524790655733 -0.50000026998831282 0 
1 4.3041921997070309 -11.240656738281251 5 0.49999992739007115 0.86602544570579654 0 
1 4.9791921997070316 -10.071522216796875 5 0.86602536234759731 -0.50000007177070749 0 
1 6.71124267578125 -11.071522216796875 5 0.49999894854013022 0.86602601084422648 0 
1 6.7612426757812498 -10.984919433593751 5 -0.86602535689802695 0.50000008120963846 0 
1 5.5488073730468752 -10.28491943359375 5 0.50000030071972679 0.86602523016375377 0 
1 6.0863073730468749 -9.35394287109375 5 -0.86602601084423037 0.49999894854012356 0 
1 5.9997045898437502 -9.3039428710937511 5 -0.50000005486843868 -0.8660253721061284 0 
1 5.4622045898437497 -10.234920043945312 5 -0.86602535689802751 0.50000008120963735 0 
1 3.6435516357421878 -9.1849200439453131 5 0.49999998682034863 0.86602541139371381 0 
1 5.0435516357421877 -6.760048828125 5 0.86602540049457877 -0.50000000569820435 0 
1 5.9095770263671872 -7.260048828125 5 -0.5000007104723202 -0.86602499359266472 0 
1 5.8345770263671879 -7.3899523925781248 5 0.86602531726478105 -0.50000014985641261 0 
1 6.7872045898437499 -7.9399523925781255 5 -0.49999963799062541 -0.86602561279054768 0 
1 6.4997045898437502 -8.4379174804687498 5 0.86602601084422259 -0.49999894854013688 0 
1 6.5863073730468749 -8.4879174804687505 5 0.49999963799062591 0.86602561279054735 0 
1 6.8738073730468754 -7.9899523925781253 5 0.8660254201833375 -0.49999997159627291 0 
1 9.5584863281249994 -9.539952392578126 5 -0.5000000455910345 -0.86602537746244102 0 
1 8.2334863281250001 -11.83491943359375 5 -0.86602557488058785 0.49999970365265967 0 
1 7.6272680664062502 -11.484919433593751 5 -0.49999894854013022 -0.86602601084422648 0 
1 7.5772680664062504 -11.571522216796875 5 0.86602540049457888 -0.50000000569820402 0 
1 10.391850585937501 -13.196522216796875 5 -0.49999894854013688 -0.86602601084422259 0 
1 10.3418505859375 -13.283125 5 0.86602601084422259 -0.49999894854013688 0 
1 10.428453369140625 -13.333125000000001 5 0.49999894854013688 0.86602601084422259 0 
1 10.478453369140626 -13.246522216796876 5 0.86602542191042176 -0.49999996860487494 0 
1 12.946625976562501 -14.671522216796875 5 0.5000007104723202 0.86602499359266472 0 
1 13.0966259765625 -14.411715087890625 5 -0.866025423969637 0.49999996503820926 0 
1 8.5932934570312494 -11.811715087890626 5 0.49999992739007115 0.86602544570579654 0 
1 9.9432934570312508 -9.4734460449218751 5 -0.86602538414587449 0.50000003401498938 0 
1 5.0935516357421875 -6.6734460449218753 5 0.50000001237701253 0.86602539663856704 0 
1 8.5560516357421879 -0.67622032165527346 5 0.866025427711545 -0.49999995855703389 0 
1 10.418006591796875 -1.7512203979492187 5 -0.50000007848217243 -0.86602535847273066 0 
1 7.8180059814453129 -6.2545526123046873 5 0.86602524790656044 -0.5000002699883076 0 
1 7.9912109375 -6.3545526123046878 5 0.49999998932625878 0.86602540994692589 0 
1 10.816210937500001 -1.4615089416503906 5 -0.86602448496285089 0.50000159144229606 0 
1 10.643006591796874 -1.3615089416503907 5 -0.50000008120963557 -0.86602535689802862 0 
1 10.468006591796875 -1.6646177673339844 5 -0.86602545076008441 0.49999991863578586 0 
1 8.6060516357421886 -0.58961780548095699 5 0.49999999218337549 0.86602540829736874 0 
1 9.7060516357421882 1.3156381225585938 5 0.86602536837080568 -0.50000006133820663 0 
1 10.528775634765625 0.84063812255859371 5 0.50000026998830993 0.8660252479065591 0 
1 10.578775634765625 0.92724060058593749 5 -0.86602536837080613 0.50000006133820574 0 
1 9.7560516357421871 1.4022406005859376 5 0.49999987132406726 0.86602547807551045 0 
1 11.656051025390624 4.69313720703125 5 0.86602552898956386 -0.49999978313829924 0 
1 12.478775634765626 4.2181372070312504 5 0.49999982950492927 0.86602550221979113 0 
1 12.553775634765625 4.3480410766601567 5 0.86602543864154524 -0.49999993962571554 0 
1 13.93941650390625 3.5480410766601564 5 -0.49999993962571504 -0.86602543864154558 0 
1 13.33941650390625 2.5088104248046874 5 0.86602601084422648 -0.49999894854013022 0 
1 13.426019287109375 2.4588104248046876 5 0.49999996503820948 0.86602542396963689 0 
1 14.076019287109375 3.5846435546875002 5 -0.86602542646698333 0.49999996071267833 0 
1 12.040859375 4.7596435546875 5 -0.49999982950492927 -0.86602550221979113 0 
1 11.965859375000001 4.6297396850585937 5 -0.8660260108442267 0.49999894854012983 0 
1 11.706051025390625 4.779739685058594 5 0.50000002803256993 0.86602538759982617 0 
1 13.481051025390625 7.8541296386718749 5 0.86602540049457899 -0.50000000569820424 0 
1 16.945152587890625 5.8541296386718749 5 -0.50000002527524079 -0.86602538919177108 0 
1 14.920152587890625 2.3467269897460938 5 0.86602601084422648 -0.49999894854013022 0 
1 15.00675537109375 2.296726989746094 5 0.50000002527524101 0.86602538919177097 0 
1 17.031755371093752 5.804129638671875 5 0.86602550883278051 -0.49999981805089039 0 
1 21.015473632812501 3.5041299438476563 5 -0.50000024870358617 -0.86602526019530857 0 
1 19.240472412109376 0.42973968505859378 5 0.86602601084422115 -0.49999894854013954 0 
1 19.327075195312499 0.37973968505859373 5 0.49999999080862839 0.8660254090910795 0 
1 21.102075195312501 3.4541299438476565 5 0.86602530659428922 -0.5000001683382389 0 
1 23.353740234375 2.1541299438476562 5 -0.49999999178820531 -0.86602540852552046 0 
1 20.978740234375 -1.9594908142089844 5 -0.86602535689802718 0.50000008120963813 0 
1 19.766304931640626 -1.2594908142089845 5 -0.50000000569820424 -0.86602540049457888 0 
1 19.391304931640626 -1.9090098571777343 5 -0.86602524790656199 0.50000026998830482 0 
1 18.352075195312501 -1.3090098571777344 5 0.49999999468612105 0.86602540685240814 0 
1 18.802075195312501 -0.52958698272705074 5 -0.86602601084423048 0.49999894854012333 0 
1 18.715472412109374 -0.4795869827270508 5 -0.49999998767843301 -0.86602541089829854 0 
1 17.340472412109374 -2.8611569213867187 5 0.86602601084422903 -0.49999894854012583 0 
1 17.427075195312501 -2.911156921386719 5 0.49999996794249441 0.86602542229284729 0 
1 18.302075195312501 -1.3956123352050782 5 0.86602540049457877 -0.50000000569820435 0 
1 20.0341259765625 -2.3956123352050782 5 -0.49999999792496846 -0.86602540498245861 0 
1 19.184125976562502 -3.8678555297851562 5 0.86602547230062055 -0.49999988132647299 0 
1 19.920247802734377 -4.2928555297851565 5 0.5000002699882824 0.86602524790657498 0 
1 19.970247802734374 -4.2062530517578125 5 -0.86602540049457832 0.50000000569820513 0 
1 19.320728759765625 -3.8312530517578125 5 0.49999959924237852 0.86602563516183573 0 
1 20.4957275390625 -1.7960932922363282 5 0.86602601084422715 -0.499998948540129 0 
1 21.015344238281251 -2.0960932922363282 5 0.49999999752428725 0.86602540521379201 0 
1 23.440344238281252 2.1041299438476564 5 0.86602537375206456 -0.50000005201759401 0 
1 28.463291015625 -0.79587013244628912 5 -0.49999999585761939 -0.86602540617604318 0 
1 26.113291015625002 -4.866189575195313 5 -0.86602540049457888 0.50000000569820413 0 
1 22.216176757812502 -2.6161895751953126 5 -0.50000000569820435 -0.86602540049457877 0 
1 22.091176757812502 -2.8326959228515625 5 0.86602295905727322 -0.50000423436775465 0 
1 22.177778320312502 -2.8826959228515627 5 0.49999982950492927 0.86602550221979113 0 
1 22.252778320312501 -2.7527920532226564 5 0.8660254559810705 -0.49999990959277063 0 
1 26.063291015625001 -4.9527920532226561 5 -0.50000001828344198 -0.86602539322848826 0 
1 25.013291015625001 -6.7714453125 5 -0.86602567176156653 0.49999953584971191 0 
1 24.623579101562502 -6.5464453125000004 5 0.50000159144227907 0.86602448496286066 0 
1 24.673579101562499 -6.4598431396484379 5 -0.86602539794402844 0.50000001011588713 0 
1 21.252778320312501 -4.4848428344726567 5 0.50000003679114557 0.86602538254305983 0 
1 21.677778320312502 -3.7487213134765627 5 -0.86602295905727322 0.50000423436775465 0 
1 21.591176757812502 -3.6987213134765624 5 -0.50000000569820402 -0.86602540049457899 0 
1 20.966176757812502 -4.7812530517578127 5 -0.86602702808504028 0.49999718661827791 0 
1 20.836271972656249 -4.7062530517578125 5 -0.5000002699882824 -0.86602524790657498 0 
1 20.786271972656252 -4.7928555297851565 5 0.8660270280850344 -0.49999718661828818 0 
1 20.916176757812501 -4.8678555297851567 5 -0.50000004017081345 -0.86602538059180745 0 
1 19.766176757812499 -6.8597137451171877 5 0.86602601084423092 -0.4999989485401225 0 
1 19.852779541015625 -6.9097137451171875 5 0.49999957948145796 0.86602564657079595 0 
1 20.802778320312502 -5.2642657470703123 5 0.86602601084422526 -0.49999894854013244 0 
1 21.32239501953125 -5.564265747070313 5 0.49999989243109066 0.86602546588936857 0 
1 21.672395019531251 -4.9580477905273437 5 0.86602533880839716 -0.50000011254178811 0 
1 26.955148925781252 -8.0080480957031259 5 -0.50000001998414989 -0.86602539224658404 0 
1 23.255148925781249 -14.4166357421875 5 -0.86602538533056328 0.50000003196304854 0 
1 16.283645019531249 -10.3916357421875 5 0.49999999080862839 0.86602540909107939 0 
1 18.058645019531252 -7.3172454833984375 5 0.86602601084422193 -0.49999894854013782 0 
1 18.145247802734374 -7.3672454833984373 5 0.50000159144230572 0.86602448496284523 0 
1 18.195247802734375 -7.2806433105468749 5 -0.86602601084423092 0.4999989485401225 0 
1 18.108645019531249 -7.230643310546875 5 0.50000006133820729 0.86602536837080535 0 
1 18.58364501953125 -6.4079193115234379 5 -0.86602601084423092 0.4999989485401225 0 
1 18.497042236328124 -6.357919311523438 5 -0.50000000569820424 -0.86602540049457888 0 
1 17.622042236328124 -7.8734637451171876 5 -0.86602552898956286 0.49999978313830079 0 
1 16.799317626953126 -7.398463745117188 5 0.50000000569820402 0.86602540049457899 0 
1 17.299317626953126 -6.5324383544921876 5 -0.86602540049457954 0.50000000569820313 0 
1 16.649798583984374 -6.1574383544921876 5 0.49999997633265258 0.86602541744878758 0 
1 17.549798583984376 -4.5985925292968748 5 0.86602547230062055 -0.49999988132647299 0 
1 19.022042236328126 -5.4485925292968753 5 -0.5000007104723202 -0.86602499359266472 0 
1 18.947042236328127 -5.5784960937500001 5 0.86602601084422193 -0.49999894854013782 0 
1 19.033645019531249 -5.6284960937499999 5 0.50000000569820513 0.86602540049457843 0 
1 19.158645019531249 -5.4119897460937505 5 -0.86602542574864538 0.49999996195687602 0 
1 12.706755371093751 -1.6869898986816407 5 0.4999999895642227 0.86602540980953746 0 
1 13.78175537109375 0.17496477127075197 5 -0.86602448496284834 0.5000015914423005 0 
1 13.608551025390625 0.27496477127075197 5 -0.49999993962570727 -0.86602543864154991 0 
1 13.558551025390626 0.1883622169494629 5 0.86602300035316104 -0.50000416284197957 0 
1 13.645152587890625 0.13836222648620605 5 -0.49999999169370757 -0.86602540858007881 0 
1 12.495152587890626 -1.8534962463378906 5 0.86602601084422548 -0.49999894854013188 0 
1 12.581755371093751 -1.9034962463378906 5 0.49999982950492994 0.8660255022197908 0 
1 12.65675537109375 -1.7735923767089845 5 0.86602543343446214 -0.49999994864464958 0 
1 14.128999023437501 -2.6235925292968751 5 -0.50000071047232908 -0.8660249935926595 0 
1 14.0539990234375 -2.7534960937499999 5 0.86602601084422459 -0.49999894854013355 0 
1 14.140601806640625 -2.8034960937500002 5 0.50000071047232775 0.86602499359266027 0 
1 14.215601806640626 -2.673592529296875 5 0.86602537210612884 -0.50000005486843813 0 
1 16.07755615234375 -3.7485925292968751 5 -0.5000007104723202 -0.86602499359266472 0 
1 16.00255615234375 -3.8784960937499999 5 0.86602601084422903 -0.49999894854012583 0 
1 16.089158935546877 -3.9284960937500002 5 0.50000071047231898 0.86602499359266549 0 
1 16.164158935546876 -3.798592529296875 5 0.86602540049457843 -0.50000000569820513 0 
1 17.030184326171874 -4.298592529296875 5 -0.49999997633265114 -0.86602541744878847 0 
1 16.130184326171875 -5.8574383544921877 5 -0.86602540049457877 0.50000000569820435 0 
1 15.264158935546876 -5.3574383544921877 5 0.49999982950493288 0.86602550221978913 0 
1 15.639158935546876 -4.7079190063476561 5 -0.86602601084422648 0.49999894854013022 0 
1 15.552556152343751 -4.6579190063476563 5 -0.49999982950493288 -0.86602550221978913 0 
1 15.177556152343751 -5.3074383544921879 5 -0.86602531064332966 0.50000016132509828 0 
1 13.315601806640625 -4.2324380493164062 5 0.50000000569820402 0.86602540049457888 0 
1 13.690601806640625 -3.5829190063476561 5 -0.86602601084422648 0.49999894854013022 0 
1 13.603999023437501 -3.5329190063476563 5 -0.50000000569820402 -0.86602540049457888 0 
1 13.228999023437501 -4.1824380493164064 5 -0.86602547230062099 0.49999988132647244 0 
1 11.75675537109375 -3.3324380493164063 5 0.50000000569820402 0.86602540049457888 0 
1 12.13175537109375 -2.6829190063476562 5 -0.86602601084422648 0.49999894854013022 0 
1 12.045152587890625 -2.6329190063476564 5 -0.49999995535725933 -0.86602542955893547 0 
1 11.520152587890625 -3.5422457885742187 5 0.8660254414970433 -0.49999993467984677 0 
1 16.889510498046874 -6.6422454833984377 5 -0.49999988132647338 -0.86602547230062032 0 
1 16.464510498046874 -7.3783673095703124 5 0.86602534742051407 -0.50000009762516828 0 
1 17.460439453125002 -7.9533673095703126 5 -0.49999995101752359 -0.86602543206448279 0 
1 16.010439453124999 -10.46484130859375 5 0.86602542101059632 -0.49999997016341863 0 
1 21.163291015624999 -13.439841308593751 5 -0.50000010290832875 -0.86602534437027923 0 
1 20.075791015625001 -15.323446044921875 5 -0.86602537632223597 0.50000004756592753 0 
1 15.702363281250001 -12.798446044921874 5 -0.49999996071267849 -0.86602542646698299 0 
1 13.35236328125 -16.868765869140624 5 -0.86602550221978913 0.49999982950493299 0 
1 11.2739013671875 -15.668765869140625 5 -0.5000007104723202 -0.86602499359266472 0 
1 11.198901367187501 -15.79866943359375 5 0.86602557488058729 -0.49999970365266067 0 
1 12.108228759765625 -16.32366943359375 5 -0.49999894854011584 -0.86602601084423481 0 
1 12.058228759765626 -16.410272216796876 5 0.8660229590572821 -0.50000423436773889 0 
1 12.144830322265625 -16.460272216796874 5 0.49999894854014454 0.86602601084421826 0 
1 12.194830322265625 -16.373669433593751 5 0.86602548981428162 -0.49999985099191119 0 
1 13.970183105468751 -17.398669433593749 5 0.49999982950493149 0.86602550221978991 0 
1 14.27018310546875 -16.879053955078124 5 -0.86602530659428956 0.50000016833823857 0 
1 13.707266845703126 -16.554053955078125 5 0.50000013514638741 0.86602532575762137 0 
1 14.932266845703126 -14.43229248046875 5 0.86602540049457888 -0.50000000569820402 0 
1 15.581785888671876 -14.80729248046875 5 0.49999894854012356 0.86602601084423037 0 
1 15.631785888671875 -14.720689697265625 5 -0.86602540049457888 0.50000000569820402 0 
1 14.982266845703125 -14.345689697265625 5 0.50000000569820435 0.86602540049457877 0 
1 15.482266845703125 -13.479664306640625 5 0.86602533267771331 -0.50000012316044096 0 
1 16.261689453125001 -13.929664306640625 5 0.49999953584970896 0.86602567176156831 0 
1 16.486689453124999 -13.539952392578126 5 0.86602536047151624 -0.50000007502017485 0 
1 19.128066406249999 -15.064952392578125 5 0.49999894854013688 0.86602601084422259 0 
1 19.17806640625 -14.978349609375 5 0.86602552898956386 -0.49999978313829924 0 
1 20.000791015625001 -15.453349609375 5 -0.50000000569820402 -0.86602540049457899 0 
1 18.000791015625001 -18.917451171875001 5 -0.86602552898956298 0.49999978313830062 0 
1 17.17806640625 -18.442451171875 5 0.50000000569820513 0.86602540049457843 0 
1 17.67806640625 -17.576425781250002 5 -0.86602295905727134 0.50000423436775798 0 
1 17.59146484375 -17.526425781250001 5 0.50000071047231509 0.86602499359266771 0 
1 17.666464843749999 -17.396522216796875 5 0.86602295905727134 -0.50000423436775798 0 
1 17.753066406249999 -17.446522216796875 5 0.50000016833823946 0.866025306594289 0 
1 18.403066406250002 -16.320689697265625 5 -0.86602531726478171 0.50000014985641172 0 
1 16.497811279296876 -15.220689697265625 5 -0.49999894854013688 -0.86602601084422259 0 
1 16.447811279296875 -15.30729248046875 5 0.86602601084422703 -0.49999894854012916 0 
1 16.534414062500002 -15.35729248046875 5 -0.50000039012024544 -0.86602517854829264 0 
1 15.984414062500001 -16.309919433593752 5 -0.86602601084422481 0.49999894854013299 0 
1 15.81120849609375 -16.20991943359375 5 -0.49999970365265667 -0.86602557488058962 0 
1 15.636208496093751 -16.513028564453126 5 0.86602545598107072 -0.4999999095927703 0 
1 17.541464843749999 -17.613028564453124 5 -0.50000000569820358 -0.86602540049457921 0 
1 17.041464843749999 -18.479053955078125 5 0.86602528423706515 -0.5000002070620676 0 
1 17.950791015625001 -19.004053955078124 5 -0.49999977077386515 -0.8660255361281689 0 
1 16.825791015625001 -20.952612304687502 5 -0.86602504315194295 0.5000006246332851 0 
1 15.396849365234376 -20.127611083984377 5 -0.50000126829716585 -0.86602467153149032 0 
1 15.244117431640625 -20.392149658203124 5 0.99985192986106919 -0.017208089757305232 0 
1 15.3584521484375 -20.394117431640627 5 0.86602488778549669 -0.5000008937353192 0 
1 16.354381103515625 -20.969118652343749 5 0.49999718661828363 0.86602702808503684 0 
1 16.429381103515624 -20.8392138671875 5 0.86602499359266227 -0.50000071047232442 0 
1 16.819091796875 -21.064213867187501 5 -0.50000003568855855 -0.86602538317963873 0 
1 13.294091796875 -27.169692382812499 5 -0.86602499359266472 0.50000071047232031 0 
1 12.904381103515625 -26.944692382812502 5 0.50000423436775798 0.86602295905727134 0 
1 12.954381103515626 -26.858090820312501 5 -0.86602534742051407 0.50000009762516839 0 
1 11.9584521484375 -26.283090820312502 5 0.49999998093152132 0.8660254147936296 0 
1 14.862391357421876 -21.253320312500001 5 -0.86602601084422259 0.49999894854013688 0 
1 14.775788574218751 -21.203320312500001 5 -0.49999752046628126 -0.8660268353391658 0 
1 14.746849365234375 -21.25344482421875 5 -0.86602545299792666 0.49999991475972871 0 
1 10.719830322265626 -18.928444824218751 5 0.49999994855442853 0.86602543348655114 0 
1 11.644830322265625 -17.326297607421875 5 -0.86602295905727134 0.50000423436775798 0 
1 11.558228759765624 -17.276297607421874 5 -0.49999994855442853 -0.86602543348655114 0 
1 10.633228759765625 -18.87844482421875 5 -0.86602542955893624 0.49999995535725789 0 
1 9.7239019775390627 -18.353444824218752 5 -0.50000423436775798 -0.86602295905727134 0 
1 9.673901977539062 -18.440046386718752 5 0.86602540575623055 -0.49999999658475636 0 
1 14.696849365234375 -21.34004638671875 5 -0.49999993085503192 -0.86602544370530088 0 
1 11.871849365234375 -26.233090820312501 5 -0.86602542742185096 0.49999995905879863 0 
1 8.9273626708984377 -24.533090820312502 5 -0.50000423436775931 -0.86602295905727045 0 
1 8.8523626708984384 -24.662993164062499 5 0.86602545598106995 -0.49999990959277152 0 
1 9.8049908447265626 -25.2129931640625 5 -0.49999366280563223 -0.86602906253439771 0 
1 9.7549908447265619 -25.299597167968752 5 0.86602448496286288 -0.50000159144227529 0 
1 9.8415930175781252 -25.349597167968749 5 0.49999366280564767 0.86602906253438883 0 
1 9.8915930175781259 -25.2629931640625 5 0.8660254801056223 -0.49999986780780892 0 
1 11.883452148437501 -26.412993164062499 5 -0.4999989485401225 -0.86602601084423092 0 
1 11.783452148437501 -26.586198730468752 5 0.86602534742051362 -0.50000009762516906 0 
1 12.779381103515625 -27.161198730468751 5 0.50000423436775798 0.86602295905727134 0 
1 12.829381103515626 -27.074597167968751 5 0.86602524790656243 -0.50000026998830427 0 
1 13.175791015625 -27.27459716796875 5 -0.50000039012024522 -0.86602517854829297 0 
1 12.350791015625001 -28.703537597656251 5 -0.8660254334865507 0.49999994855442925 0 
1 10.748643798828125 -27.77853759765625 5 -0.49999366280563434 -0.86602906253439649 0 
1 10.698643798828126 -27.865141601562499 5 0.86602543348655048 -0.4999999485544297 0 
1 12.300791015625 -28.7901416015625 5 -0.50000045876708987 -0.86602513891497379 0 
1 11.600791015625001 -30.002575683593751 5 -0.86602567176156586 0.49999953584971313 0 
1 11.2110791015625 -29.777575683593749 5 0.50000423436774466 0.866022959057279 0 
1 11.261079101562499 -29.690974121093749 5 -0.86602528423706471 0.50000020706206838 0 
1 10.3517529296875 -29.16597412109375 5 -0.49999894854013022 -0.86602601084422648 0 
1 10.2517529296875 -29.3391796875 5 -0.8660254004945791 0.50000000569820391 0 
1 9.1692211914062494 -28.7141796875 5 0.50000000569820402 0.86602540049457888 0 
1 9.9192211914062494 -27.4151416015625 5 0.86602524790655966 -0.50000026998830904 0 
1 10.092426147460937 -27.515141601562501 5 0.49999366280564767 0.86602906253438883 0 
1 10.142426147460938 -27.428537597656252 5 -0.86602540049457921 0.50000000569820358 0 
1 9.7094134521484374 -27.178537597656252 5 -0.49999366280563434 -0.86602906253439649 0 
1 9.6594134521484385 -27.265141601562501 5 0.86602524790656521 -0.50000026998829961 0 
1 9.8326184082031247 -27.365141601562499 5 -0.50000000569820402 -0.86602540049457888 0 
1 9.0826184082031247 -28.664179687499999 5 -0.86602540049457877 0.50000000569820435 0 
1 8.2165930175781252 -28.164179687499999 5 0.50000000569820402 0.86602540049457888 0 
1 8.9665930175781252 -26.865141601562499 5 0.86602601084422259 -0.49999894854013688 0 
1 9.0531958007812499 -26.9151416015625 5 0.49999366280564767 0.86602906253438883 0 
1 9.1031958007812506 -26.828537597656251 5 -0.86602601084422259 0.49999894854013688 0 
1 9.0165930175781259 -26.77853759765625 5 0.5000009815397326 0.86602483709146816 0 
1 9.3415930175781252 -26.215622558593751 5 -0.86602448496284756 0.50000159144230194 0 
1 9.2549908447265619 -26.16562255859375 5 -0.50000039012024522 -0.86602517854829297 0 
1 8.4299908447265626 -27.59456298828125 5 -0.86602543864154602 0.4999999396257141 0 
1 7.7371704101562502 -27.194562988281252 5 -0.49999894854013122 -0.8660260108442257 0 
1 7.4371704101562504 -27.7141796875 5 -0.86602541246225651 0.49999998496957815 0 
1 5.2288055419921875 -26.439179687500001 5 0.49999988132647244 0.86602547230062099 0 
1 6.9288055419921877 -23.494692382812499 5 0.86602537506325905 -0.500000049746539 0 
1 7.9680358886718752 -24.0946923828125 5 0.50000423436775132 0.86602295905727511 0 
1 8.018035888671875 -24.0080908203125 5 -0.86602542396963744 0.49999996503820865 0 
1 6.8922027587890629 -23.358090820312501 5 -0.50000005958214555 -0.86602536938466823 0 
1 5.0922030639648437 -26.475781250000001 5 0.8660252479065641 -0.50000026998830138 0 
1 5.3520104980468748 -26.625781249999999 5 -0.49999718661827347 -0.86602702808504284 0 
1 5.2770104980468755 -26.755686035156252 5 0.86602601084423791 -0.49999894854011012 0 
1 5.3636132812500001 -26.805686035156249 5 0.49999718661828818 0.8660270280850344 0 
1 5.4386132812500003 -26.67578125 5 0.86602538185788736 -0.50000003797789883 0 
1 11.111079101562501 -29.950781250000002 5 0.50000423436774466 0.866022959057279 0 
1 11.1610791015625 -29.864179687500002 5 0.86602567176156919 -0.49999953584970719 0 
1 11.550791015625 -30.0891796875 5 -0.50000006525651608 -0.86602536610856828 0 
1 9.7757910156249999 -33.163569335937503 5 -0.86602533267771098 0.50000012316044473 0 
1 9.3860797119140624 -32.938569335937501 5 0.49999718661829251 0.86602702808503174 0 
1 9.4610797119140635 -32.808664550781252 5 -0.86753663403638159 0.49737328899411681 0 
1 0.30852668762207031 -27.561352539062501 5 0.50000006390603324 0.86602536688827003 0 
1 1.2583751678466797 -25.916166992187499 5 0.86602540929772598 -0.49999999045070587 0 
1 4.6358743286132817 -27.866166992187502 5 -0.50000423436775354 -0.86602295905727389 0 
1 4.5608743286132816 -27.996069335937502 5 0.86602524790657276 -0.50000026998828617 0 
1 4.6474768066406247 -28.046069335937499 5 0.5000014477127489 0.86602456794547999 0 
1 4.8636132812500001 -27.67171142578125 5 -0.86602601084422259 0.49999894854013688 0 
1 4.7770104980468755 -27.62171142578125 5 -0.50000216983331036 -0.86602415102696839 0 
1 4.6858743286132816 -27.779562988281249 5 -0.86602542130201743 0.49999996965866222 0 
1 2.7806182861328126 -26.679562988281251 5 0.5000002244210292 0.86602527421485831 0 
1 4.2306182861328123 -24.1680908203125 5 0.86602540049457888 -0.50000000569820402 0 
1 4.8801373291015624 -24.5430908203125 5 0.499993662805641 0.86602906253439271 0 
1 4.9301373291015622 -24.456486816406251 5 -0.86602538254305961 0.50000003679114569 0 
1 2.7217727661132813 -23.181486816406249 5 -0.50000000569819902 -0.86602540049458188 0 
1 2.5967727661132813 -23.397993164062502 5 0.86602524790657398 -0.50000026998828428 0 
1 2.6833752441406249 -23.447993164062499 5 0.50000423436776376 0.866022959057268 0 
1 2.7583752441406251 -23.318090820312502 5 0.86602539095783582 -0.50000002221632722 0 
1 4.1440158081054692 -24.118090820312499 5 -0.49999985988307616 -0.86602548468096729 0 
1 3.4190158081054687 -25.373828124999999 5 -0.50000058895942556 -0.86602506374828869 0 
1 2.6940158081054686 -26.629562988281251 5 -0.86602539095783471 0.500000022216329 0 
1 1.3083752441406251 -25.82956298828125 5 0.50000000569820413 0.86602540049457888 0 
1 2.1833752441406249 -24.3140185546875 5 -0.86602562937614724 0.49999960926349529 0 
1 2.0967726135253906 -24.2640185546875 5 -0.49999952414394727 -0.86602567851988443 0 
1 1.7879089355468751 -24.798986816406252 5 -0.8660252479065591 0.50000026998830993 0 
1 1.7013064575195314 -24.748986816406251 5 -0.50000423436775299 -0.86602295905727422 0 
1 1.6513064575195313 -24.835588378906252 5 0.86602524790657431 -0.50000026998828329 0 
1 1.7379089355468751 -24.885588378906249 5 -0.49999995962727889 -0.86602542709363883 0 
1 0.22177263259887695 -27.511613769531252 5 -0.86753671040354441 0.49737315579170199 0 
1 -4.506323547363281 -24.800917968749999 5 0.50000100384412816 0.8660248242139853 0 
1 -4.3819293212890624 -24.585461425781251 5 -0.86602543864154635 0.4999999396257136 0 
1 -4.7283395385742191 -24.385461425781251 5 -0.50000071047232242 -0.86602499359266338 0 
1 -4.8783395385742185 -24.645268554687501 5 -0.86602535689802684 0.50000008120963846 0 
1 -5.1814483642578129 -24.4702685546875 5 0.49999980108667341 0.86602551862707078 0 
1 19.266176757812499 -7.7257391357421881 5 -0.49999894854012789 -0.8660260108442277 0 
1 19.191176757812499 -7.855643310546875 5 -0.86602499359265928 0.50000071047232986 0 
1 19.061273193359376 -7.7806433105468749 5 -0.50000159144230572 -0.86602448496284523 0 
1 19.011273193359376 -7.8672454833984373 5 0.86602538736873746 -0.50000002843282754 0 
1 23.038291015624999 -10.192245483398438 5 0.5000015914423096 0.86602448496284312 0 
1 23.088291015625 -10.105643310546876 5 -0.86602538662295092 0.50000002972456759 0 
1 19.277779541015626 -7.9056433105468749 5 0.49999894854012789 0.8660260108442277 0 
1 19.352779541015625 -7.7757391357421879 5 -0.86602601084423092 0.4999989485401225 0 
1 12.764416503906251 1.5128813171386719 5 -0.86602530659428978 0.50000016833823824 0 
1 12.201500244140625 1.8378813171386719 5 -0.49999996503820848 -0.86602542396963744 0 
1 11.876500244140626 1.2749647521972656 5 -0.86602552898956364 0.49999978313829957 0 
1 11.053775634765625 1.7499647521972657 5 -0.50000026998829661 -0.86602524790656676 0 
1 11.003775634765626 1.6633622741699219 5 0.8660254461530611 -0.49999992661538606 0 
1 12.692525634765625 0.68836219787597652 5 0.49999993962572026 0.86602543864154247 0 
1 12.742525634765625 0.77496475219726568 5 -0.86602540049457843 0.50000000569820513 0 
1 12.526019287109376 0.89996475219726568 5 0.50000002221632722 0.86602539095783571 0 
1 12.926019287109375 1.5927850341796876 5 -0.86602601084422648 0.49999894854013022 0 
1 12.83941650390625 1.6427850341796875 5 -0.50000026998830138 -0.8660252479065641 0 
1 -16.557733154296876 -61.174570312500002 5 -0.86602530659428867 0.50000016833824001 0 
1 -18.809398193359375 -59.874570312499998 5 0.49999978313830012 0.86602552898956331 0 
1 -16.434398193359375 -55.760947265624999 5 0.86602535689802629 -0.50000008120963957 0 
1 -15.221962890625001 -56.460947265625002 5 0.50000141524809616 0.8660245866890276 0 
1 -14.846962890625001 -55.811430664062499 5 0.86602524790656188 -0.50000026998830516 0 
1 -13.807733154296875 -56.4114306640625 5 -0.49999953584971341 -0.86602567176156575 0 
1 -14.257733154296876 -57.190854492187498 5 0.86602601084420727 -0.49999894854016352 0 
1 -14.171130371093751 -57.240854492187502 5 0.49999962127665476 0.86602562244035364 0 
1 -12.796130371093751 -54.859282226562499 5 -0.86602601084423791 0.49999894854011012 0 
1 -12.882733154296876 -54.809282226562502 5 -0.49999940160742035 -0.86602574926628006 0 
1 -13.757733154296876 -56.3248291015625 5 -0.86602540049457877 0.50000000569820435 0 
1 -15.489783935546875 -55.3248291015625 5 0.49999925946858809 0.86602583133002664 0 
1 -14.639783935546875 -53.852583007812498 5 -0.8660251132698773 0.50000050318564304 0 
1 -15.375904541015625 -53.427583007812501 5 -0.49998309161605781 -0.86603516562438076 0 
1 -15.425904541015626 -53.514189453124999 5 0.86602540049457888 -0.50000000569820402 0 
1 -14.776385498046876 -53.889189453124999 5 -0.50000063549627405 -0.86602503688018295 0 
1 -15.951385498046875 -55.924345703124999 5 -0.86602550221979113 0.49999982950492927 0 
1 -16.4710009765625 -55.624345703125002 5 -0.49999987491556019 -0.86602547600196145 0 
1 -18.896000976562501 -59.824570312500001 5 -0.86602537944797053 0.500000042151997 0 
1 -23.918947753906252 -56.924570312500002 5 0.50000018564037541 0.86602529660489136 0 
1 -21.568947753906251 -52.854252929687505 5 0.86602533267771231 -0.5000001231604424 0 
1 -17.671834716796877 -55.104252929687505 5 0.49999577708825604 0.86602784186994286 0 
1 -17.546834716796877 -54.887744140625003 5 -0.8660229590572559 0.50000423436778463 0 
1 -17.633436279296877 -54.837744140624999 5 -0.50000423436773878 -0.86602295905728233 0 
1 -17.708436279296876 -54.967646484375003 5 -0.8660253866229507 0.50000002972456792 0 
1 -21.51894775390625 -52.767646484375 5 0.49999977109641791 0.86602553594194309 0 
1 -20.468948974609376 -50.948994140625004 5 0.86602567176157175 -0.49999953584970303 0 
1 -20.079237060546877 -51.173994140624998 5 -0.50000423436773134 -0.86602295905728666 0 
1 -20.129237060546874 -51.260595703124999 5 0.86602543139845134 -0.49999995217112403 0 
1 -16.708436279296876 -53.235595703125 5 -0.49999925946858886 -0.8660258313300262 0 
1 -17.133436279296877 -53.971718750000001 5 0.86602295905728666 -0.50000423436773134 0 
1 -17.046834716796877 -54.021718749999998 5 0.50000085142734751 0.86602491221207234 0 
1 -16.421834716796877 -52.939189453125003 5 0.86602702808505316 -0.49999718661825571 0 
1 -16.291929931640624 -53.014189453124999 5 0.49998309161603122 0.8660351656243962 0 
1 -16.241929931640627 -52.927583007812501 5 -0.86602702808502652 0.49999718661830139 0 
1 -16.371834716796876 -52.852583007812498 5 0.50000055726041814 0.86602508204974715 0 
1 -15.221834716796875 -50.860727539062502 5 -0.8660229590572559 0.50000423436778463 0 
1 -15.308436279296876 -50.810727539062498 5 -0.4999997831382999 -0.86602552898956342 0 
1 -16.258436279296877 -52.4561767578125 5 -0.86602550221978969 0.49999982950493188 0 
1 -16.778051757812499 -52.156176757812503 5 -0.50000121388342378 -0.86602470294738287 0 
1 -17.1280517578125 -52.762392578125002 5 -0.86602544868021836 0.49999992223822048 0 
1 -20.418948974609375 -50.862392578125004 5 0.49999972378902002 0.86602556325486357 0 
1 -18.543948974609375 -47.614794921875003 5 0.86602545598107095 -0.49999990959277002 0 
1 -14.733436279296875 -49.814794921874999 5 -0.49999013903438366 -0.86603109694073788 0 
1 -14.808436279296876 -49.9447021484375 5 0.8660229590572559 -0.50000423436778463 0 
1 -14.721834716796875 -49.994702148437504 5 0.49999013903438366 0.86603109694073788 0 
1 -14.646834716796874 -49.864794921875003 5 0.86602702808504728 -0.49999718661826598 0 
1 -14.516929931640625 -49.939794921874999 5 0.50000423436775798 0.86602295905727134 0 
1 -14.466929931640625 -49.853193359374998 5 -0.86602545299792699 0.4999999147597281 0 
1 -18.493948974609374 -47.528193359375003 5 0.50000006525651575 0.8660253661085684 0 
1 -16.718948974609376 -44.4538037109375 5 0.86602540049457888 -0.50000000569820402 0 
1 -11.739302978515624 -47.3288037109375 5 -0.50000006525651608 -0.86602536610856828 0 
1 -13.514302978515625 -50.403193359375003 5 -0.8660229590572559 0.50000423436778463 0 
1 -13.600904541015625 -50.353193359374998 5 -0.50000423436775798 -0.86602295905727134 0 
1 -13.650904541015626 -50.439794921874999 5 0.8660229590572559 -0.50000423436778463 0 
1 -13.564302978515625 -50.489794921875003 5 -0.49999978313829924 -0.86602552898956386 0 
1 -14.039302978515625 -51.312519531250004 5 0.86602601084423791 -0.49999894854011012 0 
1 -13.9527001953125 -51.362519531250001 5 0.50000089593947272 0.86602488651292497 0 
1 -13.002700195312499 -49.717075195312503 5 0.86602601084423791 -0.49999894854011012 0 
1 -12.916097412109375 -49.767075195312501 5 0.49999985988307571 0.86602548468096752 0 
1 -11.466097412109375 -47.255600585937501 5 -0.86602542101059621 0.49999997016341874 0 
1 -16.618948974609374 -44.280600585937499 5 0.49999937383316068 0.86602576530173003 0 
1 -15.531448974609376 -42.396992187500004 5 0.86602543675308219 -0.49999994289663008 0 
1 -11.15802001953125 -44.921992187500003 5 0.50000018564037463 0.86602529660489203 0 
1 -8.8080200195312504 -40.851674804687498 5 0.86602537506325905 -0.500000049746539 0 
1 -6.7295593261718754 -42.051674804687501 5 0.50000423436776376 0.866022959057268 0 
1 -6.6545593261718752 -41.921772460937504 5 -0.86602542955893336 0.49999995535726294 0 
1 -7.5638861083984379 -41.396772460937498 5 0.4999830916160512 0.86603516562438465 0 
1 -7.5138861083984381 -41.310166015625001 5 -0.86602448496286066 0.50000159144227907 0 
1 -7.6004882812500005 -41.260166015625003 5 -0.4999830916160512 -0.86603516562438465 0 
1 -7.6504882812500004 -41.346772460937501 5 -0.8660248996933182 0.50000087311041563 0 
1 -9.4258404541015626 -40.32177001953125 5 -0.49999894854012983 -0.8660260108442267 0 
1 -9.7258404541015633 -40.841386718750002 5 0.86602530659429255 -0.50000016833823335 0 
1 -9.1629241943359379 -41.166386718749997 5 -0.49999973255710517 -0.86602555819261096 0 
1 -10.387923583984374 -43.288149414062502 5 -0.86602540049457888 0.50000000569820402 0 
1 -11.037442626953125 -42.913149414062502 5 -0.50000423436775798 -0.86602295905727134 0 
1 -11.087442626953125 -42.999750976562503 5 0.86602540049457888 -0.50000000569820402 0 
1 -10.437923583984375 -43.374750976562503 5 -0.50000000569820513 -0.86602540049457843 0 
1 -10.937923583984375 -44.2407763671875 5 -0.86602567176156531 0.49999953584971402 0 
1 -11.717347412109374 -43.790776367187497 5 -0.49999953584971141 -0.86602567176156675 0 
1 -11.942347412109376 -44.18048828125 5 -0.86602536047151601 0.50000007502017507 0 
1 -14.583724365234374 -42.655488281250001 5 -0.50000423436775798 -0.86602295905727134 0 
1 -14.633724365234375 -42.742089843750001 5 -0.86602552898956253 0.49999978313830146 0 
1 -15.456448974609375 -42.26708984375 5 0.50000000569820435 0.86602540049457877 0 
1 -13.456448974609375 -38.802988281250002 5 0.86602552898956253 -0.49999978313830146 0 
1 -12.633724365234375 -39.277988281250003 5 -0.50000000569820513 -0.86602540049457843 0 
1 -13.133724365234375 -40.144013671875001 5 0.86602601084423791 -0.49999894854011012 0 
1 -13.04712158203125 -40.194013671874998 5 -0.49999718661828363 -0.86602702808503684 0 
1 -13.12212158203125 -40.323918457031247 5 -0.86602601084423791 0.49999894854011012 0 
1 -13.208724365234374 -40.27391845703125 5 -0.50000016833823846 -0.86602530659428956 0 
1 -13.858724365234375 -41.399750976562501 5 0.86602545598107028 -0.49999990959277124 0 
1 -11.953468017578125 -42.499750976562503 5 0.50000423436774466 0.866022959057279 0 
1 -11.903468017578126 -42.413149414062502 5 -0.86602601084420727 0.49999894854016352 0 
1 -11.99007080078125 -42.363149414062498 5 0.50000039012024688 0.86602517854829186 0 
1 -11.44007080078125 -41.4105224609375 5 0.86602448496284523 -0.50000159144230572 0 
1 -11.266866455078125 -41.510522460937501 5 0.49999819342949586 0.86602644680589314 0 
1 -11.091866455078126 -41.207412109374999 5 -0.86602531726478105 0.50000014985641261 0 
1 -12.99712158203125 -40.107412109374998 5 0.50000000569820513 0.86602540049457843 0 
1 -12.49712158203125 -39.24138671875 5 -0.8660255748805884 0.49999970365265867 0 
1 -13.406448974609376 -38.716386718750002 5 0.5000000056982038 0.8660254004945791 0 
1 -12.281448974609376 -36.76782958984375 5 0.86602554845848467 -0.49999974941711778 0 
1 -10.852506103515625 -37.592829589843753 5 0.49999827111496487 0.86602640195437819 0 
1 -10.699775390625 -37.328291015624998 5 -0.9998519266999577 0.017208273428283072 0 
1 -10.814108886718751 -37.326323242187499 5 -0.86602534742051507 0.50000009762516673 0 
1 -11.810037841796875 -36.751323242187503 5 -0.50000423436775931 -0.86602295905727045 0 
1 -11.885037841796875 -36.8812255859375 5 -0.86602567176156586 0.49999953584971313 0 
1 -12.274749755859375 -36.656225585937499 5 0.50000003568855855 0.86602538317963873 0 
1 -8.7497497558593746 -30.5507470703125 5 0.86602533267771098 -0.50000012316044473 0 
1 -8.3600384521484372 -30.775747070312502 5 -0.49999366280564767 -0.86602906253438883 0 
1 -8.4100384521484379 -30.862351074218751 5 0.8660254801056223 -0.49999986780780892 0 
1 -7.4141088867187506 -31.43735107421875 5 -0.50000013856691239 -0.86602532378277952 0 
1 -10.318049316406251 -36.467121582031254 5 0.86602601084424247 -0.49999894854010252 0 
1 -10.231446533203124 -36.517121582031251 5 0.50000542944703608 0.8660222690690379 0 
1 -10.202506713867187 -36.466997070312502 5 0.86602542018333806 -0.49999997159627196 0 
1 -6.1754882812499998 -38.791997070312497 5 -0.50000023427341223 -0.86602526852657891 0 
1 -7.1004882812500005 -40.394143066406251 5 0.86602448496286066 -0.50000159144227907 0 
1 -7.0138861083984381 -40.444143066406248 5 0.50000023427341378 0.8660252685265778 0 
1 -6.0888861083984374 -38.841997070312502 5 0.86602542955893613 -0.49999995535725827 0 
1 -5.1795593261718755 -39.3669970703125 5 0.49999366280563223 0.86602906253439771 0 
1 -5.1295593261718748 -39.280393066406248 5 -0.86602540575623055 0.4999999965847563 0 
1 -10.152506713867188 -36.380393066406249 5 0.50000011796299737 0.86602533567845952 0 
1 -7.3275067138671872 -31.487351074218751 5 0.86602540498245772 -0.49999999792497007 0 
1 -4.3830203247070312 -33.187351074218753 5 0.49999718661826764 0.86602702808504617 0 
1 -4.308020324707031 -33.057446289062497 5 -0.86602538662295225 0.50000002972456503 0 
1 -5.2606481933593754 -32.5074462890625 5 0.50000423436775798 0.86602295905727134 0 
1 -5.2106481933593747 -32.4208447265625 5 -0.86602601084424014 0.49999894854010635 0 
1 -5.2972509765625002 -32.370844726562503 5 -0.50000423436775132 -0.86602295905727511 0 
1 -5.3472509765625 -32.457446289062503 5 -0.86602534742051329 0.50000009762516995 0 
1 -7.3391088867187504 -31.307446289062501 5 0.49999894854013355 0.86602601084422459 0 
1 -7.2391088867187499 -31.134240722656251 5 -0.8660254801056223 0.49999986780780892 0 
1 -8.2350384521484372 -30.559240722656252 5 -0.49999366280564767 -0.86602906253438883 0 
1 -8.2850384521484379 -30.645844726562501 5 -0.86602524790656243 0.50000026998830427 0 
1 -8.6314483642578121 -30.445844726562502 5 0.49999974941711578 0.86602554845848601 0 
1 -7.8064483642578129 -29.016901855468749 5 0.86602535100659983 -0.50000009141388713 0 
1 -6.2043017578124999 -29.94190185546875 5 0.50000423436775132 0.86602295905727511 0 
1 -6.1543017578125001 -29.855300292968749 5 -0.86602535100660072 0.50000009141388568 0 
1 -7.756448364257813 -28.930300292968752 5 0.49999970365265906 0.86602557488058818 0 
1 -7.0564483642578129 -27.717863769531249 5 0.86602533267771098 -0.50000012316044473 0 
1 -6.6667370605468754 -27.94286376953125 5 -0.50000423436775132 -0.86602295905727511 0 
1 -6.7167370605468752 -28.029465332031251 5 0.86602542955893624 -0.49999995535725789 0 
1 -5.8074102783203125 -28.554465332031249 5 0.50000423436775898 0.86602295905727067 0 
1 -5.7074102783203129 -28.381262207031252 5 0.8660254004945791 -0.50000000569820391 0 
1 -4.6248785400390622 -29.006262207031252 5 -0.50000000569820402 -0.86602540049457888 0 
1 -5.3748785400390622 -30.305300292968752 5 -0.86602524790655966 0.50000026998830904 0 
1 -5.5480834960937502 -30.205300292968751 5 -0.50000423436775132 -0.86602295905727511 0 
1 -5.59808349609375 -30.291901855468751 5 0.86602540049457877 -0.50000000569820435 0 
1 -5.1650708007812502 -30.541901855468751 5 0.50000194553769672 0.86602428052481195 0 
1 -5.1150711059570311 -30.455300292968751 5 -0.86602562937614724 0.49999960926349529 0 
1 -5.2882763671874997 -30.355300292968749 5 0.50000015828607169 0.86602531239791325 0 
1 -4.5382760620117191 -29.056262207031249 5 0.86602540049457899 -0.50000000569820402 0 
1 -3.6722506713867187 -29.556262207031249 5 -0.50000000569820402 -0.86602540049457888 0 
1 -4.4222506713867187 -30.855300292968749 5 -0.86602524790657498 0.5000002699882824 0 
1 -4.5088531494140627 -30.805300292968752 5 -0.50000423436776664 -0.86602295905726623 0 
1 -4.5588531494140625 -30.891901855468749 5 0.86602524790655966 -0.50000026998830904 0 
1 -4.4722506713867185 -30.94190185546875 5 -0.49999935513894755 -0.86602577609482068 0 
1 -4.7972506713867187 -31.504819335937501 5 0.86602524790655966 -0.50000026998830904 0 
1 -4.7106481933593747 -31.554819335937502 5 0.49999974941711595 0.86602554845848589 0 
1 -3.8856481933593749 -30.125876464843749 5 0.86602543864154413 -0.49999993962571743 0 
1 -3.1928277587890626 -30.525876464843751 5 0.50000071047232353 0.86602499359266272 0 
1 -2.8928277587890627 -30.006262207031252 5 0.86602539750265961 -0.50000001088036028 0 
1 -0.68446304321289064 -31.281262207031251 5 -0.50000019225589809 -0.86602529278541562 0 
1 -2.3844630432128908 -34.225747070312501 5 -0.86602540685240714 0.49999999468612266 0 
1 -3.4236935424804686 -33.625747070312499 5 -0.4999936628056289 -0.8660290625343996 0 
1 -3.4736935424804689 -33.712351074218752 5 0.86602539462581396 -0.50000001586320286 0 
1 -2.3478605651855471 -34.362351074218751 5 0.49999983745221832 0.86602549763142367 0 
1 -0.54786052703857424 -31.244658203125002 5 -0.86602540685240459 0.49999999468612694 0 
1 -0.80766815185546881 -31.094658203125 5 0.50000423436775299 0.86602295905727422 0 
1 -0.73266815185546874 -30.964755859375 5 -0.86602543864154224 0.49999993962572076 0 
1 -0.81927070617675779 -30.914755859374999 5 -0.50000423436775299 -0.86602295905727422 0 
1 -0.89427070617675786 -31.044658203125 5 -0.86602540224176872 0.50000000267198286 0 
1 -6.5667370605468749 -27.769658203125001 5 -0.499993662805641 -0.86602906253439271 0 
1 -6.6167370605468747 -27.85626220703125 5 -0.86602533267771498 0.50000012316043796 0 
1 -7.006448364257813 -27.631262207031252 5 0.49999976746507341 0.86602553803849947 0 
1 -5.2314483642578127 -24.556870117187501 5 0.86602533267771098 -0.50000012316044473 0 
1 -4.8417370605468752 -24.781870117187502 5 -0.49999718661828818 -0.8660270280850344 0 
1 -4.9167370605468754 -24.911774902343751 5 0.86753662866950243 -0.49737329835522315 0 
1 4.235815734863281 -30.159086914062499 5 -0.4999994471760637 -0.86602572295725178 0 
1 3.2859674072265626 -31.804274902343749 5 -0.86602541113171538 0.49999998727414319 0 
1 -0.091531782150268554 -29.85427490234375 5 0.49999718661828724 0.86602702808503496 0 
1 -0.016531782150268556 -29.724370117187501 5 -0.86602539095783182 0.50000002221633388 0 
1 -0.10313431739807129 -29.6743701171875 5 -0.49999882011644481 -0.86602608498945521 0 
1 -0.3192706871032715 -30.048730468750001 5 0.86602539095783204 -0.50000002221633388 0 
1 -0.23266815185546874 -30.098730468750002 5 0.49999719401452675 0.86602702381484598 0 
1 -0.14153178215026857 -29.94087646484375 5 0.86602539854388105 -0.50000000907691178 0 
1 1.7637240600585937 -31.040876464843752 5 -0.49999985001748082 -0.86602549037686904 0 
1 0.3137240982055664 -33.552351074218748 5 -0.86602540049457888 0.50000000569820402 0 
1 -0.33579494476318361 -33.177351074218748 5 -0.50000423436775254 -0.86602295905727444 0 
1 -0.3857949447631836 -33.263952636718749 5 0.86602540872235623 -0.49999999144727558 0 
1 1.8225698852539063 -34.538952636718754 5 0.50000000569819281 0.86602540049458543 0 
1 1.9475698852539063 -34.322446289062498 5 -0.86602562937616256 0.49999960926346865 0 
1 1.860967254638672 -34.272446289062501 5 -0.49999718661828696 -0.86602702808503496 0 
1 1.785967254638672 -34.40235107421875 5 -0.86602539691830083 0.50000001189249932 0 
1 0.40032665252685545 -33.602351074218753 5 0.49999986974867072 0.86602547898506554 0 
1 1.8503266906738283 -31.090876464843749 5 0.86602541479969297 -0.49999998092101949 0 
1 3.2359674072265627 -31.89087646484375 5 -0.5000000710930097 -0.86602536273886654 0 
1 2.360967254638672 -33.406420898437503 5 0.86602562937616256 -0.49999960926346865 0 
1 2.4475698852539063 -33.4564208984375 5 0.49999933888276099 0.86602578548031817 0 
1 2.7564334106445312 -32.921452636718747 5 0.86602524790654423 -0.50000026998833569 0 
1 2.8430358886718752 -32.971452636718752 5 0.50000423436775132 0.86602295905727511 0 
1 2.893035888671875 -32.884851074218751 5 -0.86602524790654323 0.50000026998833758 0 
1 2.8064334106445314 -32.834851074218747 5 0.50000000208587125 0.86602540258016025 0 
1 4.3225698852539063 -30.208825683593751 5 0.8675365093206141 -0.49737350652784484 0 
1 9.0506658935546884 -32.919523925781249 5 -0.50000008385689088 -0.86602535536963476 0 
1 8.9262719726562505 -33.134980468750001 5 0.86602524790655855 -0.50000026998831093 0 
1 9.2726818847656247 -33.334980468750004 5 0.50000071047231953 0.86602499359266516 0 
1 9.4226818847656251 -33.075173339843751 5 0.86602557488059173 -0.49999970365265284 0 
1 9.7257910156250009 -33.250173339843748 5 -0.5000001421059691 -0.86602532173950375 0 
1 8.1757910156250002 -35.934851074218749 5 -0.86602541246225651 0.49999998496957815 0 
1 3.7590612792968749 -33.384851074218751 5 -0.50000423436775132 -0.86602295905727511 0 
1 3.7090612792968751 -33.471452636718752 5 0.86602601084423914 -0.49999894854010829 0 
1 3.7956640625000002 -33.521452636718749 5 -0.49999953584971091 -0.86602567176156708 0 
1 2.8956640624999999 -35.080300292968751 5 0.86602524790657498 -0.5000002699882824 0 
1 2.9822665405273439 -35.130300292968748 5 0.49999953584971246 0.86602567176156631 0 
1 3.8822665405273438 -33.571452636718753 5 0.86602540360861791 -0.5000000003045304 0 
1 8.1257910156249995 -36.021452636718749 5 -0.49999993402635196 -0.86602544187433883 0 
1 6.6507910156249999 -38.576228027343753 5 -0.86602540360861724 0.50000000030453151 0 
1 2.4072665405273437 -36.12622802734375 5 0.50000423436776376 0.866022959057268 0 
1 2.4822665405273439 -35.996325683593753 5 -0.86602562937613192 0.49999960926352199 0 
1 2.3956639099121095 -35.946325683593749 5 -0.50000423436774322 -0.86602295905727977 0 
1 2.3206639099121094 -36.076228027343753 5 -0.86602540049457888 0.50000000569820413 0 
1 -0.92693130493164066 -34.201228027343753 5 -0.500000023304499 -0.86602539032957937 0 
1 -4.1769314575195313 -39.830393066406252 5 -0.86602524790654423 0.50000026998833569 0 
1 -4.2635339355468753 -39.780393066406248 5 -0.49999366280562557 -0.86602906253440148 0 
1 -4.3135339355468751 -39.8669970703125 5 0.86602524790657498 -0.5000002699882824 0 
1 -4.2269314575195311 -39.916997070312497 5 -0.49999985643928646 -0.8660254866692394 0 
1 -5.7019311523437501 -42.471772460937501 5 -0.86602601084423791 0.49999894854011012 0 
1 -5.7885339355468748 -42.421772460937504 5 -0.50000423436776376 -0.866022959057268 0 
1 -5.863533935546875 -42.551674804687501 5 0.86602541744878681 -0.49999997633265408 0 
1 -5.0841110229492186 -43.001674804687504 5 -0.50000032900227154 -0.86602521383480524 0 
1 -5.3841107177734377 -43.521289062500003 5 0.86602448496286066 -0.50000159144227907 0 
1 -5.2975085449218753 -43.5712890625 5 0.50000121388342289 0.86602470294738343 0 
1 -4.9475085449218748 -42.965073242187501 5 -0.86602530659428778 0.50000016833824157 0 
1 -5.5104248046875002 -42.640073242187498 5 0.49999978095830605 0.86602553024818285 0 
1 -4.0604251098632815 -40.128598632812498 5 0.86602541538120048 -0.49999997991381856 0 
1 -2.2850729370117189 -41.153598632812503 5 0.49999993560206701 0.86602544096459932 0 
1 -1.1850728607177734 -39.248342285156248 5 0.86602543864152659 -0.4999999396257479 0 
1 -1.0984703063964845 -39.298342285156252 5 0.50000423436775299 0.86602295905727422 0 
1 -1.0484703063964844 -39.211740722656252 5 -0.86602543864152659 0.4999999396257479 0 
1 -1.1350728607177734 -39.161740722656248 5 0.49999990380328801 0.86602545932362895 0 
1 0.9399271392822266 -35.567734375000001 5 0.86602540463456035 -0.4999999985275459 0 
1 6.5257910156249999 -38.792734375000002 5 -0.49999974941711689 -0.86602554845848534 0 
1 4.8757910156250004 -41.650620117187501 5 -0.86602520458033183 0.5000003450314755 0 
1 0.32915760040283204 -39.025617675781248 5 -0.4999992594685882 -0.86602583133002642 0 
1 -0.095842399597167977 -39.761740722656249 5 -0.86602539095784725 0.50000002221630724 0 
1 -0.18244493484497071 -39.711740722656252 5 -0.50000423436775254 -0.86602295905727444 0 
1 -0.2324449348449707 -39.798342285156252 5 0.86602539095784725 -0.50000002221630724 0 
1 -0.14584239959716797 -39.848342285156249 5 -0.49999978313829957 -0.86602552898956364 0 
1 -0.62084239959716803 -40.671066894531251 5 0.8660254386415579 -0.49999993962569361 0 
1 -0.53423984527587887 -40.721066894531248 5 0.50000012316044229 0.86602533267771231 0 
1 0.3657601547241211 -39.162221679687498 5 0.8660254053092451 -0.49999999735895762 0 
1 4.8257910156249997 -41.737221679687501 5 -0.49999993402635301 -0.86602544187433816 0 
1 3.350791015625 -44.291997070312497 5 -0.86602543864154991 0.49999993962570743 0 
1 3.0043807983398438 -44.091997070312502 5 0.49999013903437922 0.86603109694074043 0 
1 3.079380798339844 -43.96208984375 5 -0.86602538662295214 0.50000002972456525 0 
1 2.1267529296875001 -43.412089843750003 5 -0.49999013903439976 -0.86603109694072866 0 
1 2.0517529296874999 -43.541997070312497 5 -0.86602540990068222 0.49999998940635537 0 
1 -1.1092398834228516 -41.716997070312502 5 0.49999013903437811 0.8660310969407411 0 
1 -1.0342398834228517 -41.58708984375 5 -0.86602524790657431 0.50000026998828329 0 
1 -1.1208423614501954 -41.537089843750003 5 -0.49999577708826837 -0.86602784186993575 0 
1 -1.2458423614501954 -41.753598632812498 5 0.866025399449456 -0.50000000750841012 0 
1 1.9151502990722657 -43.578598632812501 5 -0.49999953584971135 -0.86602567176156686 0 
1 1.2401502990722657 -44.747734375 5 0.86602562937616256 -0.49999960926346865 0 
1 1.3267529296875 -44.797734374999997 5 0.49999953584971135 0.86602567176156686 0 
1 2.0017529296875001 -43.628598632812498 5 0.86602540049457888 -0.50000000569820402 0 
1 3.3007910156250002 -44.378598632812498 5 -0.50000019781494176 -0.86602528957589875 0 
1 0.95079093933105474 -48.448916015625002 5 -0.86602540049457888 0.50000000569820402 0 
1 -0.34824714660644535 -47.698916015625002 5 0.5000011020142151 0.8660247675353 0 
1 0.3267528533935547 -46.52978515625 5 -0.86602539095784725 0.50000002221630724 0 
1 0.24015031814575197 -46.479785156250003 5 -0.50000109141782823 -0.86602477365314467 0 
1 -0.4348496627807617 -47.648916015624998 5 -0.86602540526295058 0.49999999743914225 0 
1 -2.1669004821777342 -46.648916015624998 5 -0.49998309161602372 -0.86603516562440042 0 
1 -2.2169004821777345 -46.735522460937503 5 0.86602539776979637 -0.50000001041766595 0 
1 -1.0044649505615235 -47.435522460937499 5 -0.50000024749137961 -0.86602526089517684 0 
1 -1.5419648742675782 -48.366499023437498 5 0.86602524790654367 -0.50000026998833658 0 
1 -1.4553623962402344 -48.416499023437503 5 0.50000030071972712 0.86602523016375366 0 
1 -0.91786239624023436 -47.485522460937503 5 0.86602540231110214 -0.50000000255189381 0 
1 0.9007909393310547 -48.5355224609375 5 -0.50000044854914794 -0.86602514481431248 0 
1 -0.49920902252197269 -50.960390625000002 5 -0.86602539095783493 0.50000002221632867 0 
1 -1.365234375 -50.460390625000002 5 0.50000423436774211 0.86602295905728044 0 
1 -1.290234375 -50.330488281249998 5 -0.86602542130201809 0.499999969658661 0 
1 -2.2428623962402345 -49.780488281250001 5 0.50000055726041681 0.86602508204974793 0 
1 -1.9553623962402344 -49.2825244140625 5 -0.86602524790657398 0.50000026998828428 0 
1 -2.041964874267578 -49.232524414062503 5 -0.50000055726041681 -0.86602508204974793 0 
1 -2.3294648742675781 -49.730488281250004 5 -0.86602540787786331 0.49999999290998043 0 
1 -5.0141436767578123 -48.18048828125 5 0.50000024505526663 0.86602526230166832 0 
1 -3.6891436767578125 -45.885522460937501 5 0.86602535689802651 -0.50000008120963935 0 
1 -3.0829260253906252 -46.235522460937503 5 0.49998309161602372 0.86603516562440042 0 
1 -3.0329260253906249 -46.148916015624998 5 -0.86602540049457888 0.50000000569820413 0 
1 -5.8475085449218751 -44.523916015624998 5 0.50000423436775132 0.86602295905727511 0 
1 -5.7975085449218753 -44.437314453124998 5 -0.86602448496286066 0.50000159144227907 0 
1 -5.8841107177734377 -44.387314453125001 5 -0.50000423436775132 -0.86602295905727511 0 
1 -5.9341107177734376 -44.473916015625001 5 -0.86602542191042198 0.49999996860487445 0 
1 -8.4022833251953131 -43.048916015625004 5 -0.49999718661828818 -0.8660270280850344 0 
1 -8.5522833251953134 -43.308725585937502 5 0.86602539462581341 -0.50000001586320386 0 
1 -4.0489514160156252 -45.908725585937503 5 -0.50000031893094232 -0.86602521964949508 0 
1 -5.3989514160156249 -48.246992187499998 5 0.866025423969637 -0.49999996503820932 0 
1 -2.5843685913085936 -49.871992187499998 5 -0.49999976717511829 -0.866025538205905 0 
1 -5.8718688964843748 -55.566113281250004 5 -0.86602536350356596 0.50000006976851152 0 
1 -7.3008105468749998 -54.741113281250001 5 0.49999772874698017 0.86602671508901008 0 
1 -6.9758105468750005 -54.178193359375001 5 -0.8660254201833375 0.49999997159627285 0 
1 -12.345168457031249 -51.078193359375 5 0.50000174690785992 0.86602439520436636 0 
1 -11.92016845703125 -50.342075195312503 5 -0.86602499359265439 0.50000071047233796 0 
1 -12.1799755859375 -50.192075195312498 5 -0.50000055726041737 -0.8660250820497476 0 
1 -12.754975585937501 -51.188002929687499 5 0.86602540049457888 -0.50000000569820402 0 
1 -12.105456542968751 -51.563002929687499 5 -0.50000071047232153 -0.86602499359266405 0 
1 -13.00545654296875 -53.121845703125004 5 -0.86602547230062066 0.49999988132647299 0 
1 -14.477700195312501 -52.271845703125003 5 0.50000423436774766 0.86602295905727722 0 
1 -14.4027001953125 -52.141943359374999 5 -0.86602601084423791 0.49999894854011012 0 
1 -14.489302978515624 -52.091943359375001 5 -0.49999577708825604 -0.86602784186994286 0 
1 -14.614302978515624 -52.308452148437503 5 0.86602541687985479 -0.49999997731807316 0 
1 -8.1624133300781256 -56.033452148437505 5 -0.50000030071972679 -0.86602523016375377 0 
1 -9.2374133300781249 -57.895405273437504 5 0.86602524790657498 -0.5000002699882824 0 
1 -9.0642083740234369 -57.995405273437498 5 0.50000423436774466 0.866022959057279 0 
1 -9.014208374023438 -57.908803710937498 5 -0.86602448496285844 0.50000159144228296 0 
1 -9.1008105468749996 -57.858803710937501 5 0.49999963799062508 0.86602561279054791 0 
1 -7.9508105468750001 -55.866943359375 5 -0.86602601084424014 0.49999894854010635 0 
1 -8.0374133300781256 -55.816943359375003 5 -0.50000423436775931 -0.86602295905727045 0 
1 -8.1124133300781249 -55.946845703125 5 -0.86602538254305983 0.50000003679114557 0 
1 -9.5846563720703131 -55.096845703124998 5 0.5000042343677682 0.86602295905726523 0 
1 -9.509656372070312 -54.966943359375001 5 -0.86602601084424247 0.49999894854010252 0 
1 -9.5962591552734384 -54.916943359375004 5 -0.50000423436775931 -0.86602295905727045 0 
1 -9.6712591552734377 -55.046845703125001 5 -0.8660254430772375 0.4999999319428699 0 
1 -11.533214111328125 -53.971845703124998 5 0.50000423436775931 0.86602295905727045 0 
1 -11.458214111328125 -53.841943359375001 5 -0.86602295905728666 0.50000423436773134 0 
1 -11.544815673828126 -53.791943359375004 5 -0.50000423436775931 -0.86602295905727045 0 
1 -11.619815673828125 -53.921845703125001 5 -0.86602540049457921 0.50000000569820358 0 
1 -12.485841064453126 -53.421845703125001 5 0.50000071047232397 0.86602499359266261 0 
1 -11.585841064453126 -51.863002929687504 5 0.86602540049457921 -0.50000000569820358 0 
1 -10.719815673828125 -52.363002929687504 5 -0.50000141524810016 -0.86602458668902516 0 
1 -11.094815673828125 -53.01251953125 5 0.86602295905725146 -0.50000423436779229 0 
1 -11.008214111328126 -53.062519531250004 5 0.50000141524809616 0.8660245866890276 0 
1 -10.633214111328126 -52.413002929687501 5 0.86602544307723761 -0.49999993194286951 0 
1 -8.7712591552734374 -53.488002929687504 5 -0.50000141524810016 -0.86602458668902516 0 
1 -9.1462591552734374 -54.13751953125 5 0.86602601084420727 -0.49999894854016352 0 
1 -9.0596563720703127 -54.187519531250004 5 0.50000141524809616 0.8660245866890276 0 
1 -8.6846563720703127 -53.538002929687501 5 0.86602538254305972 -0.5000000367911458 0 
1 -7.2124133300781255 -54.388002929687502 5 -0.50000141524810016 -0.86602458668902516 0 
1 -7.5874133300781255 -55.037519531249998 5 0.86602601084420938 -0.49999894854015964 0 
1 -7.5008105468749999 -55.087519531250003 5 0.50000423436775132 0.86602295905727522 0 
1 -7.3508105468750005 -54.827714843750002 5 0.86602536350356596 -0.50000006976851152 0 
1 -5.9218688964843755 -55.652714843750005 5 -0.50000121388342189 -0.86602470294738398 0 
1 -6.2718688964843752 -56.258930664062504 5 0.86602524790657398 -0.50000026998828428 0 
1 -6.0986639404296881 -56.358930664062498 5 0.49999819342950846 0.86602644680588581 0 
1 -5.9236639404296874 -56.055820312500003 5 0.86602544307723894 -0.4999999319428674 0 
1 -4.0617089843750005 -57.130820312499999 5 -0.49999942906606526 -0.86602573341304856 0 
1 -5.1617089843750001 -59.0360791015625 5 -0.86602536837080535 0.50000006133820729 0 
1 -5.9844329833984373 -58.561079101562498 5 -0.50000423436775798 -0.86602295905727134 0 
1 -6.034432983398438 -58.647680664062499 5 0.86602536837080557 -0.50000006133820685 0 
1 -5.211708984375 -59.1226806640625 5 -0.49999978313829957 -0.86602552898956364 0 
1 -7.1117089843750003 -62.413579101562505 5 -0.86602536837080535 0.50000006133820729 0 
1 -7.9344329833984375 -61.938579101562503 5 -0.50000423436775931 -0.86602295905727045 0 
1 -8.0094329833984368 -62.0684814453125 5 -0.86602543864154635 0.4999999396257136 0 
1 -9.3950738525390634 -61.268481445312503 5 0.50000071047232464 0.86602499359266205 0 
1 -8.7950738525390619 -60.229252929687505 5 -0.86602601084421171 0.49999894854015581 0 
1 -8.8816766357421884 -60.1792529296875 5 -0.5000009815397326 -0.86602483709146816 0 
1 -9.5316766357421869 -61.305083007812499 5 0.86602542646698233 -0.49999996071267983 0 
1 -7.496516723632813 -62.480083007812503 5 0.50000423436774322 0.86602295905727977 0 
1 -7.4215167236328128 -62.350180664062499 5 0.86602550221978092 -0.49999982950494704 0 
1 -7.1617089843750001 -62.500180664062505 5 -0.50000006525651697 -0.86602536610856773 0 
1 -8.9367089843750005 -65.574570312500001 5 -0.86602540049457899 0.50000000569820424 0 
1 -12.400810546875 -63.574570312500001 5 0.50000005790363755 0.86602537035375537 0 
1 -10.375810546875 -60.067167968749999 5 -0.86602601084423791 0.49999894854011012 0 
1 -10.462413330078125 -60.017167968750002 5 -0.50000005790363755 -0.86602537035375537 0 
1 -12.487413330078125 -63.524570312500003 5 -0.86602541376309028 0.49999998271646795 0 
1 -16.47113037109375 -61.224570312499999 5 0.50000006525651697 0.86602536610856773 0 
1 -14.69613037109375 -58.150180664062503 5 -0.86602601084421171 0.49999894854015581 0 
1 -14.782733154296876 -58.100180664062499 5 -0.50000006525651608 -0.86602536610856828 0 
1 -8.2200738525390626 -59.233320312499998 5 0.86602530659428778 -0.50000016833824157 0 
1 -7.6571575927734372 -59.558320312500001 5 0.50000098153973027 0.86602483709146971 0 
1 -7.3321575927734379 -58.995405273437498 5 0.86602552898956264 -0.49999978313830096 0 
1 -6.5094329833984377 -59.4704052734375 5 0.50000423436775132 0.86602295905727511 0 
1 -6.4594329833984379 -59.383803710937499 5 -0.86602546309472073 0.49999989727156396 0 
1 -8.1481829833984385 -58.408803710937498 5 -0.50000423436774466 -0.866022959057279 0 
1 -8.1981829833984374 -58.495405273437498 5 0.86602540049457843 -0.50000000569820513 0 
1 -7.981676635742188 -58.620405273437498 5 -0.499998948540128 -0.8660260108442277 0 
1 -8.3816766357421884 -59.313227539062503 5 0.86602601084424247 -0.49999894854010252 0 
1 -8.2950738525390619 -59.3632275390625 5 0.49999013903437478 0.86603109694074298 0 
Polygon3D 0
PolygonOnTriangulations 0
Surfaces 41
1 55.045353184464396 -9.6156482901399762 0 -0 -0 -1 -1 0 0 0 1 -0 
1 55.045353184464396 -9.6156482901399762 0 -0 -0 -1 -1 0 0 0 1 -0 
1 55.045353184464396 -9.6156482901399762 0 -0 -0 -1 -1 0 0 0 1 -0 
1 55.045353184464396 -9.6156482901399762 0 -0 -0 -1 -1 0 0 0 1 -0 
1 55.045353184464396 -9.6156482901399762 0 -0 -0 -1 -1 0 0 0 1 -0 
1 19.345140524834612 -8.873889574875319 0 -0 -0 -1 -1 0 0 0 1 -0 
1 19.345140524834612 -8.873889574875319 0 -0 -0 -1 -1 0 0 0 1 -0 
1 19.345140524834612 -8.873889574875319 0 -0 -0 -1 -1 0 0 0 1 -0 
1 13.628722865516536 -82.647089336648378 0 -0 -0 -1 -1 0 0 0 1 -0 
1 14.873861415708857 -100.36638304022314 0 0 0 1 1 0 -0 -0 1 0 
1 13.628722865516536 -82.647089336648378 0 -0 -0 -1 -1 0 0 0 1 -0 
1 13.628722865516536 -82.647089336648378 0 -0 -0 -1 -1 0 0 0 1 -0 
1 13.727882270060126 -97.969435097840631 0 0 0 1 1 0 -0 -0 1 0 
1 13.628722865516536 -82.647089336648378 0 -0 -0 -1 -1 0 0 0 1 -0 
1 13.628722865516536 -82.647089336648378 0 -0 -0 -1 -1 0 0 0 1 -0 
1 -4.863764388826131 -52.100679356589609 0 -0 -0 -1 -1 0 0 0 1 -0 
1 2.3221607971191411 -68.194846191406242 0 0 0 1 1 0 -0 -0 1 0 
1 -4.863764388826131 -52.100679356589609 0 -0 -0 -1 -1 0 0 0 1 -0 
1 -4.863764388826131 -52.100679356589609 0 -0 -0 -1 -1 0 0 0 1 -0 
1 -5.8383416556015257 -37.641143723796922 0 0 0 1 1 0 -0 -0 1 0 
1 -4.863764388826131 -52.100679356589609 0 -0 -0 -1 -1 0 0 0 1 -0 
1 -4.863764388826131 -52.100679356589609 0 -0 -0 -1 -1 0 0 0 1 -0 
1 54.273092225738644 -86.303694941905704 4.9999999999999956 -0 -0 -1 -1 0 0 0 1 -0 
1 54.273092225738644 -86.303694941905704 4.9999999999999956 -0 -0 -1 -1 0 0 0 1 -0 
1 54.273092225738644 -86.303694941905704 4.9999999999999956 -0 -0 -1 -1 0 0 0 1 -0 
1 18.161818312384142 -85.618546550856024 4.9999999999999876 -0 -0 -1 -1 0 0 0 1 -0 
1 18.161818312384142 -85.618546550856024 4.9999999999999876 -0 -0 -1 -1 0 0 0 1 -0 
1 18.161818312384142 -85.618546550856024 4.9999999999999876 -0 -0 -1 -1 0 0 0 1 -0 
1 18.161818312384142 -85.618546550856024 4.9999999999999876 -0 -0 -1 -1 0 0 0 1 -0 
1 18.161818312384142 -85.618546550856024 4.9999999999999876 -0 -0 -1 -1 0 0 0 1 -0 
1 11.535853091268685 -13.317959232395218 5.0000000000000329 -0 -0 -1 -1 0 0 0 1 -0 
1 20.996124724797259 -8.949279381113989 5 0 0 1 1 0 -0 -0 1 0 
1 11.535853091268685 -13.317959232395218 5.0000000000000329 -0 -0 -1 -1 0 0 0 1 -0 
1 11.535853091268685 -13.317959232395218 5.0000000000000329 -0 -0 -1 -1 0 0 0 1 -0 
1 12.080284302458157 1.3472277073148857 5.0000000000000018 0 0 1 1 0 -0 -0 1 0 
1 11.535853091268685 -13.317959232395218 5.0000000000000329 -0 -0 -1 -1 0 0 0 1 -0 
1 11.535853091268685 -13.317959232395218 5.0000000000000329 -0 -0 -1 -1 0 0 0 1 -0 
1 -7.1131392861983649 -44.248664555162414 5.0000000000000293 -0 -0 -1 -1 0 0 0 1 -0 
1 -7.5359422918543881 -59.06766857854403 4.9999999999999991 0 0 1 1 0 -0 -0 1 0 
1 -7.1131392861983649 -44.248664555162414 5.0000000000000293 -0 -0 -1 -1 0 0 0 1 -0 
1 -7.1131392861983649 -44.248664555162414 5.0000000000000293 -0 -0 -1 -1 0 0 0 1 -0 
Triangulations 0

TShapes 6068
Ve
1e-07
37.575 -16.85 0
0 0

0101101
*
Ve
1e-07
37.5430297851562 -6.3 0
0 0

0101101
*
Ed
 1e-07 1 1 0
1  1 0 0 10.5500484403929
0

0101000
+6068 0 -6067 0 *
Ve
1e-07
39.4427270507813 -6.3 0
0 0

0101101
*
Ed
 1e-07 1 1 0
1  2 0 0 1.899697265625
0

0101000
+6067 0 -6065 0 *
Ve
1e-07
39.4427270507813 -10.2 0
0 0

0101101
*
Ed
 1e-07 1 1 0
1  3 0 0 3.9
0

0101000
+6065 0 -6063 0 *
Ve
1e-07
39.2927270507813 -10.2 0
0 0

0101101
*
Ed
 1e-07 1 1 0
1  4 0 0 0.149999999999999
0

0101000
+6063 0 -6061 0 *
Ve
1e-07
39.2927270507813 -10.3 0
0 0

0101101
*
Ed
 1e-07 1 1 0
1  5 0 0 0.0999999999999996
0

0101000
+6061 0 -6059 0 *
Ve
1e-07
39.725 -10.3 0
0 0

0101101
*
Ed
 1e-07 1 1 0
1  6 0 0 0.432272949218749
0

0101000
+6059 0 -6057 0 *
Ve
1e-07
39.725 -10.2 0
0 0

0101101
*
Ed
 1e-07 1 1 0
1  7 0 0 0.0999999999999996
0

0101000
+6057 0 -6055 0 *
Ve
1e-07
39.5427270507813 -10.2 0
0 0

0101101
*
Ed
 1e-07 1 1 0
1  8 0 0 0.182272949218749
0

0101000
+6055 0 -6053 0 *
Ve
1e-07
39.5427270507813 -8 0
0 0

0101101
*
Ed
 1e-07 1 1 0
1  9 0 0 2.2
0

0101000
+6053 0 -6051 0 *
Ve
1e-07
42.4427294921875 -8 0
0 0

0101101
*
Ed
 1e-07 1 1 0
1  10 0 0 2.90000244140625
0

0101000
+6051 0 -6049 0 *
Ve
1e-07
42.4427294921875 -8.75 0
0 0

0101101
*
Ed
 1e-07 1 1 0
1  11 0 0 0.75
0

0101000
+6049 0 -6047 0 *
Ve
1e-07
42.5427294921875 -8.75 0
0 0

0101101
*
Ed
 1e-07 1 1 0
1  12 0 0 0.0999999999999943
0

0101000
+6047 0 -6045 0 *
Ve
1e-07
42.5427294921875 -6.2 0
0 0

0101101
*
Ed
 1e-07 1 1 0
1  13 0 0 2.55
0

0101000
+6045 0 -6043 0 *
Ve
1e-07
42.2927294921875 -6.2 0
0 0

0101101
*
Ed
 1e-07 1 1 0
1  14 0 0 0.25
0

0101000
+6043 0 -6041 0 *
Ve
1e-07
42.2927294921875 -6.3 0
0 0

0101101
*
Ed
 1e-07 1 1 0
1  15 0 0 0.0999999999999996
0

0101000
+6041 0 -6039 0 *
Ve
1e-07
42.4427294921875 -6.3 0
0 0

0101101
*
Ed
 1e-07 1 1 0
1  16 0 0 0.150000000000006
0

0101000
+6039 0 -6037 0 *
Ve
1e-07
42.4427294921875 -7.9 0
0 0

0101101
*
Ed
 1e-07 1 1 0
1  17 0 0 1.6
0

0101000
+6037 0 -6035 0 *
Ve
1e-07
39.5427270507813 -7.9 0
0 0

0101101
*
Ed
 1e-07 1 1 0
1  18 0 0 2.90000244140625
0

0101000
+6035 0 -6033 0 *
Ve
1e-07
39.5427270507813 -6.3 0
0 0

0101101
*
Ed
 1e-07 1 1 0
1  19 0 0 1.6
0

0101000
+6033 0 -6031 0 *
Ve
1e-07
41.2927294921875 -6.3 0
0 0

0101101
*
Ed
 1e-07 1 1 0
1  20 0 0 1.75000244140625
0

0101000
+6031 0 -6029 0 *
Ve
1e-07
41.2927294921875 -6.2 0
0 0

0101101
*
Ed
 1e-07 1 1 0
1  21 0 0 0.0999999999999996
0

0101000
+6029 0 -6027 0 *
Ve
1e-07
40.675 -6.2 0
0 0

0101101
*
Ed
 1e-07 1 1 0
1  22 0 0 0.617729492187493
0

0101000
+6027 0 -6025 0 *
Ve
1e-07
40.675 -6.1 0
0 0

0101101
*
Ed
 1e-07 1 1 0
1  23 0 0 0.0999999999999996
0

0101000
+6025 0 -6023 0 *
Ve
1e-07
40.575 -6.1 0
0 0

0101101
*
Ed
 1e-07 1 1 0
1  24 0 0 0.100000000000001
0

0101000
+6023 0 -6021 0 *
Ve
1e-07
40.575 -6.2 0
0 0

0101101
*
Ed
 1e-07 1 1 0
1  25 0 0 0.0999999999999996
0

0101000
+6021 0 -6019 0 *
Ve
1e-07
37.5427270507813 -6.2 0
0 0

0101101
*
Ed
 1e-07 1 1 0
1  26 0 0 3.03227294921875
0

0101000
+6019 0 -6017 0 *
Ve
1e-07
37.5262109375 -0.75 0
0 0

0101101
*
Ed
 1e-07 1 1 0
1  27 0 0 5.45002502581391
0

0101000
+6017 0 -6015 0 *
Ve
1e-07
37.775 -0.75 0
0 0

0101101
*
Ed
 1e-07 1 1 0
1  28 0 0 0.248789062499995
0

0101000
+6015 0 -6013 0 *
Ve
1e-07
37.775 -0.35 0
0 0

0101101
*
Ed
 1e-07 1 1 0
1  29 0 0 0.4
0

0101000
+6013 0 -6011 0 *
Ve
1e-07
37.475 -0.35 0
0 0

0101101
*
Ed
 1e-07 1 1 0
1  30 0 0 0.299999999999997
0

0101000
+6011 0 -6009 0 *
Ve
1e-07
37.475 0 0
0 0

0101101
*
Ed
 1e-07 1 1 0
1  31 0 0 0.35
0

0101000
+6009 0 -6007 0 *
Ve
1e-07
40.575 0 0
0 0

0101101
*
Ed
 1e-07 1 1 0
1  32 0 0 3.1
0

0101000
+6007 0 -6005 0 *
Ve
1e-07
40.575 -5.1 0
0 0

0101101
*
Ed
 1e-07 1 1 0
1  33 0 0 5.1
0

0101000
+6005 0 -6003 0 *
Ve
1e-07
40.675 -5.1 0
0 0

0101101
*
Ed
 1e-07 1 1 0
1  34 0 0 0.100000000000001
0

0101000
+6003 0 -6001 0 *
Ve
1e-07
40.675 -5 0
0 0

0101101
*
Ed
 1e-07 1 1 0
1  35 0 0 0.100000000000001
0

0101000
+6001 0 -5999 0 *
Ve
1e-07
42.475 -5 0
0 0

0101101
*
Ed
 1e-07 1 1 0
1  36 0 0 1.8
0

0101000
+5999 0 -5997 0 *
Ve
1e-07
42.475 -4.9 0
0 0

0101101
*
Ed
 1e-07 1 1 0
1  37 0 0 0.0999999999999996
0

0101000
+5997 0 -5995 0 *
Ve
1e-07
40.675 -4.9 0
0 0

0101101
*
Ed
 1e-07 1 1 0
1  38 0 0 1.8
0

0101000
+5995 0 -5993 0 *
Ve
1e-07
40.675 0 0
0 0

0101101
*
Ed
 1e-07 1 1 0
1  39 0 0 4.9
0

0101000
+5993 0 -5991 0 *
Ve
1e-07
43.625 0 0
0 0

0101101
*
Ed
 1e-07 1 1 0
1  40 0 0 2.95
0

0101000
+5991 0 -5989 0 *
Ve
1e-07
43.625 -4.9 0
0 0

0101101
*
Ed
 1e-07 1 1 0
1  41 0 0 4.9
0

0101000
+5989 0 -5987 0 *
Ve
1e-07
43.475 -4.9 0
0 0

0101101
*
Ed
 1e-07 1 1 0
1  42 0 0 0.149999999999999
0

0101000
+5987 0 -5985 0 *
Ve
1e-07
43.475 -5 0
0 0

0101101
*
Ed
 1e-07 1 1 0
1  43 0 0 0.0999999999999996
0

0101000
+5985 0 -5983 0 *
Ve
1e-07
43.625 -5 0
0 0

0101101
*
Ed
 1e-07 1 1 0
1  44 0 0 0.149999999999999
0

0101000
+5983 0 -5981 0 *
Ve
1e-07
43.625 -8.75 0
0 0

0101101
*
Ed
 1e-07 1 1 0
1  45 0 0 3.75
0

0101000
+5981 0 -5979 0 *
Ve
1e-07
50.125 -8.75 0
0 0

0101101
*
Ed
 1e-07 1 1 0
1  46 0 0 6.5
0

0101000
+5979 0 -5977 0 *
Ve
1e-07
50.125 -8.85 0
0 0

0101101
*
Ed
 1e-07 1 1 0
1  47 0 0 0.0999999999999996
0

0101000
+5977 0 -5975 0 *
Ve
1e-07
50.225 -8.85 0
0 0

0101101
*
Ed
 1e-07 1 1 0
1  48 0 0 0.100000000000001
0

0101000
+5975 0 -5973 0 *
Ve
1e-07
50.225 -8.75 0
0 0

0101101
*
Ed
 1e-07 1 1 0
1  49 0 0 0.0999999999999996
0

0101000
+5973 0 -5971 0 *
Ve
1e-07
53.175 -8.75 0
0 0

0101101
*
Ed
 1e-07 1 1 0
1  50 0 0 2.95
0

0101000
+5971 0 -5969 0 *
Ve
1e-07
53.175 -8.85 0
0 0

0101101
*
Ed
 1e-07 1 1 0
1  51 0 0 0.0999999999999996
0

0101000
+5969 0 -5967 0 *
Ve
1e-07
53.325 -8.85 0
0 0

0101101
*
Ed
 1e-07 1 1 0
1  52 0 0 0.149999999999999
0

0101000
+5967 0 -5965 0 *
Ve
1e-07
53.325 -7.95 0
0 0

0101101
*
Ed
 1e-07 1 1 0
1  53 0 0 0.899999999999999
0

0101000
+5965 0 -5963 0 *
Ve
1e-07
53.925 -7.95 0
0 0

0101101
*
Ed
 1e-07 1 1 0
1  54 0 0 0.600000000000001
0

0101000
+5963 0 -5961 0 *
Ve
1e-07
53.925 -7.85 0
0 0

0101101
*
Ed
 1e-07 1 1 0
1  55 0 0 0.0999999999999996
0

0101000
+5961 0 -5959 0 *
Ve
1e-07
53.225 -7.85 0
0 0

0101101
*
Ed
 1e-07 1 1 0
1  56 0 0 0.700000000000003
0

0101000
+5959 0 -5957 0 *
Ve
1e-07
53.225 -8.5 0
0 0

0101101
*
Ed
 1e-07 1 1 0
1  57 0 0 0.649999999999999
0

0101000
+5957 0 -5955 0 *
Ve
1e-07
50.325 -8.5 0
0 0

0101101
*
Ed
 1e-07 1 1 0
1  58 0 0 2.9
0

0101000
+5955 0 -5953 0 *
Ve
1e-07
50.325 -6.45 0
0 0

0101101
*
Ed
 1e-07 1 1 0
1  59 0 0 2.05
0

0101000
+5953 0 -5951 0 *
Ve
1e-07
48.125 -6.45 0
0 0

0101101
*
Ed
 1e-07 1 1 0
1  60 0 0 2.2
0

0101000
+5951 0 -5949 0 *
Ve
1e-07
48.125 -6.35 0
0 0

0101101
*
Ed
 1e-07 1 1 0
1  61 0 0 0.0999999999999996
0

0101000
+5949 0 -5947 0 *
Ve
1e-07
48.025 -6.35 0
0 0

0101101
*
Ed
 1e-07 1 1 0
1  62 0 0 0.100000000000001
0

0101000
+5947 0 -5945 0 *
Ve
1e-07
48.025 -6.45 0
0 0

0101101
*
Ed
 1e-07 1 1 0
1  63 0 0 0.0999999999999996
0

0101000
+5945 0 -5943 0 *
Ve
1e-07
43.875 -6.45 0
0 0

0101101
*
Ed
 1e-07 1 1 0
1  64 0 0 4.15
0

0101000
+5943 0 -5941 0 *
Ve
1e-07
43.875 0 0
0 0

0101101
*
Ed
 1e-07 1 1 0
1  65 0 0 6.45
0

0101000
+5941 0 -5939 0 *
Ve
1e-07
47.175 0 0
0 0

0101101
*
Ed
 1e-07 1 1 0
1  66 0 0 3.3
0

0101000
+5939 0 -5937 0 *
Ve
1e-07
47.175 -5.25 0
0 0

0101101
*
Ed
 1e-07 1 1 0
1  67 0 0 5.25
0

0101000
+5937 0 -5935 0 *
Ve
1e-07
48.025 -5.25 0
0 0

0101101
*
Ed
 1e-07 1 1 0
1  68 0 0 0.849999999999994
0

0101000
+5935 0 -5933 0 *
Ve
1e-07
48.025 -5.35 0
0 0

0101101
*
Ed
 1e-07 1 1 0
1  69 0 0 0.100000000000001
0

0101000
+5933 0 -5931 0 *
Ve
1e-07
48.125 -5.35 0
0 0

0101101
*
Ed
 1e-07 1 1 0
1  70 0 0 0.100000000000001
0

0101000
+5931 0 -5929 0 *
Ve
1e-07
48.125 -5.25 0
0 0

0101101
*
Ed
 1e-07 1 1 0
1  71 0 0 0.100000000000001
0

0101000
+5929 0 -5927 0 *
Ve
1e-07
49.075 -5.25 0
0 0

0101101
*
Ed
 1e-07 1 1 0
1  72 0 0 0.950000000000003
0

0101000
+5927 0 -5925 0 *
Ve
1e-07
49.075 -5.15 0
0 0

0101101
*
Ed
 1e-07 1 1 0
1  73 0 0 0.0999999999999996
0

0101000
+5925 0 -5923 0 *
Ve
1e-07
47.275 -5.15 0
0 0

0101101
*
Ed
 1e-07 1 1 0
1  74 0 0 1.8
0

0101000
+5923 0 -5921 0 *
Ve
1e-07
47.275 0 0
0 0

0101101
*
Ed
 1e-07 1 1 0
1  75 0 0 5.15
0

0101000
+5921 0 -5919 0 *
Ve
1e-07
50.225 0 0
0 0

0101101
*
Ed
 1e-07 1 1 0
1  76 0 0 2.95
0

0101000
+5919 0 -5917 0 *
Ve
1e-07
50.225 -0.4 0
0 0

0101101
*
Ed
 1e-07 1 1 0
1  77 0 0 0.4
0

0101000
+5917 0 -5915 0 *
Ve
1e-07
50.075 -0.4 0
0 0

0101101
*
Ed
 1e-07 1 1 0
1  78 0 0 0.149999999999999
0

0101000
+5915 0 -5913 0 *
Ve
1e-07
50.075 -1.5 0
0 0

0101101
*
Ed
 1e-07 1 1 0
1  79 0 0 1.1
0

0101000
+5913 0 -5911 0 *
Ve
1e-07
50.225 -1.5 0
0 0

0101101
*
Ed
 1e-07 1 1 0
1  80 0 0 0.149999999999999
0

0101000
+5911 0 -5909 0 *
Ve
1e-07
50.225 -5.15 0
0 0

0101101
*
Ed
 1e-07 1 1 0
1  81 0 0 3.65
0

0101000
+5909 0 -5907 0 *
Ve
1e-07
50.075 -5.15 0
0 0

0101101
*
Ed
 1e-07 1 1 0
1  82 0 0 0.149999999999999
0

0101000
+5907 0 -5905 0 *
Ve
1e-07
50.075 -5.25 0
0 0

0101101
*
Ed
 1e-07 1 1 0
1  83 0 0 0.0999999999999996
0

0101000
+5905 0 -5903 0 *
Ve
1e-07
50.325 -5.25 0
0 0

0101101
*
Ed
 1e-07 1 1 0
1  84 0 0 0.25
0

0101000
+5903 0 -5901 0 *
Ve
1e-07
50.325 -1.6 0
0 0

0101101
*
Ed
 1e-07 1 1 0
1  85 0 0 3.65
0

0101000
+5901 0 -5899 0 *
Ve
1e-07
51.675 -1.6 0
0 0

0101101
*
Ed
 1e-07 1 1 0
1  86 0 0 1.35
0

0101000
+5899 0 -5897 0 *
Ve
1e-07
51.675 -1.5 0
0 0

0101101
*
Ed
 1e-07 1 1 0
1  87 0 0 0.1
0

0101000
+5897 0 -5895 0 *
Ve
1e-07
50.325 -1.5 0
0 0

0101101
*
Ed
 1e-07 1 1 0
1  88 0 0 1.35
0

0101000
+5895 0 -5893 0 *
Ve
1e-07
50.325 0 0
0 0

0101101
*
Ed
 1e-07 1 1 0
1  89 0 0 1.5
0

0101000
+5893 0 -5891 0 *
Ve
1e-07
55.025 0 0
0 0

0101101
*
Ed
 1e-07 1 1 0
1  90 0 0 4.7
0

0101000
+5891 0 -5889 0 *
Ve
1e-07
55.025 -1.5 0
0 0

0101101
*
Ed
 1e-07 1 1 0
1  91 0 0 1.5
0

0101000
+5889 0 -5887 0 *
Ve
1e-07
53.675 -1.5 0
0 0

0101101
*
Ed
 1e-07 1 1 0
1  92 0 0 1.34999999999999
0

0101000
+5887 0 -5885 0 *
Ve
1e-07
53.675 -1.6 0
0 0

0101101
*
Ed
 1e-07 1 1 0
1  93 0 0 0.1
0

0101000
+5885 0 -5883 0 *
Ve
1e-07
55.025 -1.6 0
0 0

0101101
*
Ed
 1e-07 1 1 0
1  94 0 0 1.34999999999999
0

0101000
+5883 0 -5881 0 *
Ve
1e-07
55.025 -3.6 0
0 0

0101101
*
Ed
 1e-07 1 1 0
1  95 0 0 2
0

0101000
+5881 0 -5879 0 *
Ve
1e-07
55.125 -3.6 0
0 0

0101101
*
Ed
 1e-07 1 1 0
1  96 0 0 0.100000000000001
0

0101000
+5879 0 -5877 0 *
Ve
1e-07
55.125 -2.2 0
0 0

0101101
*
Ed
 1e-07 1 1 0
1  97 0 0 1.4
0

0101000
+5877 0 -5875 0 *
Ve
1e-07
56.2 -2.2 0
0 0

0101101
*
Ed
 1e-07 1 1 0
1  98 0 0 1.075
0

0101000
+5875 0 -5873 0 *
Ve
1e-07
56.2 -2.1 0
0 0

0101101
*
Ed
 1e-07 1 1 0
1  99 0 0 0.1
0

0101000
+5873 0 -5871 0 *
Ve
1e-07
55.125 -2.1 0
0 0

0101101
*
Ed
 1e-07 1 1 0
1  100 0 0 1.075
0

0101000
+5871 0 -5869 0 *
Ve
1e-07
55.125 0 0
0 0

0101101
*
Ed
 1e-07 1 1 0
1  101 0 0 2.1
0

0101000
+5869 0 -5867 0 *
Ve
1e-07
57.925 0 0
0 0

0101101
*
Ed
 1e-07 1 1 0
1  102 0 0 2.8
0

0101000
+5867 0 -5865 0 *
Ve
1e-07
57.925 -1 0
0 0

0101101
*
Ed
 1e-07 1 1 0
1  103 0 0 1
0

0101000
+5865 0 -5863 0 *
Ve
1e-07
57.775 -1 0
0 0

0101101
*
Ed
 1e-07 1 1 0
1  104 0 0 0.150000000000006
0

0101000
+5863 0 -5861 0 *
Ve
1e-07
57.775 -2.1 0
0 0

0101101
*
Ed
 1e-07 1 1 0
1  105 0 0 1.1
0

0101000
+5861 0 -5859 0 *
Ve
1e-07
57.2 -2.1 0
0 0

0101101
*
Ed
 1e-07 1 1 0
1  106 0 0 0.574999999999996
0

0101000
+5859 0 -5857 0 *
Ve
1e-07
57.2 -2.2 0
0 0

0101101
*
Ed
 1e-07 1 1 0
1  107 0 0 0.1
0

0101000
+5857 0 -5855 0 *
Ve
1e-07
57.775 -2.2 0
0 0

0101101
*
Ed
 1e-07 1 1 0
1  108 0 0 0.574999999999996
0

0101000
+5855 0 -5853 0 *
Ve
1e-07
57.775 -5.3 0
0 0

0101101
*
Ed
 1e-07 1 1 0
1  109 0 0 3.1
0

0101000
+5853 0 -5851 0 *
Ve
1e-07
55.125 -5.3 0
0 0

0101101
*
Ed
 1e-07 1 1 0
1  110 0 0 2.65
0

0101000
+5851 0 -5849 0 *
Ve
1e-07
55.125 -4.6 0
0 0

0101101
*
Ed
 1e-07 1 1 0
1  111 0 0 0.699999999999999
0

0101000
+5849 0 -5847 0 *
Ve
1e-07
55.025 -4.6 0
0 0

0101101
*
Ed
 1e-07 1 1 0
1  112 0 0 0.100000000000001
0

0101000
+5847 0 -5845 0 *
Ve
1e-07
55.025 -7.85 0
0 0

0101101
*
Ed
 1e-07 1 1 0
1  113 0 0 3.25
0

0101000
+5845 0 -5843 0 *
Ve
1e-07
54.925 -7.85 0
0 0

0101101
*
Ed
 1e-07 1 1 0
1  114 0 0 0.0999999999999943
0

0101000
+5843 0 -5841 0 *
Ve
1e-07
54.925 -7.95 0
0 0

0101101
*
Ed
 1e-07 1 1 0
1  115 0 0 0.0999999999999996
0

0101000
+5841 0 -5839 0 *
Ve
1e-07
55.025 -7.95 0
0 0

0101101
*
Ed
 1e-07 1 1 0
1  116 0 0 0.0999999999999943
0

0101000
+5839 0 -5837 0 *
Ve
1e-07
55.025 -10.8 0
0 0

0101101
*
Ed
 1e-07 1 1 0
1  117 0 0 2.85
0

0101000
+5837 0 -5835 0 *
Ve
1e-07
55.325 -10.8 0
0 0

0101101
*
Ed
 1e-07 1 1 0
1  118 0 0 0.300000000000004
0

0101000
+5835 0 -5833 0 *
Ve
1e-07
55.325 -5.6 0
0 0

0101101
*
Ed
 1e-07 1 1 0
1  119 0 0 5.2
0

0101000
+5833 0 -5831 0 *
Ve
1e-07
58.025 -5.6 0
0 0

0101101
*
Ed
 1e-07 1 1 0
1  120 0 0 2.7
0

0101000
+5831 0 -5829 0 *
Ve
1e-07
58.025 -2.35 0
0 0

0101101
*
Ed
 1e-07 1 1 0
1  121 0 0 3.25
0

0101000
+5829 0 -5827 0 *
Ve
1e-07
65.3 -2.35 0
0 0

0101101
*
Ed
 1e-07 1 1 0
1  122 0 0 7.275
0

0101000
+5827 0 -5825 0 *
Ve
1e-07
65.3 -2.15 0
0 0

0101101
*
Ed
 1e-07 1 1 0
1  123 0 0 0.2
0

0101000
+5825 0 -5823 0 *
Ve
1e-07
64.95 -2.15 0
0 0

0101101
*
Ed
 1e-07 1 1 0
1  124 0 0 0.349999999999994
0

0101000
+5823 0 -5821 0 *
Ve
1e-07
64.95 0 0
0 0

0101101
*
Ed
 1e-07 1 1 0
1  125 0 0 2.15
0

0101000
+5821 0 -5819 0 *
Ve
1e-07
67.15 0 0
0 0

0101101
*
Ed
 1e-07 1 1 0
1  126 0 0 2.2
0

0101000
+5819 0 -5817 0 *
Ve
1e-07
67.15 -0.95 0
0 0

0101101
*
Ed
 1e-07 1 1 0
1  127 0 0 0.95
0

0101000
+5817 0 -5815 0 *
Ve
1e-07
67.35 -0.95 0
0 0

0101101
*
Ed
 1e-07 1 1 0
1  128 0 0 0.199999999999989
0

0101000
+5815 0 -5813 0 *
Ve
1e-07
67.35 0 0
0 0

0101101
*
Ed
 1e-07 1 1 0
1  129 0 0 0.95
0

0101000
+5813 0 -5811 0 *
Ve
1e-07
74.7 0 0
0 0

0101101
*
Ed
 1e-07 1 1 0
1  130 0 0 7.35000000000001
0

0101000
+5811 0 -5809 0 *
Ve
1e-07
74.7 -4 0
0 0

0101101
*
Ed
 1e-07 1 1 0
1  131 0 0 4
0

0101000
+5809 0 -5807 0 *
Ve
1e-07
70.65 -4 0
0 0

0101101
*
Ed
 1e-07 1 1 0
1  132 0 0 4.05
0

0101000
+5807 0 -5805 0 *
Ve
1e-07
70.65 -4.1 0
0 0

0101101
*
Ed
 1e-07 1 1 0
1  133 0 0 0.0999999999999996
0

0101000
+5805 0 -5803 0 *
Ve
1e-07
74.7 -4.1 0
0 0

0101101
*
Ed
 1e-07 1 1 0
1  134 0 0 4.05
0

0101000
+5803 0 -5801 0 *
Ve
1e-07
74.7 -8.7 0
0 0

0101101
*
Ed
 1e-07 1 1 0
1  135 0 0 4.6
0

0101000
+5801 0 -5799 0 *
Ve
1e-07
71.15 -8.7 0
0 0

0101101
*
Ed
 1e-07 1 1 0
1  136 0 0 3.55
0

0101000
+5799 0 -5797 0 *
Ve
1e-07
71.15 -8.8 0
0 0

0101101
*
Ed
 1e-07 1 1 0
1  137 0 0 0.0999999999999996
0

0101000
+5797 0 -5795 0 *
Ve
1e-07
74.7 -8.8 0
0 0

0101101
*
Ed
 1e-07 1 1 0
1  138 0 0 3.55
0

0101000
+5795 0 -5793 0 *
Ve
1e-07
74.7 -11.4 0
0 0

0101101
*
Ed
 1e-07 1 1 0
1  139 0 0 2.6
0

0101000
+5793 0 -5791 0 *
Ve
1e-07
69.95 -11.4 0
0 0

0101101
*
Ed
 1e-07 1 1 0
1  140 0 0 4.75
0

0101000
+5791 0 -5789 0 *
Ve
1e-07
69.95 -10 0
0 0

0101101
*
Ed
 1e-07 1 1 0
1  141 0 0 1.4
0

0101000
+5789 0 -5787 0 *
Ve
1e-07
69.2 -10 0
0 0

0101101
*
Ed
 1e-07 1 1 0
1  142 0 0 0.75
0

0101000
+5787 0 -5785 0 *
Ve
1e-07
69.2 -8.8 0
0 0

0101101
*
Ed
 1e-07 1 1 0
1  143 0 0 1.2
0

0101000
+5785 0 -5783 0 *
Ve
1e-07
70.1 -8.8 0
0 0

0101101
*
Ed
 1e-07 1 1 0
1  144 0 0 0.900000000000006
0

0101000
+5783 0 -5781 0 *
Ve
1e-07
70.1 -8.7 0
0 0

0101101
*
Ed
 1e-07 1 1 0
1  145 0 0 0.0999999999999996
0

0101000
+5781 0 -5779 0 *
Ve
1e-07
67.35 -8.7 0
0 0

0101101
*
Ed
 1e-07 1 1 0
1  146 0 0 2.75000000000001
0

0101000
+5779 0 -5777 0 *
Ve
1e-07
67.35 -8.8 0
0 0

0101101
*
Ed
 1e-07 1 1 0
1  147 0 0 0.0999999999999996
0

0101000
+5777 0 -5775 0 *
Ve
1e-07
69.1 -8.8 0
0 0

0101101
*
Ed
 1e-07 1 1 0
1  148 0 0 1.75000000000001
0

0101000
+5775 0 -5773 0 *
Ve
1e-07
69.1 -10.8 0
0 0

0101101
*
Ed
 1e-07 1 1 0
1  149 0 0 2
0

0101000
+5773 0 -5771 0 *
Ve
1e-07
67.4 -10.8 0
0 0

0101101
*
Ed
 1e-07 1 1 0
1  150 0 0 1.7
0

0101000
+5771 0 -5769 0 *
Ve
1e-07
67.4 -11.65 0
0 0

0101101
*
Ed
 1e-07 1 1 0
1  151 0 0 0.85
0

0101000
+5769 0 -5767 0 *
Ve
1e-07
67.5 -11.65 0
0 0

0101101
*
Ed
 1e-07 1 1 0
1  152 0 0 0.0999999999999943
0

0101000
+5767 0 -5765 0 *
Ve
1e-07
67.5 -10.9 0
0 0

0101101
*
Ed
 1e-07 1 1 0
1  153 0 0 0.75
0

0101000
+5765 0 -5763 0 *
Ve
1e-07
69.85 -10.9 0
0 0

0101101
*
Ed
 1e-07 1 1 0
1  154 0 0 2.35000000000001
0

0101000
+5763 0 -5761 0 *
Ve
1e-07
69.85 -11.5 0
0 0

0101101
*
Ed
 1e-07 1 1 0
1  155 0 0 0.6
0

0101000
+5761 0 -5759 0 *
Ve
1e-07
74.7 -11.5 0
0 0

0101101
*
Ed
 1e-07 1 1 0
1  156 0 0 4.84999999999999
0

0101000
+5759 0 -5757 0 *
Ve
1e-07
74.7 -17.3 0
0 0

0101101
*
Ed
 1e-07 1 1 0
1  157 0 0 5.8
0

0101000
+5757 0 -5755 0 *
Ve
1e-07
70 -17.3 0
0 0

0101101
*
Ed
 1e-07 1 1 0
1  158 0 0 4.7
0

0101000
+5755 0 -5753 0 *
Ve
1e-07
70 -12.8 0
0 0

0101101
*
Ed
 1e-07 1 1 0
1  159 0 0 4.5
0

0101000
+5753 0 -5751 0 *
Ve
1e-07
69.75 -12.8 0
0 0

0101101
*
Ed
 1e-07 1 1 0
1  160 0 0 0.25
0

0101000
+5751 0 -5749 0 *
Ve
1e-07
69.75 -12.9 0
0 0

0101101
*
Ed
 1e-07 1 1 0
1  161 0 0 0.0999999999999996
0

0101000
+5749 0 -5747 0 *
Ve
1e-07
69.9 -12.9 0
0 0

0101101
*
Ed
 1e-07 1 1 0
1  162 0 0 0.150000000000006
0

0101000
+5747 0 -5745 0 *
Ve
1e-07
69.9 -17.3 0
0 0

0101101
*
Ed
 1e-07 1 1 0
1  163 0 0 4.4
0

0101000
+5745 0 -5743 0 *
Ve
1e-07
67.8 -17.3 0
0 0

0101101
*
Ed
 1e-07 1 1 0
1  164 0 0 2.10000000000001
0

0101000
+5743 0 -5741 0 *
Ve
1e-07
67.8 -16.85 0
0 0

0101101
*
Ed
 1e-07 1 1 0
1  165 0 0 0.449999999999999
0

0101000
+5741 0 -5739 0 *
Ve
1e-07
67.9 -16.85 0
0 0

0101101
*
Ed
 1e-07 1 1 0
1  166 0 0 0.100000000000009
0

0101000
+5739 0 -5737 0 *
Ve
1e-07
67.9 -12.9 0
0 0

0101101
*
Ed
 1e-07 1 1 0
1  167 0 0 3.95
0

0101000
+5737 0 -5735 0 *
Ve
1e-07
68.75 -12.9 0
0 0

0101101
*
Ed
 1e-07 1 1 0
1  168 0 0 0.849999999999994
0

0101000
+5735 0 -5733 0 *
Ve
1e-07
68.75 -12.8 0
0 0

0101101
*
Ed
 1e-07 1 1 0
1  169 0 0 0.0999999999999996
0

0101000
+5733 0 -5731 0 *
Ve
1e-07
67.5 -12.8 0
0 0

0101101
*
Ed
 1e-07 1 1 0
1  170 0 0 1.25
0

0101000
+5731 0 -5729 0 *
Ve
1e-07
67.5 -12.65 0
0 0

0101101
*
Ed
 1e-07 1 1 0
1  171 0 0 0.15
0

0101000
+5729 0 -5727 0 *
Ve
1e-07
67.4 -12.65 0
0 0

0101101
*
Ed
 1e-07 1 1 0
1  172 0 0 0.0999999999999943
0

0101000
+5727 0 -5725 0 *
Ve
1e-07
67.4 -12.8 0
0 0

0101101
*
Ed
 1e-07 1 1 0
1  173 0 0 0.15
0

0101000
+5725 0 -5723 0 *
Ve
1e-07
65.1 -12.8 0
0 0

0101101
*
Ed
 1e-07 1 1 0
1  174 0 0 2.30000000000001
0

0101000
+5723 0 -5721 0 *
Ve
1e-07
65.1 -12.9 0
0 0

0101101
*
Ed
 1e-07 1 1 0
1  175 0 0 0.0999999999999996
0

0101000
+5721 0 -5719 0 *
Ve
1e-07
67 -12.9 0
0 0

0101101
*
Ed
 1e-07 1 1 0
1  176 0 0 1.90000000000001
0

0101000
+5719 0 -5717 0 *
Ve
1e-07
67 -13.5 0
0 0

0101101
*
Ed
 1e-07 1 1 0
1  177 0 0 0.6
0

0101000
+5717 0 -5715 0 *
Ve
1e-07
67.7 -13.5 0
0 0

0101101
*
Ed
 1e-07 1 1 0
1  178 0 0 0.700000000000003
0

0101000
+5715 0 -5713 0 *
Ve
1e-07
67.7 -17.3 0
0 0

0101101
*
Ed
 1e-07 1 1 0
1  179 0 0 3.8
0

0101000
+5713 0 -5711 0 *
Ve
1e-07
63.95 -17.3 0
0 0

0101101
*
Ed
 1e-07 1 1 0
1  180 0 0 3.75
0

0101000
+5711 0 -5709 0 *
Ve
1e-07
63.95 -12.9 0
0 0

0101101
*
Ed
 1e-07 1 1 0
1  181 0 0 4.4
0

0101000
+5709 0 -5707 0 *
Ve
1e-07
64.1 -12.9 0
0 0

0101101
*
Ed
 1e-07 1 1 0
1  182 0 0 0.149999999999991
0

0101000
+5707 0 -5705 0 *
Ve
1e-07
64.1 -12.8 0
0 0

0101101
*
Ed
 1e-07 1 1 0
1  183 0 0 0.0999999999999996
0

0101000
+5705 0 -5703 0 *
Ve
1e-07
63.95 -12.8 0
0 0

0101101
*
Ed
 1e-07 1 1 0
1  184 0 0 0.149999999999991
0

0101000
+5703 0 -5701 0 *
Ve
1e-07
63.95 -12.65 0
0 0

0101101
*
Ed
 1e-07 1 1 0
1  185 0 0 0.15
0

0101000
+5701 0 -5699 0 *
Ve
1e-07
63.85 -12.65 0
0 0

0101101
*
Ed
 1e-07 1 1 0
1  186 0 0 0.100000000000001
0

0101000
+5699 0 -5697 0 *
Ve
1e-07
63.85 -17.3 0
0 0

0101101
*
Ed
 1e-07 1 1 0
1  187 0 0 4.65
0

0101000
+5697 0 -5695 0 *
Ve
1e-07
60.3 -17.3 0
0 0

0101101
*
Ed
 1e-07 1 1 0
1  188 0 0 3.55
0

0101000
+5695 0 -5693 0 *
Ve
1e-07
60.3 -11.55 0
0 0

0101101
*
Ed
 1e-07 1 1 0
1  189 0 0 5.75
0

0101000
+5693 0 -5691 0 *
Ve
1e-07
63.85 -11.55 0
0 0

0101101
*
Ed
 1e-07 1 1 0
1  190 0 0 3.55
0

0101000
+5691 0 -5689 0 *
Ve
1e-07
63.85 -11.65 0
0 0

0101101
*
Ed
 1e-07 1 1 0
1  191 0 0 0.0999999999999996
0

0101000
+5689 0 -5687 0 *
Ve
1e-07
63.95 -11.65 0
0 0

0101101
*
Ed
 1e-07 1 1 0
1  192 0 0 0.100000000000001
0

0101000
+5687 0 -5685 0 *
Ve
1e-07
63.95 -11.55 0
0 0

0101101
*
Ed
 1e-07 1 1 0
1  193 0 0 0.0999999999999996
0

0101000
+5685 0 -5683 0 *
Ve
1e-07
64.9 -11.55 0
0 0

0101101
*
Ed
 1e-07 1 1 0
1  194 0 0 0.950000000000003
0

0101000
+5683 0 -5681 0 *
Ve
1e-07
64.9 -11.45 0
0 0

0101101
*
Ed
 1e-07 1 1 0
1  195 0 0 0.0999999999999996
0

0101000
+5681 0 -5679 0 *
Ve
1e-07
63.15 -11.45 0
0 0

0101101
*
Ed
 1e-07 1 1 0
1  196 0 0 1.75000000000001
0

0101000
+5679 0 -5677 0 *
Ve
1e-07
63.15 -10.5 0
0 0

0101101
*
Ed
 1e-07 1 1 0
1  197 0 0 0.950000000000001
0

0101000
+5677 0 -5675 0 *
Ve
1e-07
64.15 -10.5 0
0 0

0101101
*
Ed
 1e-07 1 1 0
1  198 0 0 1.00000000000001
0

0101000
+5675 0 -5673 0 *
Ve
1e-07
64.15 -9.75 0
0 0

0101101
*
Ed
 1e-07 1 1 0
1  199 0 0 0.75
0

0101000
+5673 0 -5671 0 *
Ve
1e-07
65.95 -9.75 0
0 0

0101101
*
Ed
 1e-07 1 1 0
1  200 0 0 1.8
0

0101000
+5671 0 -5669 0 *
Ve
1e-07
65.95 -11.45 0
0 0

0101101
*
Ed
 1e-07 1 1 0
1  201 0 0 1.7
0

0101000
+5669 0 -5667 0 *
Ve
1e-07
65.8 -11.45 0
0 0

0101101
*
Ed
 1e-07 1 1 0
1  202 0 0 0.150000000000006
0

0101000
+5667 0 -5665 0 *
Ve
1e-07
65.8 -11.55 0
0 0

0101101
*
Ed
 1e-07 1 1 0
1  203 0 0 0.0999999999999996
0

0101000
+5665 0 -5663 0 *
Ve
1e-07
66.05 -11.55 0
0 0

0101101
*
Ed
 1e-07 1 1 0
1  204 0 0 0.25
0

0101000
+5663 0 -5661 0 *
Ve
1e-07
66.05 -4.1 0
0 0

0101101
*
Ed
 1e-07 1 1 0
1  205 0 0 7.45
0

0101000
+5661 0 -5659 0 *
Ve
1e-07
68.2 -4.1 0
0 0

0101101
*
Ed
 1e-07 1 1 0
1  206 0 0 2.15000000000001
0

0101000
+5659 0 -5657 0 *
Ve
1e-07
68.2 -3.9 0
0 0

0101101
*
Ed
 1e-07 1 1 0
1  207 0 0 0.2
0

0101000
+5657 0 -5655 0 *
Ve
1e-07
68.1 -3.9 0
0 0

0101101
*
Ed
 1e-07 1 1 0
1  208 0 0 0.100000000000009
0

0101000
+5655 0 -5653 0 *
Ve
1e-07
68.1 -4 0
0 0

0101101
*
Ed
 1e-07 1 1 0
1  209 0 0 0.1
0

0101000
+5653 0 -5651 0 *
Ve
1e-07
65.8 -4 0
0 0

0101101
*
Ed
 1e-07 1 1 0
1  210 0 0 2.3
0

0101000
+5651 0 -5649 0 *
Ve
1e-07
65.8 -4.1 0
0 0

0101101
*
Ed
 1e-07 1 1 0
1  211 0 0 0.0999999999999996
0

0101000
+5649 0 -5647 0 *
Ve
1e-07
65.95 -4.1 0
0 0

0101101
*
Ed
 1e-07 1 1 0
1  212 0 0 0.150000000000006
0

0101000
+5647 0 -5645 0 *
Ve
1e-07
65.95 -5.8 0
0 0

0101101
*
Ed
 1e-07 1 1 0
1  213 0 0 1.7
0

0101000
+5645 0 -5643 0 *
Ve
1e-07
65.8 -5.8 0
0 0

0101101
*
Ed
 1e-07 1 1 0
1  214 0 0 0.150000000000006
0

0101000
+5643 0 -5641 0 *
Ve
1e-07
65.8 -5.9 0
0 0

0101101
*
Ed
 1e-07 1 1 0
1  215 0 0 0.100000000000001
0

0101000
+5641 0 -5639 0 *
Ve
1e-07
65.95 -5.9 0
0 0

0101101
*
Ed
 1e-07 1 1 0
1  216 0 0 0.150000000000006
0

0101000
+5639 0 -5637 0 *
Ve
1e-07
65.95 -8.05 0
0 0

0101101
*
Ed
 1e-07 1 1 0
1  217 0 0 2.15
0

0101000
+5637 0 -5635 0 *
Ve
1e-07
65.8 -8.05 0
0 0

0101101
*
Ed
 1e-07 1 1 0
1  218 0 0 0.150000000000006
0

0101000
+5635 0 -5633 0 *
Ve
1e-07
65.8 -8.15 0
0 0

0101101
*
Ed
 1e-07 1 1 0
1  219 0 0 0.0999999999999996
0

0101000
+5633 0 -5631 0 *
Ve
1e-07
65.95 -8.15 0
0 0

0101101
*
Ed
 1e-07 1 1 0
1  220 0 0 0.150000000000006
0

0101000
+5631 0 -5629 0 *
Ve
1e-07
65.95 -9.15 0
0 0

0101101
*
Ed
 1e-07 1 1 0
1  221 0 0 1
0

0101000
+5629 0 -5627 0 *
Ve
1e-07
64.15 -9.15 0
0 0

0101101
*
Ed
 1e-07 1 1 0
1  222 0 0 1.8
0

0101000
+5627 0 -5625 0 *
Ve
1e-07
64.15 -8.15 0
0 0

0101101
*
Ed
 1e-07 1 1 0
1  223 0 0 1
0

0101000
+5625 0 -5623 0 *
Ve
1e-07
64.9 -8.15 0
0 0

0101101
*
Ed
 1e-07 1 1 0
1  224 0 0 0.75
0

0101000
+5623 0 -5621 0 *
Ve
1e-07
64.9 -8.05 0
0 0

0101101
*
Ed
 1e-07 1 1 0
1  225 0 0 0.0999999999999996
0

0101000
+5621 0 -5619 0 *
Ve
1e-07
64.15 -8.05 0
0 0

0101101
*
Ed
 1e-07 1 1 0
1  226 0 0 0.75
0

0101000
+5619 0 -5617 0 *
Ve
1e-07
64.15 -5.9 0
0 0

0101101
*
Ed
 1e-07 1 1 0
1  227 0 0 2.15
0

0101000
+5617 0 -5615 0 *
Ve
1e-07
64.9 -5.9 0
0 0

0101101
*
Ed
 1e-07 1 1 0
1  228 0 0 0.75
0

0101000
+5615 0 -5613 0 *
Ve
1e-07
64.9 -5.8 0
0 0

0101101
*
Ed
 1e-07 1 1 0
1  229 0 0 0.100000000000001
0

0101000
+5613 0 -5611 0 *
Ve
1e-07
64.15 -5.8 0
0 0

0101101
*
Ed
 1e-07 1 1 0
1  230 0 0 0.75
0

0101000
+5611 0 -5609 0 *
Ve
1e-07
64.15 -4.1 0
0 0

0101101
*
Ed
 1e-07 1 1 0
1  231 0 0 1.7
0

0101000
+5609 0 -5607 0 *
Ve
1e-07
64.9 -4.1 0
0 0

0101101
*
Ed
 1e-07 1 1 0
1  232 0 0 0.75
0

0101000
+5607 0 -5605 0 *
Ve
1e-07
64.9 -4 0
0 0

0101101
*
Ed
 1e-07 1 1 0
1  233 0 0 0.0999999999999996
0

0101000
+5605 0 -5603 0 *
Ve
1e-07
63.95 -4 0
0 0

0101101
*
Ed
 1e-07 1 1 0
1  234 0 0 0.950000000000003
0

0101000
+5603 0 -5601 0 *
Ve
1e-07
63.95 -10.2 0
0 0

0101101
*
Ed
 1e-07 1 1 0
1  235 0 0 6.2
0

0101000
+5601 0 -5599 0 *
Ve
1e-07
63.1 -10.2 0
0 0

0101101
*
Ed
 1e-07 1 1 0
1  236 0 0 0.850000000000001
0

0101000
+5599 0 -5597 0 *
Ve
1e-07
63.1 -11.35 0
0 0

0101101
*
Ed
 1e-07 1 1 0
1  237 0 0 1.15
0

0101000
+5597 0 -5595 0 *
Ve
1e-07
60.2 -11.35 0
0 0

0101101
*
Ed
 1e-07 1 1 0
1  238 0 0 2.9
0

0101000
+5595 0 -5593 0 *
Ve
1e-07
60.2 -18.95 0
0 0

0101101
*
Ed
 1e-07 1 1 0
1  239 0 0 7.6
0

0101000
+5593 0 -5591 0 *
Ve
1e-07
48.4 -18.9 0
0 0

0101101
*
Ed
 1e-07 1 1 0
1  240 0 0 11.8001059317279
0

0101000
+5591 0 -5589 0 *
Ve
1e-07
48.4 -17.65 0
0 0

0101101
*
Ed
 1e-07 1 1 0
1  241 0 0 1.25
0

0101000
+5589 0 -5587 0 *
Ve
1e-07
58.025 -17.65 0
0 0

0101101
*
Ed
 1e-07 1 1 0
1  242 0 0 9.625
0

0101000
+5587 0 -5585 0 *
Ve
1e-07
58.025 -12.25 0
0 0

0101101
*
Ed
 1e-07 1 1 0
1  243 0 0 5.4
0

0101000
+5585 0 -5583 0 *
Ve
1e-07
53.325 -12.25 0
0 0

0101101
*
Ed
 1e-07 1 1 0
1  244 0 0 4.7
0

0101000
+5583 0 -5581 0 *
Ve
1e-07
53.325 -9.85 0
0 0

0101101
*
Ed
 1e-07 1 1 0
1  245 0 0 2.4
0

0101000
+5581 0 -5579 0 *
Ve
1e-07
53.175 -9.85 0
0 0

0101101
*
Ed
 1e-07 1 1 0
1  246 0 0 0.149999999999999
0

0101000
+5579 0 -5577 0 *
Ve
1e-07
53.175 -10.9 0
0 0

0101101
*
Ed
 1e-07 1 1 0
1  247 0 0 1.05
0

0101000
+5577 0 -5575 0 *
Ve
1e-07
53.075 -10.9 0
0 0

0101101
*
Ed
 1e-07 1 1 0
1  248 0 0 0.100000000000001
0

0101000
+5575 0 -5573 0 *
Ve
1e-07
53.075 -11 0
0 0

0101101
*
Ed
 1e-07 1 1 0
1  249 0 0 0.0999999999999996
0

0101000
+5573 0 -5571 0 *
Ve
1e-07
53.175 -11 0
0 0

0101101
*
Ed
 1e-07 1 1 0
1  250 0 0 0.100000000000001
0

0101000
+5571 0 -5569 0 *
Ve
1e-07
53.175 -13.05 0
0 0

0101101
*
Ed
 1e-07 1 1 0
1  251 0 0 2.05
0

0101000
+5569 0 -5567 0 *
Ve
1e-07
53.775 -13.05 0
0 0

0101101
*
Ed
 1e-07 1 1 0
1  252 0 0 0.599999999999994
0

0101000
+5567 0 -5565 0 *
Ve
1e-07
53.775 -12.4 0
0 0

0101101
*
Ed
 1e-07 1 1 0
1  253 0 0 0.65
0

0101000
+5565 0 -5563 0 *
Ve
1e-07
56.225 -12.4 0
0 0

0101101
*
Ed
 1e-07 1 1 0
1  254 0 0 2.45
0

0101000
+5563 0 -5561 0 *
Ve
1e-07
56.225 -13.15 0
0 0

0101101
*
Ed
 1e-07 1 1 0
1  255 0 0 0.75
0

0101000
+5561 0 -5559 0 *
Ve
1e-07
56.325 -13.15 0
0 0

0101101
*
Ed
 1e-07 1 1 0
1  256 0 0 0.100000000000001
0

0101000
+5559 0 -5557 0 *
Ve
1e-07
56.325 -12.4 0
0 0

0101101
*
Ed
 1e-07 1 1 0
1  257 0 0 0.75
0

0101000
+5557 0 -5555 0 *
Ve
1e-07
57.325 -12.4 0
0 0

0101101
*
Ed
 1e-07 1 1 0
1  258 0 0 1
0

0101000
+5555 0 -5553 0 *
Ve
1e-07
57.325 -13.3 0
0 0

0101101
*
Ed
 1e-07 1 1 0
1  259 0 0 0.9
0

0101000
+5553 0 -5551 0 *
Ve
1e-07
57.775 -13.3 0
0 0

0101101
*
Ed
 1e-07 1 1 0
1  260 0 0 0.449999999999996
0

0101000
+5551 0 -5549 0 *
Ve
1e-07
57.775 -16.35 0
0 0

0101101
*
Ed
 1e-07 1 1 0
1  261 0 0 3.05
0

0101000
+5549 0 -5547 0 *
Ve
1e-07
57.875 -16.35 0
0 0

0101101
*
Ed
 1e-07 1 1 0
1  262 0 0 0.100000000000001
0

0101000
+5547 0 -5545 0 *
Ve
1e-07
57.875 -17.3 0
0 0

0101101
*
Ed
 1e-07 1 1 0
1  263 0 0 0.949999999999999
0

0101000
+5545 0 -5543 0 *
Ve
1e-07
53.875 -17.3 0
0 0

0101101
*
Ed
 1e-07 1 1 0
1  264 0 0 4
0

0101000
+5543 0 -5541 0 *
Ve
1e-07
53.875 -16.35 0
0 0

0101101
*
Ed
 1e-07 1 1 0
1  265 0 0 0.949999999999999
0

0101000
+5541 0 -5539 0 *
Ve
1e-07
54.875 -16.35 0
0 0

0101101
*
Ed
 1e-07 1 1 0
1  266 0 0 1
0

0101000
+5539 0 -5537 0 *
Ve
1e-07
54.875 -16.25 0
0 0

0101101
*
Ed
 1e-07 1 1 0
1  267 0 0 0.100000000000001
0

0101000
+5537 0 -5535 0 *
Ve
1e-07
55.025 -16.25 0
0 0

0101101
*
Ed
 1e-07 1 1 0
1  268 0 0 0.149999999999999
0

0101000
+5535 0 -5533 0 *
Ve
1e-07
55.025 -16.35 0
0 0

0101101
*
Ed
 1e-07 1 1 0
1  269 0 0 0.100000000000001
0

0101000
+5533 0 -5531 0 *
Ve
1e-07
56.325 -16.35 0
0 0

0101101
*
Ed
 1e-07 1 1 0
1  270 0 0 1.3
0

0101000
+5531 0 -5529 0 *
Ve
1e-07
56.325 -14.15 0
0 0

0101101
*
Ed
 1e-07 1 1 0
1  271 0 0 2.2
0

0101000
+5529 0 -5527 0 *
Ve
1e-07
56.225 -14.15 0
0 0

0101101
*
Ed
 1e-07 1 1 0
1  272 0 0 0.100000000000001
0

0101000
+5527 0 -5525 0 *
Ve
1e-07
56.225 -14.25 0
0 0

0101101
*
Ed
 1e-07 1 1 0
1  273 0 0 0.0999999999999996
0

0101000
+5525 0 -5523 0 *
Ve
1e-07
55.125 -14.25 0
0 0

0101101
*
Ed
 1e-07 1 1 0
1  274 0 0 1.1
0

0101000
+5523 0 -5521 0 *
Ve
1e-07
55.125 -14.05 0
0 0

0101101
*
Ed
 1e-07 1 1 0
1  275 0 0 0.199999999999999
0

0101000
+5521 0 -5519 0 *
Ve
1e-07
54.775 -14.05 0
0 0

0101101
*
Ed
 1e-07 1 1 0
1  276 0 0 0.350000000000001
0

0101000
+5519 0 -5517 0 *
Ve
1e-07
54.775 -16.25 0
0 0

0101101
*
Ed
 1e-07 1 1 0
1  277 0 0 2.2
0

0101000
+5517 0 -5515 0 *
Ve
1e-07
53.775 -16.25 0
0 0

0101101
*
Ed
 1e-07 1 1 0
1  278 0 0 1
0

0101000
+5515 0 -5513 0 *
Ve
1e-07
53.775 -17.3 0
0 0

0101101
*
Ed
 1e-07 1 1 0
1  279 0 0 1.05
0

0101000
+5513 0 -5511 0 *
Ve
1e-07
51.525 -17.3 0
0 0

0101101
*
Ed
 1e-07 1 1 0
1  280 0 0 2.25
0

0101000
+5511 0 -5509 0 *
Ve
1e-07
51.525 -15.65 0
0 0

0101101
*
Ed
 1e-07 1 1 0
1  281 0 0 1.65
0

0101000
+5509 0 -5507 0 *
Ve
1e-07
51.2195361328125 -15.65 0
0 0

0101101
*
Ed
 1e-07 1 1 0
1  282 0 0 0.305463867187498
0

0101000
+5507 0 -5505 0 *
Ve
1e-07
51.275 -15.75 0
0 0

0101101
*
Ed
 1e-07 1 1 0
1  283 0 0 0.11435139073659
0

0101000
+5505 0 -5503 0 *
Ve
1e-07
51.275 -16.9 0
0 0

0101101
*
Ed
 1e-07 1 1 0
1  284 0 0 1.15
0

0101000
+5503 0 -5501 0 *
Ve
1e-07
51.425 -16.9 0
0 0

0101101
*
Ed
 1e-07 1 1 0
1  285 0 0 0.150000000000006
0

0101000
+5501 0 -5499 0 *
Ve
1e-07
51.425 -17.35 0
0 0

0101101
*
Ed
 1e-07 1 1 0
1  286 0 0 0.450000000000003
0

0101000
+5499 0 -5497 0 *
Ve
1e-07
44.375 -17.35 0
0 0

0101101
*
Ed
 1e-07 1 1 0
1  287 0 0 7.05
0

0101000
+5497 0 -5495 0 *
Ve
1e-07
44.375 -16.9 0
0 0

0101101
*
Ed
 1e-07 1 1 0
1  288 0 0 0.450000000000003
0

0101000
+5495 0 -5493 0 *
Ve
1e-07
44.475 -16.9 0
0 0

0101101
*
Ed
 1e-07 1 1 0
1  289 0 0 0.100000000000001
0

0101000
+5493 0 -5491 0 *
Ve
1e-07
44.475 -15.75 0
0 0

0101101
*
Ed
 1e-07 1 1 0
1  290 0 0 1.15
0

0101000
+5491 0 -5489 0 *
Ve
1e-07
50.282880859375 -15.75 0
0 0

0101101
*
Ed
 1e-07 1 1 0
1  291 0 0 5.807880859375
0

0101000
+5489 0 -5487 0 *
Ve
1e-07
50.282880859375 -15.65 0
0 0

0101101
*
Ed
 1e-07 1 1 0
1  292 0 0 0.0999999999999996
0

0101000
+5487 0 -5485 0 *
Ve
1e-07
50.225 -15.65 0
0 0

0101101
*
Ed
 1e-07 1 1 0
1  293 0 0 0.0578808593749969
0

0101000
+5485 0 -5483 0 *
Ve
1e-07
50.225 -11 0
0 0

0101101
*
Ed
 1e-07 1 1 0
1  294 0 0 4.65
0

0101000
+5483 0 -5481 0 *
Ve
1e-07
52.075 -11 0
0 0

0101101
*
Ed
 1e-07 1 1 0
1  295 0 0 1.85
0

0101000
+5481 0 -5479 0 *
Ve
1e-07
52.075 -10.9 0
0 0

0101101
*
Ed
 1e-07 1 1 0
1  296 0 0 0.0999999999999996
0

0101000
+5479 0 -5477 0 *
Ve
1e-07
50.225 -10.9 0
0 0

0101101
*
Ed
 1e-07 1 1 0
1  297 0 0 1.85
0

0101000
+5477 0 -5475 0 *
Ve
1e-07
50.225 -9.85 0
0 0

0101101
*
Ed
 1e-07 1 1 0
1  298 0 0 1.05
0

0101000
+5475 0 -5473 0 *
Ve
1e-07
50.125 -9.85 0
0 0

0101101
*
Ed
 1e-07 1 1 0
1  299 0 0 0.100000000000001
0

0101000
+5473 0 -5471 0 *
Ve
1e-07
50.125 -15.65 0
0 0

0101101
*
Ed
 1e-07 1 1 0
1  300 0 0 5.8
0

0101000
+5471 0 -5469 0 *
Ve
1e-07
44.475 -15.65 0
0 0

0101101
*
Ed
 1e-07 1 1 0
1  301 0 0 5.65
0

0101000
+5469 0 -5467 0 *
Ve
1e-07
44.475 -12.25 0
0 0

0101101
*
Ed
 1e-07 1 1 0
1  302 0 0 3.4
0

0101000
+5467 0 -5465 0 *
Ve
1e-07
44.325 -12.25 0
0 0

0101101
*
Ed
 1e-07 1 1 0
1  303 0 0 0.149999999999999
0

0101000
+5465 0 -5463 0 *
Ve
1e-07
44.325 -13.35 0
0 0

0101101
*
Ed
 1e-07 1 1 0
1  304 0 0 1.1
0

0101000
+5463 0 -5461 0 *
Ve
1e-07
44.225 -13.35 0
0 0

0101101
*
Ed
 1e-07 1 1 0
1  305 0 0 0.100000000000001
0

0101000
+5461 0 -5459 0 *
Ve
1e-07
44.225 -13.45 0
0 0

0101101
*
Ed
 1e-07 1 1 0
1  306 0 0 0.100000000000001
0

0101000
+5459 0 -5457 0 *
Ve
1e-07
44.325 -13.45 0
0 0

0101101
*
Ed
 1e-07 1 1 0
1  307 0 0 0.100000000000001
0

0101000
+5457 0 -5455 0 *
Ve
1e-07
44.325 -15.75 0
0 0

0101101
*
Ed
 1e-07 1 1 0
1  308 0 0 2.3
0

0101000
+5455 0 -5453 0 *
Ve
1e-07
44.125 -15.75 0
0 0

0101101
*
Ed
 1e-07 1 1 0
1  309 0 0 0.200000000000003
0

0101000
+5453 0 -5451 0 *
Ve
1e-07
44.125 -16.9 0
0 0

0101101
*
Ed
 1e-07 1 1 0
1  310 0 0 1.15
0

0101000
+5451 0 -5449 0 *
Ve
1e-07
44.225 -16.9 0
0 0

0101101
*
Ed
 1e-07 1 1 0
1  311 0 0 0.100000000000001
0

0101000
+5449 0 -5447 0 *
Ve
1e-07
44.225 -17.3 0
0 0

0101101
*
Ed
 1e-07 1 1 0
1  312 0 0 0.400000000000002
0

0101000
+5447 0 -5445 0 *
Ve
1e-07
42.575 -17.3 0
0 0

0101101
*
Ed
 1e-07 1 1 0
1  313 0 0 1.65
0

0101000
+5445 0 -5443 0 *
Ve
1e-07
42.575 -15.45 0
0 0

0101101
*
Ed
 1e-07 1 1 0
1  314 0 0 1.85
0

0101000
+5443 0 -5441 0 *
Ve
1e-07
42.475 -15.45 0
0 0

0101101
*
Ed
 1e-07 1 1 0
1  315 0 0 0.100000000000001
0

0101000
+5441 0 -5439 0 *
Ve
1e-07
42.475 -17.3 0
0 0

0101101
*
Ed
 1e-07 1 1 0
1  316 0 0 1.85
0

0101000
+5439 0 -5437 0 *
Ve
1e-07
41.075 -17.3 0
0 0

0101101
*
Ed
 1e-07 1 1 0
1  317 0 0 1.4
0

0101000
+5437 0 -5435 0 *
Ve
1e-07
41.075 -16.85 0
0 0

0101101
*
Ed
 1e-07 1 1 0
1  318 0 0 0.449999999999999
0

0101000
+5435 0 -5433 0 *
Ve
1e-07
41.175 -16.85 0
0 0

0101101
*
Ed
 1e-07 1 1 0
1  319 0 0 0.100000000000001
0

0101000
+5433 0 -5431 0 *
Ve
1e-07
41.175 -15.8 0
0 0

0101101
*
Ed
 1e-07 1 1 0
1  320 0 0 1.05
0

0101000
+5431 0 -5429 0 *
Ve
1e-07
40.975 -15.8 0
0 0

0101101
*
Ed
 1e-07 1 1 0
1  321 0 0 0.200000000000003
0

0101000
+5429 0 -5427 0 *
Ve
1e-07
40.975 -14.55 0
0 0

0101101
*
Ed
 1e-07 1 1 0
1  322 0 0 1.25
0

0101000
+5427 0 -5425 0 *
Ve
1e-07
42.475 -14.55 0
0 0

0101101
*
Ed
 1e-07 1 1 0
1  323 0 0 1.5
0

0101000
+5425 0 -5423 0 *
Ve
1e-07
42.475 -14.75 0
0 0

0101101
*
Ed
 1e-07 1 1 0
1  324 0 0 0.199999999999999
0

0101000
+5423 0 -5421 0 *
Ve
1e-07
42.575 -14.75 0
0 0

0101101
*
Ed
 1e-07 1 1 0
1  325 0 0 0.100000000000001
0

0101000
+5421 0 -5419 0 *
Ve
1e-07
42.575 -14.25 0
0 0

0101101
*
Ed
 1e-07 1 1 0
1  326 0 0 0.5
0

0101000
+5419 0 -5417 0 *
Ve
1e-07
42.475 -14.25 0
0 0

0101101
*
Ed
 1e-07 1 1 0
1  327 0 0 0.100000000000001
0

0101000
+5417 0 -5415 0 *
Ve
1e-07
42.475 -14.45 0
0 0

0101101
*
Ed
 1e-07 1 1 0
1  328 0 0 0.200000000000001
0

0101000
+5415 0 -5413 0 *
Ve
1e-07
40.975 -14.45 0
0 0

0101101
*
Ed
 1e-07 1 1 0
1  329 0 0 1.5
0

0101000
+5413 0 -5411 0 *
Ve
1e-07
40.975 -13.45 0
0 0

0101101
*
Ed
 1e-07 1 1 0
1  330 0 0 1
0

0101000
+5411 0 -5409 0 *
Ve
1e-07
42.475 -13.45 0
0 0

0101101
*
Ed
 1e-07 1 1 0
1  331 0 0 1.5
0

0101000
+5409 0 -5407 0 *
Ve
1e-07
42.475 -13.55 0
0 0

0101101
*
Ed
 1e-07 1 1 0
1  332 0 0 0.0999999999999996
0

0101000
+5407 0 -5405 0 *
Ve
1e-07
42.575 -13.55 0
0 0

0101101
*
Ed
 1e-07 1 1 0
1  333 0 0 0.100000000000001
0

0101000
+5405 0 -5403 0 *
Ve
1e-07
42.575 -13.45 0
0 0

0101101
*
Ed
 1e-07 1 1 0
1  334 0 0 0.0999999999999996
0

0101000
+5403 0 -5401 0 *
Ve
1e-07
43.225 -13.45 0
0 0

0101101
*
Ed
 1e-07 1 1 0
1  335 0 0 0.649999999999999
0

0101000
+5401 0 -5399 0 *
Ve
1e-07
43.225 -13.35 0
0 0

0101101
*
Ed
 1e-07 1 1 0
1  336 0 0 0.100000000000001
0

0101000
+5399 0 -5397 0 *
Ve
1e-07
41.575 -13.35 0
0 0

0101101
*
Ed
 1e-07 1 1 0
1  337 0 0 1.65
0

0101000
+5397 0 -5395 0 *
Ve
1e-07
41.575 -12.55 0
0 0

0101101
*
Ed
 1e-07 1 1 0
1  338 0 0 0.799999999999999
0

0101000
+5395 0 -5393 0 *
Ve
1e-07
40.975 -12.55 0
0 0

0101101
*
Ed
 1e-07 1 1 0
1  339 0 0 0.600000000000001
0

0101000
+5393 0 -5391 0 *
Ve
1e-07
40.975 -10 0
0 0

0101101
*
Ed
 1e-07 1 1 0
1  340 0 0 2.55
0

0101000
+5391 0 -5389 0 *
Ve
1e-07
44.375 -10 0
0 0

0101101
*
Ed
 1e-07 1 1 0
1  341 0 0 3.4
0

0101000
+5389 0 -5387 0 *
Ve
1e-07
44.375 -11.2 0
0 0

0101101
*
Ed
 1e-07 1 1 0
1  342 0 0 1.2
0

0101000
+5387 0 -5385 0 *
Ve
1e-07
44.475 -11.2 0
0 0

0101101
*
Ed
 1e-07 1 1 0
1  343 0 0 0.100000000000001
0

0101000
+5385 0 -5383 0 *
Ve
1e-07
44.475 -9.9 0
0 0

0101101
*
Ed
 1e-07 1 1 0
1  344 0 0 1.3
0

0101000
+5383 0 -5381 0 *
Ve
1e-07
40.875 -9.9 0
0 0

0101101
*
Ed
 1e-07 1 1 0
1  345 0 0 3.6
0

0101000
+5381 0 -5379 0 *
Ve
1e-07
40.875 -10.2 0
0 0

0101101
*
Ed
 1e-07 1 1 0
1  346 0 0 0.300000000000001
0

0101000
+5379 0 -5377 0 *
Ve
1e-07
40.725 -10.2 0
0 0

0101101
*
Ed
 1e-07 1 1 0
1  347 0 0 0.149999999999999
0

0101000
+5377 0 -5375 0 *
Ve
1e-07
40.725 -10.3 0
0 0

0101101
*
Ed
 1e-07 1 1 0
1  348 0 0 0.0999999999999996
0

0101000
+5375 0 -5373 0 *
Ve
1e-07
40.875 -10.3 0
0 0

0101101
*
Ed
 1e-07 1 1 0
1  349 0 0 0.149999999999999
0

0101000
+5373 0 -5371 0 *
Ve
1e-07
40.875 -16.85 0
0 0

0101101
*
Ed
 1e-07 1 1 0
1  350 0 0 6.55
0

0101000
+5371 0 -5369 0 *
Ve
1e-07
40.975 -16.85 0
0 0

0101101
*
Ed
 1e-07 1 1 0
1  351 0 0 0.100000000000001
0

0101000
+5369 0 -5367 0 *
Ve
1e-07
40.975 -17.3 0
0 0

0101101
*
Ed
 1e-07 1 1 0
1  352 0 0 0.449999999999999
0

0101000
+5367 0 -5365 0 *
Ve
1e-07
37.425 -17.3 0
0 0

0101101
*
Ed
 1e-07 1 1 0
1  353 0 0 3.55
0

0101000
+5365 0 -5363 0 *
Ve
1e-07
37.425 -16.85 0
0 0

0101101
*
Ed
 1e-07 1 1 0
1  354 0 0 0.449999999999999
0

0101000
+5363 0 -5361 0 *
Ed
 1e-07 1 1 0
1  355 0 0 0.149999999999999
0

0101000
+5361 0 -6068 0 *
Wi

0101100
+6066 0 +6064 0 +6062 0 +6060 0 +6058 0 +6056 0 +6054 0 +6052 0 +6050 0 +6048 0 
+6046 0 +6044 0 +6042 0 +6040 0 +6038 0 +6036 0 +6034 0 +6032 0 +6030 0 +6028 0 
+6026 0 +6024 0 +6022 0 +6020 0 +6018 0 +6016 0 +6014 0 +6012 0 +6010 0 +6008 0 
+6006 0 +6004 0 +6002 0 +6000 0 +5998 0 +5996 0 +5994 0 +5992 0 +5990 0 +5988 0 
+5986 0 +5984 0 +5982 0 +5980 0 +5978 0 +5976 0 +5974 0 +5972 0 +5970 0 +5968 0 
+5966 0 +5964 0 +5962 0 +5960 0 +5958 0 +5956 0 +5954 0 +5952 0 +5950 0 +5948 0 
+5946 0 +5944 0 +5942 0 +5940 0 +5938 0 +5936 0 +5934 0 +5932 0 +5930 0 +5928 0 
+5926 0 +5924 0 +5922 0 +5920 0 +5918 0 +5916 0 +5914 0 +5912 0 +5910 0 +5908 0 
+5906 0 +5904 0 +5902 0 +5900 0 +5898 0 +5896 0 +5894 0 +5892 0 +5890 0 +5888 0 
+5886 0 +5884 0 +5882 0 +5880 0 +5878 0 +5876 0 +5874 0 +5872 0 +5870 0 +5868 0 
+5866 0 +5864 0 +5862 0 +5860 0 +5858 0 +5856 0 +5854 0 +5852 0 +5850 0 +5848 0 
+5846 0 +5844 0 +5842 0 +5840 0 +5838 0 +5836 0 +5834 0 +5832 0 +5830 0 +5828 0 
+5826 0 +5824 0 +5822 0 +5820 0 +5818 0 +5816 0 +5814 0 +5812 0 +5810 0 +5808 0 
+5806 0 +5804 0 +5802 0 +5800 0 +5798 0 +5796 0 +5794 0 +5792 0 +5790 0 +5788 0 
+5786 0 +5784 0 +5782 0 +5780 0 +5778 0 +5776 0 +5774 0 +5772 0 +5770 0 +5768 0 
+5766 0 +5764 0 +5762 0 +5760 0 +5758 0 +5756 0 +5754 0 +5752 0 +5750 0 +5748 0 
+5746 0 +5744 0 +5742 0 +5740 0 +5738 0 +5736 0 +5734 0 +5732 0 +5730 0 +5728 0 
+5726 0 +5724 0 +5722 0 +5720 0 +5718 0 +5716 0 +5714 0 +5712 0 +5710 0 +5708 0 
+5706 0 +5704 0 +5702 0 +5700 0 +5698 0 +5696 0 +5694 0 +5692 0 +5690 0 +5688 0 
+5686 0 +5684 0 +5682 0 +5680 0 +5678 0 +5676 0 +5674 0 +5672 0 +5670 0 +5668 0 
+5666 0 +5664 0 +5662 0 +5660 0 +5658 0 +5656 0 +5654 0 +5652 0 +5650 0 +5648 0 
+5646 0 +5644 0 +5642 0 +5640 0 +5638 0 +5636 0 +5634 0 +5632 0 +5630 0 +5628 0 
+5626 0 +5624 0 +5622 0 +5620 0 +5618 0 +5616 0 +5614 0 +5612 0 +5610 0 +5608 0 
+5606 0 +5604 0 +5602 0 +5600 0 +5598 0 +5596 0 +5594 0 +5592 0 +5590 0 +5588 0 
+5586 0 +5584 0 +5582 0 +5580 0 +5578 0 +5576 0 +5574 0 +5572 0 +5570 0 +5568 0 
+5566 0 +5564 0 +5562 0 +5560 0 +5558 0 +5556 0 +5554 0 +5552 0 +5550 0 +5548 0 
+5546 0 +5544 0 +5542 0 +5540 0 +5538 0 +5536 0 +5534 0 +5532 0 +5530 0 +5528 0 
+5526 0 +5524 0 +5522 0 +5520 0 +5518 0 +5516 0 +5514 0 +5512 0 +5510 0 +5508 0 
+5506 0 +5504 0 +5502 0 +5500 0 +5498 0 +5496 0 +5494 0 +5492 0 +5490 0 +5488 0 
+5486 0 +5484 0 +5482 0 +5480 0 +5478 0 +5476 0 +5474 0 +5472 0 +5470 0 +5468 0 
+5466 0 +5464 0 +5462 0 +5460 0 +5458 0 +5456 0 +5454 0 +5452 0 +5450 0 +5448 0 
+5446 0 +5444 0 +5442 0 +5440 0 +5438 0 +5436 0 +5434 0 +5432 0 +5430 0 +5428 0 
+5426 0 +5424 0 +5422 0 +5420 0 +5418 0 +5416 0 +5414 0 +5412 0 +5410 0 +5408 0 
+5406 0 +5404 0 +5402 0 +5400 0 +5398 0 +5396 0 +5394 0 +5392 0 +5390 0 +5388 0 
+5386 0 +5384 0 +5382 0 +5380 0 +5378 0 +5376 0 +5374 0 +5372 0 +5370 0 +5368 0 
+5366 0 +5364 0 +5362 0 +5360 0 +5359 0 *
Ve
1e-07
71.15 -0.3 0
0 0

0101101
*
Ve
1e-07
71.2 -2.55 0
0 0

0101101
*
Ed
 1e-07 1 1 0
1  356 0 0 2.25055548698538
2  1 2 0 0 2.25055548698538
2  2 3 0 0 2.25055548698538
0

0101000
+5357 0 -5356 0 *
Ve
1e-07
70 -2.55 0
0 0

0101101
*
Ed
 1e-07 1 1 0
1  357 0 0 1.2
2  3 2 0 0 1.2
2  4 3 0 0 1.2
0

0101000
+5356 0 -5354 0 *
Ve
1e-07
70 -2.65 0
0 0

0101101
*
Ed
 1e-07 1 1 0
1  358 0 0 0.0999999999999996
2  5 2 0 0 0.0999999999999996
2  6 3 0 0 0.0999999999999996
0

0101000
+5354 0 -5352 0 *
Ve
1e-07
71.3 -2.65 0
0 0

0101101
*
Ed
 1e-07 1 1 0
1  359 0 0 1.3
2  7 2 0 0 1.3
2  8 3 0 0 1.3
0

0101000
+5352 0 -5350 0 *
Ve
1e-07
71.3 -0.3 0
0 0

0101101
*
Ed
 1e-07 1 1 0
1  360 0 0 2.35
2  9 2 0 0 2.35
2  10 3 0 0 2.35
0

0101000
+5350 0 -5348 0 *
Ed
 1e-07 1 1 0
1  361 0 0 0.149999999999991
2  11 2 0 0 0.149999999999991
2  12 3 0 0 0.149999999999991
0

0101000
+5348 0 -5357 0 *
Wi

0101100
+5355 0 +5353 0 +5351 0 +5349 0 +5347 0 +5346 0 *
Ve
1e-07
68.2 -0.95 0
0 0

0101101
*
Ve
1e-07
68.1 -0.95 0
0 0

0101101
*
Ed
 1e-07 1 1 0
1  362 0 0 0.100000000000009
2  13 4 0 0 0.100000000000009
2  14 5 0 0 0.100000000000009
0

0101000
+5344 0 -5343 0 *
Ve
1e-07
68.1 -2.9 0
0 0

0101101
*
Ed
 1e-07 1 1 0
1  363 0 0 1.95
2  15 4 0 0 1.95
2  16 5 0 0 1.95
0

0101000
+5343 0 -5341 0 *
Ve
1e-07
68.2 -2.9 0
0 0

0101101
*
Ed
 1e-07 1 1 0
1  364 0 0 0.100000000000009
2  17 4 0 0 0.100000000000009
2  18 5 0 0 0.100000000000009
0

0101000
+5341 0 -5339 0 *
Ve
1e-07
68.2 -2.65 0
0 0

0101101
*
Ed
 1e-07 1 1 0
1  365 0 0 0.25
2  19 4 0 0 0.25
2  20 5 0 0 0.25
0

0101000
+5339 0 -5337 0 *
Ve
1e-07
69 -2.65 0
0 0

0101101
*
Ed
 1e-07 1 1 0
1  366 0 0 0.799999999999997
2  21 4 0 0 0.799999999999997
2  22 5 0 0 0.799999999999997
0

0101000
+5337 0 -5335 0 *
Ve
1e-07
69 -2.55 0
0 0

0101101
*
Ed
 1e-07 1 1 0
1  367 0 0 0.0999999999999996
2  23 4 0 0 0.0999999999999996
2  24 5 0 0 0.0999999999999996
0

0101000
+5335 0 -5333 0 *
Ve
1e-07
68.85 -2.55 0
0 0

0101101
*
Ed
 1e-07 1 1 0
1  368 0 0 0.149999999999991
2  25 4 0 0 0.149999999999991
2  26 5 0 0 0.149999999999991
0

0101000
+5333 0 -5331 0 *
Ve
1e-07
68.85 -1.9 0
0 0

0101101
*
Ed
 1e-07 1 1 0
1  369 0 0 0.65
2  27 4 0 0 0.65
2  28 5 0 0 0.65
0

0101000
+5331 0 -5329 0 *
Ve
1e-07
68.2 -1.9 0
0 0

0101101
*
Ed
 1e-07 1 1 0
1  370 0 0 0.650000000000006
2  29 4 0 0 0.650000000000006
2  30 5 0 0 0.650000000000006
0

0101000
+5329 0 -5327 0 *
Ed
 1e-07 1 1 0
1  371 0 0 0.95
2  31 4 0 0 0.95
2  32 5 0 0 0.95
0

0101000
+5327 0 -5344 0 *
Wi

0101100
+5342 0 +5340 0 +5338 0 +5336 0 +5334 0 +5332 0 +5330 0 +5328 0 +5326 0 +5325 0 
*
Fa
0  1e-07 1 0

0111000
+5358 0 +5345 0 +5324 0 *
Ve
1e-07
4.05 -13.2 0
0 0

0101101
*
Ve
1e-07
0 -13.2 0
0 0

0101101
*
Ed
 1e-07 1 1 0
1  372 0 0 4.05
0

0101000
+5322 0 -5321 0 *
Ve
1e-07
0 -8.6 0
0 0

0101101
*
Ed
 1e-07 1 1 0
1  373 0 0 4.6
0

0101000
+5321 0 -5319 0 *
Ve
1e-07
3.55 -8.6 0
0 0

0101101
*
Ed
 1e-07 1 1 0
1  374 0 0 3.55
0

0101000
+5319 0 -5317 0 *
Ve
1e-07
3.55 -8.5 0
0 0

0101101
*
Ed
 1e-07 1 1 0
1  375 0 0 0.0999999999999996
0

0101000
+5317 0 -5315 0 *
Ve
1e-07
0 -8.5 0
0 0

0101101
*
Ed
 1e-07 1 1 0
1  376 0 0 3.55
0

0101000
+5315 0 -5313 0 *
Ve
1e-07
0 -5.9 0
0 0

0101101
*
Ed
 1e-07 1 1 0
1  377 0 0 2.6
0

0101000
+5313 0 -5311 0 *
Ve
1e-07
4.75 -5.9 0
0 0

0101101
*
Ed
 1e-07 1 1 0
1  378 0 0 4.75
0

0101000
+5311 0 -5309 0 *
Ve
1e-07
4.75 -7.3 0
0 0

0101101
*
Ed
 1e-07 1 1 0
1  379 0 0 1.4
0

0101000
+5309 0 -5307 0 *
Ve
1e-07
5.5 -7.3 0
0 0

0101101
*
Ed
 1e-07 1 1 0
1  380 0 0 0.75
0

0101000
+5307 0 -5305 0 *
Ve
1e-07
5.5 -8.5 0
0 0

0101101
*
Ed
 1e-07 1 1 0
1  381 0 0 1.2
0

0101000
+5305 0 -5303 0 *
Ve
1e-07
4.6 -8.5 0
0 0

0101101
*
Ed
 1e-07 1 1 0
1  382 0 0 0.899999999999999
0

0101000
+5303 0 -5301 0 *
Ve
1e-07
4.6 -8.6 0
0 0

0101101
*
Ed
 1e-07 1 1 0
1  383 0 0 0.0999999999999996
0

0101000
+5301 0 -5299 0 *
Ve
1e-07
7.35 -8.6 0
0 0

0101101
*
Ed
 1e-07 1 1 0
1  384 0 0 2.75
0

0101000
+5299 0 -5297 0 *
Ve
1e-07
7.35 -8.5 0
0 0

0101101
*
Ed
 1e-07 1 1 0
1  385 0 0 0.0999999999999996
0

0101000
+5297 0 -5295 0 *
Ve
1e-07
5.6 -8.5 0
0 0

0101101
*
Ed
 1e-07 1 1 0
1  386 0 0 1.75
0

0101000
+5295 0 -5293 0 *
Ve
1e-07
5.6 -6.5 0
0 0

0101101
*
Ed
 1e-07 1 1 0
1  387 0 0 2
0

0101000
+5293 0 -5291 0 *
Ve
1e-07
7.3 -6.5 0
0 0

0101101
*
Ed
 1e-07 1 1 0
1  388 0 0 1.7
0

0101000
+5291 0 -5289 0 *
Ve
1e-07
7.3 -5.65 0
0 0

0101101
*
Ed
 1e-07 1 1 0
1  389 0 0 0.85
0

0101000
+5289 0 -5287 0 *
Ve
1e-07
7.2 -5.65 0
0 0

0101101
*
Ed
 1e-07 1 1 0
1  390 0 0 0.0999999999999996
0

0101000
+5287 0 -5285 0 *
Ve
1e-07
7.2 -6.4 0
0 0

0101101
*
Ed
 1e-07 1 1 0
1  391 0 0 0.75
0

0101000
+5285 0 -5283 0 *
Ve
1e-07
4.85 -6.4 0
0 0

0101101
*
Ed
 1e-07 1 1 0
1  392 0 0 2.35
0

0101000
+5283 0 -5281 0 *
Ve
1e-07
4.85 -5.8 0
0 0

0101101
*
Ed
 1e-07 1 1 0
1  393 0 0 0.600000000000001
0

0101000
+5281 0 -5279 0 *
Ve
1e-07
0 -5.8 0
0 0

0101101
*
Ed
 1e-07 1 1 0
1  394 0 0 4.85
0

0101000
+5279 0 -5277 0 *
Ve
1e-07
0 0 0
0 0

0101101
*
Ed
 1e-07 1 1 0
1  395 0 0 5.8
0

0101000
+5277 0 -5275 0 *
Ve
1e-07
4.7 0 0
0 0

0101101
*
Ed
 1e-07 1 1 0
1  396 0 0 4.7
0

0101000
+5275 0 -5273 0 *
Ve
1e-07
4.7 -4.5 0
0 0

0101101
*
Ed
 1e-07 1 1 0
1  397 0 0 4.5
0

0101000
+5273 0 -5271 0 *
Ve
1e-07
4.95 -4.5 0
0 0

0101101
*
Ed
 1e-07 1 1 0
1  398 0 0 0.25
0

0101000
+5271 0 -5269 0 *
Ve
1e-07
4.95 -4.4 0
0 0

0101101
*
Ed
 1e-07 1 1 0
1  399 0 0 0.0999999999999996
0

0101000
+5269 0 -5267 0 *
Ve
1e-07
4.8 -4.4 0
0 0

0101101
*
Ed
 1e-07 1 1 0
1  400 0 0 0.15
0

0101000
+5267 0 -5265 0 *
Ve
1e-07
4.8 0 0
0 0

0101101
*
Ed
 1e-07 1 1 0
1  401 0 0 4.4
0

0101000
+5265 0 -5263 0 *
Ve
1e-07
6.9 0 0
0 0

0101101
*
Ed
 1e-07 1 1 0
1  402 0 0 2.1
0

0101000
+5263 0 -5261 0 *
Ve
1e-07
6.9 -0.45 0
0 0

0101101
*
Ed
 1e-07 1 1 0
1  403 0 0 0.45
0

0101000
+5261 0 -5259 0 *
Ve
1e-07
6.8 -0.45 0
0 0

0101101
*
Ed
 1e-07 1 1 0
1  404 0 0 0.100000000000001
0

0101000
+5259 0 -5257 0 *
Ve
1e-07
6.8 -4.4 0
0 0

0101101
*
Ed
 1e-07 1 1 0
1  405 0 0 3.95
0

0101000
+5257 0 -5255 0 *
Ve
1e-07
5.95 -4.4 0
0 0

0101101
*
Ed
 1e-07 1 1 0
1  406 0 0 0.85
0

0101000
+5255 0 -5253 0 *
Ve
1e-07
5.95 -4.5 0
0 0

0101101
*
Ed
 1e-07 1 1 0
1  407 0 0 0.0999999999999996
0

0101000
+5253 0 -5251 0 *
Ve
1e-07
7.2 -4.5 0
0 0

0101101
*
Ed
 1e-07 1 1 0
1  408 0 0 1.25
0

0101000
+5251 0 -5249 0 *
Ve
1e-07
7.2 -4.65 0
0 0

0101101
*
Ed
 1e-07 1 1 0
1  409 0 0 0.15
0

0101000
+5249 0 -5247 0 *
Ve
1e-07
7.3 -4.65 0
0 0

0101101
*
Ed
 1e-07 1 1 0
1  410 0 0 0.0999999999999996
0

0101000
+5247 0 -5245 0 *
Ve
1e-07
7.3 -4.5 0
0 0

0101101
*
Ed
 1e-07 1 1 0
1  411 0 0 0.15
0

0101000
+5245 0 -5243 0 *
Ve
1e-07
9.6 -4.5 0
0 0

0101101
*
Ed
 1e-07 1 1 0
1  412 0 0 2.3
0

0101000
+5243 0 -5241 0 *
Ve
1e-07
9.6 -4.4 0
0 0

0101101
*
Ed
 1e-07 1 1 0
1  413 0 0 0.0999999999999996
0

0101000
+5241 0 -5239 0 *
Ve
1e-07
7.7 -4.4 0
0 0

0101101
*
Ed
 1e-07 1 1 0
1  414 0 0 1.9
0

0101000
+5239 0 -5237 0 *
Ve
1e-07
7.7 -3.8 0
0 0

0101101
*
Ed
 1e-07 1 1 0
1  415 0 0 0.6
0

0101000
+5237 0 -5235 0 *
Ve
1e-07
7 -3.8 0
0 0

0101101
*
Ed
 1e-07 1 1 0
1  416 0 0 0.7
0

0101000
+5235 0 -5233 0 *
Ve
1e-07
7 0 0
0 0

0101101
*
Ed
 1e-07 1 1 0
1  417 0 0 3.8
0

0101000
+5233 0 -5231 0 *
Ve
1e-07
10.75 0 0
0 0

0101101
*
Ed
 1e-07 1 1 0
1  418 0 0 3.75
0

0101000
+5231 0 -5229 0 *
Ve
1e-07
10.75 -4.4 0
0 0

0101101
*
Ed
 1e-07 1 1 0
1  419 0 0 4.4
0

0101000
+5229 0 -5227 0 *
Ve
1e-07
10.6 -4.4 0
0 0

0101101
*
Ed
 1e-07 1 1 0
1  420 0 0 0.15
0

0101000
+5227 0 -5225 0 *
Ve
1e-07
10.6 -4.5 0
0 0

0101101
*
Ed
 1e-07 1 1 0
1  421 0 0 0.0999999999999996
0

0101000
+5225 0 -5223 0 *
Ve
1e-07
10.75 -4.5 0
0 0

0101101
*
Ed
 1e-07 1 1 0
1  422 0 0 0.15
0

0101000
+5223 0 -5221 0 *
Ve
1e-07
10.75 -4.65 0
0 0

0101101
*
Ed
 1e-07 1 1 0
1  423 0 0 0.15
0

0101000
+5221 0 -5219 0 *
Ve
1e-07
10.85 -4.65 0
0 0

0101101
*
Ed
 1e-07 1 1 0
1  424 0 0 0.0999999999999996
0

0101000
+5219 0 -5217 0 *
Ve
1e-07
10.85 0 0
0 0

0101101
*
Ed
 1e-07 1 1 0
1  425 0 0 4.65
0

0101000
+5217 0 -5215 0 *
Ve
1e-07
14.4 0 0
0 0

0101101
*
Ed
 1e-07 1 1 0
1  426 0 0 3.55
0

0101000
+5215 0 -5213 0 *
Ve
1e-07
14.4 -5.75 0
0 0

0101101
*
Ed
 1e-07 1 1 0
1  427 0 0 5.75
0

0101000
+5213 0 -5211 0 *
Ve
1e-07
10.85 -5.75 0
0 0

0101101
*
Ed
 1e-07 1 1 0
1  428 0 0 3.55
0

0101000
+5211 0 -5209 0 *
Ve
1e-07
10.85 -5.65 0
0 0

0101101
*
Ed
 1e-07 1 1 0
1  429 0 0 0.0999999999999996
0

0101000
+5209 0 -5207 0 *
Ve
1e-07
10.75 -5.65 0
0 0

0101101
*
Ed
 1e-07 1 1 0
1  430 0 0 0.0999999999999996
0

0101000
+5207 0 -5205 0 *
Ve
1e-07
10.75 -5.75 0
0 0

0101101
*
Ed
 1e-07 1 1 0
1  431 0 0 0.0999999999999996
0

0101000
+5205 0 -5203 0 *
Ve
1e-07
9.8 -5.75 0
0 0

0101101
*
Ed
 1e-07 1 1 0
1  432 0 0 0.949999999999999
0

0101000
+5203 0 -5201 0 *
Ve
1e-07
9.8 -5.85 0
0 0

0101101
*
Ed
 1e-07 1 1 0
1  433 0 0 0.100000000000001
0

0101000
+5201 0 -5199 0 *
Ve
1e-07
11.55 -5.85 0
0 0

0101101
*
Ed
 1e-07 1 1 0
1  434 0 0 1.75
0

0101000
+5199 0 -5197 0 *
Ve
1e-07
11.55 -6.8 0
0 0

0101101
*
Ed
 1e-07 1 1 0
1  435 0 0 0.949999999999999
0

0101000
+5197 0 -5195 0 *
Ve
1e-07
10.55 -6.8 0
0 0

0101101
*
Ed
 1e-07 1 1 0
1  436 0 0 1
0

0101000
+5195 0 -5193 0 *
Ve
1e-07
10.55 -7.55 0
0 0

0101101
*
Ed
 1e-07 1 1 0
1  437 0 0 0.75
0

0101000
+5193 0 -5191 0 *
Ve
1e-07
8.75 -7.55 0
0 0

0101101
*
Ed
 1e-07 1 1 0
1  438 0 0 1.8
0

0101000
+5191 0 -5189 0 *
Ve
1e-07
8.75 -5.85 0
0 0

0101101
*
Ed
 1e-07 1 1 0
1  439 0 0 1.7
0

0101000
+5189 0 -5187 0 *
Ve
1e-07
8.9 -5.85 0
0 0

0101101
*
Ed
 1e-07 1 1 0
1  440 0 0 0.15
0

0101000
+5187 0 -5185 0 *
Ve
1e-07
8.9 -5.75 0
0 0

0101101
*
Ed
 1e-07 1 1 0
1  441 0 0 0.100000000000001
0

0101000
+5185 0 -5183 0 *
Ve
1e-07
8.65 -5.75 0
0 0

0101101
*
Ed
 1e-07 1 1 0
1  442 0 0 0.25
0

0101000
+5183 0 -5181 0 *
Ve
1e-07
8.65 -13.2 0
0 0

0101101
*
Ed
 1e-07 1 1 0
1  443 0 0 7.45
0

0101000
+5181 0 -5179 0 *
Ve
1e-07
6.5 -13.2 0
0 0

0101101
*
Ed
 1e-07 1 1 0
1  444 0 0 2.15
0

0101000
+5179 0 -5177 0 *
Ve
1e-07
6.5 -13.4 0
0 0

0101101
*
Ed
 1e-07 1 1 0
1  445 0 0 0.199999999999999
0

0101000
+5177 0 -5175 0 *
Ve
1e-07
6.6 -13.4 0
0 0

0101101
*
Ed
 1e-07 1 1 0
1  446 0 0 0.100000000000001
0

0101000
+5175 0 -5173 0 *
Ve
1e-07
6.6 -13.3 0
0 0

0101101
*
Ed
 1e-07 1 1 0
1  447 0 0 0.0999999999999996
0

0101000
+5173 0 -5171 0 *
Ve
1e-07
8.9 -13.3 0
0 0

0101101
*
Ed
 1e-07 1 1 0
1  448 0 0 2.3
0

0101000
+5171 0 -5169 0 *
Ve
1e-07
8.9 -13.2 0
0 0

0101101
*
Ed
 1e-07 1 1 0
1  449 0 0 0.0999999999999996
0

0101000
+5169 0 -5167 0 *
Ve
1e-07
8.75 -13.2 0
0 0

0101101
*
Ed
 1e-07 1 1 0
1  450 0 0 0.15
0

0101000
+5167 0 -5165 0 *
Ve
1e-07
8.75 -11.5 0
0 0

0101101
*
Ed
 1e-07 1 1 0
1  451 0 0 1.7
0

0101000
+5165 0 -5163 0 *
Ve
1e-07
8.9 -11.5 0
0 0

0101101
*
Ed
 1e-07 1 1 0
1  452 0 0 0.15
0

0101000
+5163 0 -5161 0 *
Ve
1e-07
8.9 -11.4 0
0 0

0101101
*
Ed
 1e-07 1 1 0
1  453 0 0 0.0999999999999996
0

0101000
+5161 0 -5159 0 *
Ve
1e-07
8.75 -11.4 0
0 0

0101101
*
Ed
 1e-07 1 1 0
1  454 0 0 0.15
0

0101000
+5159 0 -5157 0 *
Ve
1e-07
8.75 -9.25 0
0 0

0101101
*
Ed
 1e-07 1 1 0
1  455 0 0 2.15
0

0101000
+5157 0 -5155 0 *
Ve
1e-07
8.9 -9.25 0
0 0

0101101
*
Ed
 1e-07 1 1 0
1  456 0 0 0.15
0

0101000
+5155 0 -5153 0 *
Ve
1e-07
8.9 -9.15 0
0 0

0101101
*
Ed
 1e-07 1 1 0
1  457 0 0 0.0999999999999996
0

0101000
+5153 0 -5151 0 *
Ve
1e-07
8.75 -9.15 0
0 0

0101101
*
Ed
 1e-07 1 1 0
1  458 0 0 0.15
0

0101000
+5151 0 -5149 0 *
Ve
1e-07
8.75 -8.15 0
0 0

0101101
*
Ed
 1e-07 1 1 0
1  459 0 0 1
0

0101000
+5149 0 -5147 0 *
Ve
1e-07
10.55 -8.15 0
0 0

0101101
*
Ed
 1e-07 1 1 0
1  460 0 0 1.8
0

0101000
+5147 0 -5145 0 *
Ve
1e-07
10.55 -9.15 0
0 0

0101101
*
Ed
 1e-07 1 1 0
1  461 0 0 1
0

0101000
+5145 0 -5143 0 *
Ve
1e-07
9.8 -9.15 0
0 0

0101101
*
Ed
 1e-07 1 1 0
1  462 0 0 0.75
0

0101000
+5143 0 -5141 0 *
Ve
1e-07
9.8 -9.25 0
0 0

0101101
*
Ed
 1e-07 1 1 0
1  463 0 0 0.0999999999999996
0

0101000
+5141 0 -5139 0 *
Ve
1e-07
10.55 -9.25 0
0 0

0101101
*
Ed
 1e-07 1 1 0
1  464 0 0 0.75
0

0101000
+5139 0 -5137 0 *
Ve
1e-07
10.55 -11.4 0
0 0

0101101
*
Ed
 1e-07 1 1 0
1  465 0 0 2.15
0

0101000
+5137 0 -5135 0 *
Ve
1e-07
9.8 -11.4 0
0 0

0101101
*
Ed
 1e-07 1 1 0
1  466 0 0 0.75
0

0101000
+5135 0 -5133 0 *
Ve
1e-07
9.8 -11.5 0
0 0

0101101
*
Ed
 1e-07 1 1 0
1  467 0 0 0.0999999999999996
0

0101000
+5133 0 -5131 0 *
Ve
1e-07
10.55 -11.5 0
0 0

0101101
*
Ed
 1e-07 1 1 0
1  468 0 0 0.75
0

0101000
+5131 0 -5129 0 *
Ve
1e-07
10.55 -13.2 0
0 0

0101101
*
Ed
 1e-07 1 1 0
1  469 0 0 1.7
0

0101000
+5129 0 -5127 0 *
Ve
1e-07
9.8 -13.2 0
0 0

0101101
*
Ed
 1e-07 1 1 0
1  470 0 0 0.75
0

0101000
+5127 0 -5125 0 *
Ve
1e-07
9.8 -13.3 0
0 0

0101101
*
Ed
 1e-07 1 1 0
1  471 0 0 0.0999999999999996
0

0101000
+5125 0 -5123 0 *
Ve
1e-07
10.85 -13.3 0
0 0

0101101
*
Ed
 1e-07 1 1 0
1  472 0 0 1.05
0

0101000
+5123 0 -5121 0 *
Ve
1e-07
10.85 -7.1 0
0 0

0101101
*
Ed
 1e-07 1 1 0
1  473 0 0 6.2
0

0101000
+5121 0 -5119 0 *
Ve
1e-07
11.7 -7.1 0
0 0

0101101
*
Ed
 1e-07 1 1 0
1  474 0 0 0.850000000000001
0

0101000
+5119 0 -5117 0 *
Ve
1e-07
11.7 -5.95 0
0 0

0101101
*
Ed
 1e-07 1 1 0
1  475 0 0 1.15
0

0101000
+5117 0 -5115 0 *
Ve
1e-07
14.6 -5.95 0
0 0

0101101
*
Ed
 1e-07 1 1 0
1  476 0 0 2.9
0

0101000
+5115 0 -5113 0 *
Ve
1e-07
14.6 -2.65 0
0 0

0101101
*
Ed
 1e-07 1 1 0
1  477 0 0 3.3
0

0101000
+5113 0 -5111 0 *
Ve
1e-07
16.775 -2.65 0
0 0

0101101
*
Ed
 1e-07 1 1 0
1  478 0 0 2.175
0

0101000
+5111 0 -5109 0 *
Ve
1e-07
16.775 -5.05 0
0 0

0101101
*
Ed
 1e-07 1 1 0
1  479 0 0 2.4
0

0101000
+5109 0 -5107 0 *
Ve
1e-07
21.475 -5.05 0
0 0

0101101
*
Ed
 1e-07 1 1 0
1  480 0 0 4.7
0

0101000
+5107 0 -5105 0 *
Ve
1e-07
21.475 -7.45 0
0 0

0101101
*
Ed
 1e-07 1 1 0
1  481 0 0 2.4
0

0101000
+5105 0 -5103 0 *
Ve
1e-07
21.625 -7.45 0
0 0

0101101
*
Ed
 1e-07 1 1 0
1  482 0 0 0.149999999999999
0

0101000
+5103 0 -5101 0 *
Ve
1e-07
21.625 -6.4 0
0 0

0101101
*
Ed
 1e-07 1 1 0
1  483 0 0 1.05
0

0101000
+5101 0 -5099 0 *
Ve
1e-07
21.725 -6.4 0
0 0

0101101
*
Ed
 1e-07 1 1 0
1  484 0 0 0.100000000000001
0

0101000
+5099 0 -5097 0 *
Ve
1e-07
21.725 -6.3 0
0 0

0101101
*
Ed
 1e-07 1 1 0
1  485 0 0 0.100000000000001
0

0101000
+5097 0 -5095 0 *
Ve
1e-07
21.625 -6.3 0
0 0

0101101
*
Ed
 1e-07 1 1 0
1  486 0 0 0.100000000000001
0

0101000
+5095 0 -5093 0 *
Ve
1e-07
21.625 -4.25 0
0 0

0101101
*
Ed
 1e-07 1 1 0
1  487 0 0 2.05
0

0101000
+5093 0 -5091 0 *
Ve
1e-07
21.025 -4.25 0
0 0

0101101
*
Ed
 1e-07 1 1 0
1  488 0 0 0.599999999999998
0

0101000
+5091 0 -5089 0 *
Ve
1e-07
21.025 -4.9 0
0 0

0101101
*
Ed
 1e-07 1 1 0
1  489 0 0 0.65
0

0101000
+5089 0 -5087 0 *
Ve
1e-07
18.575 -4.9 0
0 0

0101101
*
Ed
 1e-07 1 1 0
1  490 0 0 2.45
0

0101000
+5087 0 -5085 0 *
Ve
1e-07
18.575 -4.15 0
0 0

0101101
*
Ed
 1e-07 1 1 0
1  491 0 0 0.75
0

0101000
+5085 0 -5083 0 *
Ve
1e-07
18.475 -4.15 0
0 0

0101101
*
Ed
 1e-07 1 1 0
1  492 0 0 0.0999999999999979
0

0101000
+5083 0 -5081 0 *
Ve
1e-07
18.475 -4.9 0
0 0

0101101
*
Ed
 1e-07 1 1 0
1  493 0 0 0.75
0

0101000
+5081 0 -5079 0 *
Ve
1e-07
17.475 -4.9 0
0 0

0101101
*
Ed
 1e-07 1 1 0
1  494 0 0 1
0

0101000
+5079 0 -5077 0 *
Ve
1e-07
17.475 -4 0
0 0

0101101
*
Ed
 1e-07 1 1 0
1  495 0 0 0.9
0

0101000
+5077 0 -5075 0 *
Ve
1e-07
17.025 -4 0
0 0

0101101
*
Ed
 1e-07 1 1 0
1  496 0 0 0.450000000000003
0

0101000
+5075 0 -5073 0 *
Ve
1e-07
17.025 -0.95 0
0 0

0101101
*
Ed
 1e-07 1 1 0
1  497 0 0 3.05
0

0101000
+5073 0 -5071 0 *
Ve
1e-07
16.925 -0.95 0
0 0

0101101
*
Ed
 1e-07 1 1 0
1  498 0 0 0.0999999999999979
0

0101000
+5071 0 -5069 0 *
Ve
1e-07
16.925 0 0
0 0

0101101
*
Ed
 1e-07 1 1 0
1  499 0 0 0.95
0

0101000
+5069 0 -5067 0 *
Ve
1e-07
20.925 0 0
0 0

0101101
*
Ed
 1e-07 1 1 0
1  500 0 0 4
0

0101000
+5067 0 -5065 0 *
Ve
1e-07
20.925 -0.95 0
0 0

0101101
*
Ed
 1e-07 1 1 0
1  501 0 0 0.95
0

0101000
+5065 0 -5063 0 *
Ve
1e-07
19.925 -0.95 0
0 0

0101101
*
Ed
 1e-07 1 1 0
1  502 0 0 1
0

0101000
+5063 0 -5061 0 *
Ve
1e-07
19.925 -1.05 0
0 0

0101101
*
Ed
 1e-07 1 1 0
1  503 0 0 0.1
0

0101000
+5061 0 -5059 0 *
Ve
1e-07
19.775 -1.05 0
0 0

0101101
*
Ed
 1e-07 1 1 0
1  504 0 0 0.149999999999999
0

0101000
+5059 0 -5057 0 *
Ve
1e-07
19.775 -0.95 0
0 0

0101101
*
Ed
 1e-07 1 1 0
1  505 0 0 0.1
0

0101000
+5057 0 -5055 0 *
Ve
1e-07
18.475 -0.95 0
0 0

0101101
*
Ed
 1e-07 1 1 0
1  506 0 0 1.3
0

0101000
+5055 0 -5053 0 *
Ve
1e-07
18.475 -3.15 0
0 0

0101101
*
Ed
 1e-07 1 1 0
1  507 0 0 2.2
0

0101000
+5053 0 -5051 0 *
Ve
1e-07
18.575 -3.15 0
0 0

0101101
*
Ed
 1e-07 1 1 0
1  508 0 0 0.0999999999999979
0

0101000
+5051 0 -5049 0 *
Ve
1e-07
18.575 -3.05 0
0 0

0101101
*
Ed
 1e-07 1 1 0
1  509 0 0 0.0999999999999996
0

0101000
+5049 0 -5047 0 *
Ve
1e-07
19.675 -3.05 0
0 0

0101101
*
Ed
 1e-07 1 1 0
1  510 0 0 1.1
0

0101000
+5047 0 -5045 0 *
Ve
1e-07
19.675 -3.25 0
0 0

0101101
*
Ed
 1e-07 1 1 0
1  511 0 0 0.2
0

0101000
+5045 0 -5043 0 *
Ve
1e-07
20.025 -3.25 0
0 0

0101101
*
Ed
 1e-07 1 1 0
1  512 0 0 0.350000000000001
0

0101000
+5043 0 -5041 0 *
Ve
1e-07
20.025 -1.05 0
0 0

0101101
*
Ed
 1e-07 1 1 0
1  513 0 0 2.2
0

0101000
+5041 0 -5039 0 *
Ve
1e-07
21.025 -1.05 0
0 0

0101101
*
Ed
 1e-07 1 1 0
1  514 0 0 1
0

0101000
+5039 0 -5037 0 *
Ve
1e-07
21.025 0 0
0 0

0101101
*
Ed
 1e-07 1 1 0
1  515 0 0 1.05
0

0101000
+5037 0 -5035 0 *
Ve
1e-07
23.275 0 0
0 0

0101101
*
Ed
 1e-07 1 1 0
1  516 0 0 2.25
0

0101000
+5035 0 -5033 0 *
Ve
1e-07
23.275 -1.65 0
0 0

0101101
*
Ed
 1e-07 1 1 0
1  517 0 0 1.65
0

0101000
+5033 0 -5031 0 *
Ve
1e-07
23.5804614257813 -1.65 0
0 0

0101101
*
Ed
 1e-07 1 1 0
1  518 0 0 0.30546142578125
0

0101000
+5031 0 -5029 0 *
Ve
1e-07
23.525 -1.55 0
0 0

0101101
*
Ed
 1e-07 1 1 0
1  519 0 0 0.11435020660099
0

0101000
+5029 0 -5027 0 *
Ve
1e-07
23.525 -0.4 0
0 0

0101101
*
Ed
 1e-07 1 1 0
1  520 0 0 1.15
0

0101000
+5027 0 -5025 0 *
Ve
1e-07
23.375 -0.4 0
0 0

0101101
*
Ed
 1e-07 1 1 0
1  521 0 0 0.150000000000002
0

0101000
+5025 0 -5023 0 *
Ve
1e-07
23.375 0.05 0
0 0

0101101
*
Ed
 1e-07 1 1 0
1  522 0 0 0.45
0

0101000
+5023 0 -5021 0 *
Ve
1e-07
30.425 0.05 0
0 0

0101101
*
Ed
 1e-07 1 1 0
1  523 0 0 7.05
0

0101000
+5021 0 -5019 0 *
Ve
1e-07
30.425 -0.4 0
0 0

0101101
*
Ed
 1e-07 1 1 0
1  524 0 0 0.45
0

0101000
+5019 0 -5017 0 *
Ve
1e-07
30.325 -0.4 0
0 0

0101101
*
Ed
 1e-07 1 1 0
1  525 0 0 0.100000000000001
0

0101000
+5017 0 -5015 0 *
Ve
1e-07
30.325 -1.55 0
0 0

0101101
*
Ed
 1e-07 1 1 0
1  526 0 0 1.15
0

0101000
+5015 0 -5013 0 *
Ve
1e-07
24.5171215820313 -1.55 0
0 0

0101101
*
Ed
 1e-07 1 1 0
1  527 0 0 5.80787841796875
0

0101000
+5013 0 -5011 0 *
Ve
1e-07
24.5171215820313 -1.65 0
0 0

0101101
*
Ed
 1e-07 1 1 0
1  528 0 0 0.1
0

0101000
+5011 0 -5009 0 *
Ve
1e-07
24.575 -1.65 0
0 0

0101101
*
Ed
 1e-07 1 1 0
1  529 0 0 0.0578784179687482
0

0101000
+5009 0 -5007 0 *
Ve
1e-07
24.575 -6.3 0
0 0

0101101
*
Ed
 1e-07 1 1 0
1  530 0 0 4.65
0

0101000
+5007 0 -5005 0 *
Ve
1e-07
22.725 -6.3 0
0 0

0101101
*
Ed
 1e-07 1 1 0
1  531 0 0 1.85
0

0101000
+5005 0 -5003 0 *
Ve
1e-07
22.725 -6.4 0
0 0

0101101
*
Ed
 1e-07 1 1 0
1  532 0 0 0.100000000000001
0

0101000
+5003 0 -5001 0 *
Ve
1e-07
24.575 -6.4 0
0 0

0101101
*
Ed
 1e-07 1 1 0
1  533 0 0 1.85
0

0101000
+5001 0 -4999 0 *
Ve
1e-07
24.575 -7.45 0
0 0

0101101
*
Ed
 1e-07 1 1 0
1  534 0 0 1.05
0

0101000
+4999 0 -4997 0 *
Ve
1e-07
24.675 -7.45 0
0 0

0101101
*
Ed
 1e-07 1 1 0
1  535 0 0 0.100000000000001
0

0101000
+4997 0 -4995 0 *
Ve
1e-07
24.675 -1.65 0
0 0

0101101
*
Ed
 1e-07 1 1 0
1  536 0 0 5.8
0

0101000
+4995 0 -4993 0 *
Ve
1e-07
30.325 -1.65 0
0 0

0101101
*
Ed
 1e-07 1 1 0
1  537 0 0 5.65
0

0101000
+4993 0 -4991 0 *
Ve
1e-07
30.325 -5.05 0
0 0

0101101
*
Ed
 1e-07 1 1 0
1  538 0 0 3.4
0

0101000
+4991 0 -4989 0 *
Ve
1e-07
30.475 -5.05 0
0 0

0101101
*
Ed
 1e-07 1 1 0
1  539 0 0 0.150000000000002
0

0101000
+4989 0 -4987 0 *
Ve
1e-07
30.475 -3.95 0
0 0

0101101
*
Ed
 1e-07 1 1 0
1  540 0 0 1.1
0

0101000
+4987 0 -4985 0 *
Ve
1e-07
30.575 -3.95 0
0 0

0101101
*
Ed
 1e-07 1 1 0
1  541 0 0 0.0999999999999979
0

0101000
+4985 0 -4983 0 *
Ve
1e-07
30.575 -3.85 0
0 0

0101101
*
Ed
 1e-07 1 1 0
1  542 0 0 0.1
0

0101000
+4983 0 -4981 0 *
Ve
1e-07
30.475 -3.85 0
0 0

0101101
*
Ed
 1e-07 1 1 0
1  543 0 0 0.0999999999999979
0

0101000
+4981 0 -4979 0 *
Ve
1e-07
30.475 -1.55 0
0 0

0101101
*
Ed
 1e-07 1 1 0
1  544 0 0 2.3
0

0101000
+4979 0 -4977 0 *
Ve
1e-07
30.675 -1.55 0
0 0

0101101
*
Ed
 1e-07 1 1 0
1  545 0 0 0.199999999999999
0

0101000
+4977 0 -4975 0 *
Ve
1e-07
30.675 -0.4 0
0 0

0101101
*
Ed
 1e-07 1 1 0
1  546 0 0 1.15
0

0101000
+4975 0 -4973 0 *
Ve
1e-07
30.575 -0.4 0
0 0

0101101
*
Ed
 1e-07 1 1 0
1  547 0 0 0.100000000000001
0

0101000
+4973 0 -4971 0 *
Ve
1e-07
30.575 0 0
0 0

0101101
*
Ed
 1e-07 1 1 0
1  548 0 0 0.4
0

0101000
+4971 0 -4969 0 *
Ve
1e-07
32.225 0 0
0 0

0101101
*
Ed
 1e-07 1 1 0
1  549 0 0 1.65
0

0101000
+4969 0 -4967 0 *
Ve
1e-07
32.225 -1.85 0
0 0

0101101
*
Ed
 1e-07 1 1 0
1  550 0 0 1.85
0

0101000
+4967 0 -4965 0 *
Ve
1e-07
32.325 -1.85 0
0 0

0101101
*
Ed
 1e-07 1 1 0
1  551 0 0 0.100000000000001
0

0101000
+4965 0 -4963 0 *
Ve
1e-07
32.325 0 0
0 0

0101101
*
Ed
 1e-07 1 1 0
1  552 0 0 1.85
0

0101000
+4963 0 -4961 0 *
Ve
1e-07
33.725 0 0
0 0

0101101
*
Ed
 1e-07 1 1 0
1  553 0 0 1.4
0

0101000
+4961 0 -4959 0 *
Ve
1e-07
33.725 -0.45 0
0 0

0101101
*
Ed
 1e-07 1 1 0
1  554 0 0 0.45
0

0101000
+4959 0 -4957 0 *
Ve
1e-07
33.625 -0.45 0
0 0

0101101
*
Ed
 1e-07 1 1 0
1  555 0 0 0.100000000000001
0

0101000
+4957 0 -4955 0 *
Ve
1e-07
33.625 -1.5 0
0 0

0101101
*
Ed
 1e-07 1 1 0
1  556 0 0 1.05
0

0101000
+4955 0 -4953 0 *
Ve
1e-07
33.825 -1.5 0
0 0

0101101
*
Ed
 1e-07 1 1 0
1  557 0 0 0.200000000000003
0

0101000
+4953 0 -4951 0 *
Ve
1e-07
33.825 -2.75 0
0 0

0101101
*
Ed
 1e-07 1 1 0
1  558 0 0 1.25
0

0101000
+4951 0 -4949 0 *
Ve
1e-07
32.325 -2.75 0
0 0

0101101
*
Ed
 1e-07 1 1 0
1  559 0 0 1.5
0

0101000
+4949 0 -4947 0 *
Ve
1e-07
32.325 -2.55 0
0 0

0101101
*
Ed
 1e-07 1 1 0
1  560 0 0 0.2
0

0101000
+4947 0 -4945 0 *
Ve
1e-07
32.225 -2.55 0
0 0

0101101
*
Ed
 1e-07 1 1 0
1  561 0 0 0.100000000000001
0

0101000
+4945 0 -4943 0 *
Ve
1e-07
32.225 -3.05 0
0 0

0101101
*
Ed
 1e-07 1 1 0
1  562 0 0 0.5
0

0101000
+4943 0 -4941 0 *
Ve
1e-07
32.325 -3.05 0
0 0

0101101
*
Ed
 1e-07 1 1 0
1  563 0 0 0.100000000000001
0

0101000
+4941 0 -4939 0 *
Ve
1e-07
32.325 -2.85 0
0 0

0101101
*
Ed
 1e-07 1 1 0
1  564 0 0 0.2
0

0101000
+4939 0 -4937 0 *
Ve
1e-07
33.825 -2.85 0
0 0

0101101
*
Ed
 1e-07 1 1 0
1  565 0 0 1.5
0

0101000
+4937 0 -4935 0 *
Ve
1e-07
33.825 -3.85 0
0 0

0101101
*
Ed
 1e-07 1 1 0
1  566 0 0 1
0

0101000
+4935 0 -4933 0 *
Ve
1e-07
32.325 -3.85 0
0 0

0101101
*
Ed
 1e-07 1 1 0
1  567 0 0 1.5
0

0101000
+4933 0 -4931 0 *
Ve
1e-07
32.325 -3.75 0
0 0

0101101
*
Ed
 1e-07 1 1 0
1  568 0 0 0.1
0

0101000
+4931 0 -4929 0 *
Ve
1e-07
32.225 -3.75 0
0 0

0101101
*
Ed
 1e-07 1 1 0
1  569 0 0 0.100000000000001
0

0101000
+4929 0 -4927 0 *
Ve
1e-07
32.225 -3.85 0
0 0

0101101
*
Ed
 1e-07 1 1 0
1  570 0 0 0.1
0

0101000
+4927 0 -4925 0 *
Ve
1e-07
31.575 -3.85 0
0 0

0101101
*
Ed
 1e-07 1 1 0
1  571 0 0 0.650000000000002
0

0101000
+4925 0 -4923 0 *
Ve
1e-07
31.575 -3.95 0
0 0

0101101
*
Ed
 1e-07 1 1 0
1  572 0 0 0.1
0

0101000
+4923 0 -4921 0 *
Ve
1e-07
33.225 -3.95 0
0 0

0101101
*
Ed
 1e-07 1 1 0
1  573 0 0 1.65
0

0101000
+4921 0 -4919 0 *
Ve
1e-07
33.225 -4.75 0
0 0

0101101
*
Ed
 1e-07 1 1 0
1  574 0 0 0.8
0

0101000
+4919 0 -4917 0 *
Ve
1e-07
33.825 -4.75 0
0 0

0101101
*
Ed
 1e-07 1 1 0
1  575 0 0 0.600000000000001
0

0101000
+4917 0 -4915 0 *
Ve
1e-07
33.825 -7.3 0
0 0

0101101
*
Ed
 1e-07 1 1 0
1  576 0 0 2.55
0

0101000
+4915 0 -4913 0 *
Ve
1e-07
30.425 -7.3 0
0 0

0101101
*
Ed
 1e-07 1 1 0
1  577 0 0 3.4
0

0101000
+4913 0 -4911 0 *
Ve
1e-07
30.425 -6.1 0
0 0

0101101
*
Ed
 1e-07 1 1 0
1  578 0 0 1.2
0

0101000
+4911 0 -4909 0 *
Ve
1e-07
30.325 -6.1 0
0 0

0101101
*
Ed
 1e-07 1 1 0
1  579 0 0 0.100000000000001
0

0101000
+4909 0 -4907 0 *
Ve
1e-07
30.325 -7.4 0
0 0

0101101
*
Ed
 1e-07 1 1 0
1  580 0 0 1.3
0

0101000
+4907 0 -4905 0 *
Ve
1e-07
33.925 -7.4 0
0 0

0101101
*
Ed
 1e-07 1 1 0
1  581 0 0 3.6
0

0101000
+4905 0 -4903 0 *
Ve
1e-07
33.925 -7.1 0
0 0

0101101
*
Ed
 1e-07 1 1 0
1  582 0 0 0.3
0

0101000
+4903 0 -4901 0 *
Ve
1e-07
34.075 -7.1 0
0 0

0101101
*
Ed
 1e-07 1 1 0
1  583 0 0 0.150000000000006
0

0101000
+4901 0 -4899 0 *
Ve
1e-07
34.075 -7 0
0 0

0101101
*
Ed
 1e-07 1 1 0
1  584 0 0 0.100000000000001
0

0101000
+4899 0 -4897 0 *
Ve
1e-07
33.925 -7 0
0 0

0101101
*
Ed
 1e-07 1 1 0
1  585 0 0 0.150000000000006
0

0101000
+4897 0 -4895 0 *
Ve
1e-07
33.925 -0.45 0
0 0

0101101
*
Ed
 1e-07 1 1 0
1  586 0 0 6.55
0

0101000
+4895 0 -4893 0 *
Ve
1e-07
33.825 -0.45 0
0 0

0101101
*
Ed
 1e-07 1 1 0
1  587 0 0 0.0999999999999943
0

0101000
+4893 0 -4891 0 *
Ve
1e-07
33.825 0 0
0 0

0101101
*
Ed
 1e-07 1 1 0
1  588 0 0 0.45
0

0101000
+4891 0 -4889 0 *
Ve
1e-07
37.375 0 0
0 0

0101101
*
Ed
 1e-07 1 1 0
1  589 0 0 3.55
0

0101000
+4889 0 -4887 0 *
Ve
1e-07
37.375 -0.45 0
0 0

0101101
*
Ed
 1e-07 1 1 0
1  590 0 0 0.45
0

0101000
+4887 0 -4885 0 *
Ve
1e-07
37.225 -0.45 0
0 0

0101101
*
Ed
 1e-07 1 1 0
1  591 0 0 0.149999999999999
0

0101000
+4885 0 -4883 0 *
Ve
1e-07
37.2569702148438 -11 0
0 0

0101101
*
Ed
 1e-07 1 1 0
1  592 0 0 10.5500484403929
0

0101000
+4883 0 -4881 0 *
Ve
1e-07
35.3572729492188 -11 0
0 0

0101101
*
Ed
 1e-07 1 1 0
1  593 0 0 1.899697265625
0

0101000
+4881 0 -4879 0 *
Ve
1e-07
35.3572729492188 -7.1 0
0 0

0101101
*
Ed
 1e-07 1 1 0
1  594 0 0 3.9
0

0101000
+4879 0 -4877 0 *
Ve
1e-07
35.5072729492188 -7.1 0
0 0

0101101
*
Ed
 1e-07 1 1 0
1  595 0 0 0.149999999999999
0

0101000
+4877 0 -4875 0 *
Ve
1e-07
35.5072729492188 -7 0
0 0

0101101
*
Ed
 1e-07 1 1 0
1  596 0 0 0.100000000000001
0

0101000
+4875 0 -4873 0 *
Ve
1e-07
35.075 -7 0
0 0

0101101
*
Ed
 1e-07 1 1 0
1  597 0 0 0.432272949218749
0

0101000
+4873 0 -4871 0 *
Ve
1e-07
35.075 -7.1 0
0 0

0101101
*
Ed
 1e-07 1 1 0
1  598 0 0 0.100000000000001
0

0101000
+4871 0 -4869 0 *
Ve
1e-07
35.2572729492188 -7.1 0
0 0

0101101
*
Ed
 1e-07 1 1 0
1  599 0 0 0.182272949218749
0

0101000
+4869 0 -4867 0 *
Ve
1e-07
35.2572729492188 -9.3 0
0 0

0101101
*
Ed
 1e-07 1 1 0
1  600 0 0 2.2
0

0101000
+4867 0 -4865 0 *
Ve
1e-07
32.3572729492188 -9.3 0
0 0

0101101
*
Ed
 1e-07 1 1 0
1  601 0 0 2.9
0

0101000
+4865 0 -4863 0 *
Ve
1e-07
32.3572729492188 -8.55 0
0 0

0101101
*
Ed
 1e-07 1 1 0
1  602 0 0 0.75
0

0101000
+4863 0 -4861 0 *
Ve
1e-07
32.2572729492188 -8.55 0
0 0

0101101
*
Ed
 1e-07 1 1 0
1  603 0 0 0.100000000000001
0

0101000
+4861 0 -4859 0 *
Ve
1e-07
32.2572729492188 -11.1 0
0 0

0101101
*
Ed
 1e-07 1 1 0
1  604 0 0 2.55
0

0101000
+4859 0 -4857 0 *
Ve
1e-07
32.5072729492188 -11.1 0
0 0

0101101
*
Ed
 1e-07 1 1 0
1  605 0 0 0.25
0

0101000
+4857 0 -4855 0 *
Ve
1e-07
32.5072729492188 -11 0
0 0

0101101
*
Ed
 1e-07 1 1 0
1  606 0 0 0.0999999999999996
0

0101000
+4855 0 -4853 0 *
Ve
1e-07
32.3572729492188 -11 0
0 0

0101101
*
Ed
 1e-07 1 1 0
1  607 0 0 0.149999999999999
0

0101000
+4853 0 -4851 0 *
Ve
1e-07
32.3572729492188 -9.4 0
0 0

0101101
*
Ed
 1e-07 1 1 0
1  608 0 0 1.6
0

0101000
+4851 0 -4849 0 *
Ve
1e-07
35.2572729492188 -9.4 0
0 0

0101101
*
Ed
 1e-07 1 1 0
1  609 0 0 2.9
0

0101000
+4849 0 -4847 0 *
Ve
1e-07
35.2572729492188 -11 0
0 0

0101101
*
Ed
 1e-07 1 1 0
1  610 0 0 1.6
0

0101000
+4847 0 -4845 0 *
Ve
1e-07
33.5072729492188 -11 0
0 0

0101101
*
Ed
 1e-07 1 1 0
1  611 0 0 1.75
0

0101000
+4845 0 -4843 0 *
Ve
1e-07
33.5072729492188 -11.1 0
0 0

0101101
*
Ed
 1e-07 1 1 0
1  612 0 0 0.0999999999999996
0

0101000
+4843 0 -4841 0 *
Ve
1e-07
34.125 -11.1 0
0 0

0101101
*
Ed
 1e-07 1 1 0
1  613 0 0 0.617727050781248
0

0101000
+4841 0 -4839 0 *
Ve
1e-07
34.125 -11.2 0
0 0

0101101
*
Ed
 1e-07 1 1 0
1  614 0 0 0.100000000000001
0

0101000
+4839 0 -4837 0 *
Ve
1e-07
34.225 -11.2 0
0 0

0101101
*
Ed
 1e-07 1 1 0
1  615 0 0 0.100000000000001
0

0101000
+4837 0 -4835 0 *
Ve
1e-07
34.225 -11.1 0
0 0

0101101
*
Ed
 1e-07 1 1 0
1  616 0 0 0.100000000000001
0

0101000
+4835 0 -4833 0 *
Ve
1e-07
37.2572729492188 -11.1 0
0 0

0101101
*
Ed
 1e-07 1 1 0
1  617 0 0 3.03227294921875
0

0101000
+4833 0 -4831 0 *
Ve
1e-07
37.2737890625 -16.55 0
0 0

0101101
*
Ed
 1e-07 1 1 0
1  618 0 0 5.45002502581391
0

0101000
+4831 0 -4829 0 *
Ve
1e-07
37.025 -16.55 0
0 0

0101101
*
Ed
 1e-07 1 1 0
1  619 0 0 0.248789062500002
0

0101000
+4829 0 -4827 0 *
Ve
1e-07
37.025 -16.95 0
0 0

0101101
*
Ed
 1e-07 1 1 0
1  620 0 0 0.399999999999999
0

0101000
+4827 0 -4825 0 *
Ve
1e-07
37.325 -16.95 0
0 0

0101101
*
Ed
 1e-07 1 1 0
1  621 0 0 0.300000000000004
0

0101000
+4825 0 -4823 0 *
Ve
1e-07
37.325 -17.3 0
0 0

0101101
*
Ed
 1e-07 1 1 0
1  622 0 0 0.350000000000001
0

0101000
+4823 0 -4821 0 *
Ve
1e-07
34.225 -17.3 0
0 0

0101101
*
Ed
 1e-07 1 1 0
1  623 0 0 3.1
0

0101000
+4821 0 -4819 0 *
Ve
1e-07
34.225 -12.2 0
0 0

0101101
*
Ed
 1e-07 1 1 0
1  624 0 0 5.1
0

0101000
+4819 0 -4817 0 *
Ve
1e-07
34.125 -12.2 0
0 0

0101101
*
Ed
 1e-07 1 1 0
1  625 0 0 0.100000000000001
0

0101000
+4817 0 -4815 0 *
Ve
1e-07
34.125 -12.3 0
0 0

0101101
*
Ed
 1e-07 1 1 0
1  626 0 0 0.0999999999999996
0

0101000
+4815 0 -4813 0 *
Ve
1e-07
32.325 -12.3 0
0 0

0101101
*
Ed
 1e-07 1 1 0
1  627 0 0 1.8
0

0101000
+4813 0 -4811 0 *
Ve
1e-07
32.325 -12.4 0
0 0

0101101
*
Ed
 1e-07 1 1 0
1  628 0 0 0.0999999999999996
0

0101000
+4811 0 -4809 0 *
Ve
1e-07
34.125 -12.4 0
0 0

0101101
*
Ed
 1e-07 1 1 0
1  629 0 0 1.8
0

0101000
+4809 0 -4807 0 *
Ve
1e-07
34.125 -17.3 0
0 0

0101101
*
Ed
 1e-07 1 1 0
1  630 0 0 4.9
0

0101000
+4807 0 -4805 0 *
Ve
1e-07
31.175 -17.3 0
0 0

0101101
*
Ed
 1e-07 1 1 0
1  631 0 0 2.95
0

0101000
+4805 0 -4803 0 *
Ve
1e-07
31.175 -12.4 0
0 0

0101101
*
Ed
 1e-07 1 1 0
1  632 0 0 4.9
0

0101000
+4803 0 -4801 0 *
Ve
1e-07
31.325 -12.4 0
0 0

0101101
*
Ed
 1e-07 1 1 0
1  633 0 0 0.149999999999999
0

0101000
+4801 0 -4799 0 *
Ve
1e-07
31.325 -12.3 0
0 0

0101101
*
Ed
 1e-07 1 1 0
1  634 0 0 0.0999999999999996
0

0101000
+4799 0 -4797 0 *
Ve
1e-07
31.175 -12.3 0
0 0

0101101
*
Ed
 1e-07 1 1 0
1  635 0 0 0.149999999999999
0

0101000
+4797 0 -4795 0 *
Ve
1e-07
31.175 -8.55 0
0 0

0101101
*
Ed
 1e-07 1 1 0
1  636 0 0 3.75
0

0101000
+4795 0 -4793 0 *
Ve
1e-07
24.675 -8.55 0
0 0

0101101
*
Ed
 1e-07 1 1 0
1  637 0 0 6.5
0

0101000
+4793 0 -4791 0 *
Ve
1e-07
24.675 -8.45 0
0 0

0101101
*
Ed
 1e-07 1 1 0
1  638 0 0 0.100000000000001
0

0101000
+4791 0 -4789 0 *
Ve
1e-07
24.575 -8.45 0
0 0

0101101
*
Ed
 1e-07 1 1 0
1  639 0 0 0.100000000000001
0

0101000
+4789 0 -4787 0 *
Ve
1e-07
24.575 -8.55 0
0 0

0101101
*
Ed
 1e-07 1 1 0
1  640 0 0 0.100000000000001
0

0101000
+4787 0 -4785 0 *
Ve
1e-07
21.625 -8.55 0
0 0

0101101
*
Ed
 1e-07 1 1 0
1  641 0 0 2.95
0

0101000
+4785 0 -4783 0 *
Ve
1e-07
21.625 -8.45 0
0 0

0101101
*
Ed
 1e-07 1 1 0
1  642 0 0 0.100000000000001
0

0101000
+4783 0 -4781 0 *
Ve
1e-07
21.475 -8.45 0
0 0

0101101
*
Ed
 1e-07 1 1 0
1  643 0 0 0.149999999999999
0

0101000
+4781 0 -4779 0 *
Ve
1e-07
21.475 -9.35 0
0 0

0101101
*
Ed
 1e-07 1 1 0
1  644 0 0 0.9
0

0101000
+4779 0 -4777 0 *
Ve
1e-07
20.875 -9.35 0
0 0

0101101
*
Ed
 1e-07 1 1 0
1  645 0 0 0.600000000000001
0

0101000
+4777 0 -4775 0 *
Ve
1e-07
20.875 -9.45 0
0 0

0101101
*
Ed
 1e-07 1 1 0
1  646 0 0 0.100000000000001
0

0101000
+4775 0 -4773 0 *
Ve
1e-07
21.575 -9.45 0
0 0

0101101
*
Ed
 1e-07 1 1 0
1  647 0 0 0.699999999999999
0

0101000
+4773 0 -4771 0 *
Ve
1e-07
21.575 -8.8 0
0 0

0101101
*
Ed
 1e-07 1 1 0
1  648 0 0 0.65
0

0101000
+4771 0 -4769 0 *
Ve
1e-07
24.475 -8.8 0
0 0

0101101
*
Ed
 1e-07 1 1 0
1  649 0 0 2.9
0

0101000
+4769 0 -4767 0 *
Ve
1e-07
24.475 -10.85 0
0 0

0101101
*
Ed
 1e-07 1 1 0
1  650 0 0 2.05
0

0101000
+4767 0 -4765 0 *
Ve
1e-07
26.675 -10.85 0
0 0

0101101
*
Ed
 1e-07 1 1 0
1  651 0 0 2.2
0

0101000
+4765 0 -4763 0 *
Ve
1e-07
26.675 -10.95 0
0 0

0101101
*
Ed
 1e-07 1 1 0
1  652 0 0 0.100000000000001
0

0101000
+4763 0 -4761 0 *
Ve
1e-07
26.775 -10.95 0
0 0

0101101
*
Ed
 1e-07 1 1 0
1  653 0 0 0.100000000000001
0

0101000
+4761 0 -4759 0 *
Ve
1e-07
26.775 -10.85 0
0 0

0101101
*
Ed
 1e-07 1 1 0
1  654 0 0 0.100000000000001
0

0101000
+4759 0 -4757 0 *
Ve
1e-07
30.925 -10.85 0
0 0

0101101
*
Ed
 1e-07 1 1 0
1  655 0 0 4.15
0

0101000
+4757 0 -4755 0 *
Ve
1e-07
30.925 -17.3 0
0 0

0101101
*
Ed
 1e-07 1 1 0
1  656 0 0 6.45
0

0101000
+4755 0 -4753 0 *
Ve
1e-07
27.625 -17.3 0
0 0

0101101
*
Ed
 1e-07 1 1 0
1  657 0 0 3.3
0

0101000
+4753 0 -4751 0 *
Ve
1e-07
27.625 -12.05 0
0 0

0101101
*
Ed
 1e-07 1 1 0
1  658 0 0 5.25
0

0101000
+4751 0 -4749 0 *
Ve
1e-07
26.775 -12.05 0
0 0

0101101
*
Ed
 1e-07 1 1 0
1  659 0 0 0.849999999999998
0

0101000
+4749 0 -4747 0 *
Ve
1e-07
26.775 -11.95 0
0 0

0101101
*
Ed
 1e-07 1 1 0
1  660 0 0 0.0999999999999996
0

0101000
+4747 0 -4745 0 *
Ve
1e-07
26.675 -11.95 0
0 0

0101101
*
Ed
 1e-07 1 1 0
1  661 0 0 0.100000000000001
0

0101000
+4745 0 -4743 0 *
Ve
1e-07
26.675 -12.05 0
0 0

0101101
*
Ed
 1e-07 1 1 0
1  662 0 0 0.0999999999999996
0

0101000
+4743 0 -4741 0 *
Ve
1e-07
25.725 -12.05 0
0 0

0101101
*
Ed
 1e-07 1 1 0
1  663 0 0 0.949999999999999
0

0101000
+4741 0 -4739 0 *
Ve
1e-07
25.725 -12.15 0
0 0

0101101
*
Ed
 1e-07 1 1 0
1  664 0 0 0.0999999999999996
0

0101000
+4739 0 -4737 0 *
Ve
1e-07
27.525 -12.15 0
0 0

0101101
*
Ed
 1e-07 1 1 0
1  665 0 0 1.8
0

0101000
+4737 0 -4735 0 *
Ve
1e-07
27.525 -17.3 0
0 0

0101101
*
Ed
 1e-07 1 1 0
1  666 0 0 5.15
0

0101000
+4735 0 -4733 0 *
Ve
1e-07
24.575 -17.3 0
0 0

0101101
*
Ed
 1e-07 1 1 0
1  667 0 0 2.95
0

0101000
+4733 0 -4731 0 *
Ve
1e-07
24.575 -16.9 0
0 0

0101101
*
Ed
 1e-07 1 1 0
1  668 0 0 0.400000000000002
0

0101000
+4731 0 -4729 0 *
Ve
1e-07
24.725 -16.9 0
0 0

0101101
*
Ed
 1e-07 1 1 0
1  669 0 0 0.150000000000002
0

0101000
+4729 0 -4727 0 *
Ve
1e-07
24.725 -15.8 0
0 0

0101101
*
Ed
 1e-07 1 1 0
1  670 0 0 1.1
0

0101000
+4727 0 -4725 0 *
Ve
1e-07
24.575 -15.8 0
0 0

0101101
*
Ed
 1e-07 1 1 0
1  671 0 0 0.150000000000002
0

0101000
+4725 0 -4723 0 *
Ve
1e-07
24.575 -12.15 0
0 0

0101101
*
Ed
 1e-07 1 1 0
1  672 0 0 3.65
0

0101000
+4723 0 -4721 0 *
Ve
1e-07
24.725 -12.15 0
0 0

0101101
*
Ed
 1e-07 1 1 0
1  673 0 0 0.150000000000002
0

0101000
+4721 0 -4719 0 *
Ve
1e-07
24.725 -12.05 0
0 0

0101101
*
Ed
 1e-07 1 1 0
1  674 0 0 0.0999999999999996
0

0101000
+4719 0 -4717 0 *
Ve
1e-07
24.475 -12.05 0
0 0

0101101
*
Ed
 1e-07 1 1 0
1  675 0 0 0.25
0

0101000
+4717 0 -4715 0 *
Ve
1e-07
24.475 -15.7 0
0 0

0101101
*
Ed
 1e-07 1 1 0
1  676 0 0 3.65
0

0101000
+4715 0 -4713 0 *
Ve
1e-07
23.125 -15.7 0
0 0

0101101
*
Ed
 1e-07 1 1 0
1  677 0 0 1.35
0

0101000
+4713 0 -4711 0 *
Ve
1e-07
23.125 -15.8 0
0 0

0101101
*
Ed
 1e-07 1 1 0
1  678 0 0 0.0999999999999996
0

0101000
+4711 0 -4709 0 *
Ve
1e-07
24.475 -15.8 0
0 0

0101101
*
Ed
 1e-07 1 1 0
1  679 0 0 1.35
0

0101000
+4709 0 -4707 0 *
Ve
1e-07
24.475 -17.3 0
0 0

0101101
*
Ed
 1e-07 1 1 0
1  680 0 0 1.5
0

0101000
+4707 0 -4705 0 *
Ve
1e-07
19.775 -17.3 0
0 0

0101101
*
Ed
 1e-07 1 1 0
1  681 0 0 4.7
0

0101000
+4705 0 -4703 0 *
Ve
1e-07
19.775 -15.8 0
0 0

0101101
*
Ed
 1e-07 1 1 0
1  682 0 0 1.5
0

0101000
+4703 0 -4701 0 *
Ve
1e-07
21.125 -15.8 0
0 0

0101101
*
Ed
 1e-07 1 1 0
1  683 0 0 1.35
0

0101000
+4701 0 -4699 0 *
Ve
1e-07
21.125 -15.7 0
0 0

0101101
*
Ed
 1e-07 1 1 0
1  684 0 0 0.0999999999999996
0

0101000
+4699 0 -4697 0 *
Ve
1e-07
19.775 -15.7 0
0 0

0101101
*
Ed
 1e-07 1 1 0
1  685 0 0 1.35
0

0101000
+4697 0 -4695 0 *
Ve
1e-07
19.775 -13.7 0
0 0

0101101
*
Ed
 1e-07 1 1 0
1  686 0 0 2
0

0101000
+4695 0 -4693 0 *
Ve
1e-07
19.675 -13.7 0
0 0

0101101
*
Ed
 1e-07 1 1 0
1  687 0 0 0.100000000000001
0

0101000
+4693 0 -4691 0 *
Ve
1e-07
19.675 -15.1 0
0 0

0101101
*
Ed
 1e-07 1 1 0
1  688 0 0 1.4
0

0101000
+4691 0 -4689 0 *
Ve
1e-07
18.6 -15.1 0
0 0

0101101
*
Ed
 1e-07 1 1 0
1  689 0 0 1.075
0

0101000
+4689 0 -4687 0 *
Ve
1e-07
18.6 -15.2 0
0 0

0101101
*
Ed
 1e-07 1 1 0
1  690 0 0 0.100000000000001
0

0101000
+4687 0 -4685 0 *
Ve
1e-07
19.675 -15.2 0
0 0

0101101
*
Ed
 1e-07 1 1 0
1  691 0 0 1.075
0

0101000
+4685 0 -4683 0 *
Ve
1e-07
19.675 -17.3 0
0 0

0101101
*
Ed
 1e-07 1 1 0
1  692 0 0 2.1
0

0101000
+4683 0 -4681 0 *
Ve
1e-07
16.875 -17.3 0
0 0

0101101
*
Ed
 1e-07 1 1 0
1  693 0 0 2.8
0

0101000
+4681 0 -4679 0 *
Ve
1e-07
16.875 -16.3 0
0 0

0101101
*
Ed
 1e-07 1 1 0
1  694 0 0 1
0

0101000
+4679 0 -4677 0 *
Ve
1e-07
17.025 -16.3 0
0 0

0101101
*
Ed
 1e-07 1 1 0
1  695 0 0 0.149999999999999
0

0101000
+4677 0 -4675 0 *
Ve
1e-07
17.025 -15.2 0
0 0

0101101
*
Ed
 1e-07 1 1 0
1  696 0 0 1.1
0

0101000
+4675 0 -4673 0 *
Ve
1e-07
17.6 -15.2 0
0 0

0101101
*
Ed
 1e-07 1 1 0
1  697 0 0 0.575000000000003
0

0101000
+4673 0 -4671 0 *
Ve
1e-07
17.6 -15.1 0
0 0

0101101
*
Ed
 1e-07 1 1 0
1  698 0 0 0.100000000000001
0

0101000
+4671 0 -4669 0 *
Ve
1e-07
17.025 -15.1 0
0 0

0101101
*
Ed
 1e-07 1 1 0
1  699 0 0 0.575000000000003
0

0101000
+4669 0 -4667 0 *
Ve
1e-07
17.025 -12 0
0 0

0101101
*
Ed
 1e-07 1 1 0
1  700 0 0 3.1
0

0101000
+4667 0 -4665 0 *
Ve
1e-07
19.675 -12 0
0 0

0101101
*
Ed
 1e-07 1 1 0
1  701 0 0 2.65
0

0101000
+4665 0 -4663 0 *
Ve
1e-07
19.675 -12.7 0
0 0

0101101
*
Ed
 1e-07 1 1 0
1  702 0 0 0.700000000000001
0

0101000
+4663 0 -4661 0 *
Ve
1e-07
19.775 -12.7 0
0 0

0101101
*
Ed
 1e-07 1 1 0
1  703 0 0 0.100000000000001
0

0101000
+4661 0 -4659 0 *
Ve
1e-07
19.775 -9.45 0
0 0

0101101
*
Ed
 1e-07 1 1 0
1  704 0 0 3.25
0

0101000
+4659 0 -4657 0 *
Ve
1e-07
19.875 -9.45 0
0 0

0101101
*
Ed
 1e-07 1 1 0
1  705 0 0 0.0999999999999979
0

0101000
+4657 0 -4655 0 *
Ve
1e-07
19.875 -9.35 0
0 0

0101101
*
Ed
 1e-07 1 1 0
1  706 0 0 0.100000000000001
0

0101000
+4655 0 -4653 0 *
Ve
1e-07
19.775 -9.35 0
0 0

0101101
*
Ed
 1e-07 1 1 0
1  707 0 0 0.0999999999999979
0

0101000
+4653 0 -4651 0 *
Ve
1e-07
19.775 -6.5 0
0 0

0101101
*
Ed
 1e-07 1 1 0
1  708 0 0 2.85
0

0101000
+4651 0 -4649 0 *
Ve
1e-07
19.475 -6.5 0
0 0

0101101
*
Ed
 1e-07 1 1 0
1  709 0 0 0.300000000000001
0

0101000
+4649 0 -4647 0 *
Ve
1e-07
19.475 -11.7 0
0 0

0101101
*
Ed
 1e-07 1 1 0
1  710 0 0 5.2
0

0101000
+4647 0 -4645 0 *
Ve
1e-07
16.775 -11.7 0
0 0

0101101
*
Ed
 1e-07 1 1 0
1  711 0 0 2.7
0

0101000
+4645 0 -4643 0 *
Ve
1e-07
16.775 -17.6 0
0 0

0101101
*
Ed
 1e-07 1 1 0
1  712 0 0 5.9
0

0101000
+4643 0 -4641 0 *
Ve
1e-07
26.35 -17.6 0
0 0

0101101
*
Ed
 1e-07 1 1 0
1  713 0 0 9.575
0

0101000
+4641 0 -4639 0 *
Ve
1e-07
26.35 -18.85 0
0 0

0101101
*
Ed
 1e-07 1 1 0
1  714 0 0 1.25
0

0101000
+4639 0 -4637 0 *
Ve
1e-07
14.55 -18.85 0
0 0

0101101
*
Ed
 1e-07 1 1 0
1  715 0 0 11.8
0

0101000
+4637 0 -4635 0 *
Ve
1e-07
14.55 -17.3 0
0 0

0101101
*
Ed
 1e-07 1 1 0
1  716 0 0 1.55
0

0101000
+4635 0 -4633 0 *
Ve
1e-07
9.85 -17.3 0
0 0

0101101
*
Ed
 1e-07 1 1 0
1  717 0 0 4.7
0

0101000
+4633 0 -4631 0 *
Ve
1e-07
9.85 -15.15 0
0 0

0101101
*
Ed
 1e-07 1 1 0
1  718 0 0 2.15
0

0101000
+4631 0 -4629 0 *
Ve
1e-07
15.05 -15.15 0
0 0

0101101
*
Ed
 1e-07 1 1 0
1  719 0 0 5.2
0

0101000
+4629 0 -4627 0 *
Ve
1e-07
15.05 -14.95 0
0 0

0101101
*
Ed
 1e-07 1 1 0
1  720 0 0 0.199999999999999
0

0101000
+4627 0 -4625 0 *
Ve
1e-07
9.4 -14.95 0
0 0

0101101
*
Ed
 1e-07 1 1 0
1  721 0 0 5.65
0

0101000
+4625 0 -4623 0 *
Ve
1e-07
9.4 -15.15 0
0 0

0101101
*
Ed
 1e-07 1 1 0
1  722 0 0 0.199999999999999
0

0101000
+4623 0 -4621 0 *
Ve
1e-07
9.75 -15.15 0
0 0

0101101
*
Ed
 1e-07 1 1 0
1  723 0 0 0.35
0

0101000
+4621 0 -4619 0 *
Ve
1e-07
9.75 -17.3 0
0 0

0101101
*
Ed
 1e-07 1 1 0
1  724 0 0 2.15
0

0101000
+4619 0 -4617 0 *
Ve
1e-07
7.55 -17.3 0
0 0

0101101
*
Ed
 1e-07 1 1 0
1  725 0 0 2.2
0

0101000
+4617 0 -4615 0 *
Ve
1e-07
7.55 -16.35 0
0 0

0101101
*
Ed
 1e-07 1 1 0
1  726 0 0 0.949999999999999
0

0101000
+4615 0 -4613 0 *
Ve
1e-07
7.45 -16.35 0
0 0

0101101
*
Ed
 1e-07 1 1 0
1  727 0 0 0.0999999999999996
0

0101000
+4613 0 -4611 0 *
Ve
1e-07
7.45 -17.3 0
0 0

0101101
*
Ed
 1e-07 1 1 0
1  728 0 0 0.949999999999999
0

0101000
+4611 0 -4609 0 *
Ve
1e-07
3.65 -17.3 0
0 0

0101101
*
Ed
 1e-07 1 1 0
1  729 0 0 3.8
0

0101000
+4609 0 -4607 0 *
Ve
1e-07
3.65 -16.35 0
0 0

0101101
*
Ed
 1e-07 1 1 0
1  730 0 0 0.949999999999999
0

0101000
+4607 0 -4605 0 *
Ve
1e-07
3.5 -16.35 0
0 0

0101101
*
Ed
 1e-07 1 1 0
1  731 0 0 0.15
0

0101000
+4605 0 -4603 0 *
Ve
1e-07
3.5 -14.75 0
0 0

0101101
*
Ed
 1e-07 1 1 0
1  732 0 0 1.6
0

0101000
+4603 0 -4601 0 *
Ve
1e-07
4.7 -14.75 0
0 0

0101101
*
Ed
 1e-07 1 1 0
1  733 0 0 1.2
0

0101000
+4601 0 -4599 0 *
Ve
1e-07
4.7 -14.65 0
0 0

0101101
*
Ed
 1e-07 1 1 0
1  734 0 0 0.0999999999999996
0

0101000
+4599 0 -4597 0 *
Ve
1e-07
3.4 -14.65 0
0 0

0101101
*
Ed
 1e-07 1 1 0
1  735 0 0 1.3
0

0101000
+4597 0 -4595 0 *
Ve
1e-07
3.4 -17 0
0 0

0101101
*
Ed
 1e-07 1 1 0
1  736 0 0 2.35
0

0101000
+4595 0 -4593 0 *
Ve
1e-07
3.55 -17 0
0 0

0101101
*
Ed
 1e-07 1 1 0
1  737 0 0 0.15
0

0101000
+4593 0 -4591 0 *
Ve
1e-07
3.55 -17.3 0
0 0

0101101
*
Ed
 1e-07 1 1 0
1  738 0 0 0.300000000000001
0

0101000
+4591 0 -4589 0 *
Ve
1e-07
0 -17.3 0
0 0

0101101
*
Ed
 1e-07 1 1 0
1  739 0 0 3.55
0

0101000
+4589 0 -4587 0 *
Ve
1e-07
0 -13.3 0
0 0

0101101
*
Ed
 1e-07 1 1 0
1  740 0 0 4
0

0101000
+4587 0 -4585 0 *
Ve
1e-07
4.05 -13.3 0
0 0

0101101
*
Ed
 1e-07 1 1 0
1  741 0 0 4.05
0

0101000
+4585 0 -4583 0 *
Ed
 1e-07 1 1 0
1  742 0 0 0.0999999999999996
0

0101000
+4583 0 -5322 0 *
Wi

0101100
+5320 0 +5318 0 +5316 0 +5314 0 +5312 0 +5310 0 +5308 0 +5306 0 +5304 0 +5302 0 
+5300 0 +5298 0 +5296 0 +5294 0 +5292 0 +5290 0 +5288 0 +5286 0 +5284 0 +5282 0 
+5280 0 +5278 0 +5276 0 +5274 0 +5272 0 +5270 0 +5268 0 +5266 0 +5264 0 +5262 0 
+5260 0 +5258 0 +5256 0 +5254 0 +5252 0 +5250 0 +5248 0 +5246 0 +5244 0 +5242 0 
+5240 0 +5238 0 +5236 0 +5234 0 +5232 0 +5230 0 +5228 0 +5226 0 +5224 0 +5222 0 
+5220 0 +5218 0 +5216 0 +5214 0 +5212 0 +5210 0 +5208 0 +5206 0 +5204 0 +5202 0 
+5200 0 +5198 0 +5196 0 +5194 0 +5192 0 +5190 0 +5188 0 +5186 0 +5184 0 +5182 0 
+5180 0 +5178 0 +5176 0 +5174 0 +5172 0 +5170 0 +5168 0 +5166 0 +5164 0 +5162 0 
+5160 0 +5158 0 +5156 0 +5154 0 +5152 0 +5150 0 +5148 0 +5146 0 +5144 0 +5142 0 
+5140 0 +5138 0 +5136 0 +5134 0 +5132 0 +5130 0 +5128 0 +5126 0 +5124 0 +5122 0 
+5120 0 +5118 0 +5116 0 +5114 0 +5112 0 +5110 0 +5108 0 +5106 0 +5104 0 +5102 0 
+5100 0 +5098 0 +5096 0 +5094 0 +5092 0 +5090 0 +5088 0 +5086 0 +5084 0 +5082 0 
+5080 0 +5078 0 +5076 0 +5074 0 +5072 0 +5070 0 +5068 0 +5066 0 +5064 0 +5062 0 
+5060 0 +5058 0 +5056 0 +5054 0 +5052 0 +5050 0 +5048 0 +5046 0 +5044 0 +5042 0 
+5040 0 +5038 0 +5036 0 +5034 0 +5032 0 +5030 0 +5028 0 +5026 0 +5024 0 +5022 0 
+5020 0 +5018 0 +5016 0 +5014 0 +5012 0 +5010 0 +5008 0 +5006 0 +5004 0 +5002 0 
+5000 0 +4998 0 +4996 0 +4994 0 +4992 0 +4990 0 +4988 0 +4986 0 +4984 0 +4982 0 
+4980 0 +4978 0 +4976 0 +4974 0 +4972 0 +4970 0 +4968 0 +4966 0 +4964 0 +4962 0 
+4960 0 +4958 0 +4956 0 +4954 0 +4952 0 +4950 0 +4948 0 +4946 0 +4944 0 +4942 0 
+4940 0 +4938 0 +4936 0 +4934 0 +4932 0 +4930 0 +4928 0 +4926 0 +4924 0 +4922 0 
+4920 0 +4918 0 +4916 0 +4914 0 +4912 0 +4910 0 +4908 0 +4906 0 +4904 0 +4902 0 
+4900 0 +4898 0 +4896 0 +4894 0 +4892 0 +4890 0 +4888 0 +4886 0 +4884 0 +4882 0 
+4880 0 +4878 0 +4876 0 +4874 0 +4872 0 +4870 0 +4868 0 +4866 0 +4864 0 +4862 0 
+4860 0 +4858 0 +4856 0 +4854 0 +4852 0 +4850 0 +4848 0 +4846 0 +4844 0 +4842 0 
+4840 0 +4838 0 +4836 0 +4834 0 +4832 0 +4830 0 +4828 0 +4826 0 +4824 0 +4822 0 
+4820 0 +4818 0 +4816 0 +4814 0 +4812 0 +4810 0 +4808 0 +4806 0 +4804 0 +4802 0 
+4800 0 +4798 0 +4796 0 +4794 0 +4792 0 +4790 0 +4788 0 +4786 0 +4784 0 +4782 0 
+4780 0 +4778 0 +4776 0 +4774 0 +4772 0 +4770 0 +4768 0 +4766 0 +4764 0 +4762 0 
+4760 0 +4758 0 +4756 0 +4754 0 +4752 0 +4750 0 +4748 0 +4746 0 +4744 0 +4742 0 
+4740 0 +4738 0 +4736 0 +4734 0 +4732 0 +4730 0 +4728 0 +4726 0 +4724 0 +4722 0 
+4720 0 +4718 0 +4716 0 +4714 0 +4712 0 +4710 0 +4708 0 +4706 0 +4704 0 +4702 0 
+4700 0 +4698 0 +4696 0 +4694 0 +4692 0 +4690 0 +4688 0 +4686 0 +4684 0 +4682 0 
+4680 0 +4678 0 +4676 0 +4674 0 +4672 0 +4670 0 +4668 0 +4666 0 +4664 0 +4662 0 
+4660 0 +4658 0 +4656 0 +4654 0 +4652 0 +4650 0 +4648 0 +4646 0 +4644 0 +4642 0 
+4640 0 +4638 0 +4636 0 +4634 0 +4632 0 +4630 0 +4628 0 +4626 0 +4624 0 +4622 0 
+4620 0 +4618 0 +4616 0 +4614 0 +4612 0 +4610 0 +4608 0 +4606 0 +4604 0 +4602 0 
+4600 0 +4598 0 +4596 0 +4594 0 +4592 0 +4590 0 +4588 0 +4586 0 +4584 0 +4582 0 
+4581 0 *
Ve
1e-07
5.85 -14.75 0
0 0

0101101
*
Ve
1e-07
5.85 -15.4 0
0 0

0101101
*
Ed
 1e-07 1 1 0
1  743 0 0 0.65
2  33 7 0 0 0.65
2  34 8 0 0 0.65
0

0101000
+4579 0 -4578 0 *
Ve
1e-07
6.5 -15.4 0
0 0

0101101
*
Ed
 1e-07 1 1 0
1  744 0 0 0.649999999999999
2  35 7 0 0 0.649999999999999
2  36 8 0 0 0.649999999999999
0

0101000
+4578 0 -4576 0 *
Ve
1e-07
6.5 -16.35 0
0 0

0101101
*
Ed
 1e-07 1 1 0
1  745 0 0 0.950000000000001
2  37 7 0 0 0.950000000000001
2  38 8 0 0 0.950000000000001
0

0101000
+4576 0 -4574 0 *
Ve
1e-07
6.6 -16.35 0
0 0

0101101
*
Ed
 1e-07 1 1 0
1  746 0 0 0.100000000000001
2  39 7 0 0 0.100000000000001
2  40 8 0 0 0.100000000000001
0

0101000
+4574 0 -4572 0 *
Ve
1e-07
6.6 -14.4 0
0 0

0101101
*
Ed
 1e-07 1 1 0
1  747 0 0 1.95
2  41 7 0 0 1.95
2  42 8 0 0 1.95
0

0101000
+4572 0 -4570 0 *
Ve
1e-07
6.5 -14.4 0
0 0

0101101
*
Ed
 1e-07 1 1 0
1  748 0 0 0.100000000000001
2  43 7 0 0 0.100000000000001
2  44 8 0 0 0.100000000000001
0

0101000
+4570 0 -4568 0 *
Ve
1e-07
6.5 -14.65 0
0 0

0101101
*
Ed
 1e-07 1 1 0
1  749 0 0 0.25
2  45 7 0 0 0.25
2  46 8 0 0 0.25
0

0101000
+4568 0 -4566 0 *
Ve
1e-07
5.7 -14.65 0
0 0

0101101
*
Ed
 1e-07 1 1 0
1  750 0 0 0.8
2  47 7 0 0 0.8
2  48 8 0 0 0.8
0

0101000
+4566 0 -4564 0 *
Ve
1e-07
5.7 -14.75 0
0 0

0101101
*
Ed
 1e-07 1 1 0
1  751 0 0 0.0999999999999996
2  49 7 0 0 0.0999999999999996
2  50 8 0 0 0.0999999999999996
0

0101000
+4564 0 -4562 0 *
Ed
 1e-07 1 1 0
1  752 0 0 0.15
2  51 7 0 0 0.15
2  52 8 0 0 0.15
0

0101000
+4562 0 -4579 0 *
Wi

0101100
+4577 0 +4575 0 +4573 0 +4571 0 +4569 0 +4567 0 +4565 0 +4563 0 +4561 0 +4560 0 
*
Fa
0  1e-07 6 0

0111000
+4580 0 +4559 0 *
Ve
1e-07
-2.80872344970703 -71.9078955078125 0
0 0

0101101
*
Ve
1e-07
1.91937255859375 -69.197197265625 0
0 0

0101101
*
Ed
 1e-07 1 1 0
1  753 0 0 5.45002539662965
0

0101000
+4557 0 -4556 0 *
Ve
1e-07
3.43550903320313 -71.82322265625 0
0 0

0101101
*
Ed
 1e-07 1 1 0
1  754 0 0 3.03227293656888
0

0101000
+4556 0 -4554 0 *
Ve
1e-07
3.34890625 -71.87322265625 0
0 0

0101101
*
Ed
 1e-07 1 1 0
1  755 0 0 0.100000210292422
0

0101000
+4554 0 -4552 0 *
Ve
1e-07
3.39890625 -71.95982421875 0
0 0

0101101
*
Ed
 1e-07 1 1 0
1  756 0 0 0.0999991531336151
0

0101000
+4552 0 -4550 0 *
Ve
1e-07
3.48550903320313 -71.90982421875 0
0 0

0101101
*
Ed
 1e-07 1 1 0
1  757 0 0 0.100000210292415
0

0101000
+4550 0 -4548 0 *
Ve
1e-07
3.79437255859375 -72.4447900390625 0
0 0

0101101
*
Ed
 1e-07 1 1 0
1  758 0 0 0.617725753242767
0

0101000
+4548 0 -4546 0 *
Ve
1e-07
3.88097503662109 -72.3947900390625 0
0 0

0101101
*
Ed
 1e-07 1 1 0
1  759 0 0 0.099999946002367
0

0101000
+4546 0 -4544 0 *
Ve
1e-07
3.00597503662109 -70.879248046875 0
0 0

0101101
*
Ed
 1e-07 1 1 0
1  760 0 0 1.74999786573688
0

0101000
+4544 0 -4542 0 *
Ve
1e-07
4.39161560058594 -70.079248046875 0
0 0

0101101
*
Ed
 1e-07 1 1 0
1  761 0 0 1.59999992890775
0

0101000
+4542 0 -4540 0 *
Ve
1e-07
5.84161560058594 -72.59072265625 0
0 0

0101101
*
Ed
 1e-07 1 1 0
1  762 0 0 2.90000081267839
0

0101000
+4540 0 -4538 0 *
Ve
1e-07
4.45597503662109 -73.39072265625 0
0 0

0101101
*
Ed
 1e-07 1 1 0
1  763 0 0 1.59999992890775
0

0101000
+4538 0 -4536 0 *
Ve
1e-07
4.38097503662109 -73.2608154296875 0
0 0

0101101
*
Ed
 1e-07 1 1 0
1  764 0 0 0.150002958348037
0

0101000
+4536 0 -4534 0 *
Ve
1e-07
4.29437255859375 -73.3108154296875 0
0 0

0101101
*
Ed
 1e-07 1 1 0
1  765 0 0 0.0999999460023741
0

0101000
+4534 0 -4532 0 *
Ve
1e-07
4.41937255859375 -73.52732421875 0
0 0

0101101
*
Ed
 1e-07 1 1 0
1  766 0 0 0.250002111473693
0

0101000
+4532 0 -4530 0 *
Ve
1e-07
6.62773742675781 -72.25232421875 0
0 0

0101101
*
Ed
 1e-07 1 1 0
1  767 0 0 2.55000007665515
0

0101000
+4530 0 -4528 0 *
Ve
1e-07
6.57773742675781 -72.16572265625 0
0 0

0101101
*
Ed
 1e-07 1 1 0
1  768 0 0 0.0999991531336274
0

0101000
+4528 0 -4526 0 *
Ve
1e-07
5.92821838378906 -72.54072265625 0
0 0

0101101
*
Ed
 1e-07 1 1 0
1  769 0 0 0.749999991452694
0

0101000
+4526 0 -4524 0 *
Ve
1e-07
4.47821838378906 -70.029248046875 0
0 0

0101101
*
Ed
 1e-07 1 1 0
1  770 0 0 2.90000081267839
0

0101000
+4524 0 -4522 0 *
Ve
1e-07
6.38347412109375 -68.929248046875 0
0 0

0101101
*
Ed
 1e-07 1 1 0
1  771 0 0 2.19999986921191
0

0101000
+4522 0 -4520 0 *
Ve
1e-07
6.47461059570313 -69.087099609375 0
0 0

0101101
*
Ed
 1e-07 1 1 0
1  772 0 0 0.18227170045818
0

0101000
+4520 0 -4518 0 *
Ve
1e-07
6.56121276855469 -69.037099609375 0
0 0

0101101
*
Ed
 1e-07 1 1 0
1  773 0 0 0.0999996817125516
0

0101000
+4518 0 -4516 0 *
Ve
1e-07
6.34507690429688 -68.6627392578125 0
0 0

0101101
*
Ed
 1e-07 1 1 0
1  774 0 0 0.432273506752925
0

0101000
+4516 0 -4514 0 *
Ve
1e-07
6.25847412109375 -68.7127392578125 0
0 0

0101101
*
Ed
 1e-07 1 1 0
1  775 0 0 0.100000210292415
0

0101000
+4514 0 -4512 0 *
Ve
1e-07
6.33347412109375 -68.842646484375 0
0 0

0101101
*
Ed
 1e-07 1 1 0
1  776 0 0 0.150002958348025
0

0101000
+4512 0 -4510 0 *
Ve
1e-07
2.95597503662109 -70.792646484375 0
0 0

0101101
*
Ed
 1e-07 1 1 0
1  777 0 0 3.90000000841201
0

0101000
+4510 0 -4508 0 *
Ve
1e-07
2.00612655639648 -69.1474609375 0
0 0

0101101
*
Ed
 1e-07 1 1 0
1  778 0 0 1.89969671764505
0

0101000
+4508 0 -4506 0 *
Ve
1e-07
5.4762890625 -67.1579541015625 0
0 0

0101101
*
Ed
 1e-07 1 1 0
1  779 0 0 4.00002065857274
0

0101000
+4506 0 -4504 0 *
Ve
1e-07
11.1586791992188 -63.900146484375 0
0 0

0101101
*
Ed
 1e-07 1 1 0
1  780 0 0 6.55002810196135
0

0101000
+4504 0 -4502 0 *
Ve
1e-07
11.0836791992188 -63.770244140625 0
0 0

0101101
*
Ed
 1e-07 1 1 0
1  781 0 0 0.14999872970043
0

0101000
+4502 0 -4500 0 *
Ve
1e-07
11.4733911132813 -63.545244140625 0
0 0

0101101
*
Ed
 1e-07 1 1 0
1  782 0 0 0.450000417735649
0

0101000
+4500 0 -4498 0 *
Ve
1e-07
13.2483911132813 -66.6196337890625 0
0 0

0101101
*
Ed
 1e-07 1 1 0
1  783 0 0 3.5499995366788
0

0101000
+4498 0 -4496 0 *
Ve
1e-07
12.8586791992188 -66.8446337890625 0
0 0

0101101
*
Ed
 1e-07 1 1 0
1  784 0 0 0.450000417735645
0

0101000
+4496 0 -4494 0 *
Ve
1e-07
12.8086791992187 -66.75802734375 0
0 0

0101101
*
Ed
 1e-07 1 1 0
1  785 0 0 0.100003381791151
0

0101000
+4494 0 -4492 0 *
Ve
1e-07
7.13621276855469 -70.03302734375 0
0 0

0101101
*
Ed
 1e-07 1 1 0
1  786 0 0 6.55000003106952
0

0101000
+4492 0 -4490 0 *
Ve
1e-07
7.06121276855469 -69.903125 0
0 0

0101101
*
Ed
 1e-07 1 1 0
1  787 0 0 0.149998729700435
0

0101000
+4490 0 -4488 0 *
Ve
1e-07
6.97461059570313 -69.953125 0
0 0

0101101
*
Ed
 1e-07 1 1 0
1  788 0 0 0.0999996817125516
0

0101000
+4488 0 -4486 0 *
Ve
1e-07
7.04961059570313 -70.08302734375 0
0 0

0101101
*
Ed
 1e-07 1 1 0
1  789 0 0 0.149998729700435
0

0101000
+4486 0 -4484 0 *
Ve
1e-07
6.78980285644531 -70.23302734375 0
0 0

0101101
*
Ed
 1e-07 1 1 0
1  790 0 0 0.300000102297071
0

0101000
+4484 0 -4482 0 *
Ve
1e-07
8.58980285644531 -73.35072265625 0
0 0

0101101
*
Ed
 1e-07 1 1 0
1  791 0 0 3.60000334188519
0

0101000
+4482 0 -4480 0 *
Ve
1e-07
9.71563598632813 -72.70072265625 0
0 0

0101101
*
Ed
 1e-07 1 1 0
1  792 0 0 1.30000009090066
0

0101000
+4480 0 -4478 0 *
Ve
1e-07
9.66563598632812 -72.6141162109375 0
0 0

0101101
*
Ed
 1e-07 1 1 0
1  793 0 0 0.100003381791163
0

0101000
+4478 0 -4476 0 *
Ve
1e-07
8.62640563964844 -73.2141162109375 0
0 0

0101101
*
Ed
 1e-07 1 1 0
1  794 0 0 1.19999988060832
0

0101000
+4476 0 -4474 0 *
Ve
1e-07
6.92640563964844 -70.2696337890625 0
0 0

0101101
*
Ed
 1e-07 1 1 0
1  795 0 0 3.39999657834106
0

0101000
+4474 0 -4472 0 *
Ve
1e-07
9.13476989746094 -68.9946337890625 0
0 0

0101101
*
Ed
 1e-07 1 1 0
1  796 0 0 2.5499995480752
0

0101000
+4472 0 -4470 0 *
Ve
1e-07
9.43476989746094 -69.514248046875 0
0 0

0101101
*
Ed
 1e-07 1 1 0
1  797 0 0 0.599999147434416
0

0101000
+4470 0 -4468 0 *
Ve
1e-07
10.1275903320313 -69.114248046875 0
0 0

0101101
*
Ed
 1e-07 1 1 0
1  798 0 0 0.800000096598864
0

0101000
+4468 0 -4466 0 *
Ve
1e-07
10.9525903320312 -70.5431884765625 0
0 0

0101101
*
Ed
 1e-07 1 1 0
1  799 0 0 1.64999871260419
0

0101000
+4466 0 -4464 0 *
Ve
1e-07
11.0391931152344 -70.4931884765625 0
0 0

0101101
*
Ed
 1e-07 1 1 0
1  800 0 0 0.100000210292416
0

0101000
+4464 0 -4462 0 *
Ve
1e-07
10.7141931152344 -69.9302734375 0
0 0

0101101
*
Ed
 1e-07 1 1 0
1  801 0 0 0.649998724000855
0

0101000
+4462 0 -4460 0 *
Ve
1e-07
10.8007958984375 -69.8802734375 0
0 0

0101101
*
Ed
 1e-07 1 1 0
1  802 0 0 0.100000210292415
0

0101000
+4460 0 -4458 0 *
Ve
1e-07
10.7507958984375 -69.793671875 0
0 0

0101101
*
Ed
 1e-07 1 1 0
1  803 0 0 0.099999153133627
0

0101000
+4458 0 -4456 0 *
Ve
1e-07
10.6641931152344 -69.843671875 0
0 0

0101101
*
Ed
 1e-07 1 1 0
1  804 0 0 0.100000210292415
0

0101000
+4456 0 -4454 0 *
Ve
1e-07
9.91419311523438 -68.5446337890625 0
0 0

0101101
*
Ed
 1e-07 1 1 0
1  805 0 0 1.49999998290538
0

0101000
+4454 0 -4452 0 *
Ve
1e-07
10.7802185058594 -68.0446337890625 0
0 0

0101101
*
Ed
 1e-07 1 1 0
1  806 0 0 0.999999988603591
0

0101000
+4452 0 -4450 0 *
Ve
1e-07
11.5302185058594 -69.343671875 0
0 0

0101101
*
Ed
 1e-07 1 1 0
1  807 0 0 1.49999998290538
0

0101000
+4450 0 -4448 0 *
Ve
1e-07
11.3570129394531 -69.443671875 0
0 0

0101101
*
Ed
 1e-07 1 1 0
1  808 0 0 0.200000420584836
0

0101000
+4448 0 -4446 0 *
Ve
1e-07
11.4070129394531 -69.5302734375 0
0 0

0101101
*
Ed
 1e-07 1 1 0
1  809 0 0 0.0999991531336147
0

0101000
+4446 0 -4444 0 *
Ve
1e-07
11.8400256347656 -69.2802734375 0
0 0

0101101
*
Ed
 1e-07 1 1 0
1  810 0 0 0.499999994301796
0

0101000
+4444 0 -4442 0 *
Ve
1e-07
11.7900256347656 -69.193671875 0
0 0

0101101
*
Ed
 1e-07 1 1 0
1  811 0 0 0.0999991531336156
0

0101000
+4442 0 -4440 0 *
Ve
1e-07
11.6168212890625 -69.293671875 0
0 0

0101101
*
Ed
 1e-07 1 1 0
1  812 0 0 0.199999363425103
0

0101000
+4440 0 -4438 0 *
Ve
1e-07
10.8668212890625 -67.9946337890625 0
0 0

0101101
*
Ed
 1e-07 1 1 0
1  813 0 0 1.49999998290538
0

0101000
+4438 0 -4436 0 *
Ve
1e-07
11.9493530273438 -67.3696337890625 0
0 0

0101101
*
Ed
 1e-07 1 1 0
1  814 0 0 1.24999998575449
0

0101000
+4436 0 -4434 0 *
Ve
1e-07
12.0493530273438 -67.5428369140625 0
0 0

0101101
*
Ed
 1e-07 1 1 0
1  815 0 0 0.199998306267243
0

0101000
+4434 0 -4432 0 *
Ve
1e-07
12.9586791992188 -67.0178369140625 0
0 0

0101101
*
Ed
 1e-07 1 1 0
1  816 0 0 1.04999956516984
0

0101000
+4432 0 -4430 0 *
Ve
1e-07
12.9086791992188 -66.9312353515625 0
0 0

0101101
*
Ed
 1e-07 1 1 0
1  817 0 0 0.0999991531336147
0

0101000
+4430 0 -4428 0 *
Ve
1e-07
13.2983911132812 -66.7062353515625 0
0 0

0101101
*
Ed
 1e-07 1 1 0
1  818 0 0 0.450000417735651
0

0101000
+4428 0 -4426 0 *
Ve
1e-07
13.9983911132813 -67.918671875 0
0 0

0101101
*
Ed
 1e-07 1 1 0
1  819 0 0 1.40000082977305
0

0101000
+4426 0 -4424 0 *
Ve
1e-07
12.3962438964844 -68.843671875 0
0 0

0101101
*
Ed
 1e-07 1 1 0
1  820 0 0 1.85000019034863
0

0101000
+4424 0 -4422 0 *
Ve
1e-07
12.4462438964844 -68.9302734375 0
0 0

0101101
*
Ed
 1e-07 1 1 0
1  821 0 0 0.0999991531336279
0

0101000
+4422 0 -4420 0 *
Ve
1e-07
14.0483911132812 -68.0052734375 0
0 0

0101101
*
Ed
 1e-07 1 1 0
1  822 0 0 1.85000019034864
0

0101000
+4420 0 -4418 0 *
Ve
1e-07
14.8733911132813 -69.4342138671875 0
0 0

0101101
*
Ed
 1e-07 1 1 0
1  823 0 0 1.64999871260419
0

0101000
+4418 0 -4416 0 *
Ve
1e-07
14.5269812011719 -69.6342138671875 0
0 0

0101101
*
Ed
 1e-07 1 1 0
1  824 0 0 0.399999784009475
0

0101000
+4416 0 -4414 0 *
Ve
1e-07
14.4769812011719 -69.5476123046875 0
0 0

0101101
*
Ed
 1e-07 1 1 0
1  825 0 0 0.0999991531336147
0

0101000
+4414 0 -4412 0 *
Ve
1e-07
13.4810510253906 -70.1226123046875 0
0 0

0101101
*
Ed
 1e-07 1 1 0
1  826 0 0 1.15000083262217
0

0101000
+4412 0 -4410 0 *
Ve
1e-07
13.5810510253906 -70.2958154296875 0
0 0

0101101
*
Ed
 1e-07 1 1 0
1  827 0 0 0.199998306267243
0

0101000
+4410 0 -4408 0 *
Ve
1e-07
11.5891931152344 -71.4458154296875 0
0 0

0101101
*
Ed
 1e-07 1 1 0
1  828 0 0 2.2999995509243
0

0101000
+4408 0 -4406 0 *
Ve
1e-07
11.5391931152344 -71.3592138671875 0
0 0

0101101
*
Ed
 1e-07 1 1 0
1  829 0 0 0.0999991531336147
0

0101000
+4406 0 -4404 0 *
Ve
1e-07
11.4525903320312 -71.4092138671875 0
0 0

0101101
*
Ed
 1e-07 1 1 0
1  830 0 0 0.100000210292416
0

0101000
+4404 0 -4402 0 *
Ve
1e-07
11.5025903320313 -71.4958154296875 0
0 0

0101101
*
Ed
 1e-07 1 1 0
1  831 0 0 0.0999991531336156
0

0101000
+4402 0 -4400 0 *
Ve
1e-07
10.5499621582031 -72.0458154296875 0
0 0

0101101
*
Ed
 1e-07 1 1 0
1  832 0 0 1.10000019889595
0

0101000
+4400 0 -4398 0 *
Ve
1e-07
10.6249621582031 -72.17572265625 0
0 0

0101101
*
Ed
 1e-07 1 1 0
1  833 0 0 0.150002958348024
0

0101000
+4398 0 -4396 0 *
Ve
1e-07
13.5694494628906 -70.47572265625 0
0 0

0101101
*
Ed
 1e-07 1 1 0
1  834 0 0 3.40000080698018
0

0101000
+4396 0 -4394 0 *
Ve
1e-07
16.3944494628906 -75.3687646484375 0
0 0

0101101
*
Ed
 1e-07 1 1 0
1  835 0 0 5.64999866701845
0

0101000
+4394 0 -4392 0 *
Ve
1e-07
11.3715014648437 -78.2687646484375 0
0 0

0101101
*
Ed
 1e-07 1 1 0
1  836 0 0 5.80000056819679
0

0101000
+4392 0 -4390 0 *
Ve
1e-07
11.4215014648438 -78.3553662109375 0
0 0

0101101
*
Ed
 1e-07 1 1 0
1  837 0 0 0.0999991531336279
0

0101000
+4390 0 -4388 0 *
Ve
1e-07
12.3308288574219 -77.8303662109375 0
0 0

0101101
*
Ed
 1e-07 1 1 0
1  838 0 0 1.05000062232979
0

0101000
+4388 0 -4386 0 *
Ve
1e-07
13.2558288574219 -79.4325146484375 0
0 0

0101101
*
Ed
 1e-07 1 1 0
1  839 0 0 1.85000124750869
0

0101000
+4386 0 -4384 0 *
Ve
1e-07
13.3424304199219 -79.3825146484375 0
0 0

0101101
*
Ed
 1e-07 1 1 0
1  840 0 0 0.0999991531336199
0

0101000
+4384 0 -4382 0 *
Ve
1e-07
12.4174304199219 -77.7803662109375 0
0 0

0101101
*
Ed
 1e-07 1 1 0
1  841 0 0 1.85000124750869
0

0101000
+4382 0 -4380 0 *
Ve
1e-07
16.4444494628906 -75.4553662109375 0
0 0

0101101
*
Ed
 1e-07 1 1 0
1  842 0 0 4.65000079273466
0

0101000
+4380 0 -4378 0 *
Ve
1e-07
16.473388671875 -75.5054931640625 0
0 0

0101101
*
Ed
 1e-07 1 1 0
1  843 0 0 0.0578808193293555
0

0101000
+4378 0 -4376 0 *
Ve
1e-07
16.5599914550781 -75.4554931640625 0
0 0

0101101
*
Ed
 1e-07 1 1 0
1  844 0 0 0.100000210292416
0

0101000
+4376 0 -4374 0 *
Ve
1e-07
13.6560510253906 -70.42572265625 0
0 0

0101101
*
Ed
 1e-07 1 1 0
1  845 0 0 5.80787924981521
0

0101000
+4374 0 -4372 0 *
Ve
1e-07
14.6519812011719 -69.85072265625 0
0 0

0101101
*
Ed
 1e-07 1 1 0
1  846 0 0 1.15000083262217
0

0101000
+4372 0 -4370 0 *
Ve
1e-07
14.6019812011719 -69.7641162109375 0
0 0

0101101
*
Ed
 1e-07 1 1 0
1  847 0 0 0.10000338179115
0

0101000
+4370 0 -4368 0 *
Ve
1e-07
14.9916918945313 -69.5391162109375 0
0 0

0101101
*
Ed
 1e-07 1 1 0
1  848 0 0 0.449999360575814
0

0101000
+4368 0 -4366 0 *
Ve
1e-07
18.5166918945312 -75.644599609375 0
0 0

0101101
*
Ed
 1e-07 1 1 0
1  849 0 0 7.05000372543135
0

0101000
+4366 0 -4364 0 *
Ve
1e-07
18.1269812011719 -75.869599609375 0
0 0

0101101
*
Ed
 1e-07 1 1 0
1  850 0 0 0.449999360575813
0

0101000
+4364 0 -4362 0 *
Ve
1e-07
18.0519812011719 -75.7396923828125 0
0 0

0101101
*
Ed
 1e-07 1 1 0
1  851 0 0 0.150002958348024
0

0101000
+4362 0 -4360 0 *
Ve
1e-07
17.0560510253906 -76.3146923828125 0
0 0

0101101
*
Ed
 1e-07 1 1 0
1  852 0 0 1.15000083262216
0

0101000
+4360 0 -4358 0 *
Ve
1e-07
16.9417175292969 -76.31666015625 0
0 0

0101101
*
Ed
 1e-07 1 1 0
1  853 0 0 0.114350428339038
0

0101000
+4358 0 -4356 0 *
Ve
1e-07
17.0944494628906 -76.581201171875 0
0 0

0101101
*
Ed
 1e-07 1 1 0
1  854 0 0 0.305465206672053
0

0101000
+4356 0 -4354 0 *
Ve
1e-07
18.5233911132812 -75.756201171875 0
0 0

0101101
*
Ed
 1e-07 1 1 0
1  855 0 0 1.64999976976395
0

0101000
+4354 0 -4352 0 *
Ve
1e-07
19.6483911132812 -77.704755859375 0
0 0

0101101
*
Ed
 1e-07 1 1 0
1  856 0 0 2.24999786003858
0

0101000
+4352 0 -4350 0 *
Ve
1e-07
18.7390637207031 -78.229755859375 0
0 0

0101101
*
Ed
 1e-07 1 1 0
1  857 0 0 1.05000062232978
0

0101000
+4350 0 -4348 0 *
Ve
1e-07
19.2390637207031 -79.09578125 0
0 0

0101101
*
Ed
 1e-07 1 1 0
1  858 0 0 0.99999998860359
0

0101000
+4348 0 -4346 0 *
Ve
1e-07
17.33380859375 -80.19578125 0
0 0

0101101
*
Ed
 1e-07 1 1 0
1  859 0 0 2.19999934063198
0

0101000
+4346 0 -4344 0 *
Ve
1e-07
17.50880859375 -80.4988916015625 0
0 0

0101101
*
Ed
 1e-07 1 1 0
1  860 0 0 0.350001264603927
0

0101000
+4344 0 -4342 0 *
Ve
1e-07
17.6820129394531 -80.3988916015625 0
0 0

0101101
*
Ed
 1e-07 1 1 0
1  861 0 0 0.199999363425112
0

0101000
+4342 0 -4340 0 *
Ve
1e-07
18.2320129394531 -81.3515185546875 0
0 0

0101101
*
Ed
 1e-07 1 1 0
1  862 0 0 1.09999914173613
0

0101000
+4340 0 -4338 0 *
Ve
1e-07
18.1454113769531 -81.4015185546875 0
0 0

0101101
*
Ed
 1e-07 1 1 0
1  863 0 0 0.0999991531336199
0

0101000
+4338 0 -4336 0 *
Ve
1e-07
18.1954113769531 -81.4881201171875 0
0 0

0101101
*
Ed
 1e-07 1 1 0
1  864 0 0 0.0999991531336279
0

0101000
+4336 0 -4334 0 *
Ve
1e-07
20.1006665039063 -80.3881201171875 0
0 0

0101101
*
Ed
 1e-07 1 1 0
1  865 0 0 2.19999934063199
0

0101000
+4334 0 -4332 0 *
Ve
1e-07
19.4506665039063 -79.2622900390625 0
0 0

0101101
*
Ed
 1e-07 1 1 0
1  866 0 0 1.2999974480017
0

0101000
+4332 0 -4330 0 *
Ve
1e-07
19.3640637207031 -79.3122900390625 0
0 0

0101101
*
Ed
 1e-07 1 1 0
1  867 0 0 0.100000210292416
0

0101000
+4330 0 -4328 0 *
Ve
1e-07
19.2890637207031 -79.1823828125 0
0 0

0101101
*
Ed
 1e-07 1 1 0
1  868 0 0 0.150002958348037
0

0101000
+4328 0 -4326 0 *
Ve
1e-07
19.3756665039062 -79.1323828125 0
0 0

0101101
*
Ed
 1e-07 1 1 0
1  869 0 0 0.100000210292413
0

0101000
+4326 0 -4324 0 *
Ve
1e-07
18.8756665039062 -78.266357421875 0
0 0

0101101
*
Ed
 1e-07 1 1 0
1  870 0 0 0.99999998860359
0

0101000
+4324 0 -4322 0 *
Ve
1e-07
19.6983911132813 -77.791357421875 0
0 0

0101101
*
Ed
 1e-07 1 1 0
1  871 0 0 0.950000412037407
0

0101000
+4322 0 -4320 0 *
Ve
1e-07
21.6983911132813 -81.255458984375 0
0 0

0101101
*
Ed
 1e-07 1 1 0
1  872 0 0 3.99999995441436
0

0101000
+4320 0 -4318 0 *
Ve
1e-07
20.8756665039062 -81.730458984375 0
0 0

0101101
*
Ed
 1e-07 1 1 0
1  873 0 0 0.950000412037414
0

0101000
+4318 0 -4316 0 *
Ve
1e-07
20.8256665039063 -81.643857421875 0
0 0

0101101
*
Ed
 1e-07 1 1 0
1  874 0 0 0.0999991531336261
0

0101000
+4316 0 -4314 0 *
Ve
1e-07
18.1842895507813 -83.168857421875 0
0 0

0101101
*
Ed
 1e-07 1 1 0
1  875 0 0 3.049999542377
0

0101000
+4314 0 -4312 0 *
Ve
1e-07
17.9592895507812 -82.779150390625 0
0 0

0101101
*
Ed
 1e-07 1 1 0
1  876 0 0 0.449996189101294
0

0101000
+4312 0 -4310 0 *
Ve
1e-07
17.1798669433594 -83.229150390625 0
0 0

0101101
*
Ed
 1e-07 1 1 0
1  877 0 0 0.89999977831126
0

0101000
+4310 0 -4308 0 *
Ve
1e-07
16.6798669433594 -82.363125 0
0 0

0101101
*
Ed
 1e-07 1 1 0
1  878 0 0 0.999999988603602
0

0101000
+4308 0 -4306 0 *
Ve
1e-07
17.3293859863281 -81.988125 0
0 0

0101101
*
Ed
 1e-07 1 1 0
1  879 0 0 0.749999991452695
0

0101000
+4306 0 -4304 0 *
Ve
1e-07
17.2793859863281 -81.9015185546875 0
0 0

0101101
*
Ed
 1e-07 1 1 0
1  880 0 0 0.100003381791151
0

0101000
+4304 0 -4302 0 *
Ve
1e-07
16.6298669433594 -82.2765234375 0
0 0

0101101
*
Ed
 1e-07 1 1 0
1  881 0 0 0.750002432870897
0

0101000
+4302 0 -4300 0 *
Ve
1e-07
15.4048669433594 -80.154755859375 0
0 0

0101101
*
Ed
 1e-07 1 1 0
1  882 0 0 2.45000462358389
0

0101000
+4300 0 -4298 0 *
Ve
1e-07
15.967783203125 -79.829755859375 0
0 0

0101101
*
Ed
 1e-07 1 1 0
1  883 0 0 0.649999781160365
0

0101000
+4298 0 -4296 0 *
Ve
1e-07
15.667783203125 -79.3101416015625 0
0 0

0101101
*
Ed
 1e-07 1 1 0
1  884 0 0 0.599999147434417
0

0101000
+4296 0 -4294 0 *
Ve
1e-07
13.8924304199219 -80.3351416015625 0
0 0

0101101
*
Ed
 1e-07 1 1 0
1  885 0 0 2.05000061093334
0

0101000
+4294 0 -4292 0 *
Ve
1e-07
13.8424304199219 -80.2485400390625 0
0 0

0101101
*
Ed
 1e-07 1 1 0
1  886 0 0 0.0999991531336156
0

0101000
+4292 0 -4290 0 *
Ve
1e-07
13.7558288574219 -80.2985400390625 0
0 0

0101101
*
Ed
 1e-07 1 1 0
1  887 0 0 0.0999991531336199
0

0101000
+4290 0 -4288 0 *
Ve
1e-07
13.8058288574219 -80.3851416015625 0
0 0

0101101
*
Ed
 1e-07 1 1 0
1  888 0 0 0.0999991531336156
0

0101000
+4288 0 -4286 0 *
Ve
1e-07
12.8965014648437 -80.9101416015625 0
0 0

0101101
*
Ed
 1e-07 1 1 0
1  889 0 0 1.05000062232979
0

0101000
+4286 0 -4284 0 *
Ve
1e-07
12.9715014648438 -81.0400439453125 0
0 0

0101101
*
Ed
 1e-07 1 1 0
1  890 0 0 0.149998729700436
0

0101000
+4284 0 -4282 0 *
Ve
1e-07
15.0499621582031 -79.8400439453125 0
0 0

0101101
*
Ed
 1e-07 1 1 0
1  891 0 0 2.39999976121664
0

0101000
+4282 0 -4280 0 *
Ve
1e-07
17.3999621582031 -83.910361328125 0
0 0

0101101
*
Ed
 1e-07 1 1 0
1  892 0 0 4.69999825498113
0

0101000
+4280 0 -4278 0 *
Ve
1e-07
22.0764990234375 -81.2103662109375 0
0 0

0101101
*
Ed
 1e-07 1 1 0
1  893 0 0 5.3999972856227
0

0101000
+4278 0 -4276 0 *
Ve
1e-07
17.2640002441406 -72.8748681640625 0
0 0

0101101
*
Ed
 1e-07 1 1 0
1  894 0 0 9.62500245143818
0

0101000
+4276 0 -4274 0 *
Ve
1e-07
18.3465319824219 -72.2498681640625 0
0 0

0101101
*
Ed
 1e-07 1 1 0
1  895 0 0 1.24999998575449
0

0101000
+4274 0 -4272 0 *
Ve
1e-07
24.289833984375 -82.443974609375 0
0 0

0101101
*
Ed
 1e-07 1 1 0
1  896 0 0 11.8001120717043
0

0101000
+4272 0 -4270 0 *
Ve
1e-07
17.7080395507813 -86.243974609375 0
0 0

0101101
*
Ed
 1e-07 1 1 0
1  897 0 0 7.60000118197923
0

0101000
+4270 0 -4268 0 *
Ve
1e-07
19.1580395507813 -88.755439453125 0
0 0

0101101
*
Ed
 1e-07 1 1 0
1  898 0 0 2.89999235540238
0

0101000
+4268 0 -4266 0 *
Ve
1e-07
18.1621105957031 -89.330439453125 0
0 0

0101101
*
Ed
 1e-07 1 1 0
1  899 0 0 1.14999977546215
0

0101000
+4266 0 -4264 0 *
Ve
1e-07
18.5871105957031 -90.0665625 0
0 0

0101101
*
Ed
 1e-07 1 1 0
1  900 0 0 0.850001258905271
0

0101000
+4264 0 -4262 0 *
Ve
1e-07
13.2177526855469 -93.1665625 0
0 0

0101101
*
Ed
 1e-07 1 1 0
1  901 0 0 6.20000035220624
0

0101000
+4262 0 -4260 0 *
Ve
1e-07
13.6927526855469 -93.989287109375 0
0 0

0101101
*
Ed
 1e-07 1 1 0
1  902 0 0 0.950000412037409
0

0101000
+4260 0 -4258 0 *
Ve
1e-07
13.77935546875 -93.939287109375 0
0 0

0101101
*
Ed
 1e-07 1 1 0
1  903 0 0 0.100000210292415
0

0101000
+4258 0 -4256 0 *
Ve
1e-07
13.40435546875 -93.289775390625 0
0 0

0101101
*
Ed
 1e-07 1 1 0
1  904 0 0 0.749993648502163
0

0101000
+4256 0 -4254 0 *
Ve
1e-07
14.8765991210938 -92.439775390625 0
0 0

0101101
*
Ed
 1e-07 1 1 0
1  905 0 0 1.70000040349009
0

0101000
+4254 0 -4252 0 *
Ve
1e-07
15.2515991210938 -93.089287109375 0
0 0

0101101
*
Ed
 1e-07 1 1 0
1  906 0 0 0.749993648502163
0

0101000
+4252 0 -4250 0 *
Ve
1e-07
15.3382006835938 -93.039287109375 0
0 0

0101101
*
Ed
 1e-07 1 1 0
1  907 0 0 0.099999153133627
0

0101000
+4250 0 -4248 0 *
Ve
1e-07
14.9632006835938 -92.389775390625 0
0 0

0101101
*
Ed
 1e-07 1 1 0
1  908 0 0 0.749993648502151
0

0101000
+4248 0 -4246 0 *
Ve
1e-07
16.82515625 -91.314775390625 0
0 0

0101101
*
Ed
 1e-07 1 1 0
1  909 0 0 2.15000082122571
0

0101000
+4246 0 -4244 0 *
Ve
1e-07
17.20015625 -91.964287109375 0
0 0

0101101
*
Ed
 1e-07 1 1 0
1  910 0 0 0.749993648502163
0

0101000
+4244 0 -4242 0 *
Ve
1e-07
17.2867578125 -91.914287109375 0
0 0

0101101
*
Ed
 1e-07 1 1 0
1  911 0 0 0.099999153133627
0

0101000
+4242 0 -4240 0 *
Ve
1e-07
16.9117578125 -91.264775390625 0
0 0

0101101
*
Ed
 1e-07 1 1 0
1  912 0 0 0.749993648502151
0

0101000
+4240 0 -4238 0 *
Ve
1e-07
17.7777844238281 -90.764775390625 0
0 0

0101101
*
Ed
 1e-07 1 1 0
1  913 0 0 1.00000104576369
0

0101000
+4238 0 -4236 0 *
Ve
1e-07
18.6777844238281 -92.32361328125 0
0 0

0101101
*
Ed
 1e-07 1 1 0
1  914 0 0 1.79999321366726
0

0101000
+4236 0 -4234 0 *
Ve
1e-07
17.8117578125 -92.82361328125 0
0 0

0101101
*
Ed
 1e-07 1 1 0
1  915 0 0 1.00000104576369
0

0101000
+4234 0 -4232 0 *
Ve
1e-07
17.7367578125 -92.6937109375 0
0 0

0101101
*
Ed
 1e-07 1 1 0
1  916 0 0 0.149998729700437
0

0101000
+4232 0 -4230 0 *
Ve
1e-07
17.65015625 -92.7437109375 0
0 0

0101101
*
Ed
 1e-07 1 1 0
1  917 0 0 0.0999991531336169
0

0101000
+4230 0 -4228 0 *
Ve
1e-07
17.72515625 -92.87361328125 0
0 0

0101101
*
Ed
 1e-07 1 1 0
1  918 0 0 0.149998729700435
0

0101000
+4228 0 -4226 0 *
Ve
1e-07
15.8632006835937 -93.94861328125 0
0 0

0101101
*
Ed
 1e-07 1 1 0
1  919 0 0 2.15000082122571
0

0101000
+4226 0 -4224 0 *
Ve
1e-07
15.7882006835938 -93.8187109375 0
0 0

0101101
*
Ed
 1e-07 1 1 0
1  920 0 0 0.149998729700435
0

0101000
+4224 0 -4222 0 *
Ve
1e-07
15.7015991210938 -93.8687109375 0
0 0

0101101
*
Ed
 1e-07 1 1 0
1  921 0 0 0.0999991531336199
0

0101000
+4222 0 -4220 0 *
Ve
1e-07
15.7765991210938 -93.99861328125 0
0 0

0101101
*
Ed
 1e-07 1 1 0
1  922 0 0 0.149998729700436
0

0101000
+4220 0 -4218 0 *
Ve
1e-07
14.30435546875 -94.84861328125 0
0 0

0101101
*
Ed
 1e-07 1 1 0
1  923 0 0 1.70000040349009
0

0101000
+4218 0 -4216 0 *
Ve
1e-07
14.22935546875 -94.7187109375 0
0 0

0101101
*
Ed
 1e-07 1 1 0
1  924 0 0 0.149998729700422
0

0101000
+4216 0 -4214 0 *
Ve
1e-07
14.1427526855469 -94.7687109375 0
0 0

0101101
*
Ed
 1e-07 1 1 0
1  925 0 0 0.100000210292415
0

0101000
+4214 0 -4212 0 *
Ve
1e-07
15.2927526855469 -96.76056640625 0
0 0

0101101
*
Ed
 1e-07 1 1 0
1  926 0 0 2.29999743660494
0

0101000
+4212 0 -4210 0 *
Ve
1e-07
15.2061499023437 -96.81056640625 0
0 0

0101101
*
Ed
 1e-07 1 1 0
1  927 0 0 0.100000210292415
0

0101000
+4210 0 -4208 0 *
Ve
1e-07
15.2561499023438 -96.897177734375 0
0 0

0101101
*
Ed
 1e-07 1 1 0
1  928 0 0 0.100007610508285
0

0101000
+4208 0 -4206 0 *
Ve
1e-07
15.42935546875 -96.797177734375 0
0 0

0101101
*
Ed
 1e-07 1 1 0
1  929 0 0 0.200000420584836
0

0101000
+4206 0 -4204 0 *
Ve
1e-07
14.35435546875 -94.93521484375 0
0 0

0101101
*
Ed
 1e-07 1 1 0
1  930 0 0 2.15000716418913
0

0101000
+4204 0 -4202 0 *
Ve
1e-07
20.8062451171875 -91.21021484375 0
0 0

0101101
*
Ed
 1e-07 1 1 0
1  931 0 0 7.45000033796073
0

0101000
+4202 0 -4200 0 *
Ve
1e-07
20.6812451171875 -90.9937109375 0
0 0

0101101
*
Ed
 1e-07 1 1 0
1  932 0 0 0.24999788283405
0

0101000
+4200 0 -4198 0 *
Ve
1e-07
20.5946411132813 -91.0437109375 0
0 0

0101101
*
Ed
 1e-07 1 1 0
1  933 0 0 0.100001267454934
0

0101000
+4198 0 -4196 0 *
Ve
1e-07
20.6696411132813 -91.17361328125 0
0 0

0101101
*
Ed
 1e-07 1 1 0
1  934 0 0 0.149998729700435
0

0101000
+4196 0 -4194 0 *
Ve
1e-07
19.1973986816406 -92.02361328125 0
0 0

0101101
*
Ed
 1e-07 1 1 0
1  935 0 0 1.6999993463302
0

0101000
+4194 0 -4192 0 *
Ve
1e-07
18.2973986816406 -90.464775390625 0
0 0

0101101
*
Ed
 1e-07 1 1 0
1  936 0 0 1.79999321366726
0

0101000
+4192 0 -4190 0 *
Ve
1e-07
18.9469177246094 -90.089775390625 0
0 0

0101101
*
Ed
 1e-07 1 1 0
1  937 0 0 0.749999991452692
0

0101000
+4190 0 -4188 0 *
Ve
1e-07
18.4469177246094 -89.22375 0
0 0

0101101
*
Ed
 1e-07 1 1 0
1  938 0 0 0.999999988603602
0

0101000
+4188 0 -4186 0 *
Ve
1e-07
19.2696423339844 -88.74875 0
0 0

0101101
*
Ed
 1e-07 1 1 0
1  939 0 0 0.950000412037407
0

0101000
+4186 0 -4184 0 *
Ve
1e-07
20.1446423339844 -90.264287109375 0
0 0

0101101
*
Ed
 1e-07 1 1 0
1  940 0 0 1.74999363710064
0

0101000
+4184 0 -4182 0 *
Ve
1e-07
20.2312451171875 -90.214287109375 0
0 0

0101101
*
Ed
 1e-07 1 1 0
1  941 0 0 0.100000210292416
0

0101000
+4182 0 -4180 0 *
Ve
1e-07
19.7562451171875 -89.3915625 0
0 0

0101101
*
Ed
 1e-07 1 1 0
1  942 0 0 0.95000041203741
0

0101000
+4180 0 -4178 0 *
Ve
1e-07
19.8428479003906 -89.3415625 0
0 0

0101101
*
Ed
 1e-07 1 1 0
1  943 0 0 0.100000210292423
0

0101000
+4178 0 -4176 0 *
Ve
1e-07
19.7928479003906 -89.2549609375 0
0 0

0101101
*
Ed
 1e-07 1 1 0
1  944 0 0 0.0999991531336156
0

0101000
+4176 0 -4174 0 *
Ve
1e-07
19.7062451171875 -89.3049609375 0
0 0

0101101
*
Ed
 1e-07 1 1 0
1  945 0 0 0.100000210292416
0

0101000
+4174 0 -4172 0 *
Ve
1e-07
17.9312451171875 -86.230576171875 0
0 0

0101101
*
Ed
 1e-07 1 1 0
1  946 0 0 3.54999530804015
0

0101000
+4172 0 -4170 0 *
Ve
1e-07
22.9108911132812 -83.355576171875 0
0 0

0101101
*
Ed
 1e-07 1 1 0
1  947 0 0 5.74999993447065
0

0101000
+4170 0 -4168 0 *
Ve
1e-07
24.6858911132813 -86.4299609375 0
0 0

0101101
*
Ed
 1e-07 1 1 0
1  948 0 0 3.54999530804015
0

0101000
+4168 0 -4166 0 *
Ve
1e-07
20.6588720703125 -88.7549609375 0
0 0

0101101
*
Ed
 1e-07 1 1 0
1  949 0 0 4.65000079273466
0

0101000
+4166 0 -4164 0 *
Ve
1e-07
20.7088720703125 -88.8415625 0
0 0

0101101
*
Ed
 1e-07 1 1 0
1  950 0 0 0.0999991531336156
0

0101000
+4164 0 -4162 0 *
Ve
1e-07
20.8387768554688 -88.7665625 0
0 0

0101101
*
Ed
 1e-07 1 1 0
1  951 0 0 0.150000844019257
0

0101000
+4162 0 -4160 0 *
Ve
1e-07
20.9137768554688 -88.89646484375 0
0 0

0101101
*
Ed
 1e-07 1 1 0
1  952 0 0 0.149998729700422
0

0101000
+4160 0 -4158 0 *
Ve
1e-07
21.0003784179688 -88.84646484375 0
0 0

0101101
*
Ed
 1e-07 1 1 0
1  953 0 0 0.0999991531336199
0

0101000
+4158 0 -4156 0 *
Ve
1e-07
20.9253784179688 -88.7165625 0
0 0

0101101
*
Ed
 1e-07 1 1 0
1  954 0 0 0.149998729700435
0

0101000
+4156 0 -4154 0 *
Ve
1e-07
24.7358911132813 -86.5165625 0
0 0

0101101
*
Ed
 1e-07 1 1 0
1  955 0 0 4.40000079558376
0

0101000
+4154 0 -4152 0 *
Ve
1e-07
26.6108911132813 -89.76416015625 0
0 0

0101101
*
Ed
 1e-07 1 1 0
1  956 0 0 3.75000207158349
0

0101000
+4152 0 -4150 0 *
Ve
1e-07
23.3199951171875 -91.66416015625 0
0 0

0101101
*
Ed
 1e-07 1 1 0
1  957 0 0 3.7999995338297
0

0101000
+4150 0 -4148 0 *
Ve
1e-07
22.9699951171875 -91.057939453125 0
0 0

0101101
*
Ed
 1e-07 1 1 0
1  958 0 0 0.70000252920784
0

0101000
+4148 0 -4146 0 *
Ve
1e-07
22.4503784179688 -91.357939453125 0
0 0

0101101
*
Ed
 1e-07 1 1 0
1  959 0 0 0.600001261754497
0

0101000
+4146 0 -4144 0 *
Ve
1e-07
21.5003784179688 -89.712490234375 0
0 0

0101101
*
Ed
 1e-07 1 1 0
1  960 0 0 1.90000082407482
0

0101000
+4144 0 -4142 0 *
Ve
1e-07
21.4137768554688 -89.762490234375 0
0 0

0101101
*
Ed
 1e-07 1 1 0
1  961 0 0 0.099999153133627
0

0101000
+4142 0 -4140 0 *
Ve
1e-07
22.5637768554687 -91.75435546875 0
0 0

0101101
*
Ed
 1e-07 1 1 0
1  962 0 0 2.30000589388631
0

0101000
+4140 0 -4138 0 *
Ve
1e-07
22.4338720703125 -91.82935546875 0
0 0

0101101
*
Ed
 1e-07 1 1 0
1  963 0 0 0.150000844019257
0

0101000
+4138 0 -4136 0 *
Ve
1e-07
22.4838720703125 -91.91595703125 0
0 0

0101101
*
Ed
 1e-07 1 1 0
1  964 0 0 0.0999991531336279
0

0101000
+4136 0 -4134 0 *
Ve
1e-07
22.6137768554687 -91.84095703125 0
0 0

0101101
*
Ed
 1e-07 1 1 0
1  965 0 0 0.150000844019264
0

0101000
+4134 0 -4132 0 *
Ve
1e-07
23.2387768554687 -92.923486328125 0
0 0

0101101
*
Ed
 1e-07 1 1 0
1  966 0 0 1.24999787143527
0

0101000
+4132 0 -4130 0 *
Ve
1e-07
23.3253784179688 -92.873486328125 0
0 0

0101101
*
Ed
 1e-07 1 1 0
1  967 0 0 0.099999153133627
0

0101000
+4130 0 -4128 0 *
Ve
1e-07
22.9003784179687 -92.13736328125 0
0 0

0101101
*
Ed
 1e-07 1 1 0
1  968 0 0 0.850001258905259
0

0101000
+4128 0 -4126 0 *
Ve
1e-07
26.3211791992188 -90.16236328125 0
0 0

0101101
*
Ed
 1e-07 1 1 0
1  969 0 0 3.95000037784817
0

0101000
+4126 0 -4124 0 *
Ve
1e-07
26.2711791992188 -90.07576171875 0
0 0

0101101
*
Ed
 1e-07 1 1 0
1  970 0 0 0.0999991531336156
0

0101000
+4124 0 -4122 0 *
Ve
1e-07
26.6608911132813 -89.85076171875 0
0 0

0101101
*
Ed
 1e-07 1 1 0
1  971 0 0 0.450000417735647
0

0101000
+4122 0 -4120 0 *
Ve
1e-07
27.7108911132812 -91.6694140625 0
0 0

0101101
*
Ed
 1e-07 1 1 0
1  972 0 0 2.09999913033966
0

0101000
+4120 0 -4118 0 *
Ve
1e-07
23.9003784179687 -93.8694140625 0
0 0

0101101
*
Ed
 1e-07 1 1 0
1  973 0 0 4.40000079558376
0

0101000
+4118 0 -4116 0 *
Ve
1e-07
23.8253784179688 -93.73951171875 0
0 0

0101101
*
Ed
 1e-07 1 1 0
1  974 0 0 0.149998729700435
0

0101000
+4116 0 -4114 0 *
Ve
1e-07
23.7387768554687 -93.78951171875 0
0 0

0101101
*
Ed
 1e-07 1 1 0
1  975 0 0 0.099999153133627
0

0101000
+4114 0 -4112 0 *
Ve
1e-07
23.8637768554687 -94.006015625 0
0 0

0101101
*
Ed
 1e-07 1 1 0
1  976 0 0 0.24999788283405
0

0101000
+4112 0 -4110 0 *
Ve
1e-07
27.7608911132813 -91.756015625 0
0 0

0101101
*
Ed
 1e-07 1 1 0
1  977 0 0 4.49999994871616
0

0101000
+4110 0 -4108 0 *
Ve
1e-07
30.1108911132813 -95.826337890625 0
0 0

0101101
*
Ed
 1e-07 1 1 0
1  978 0 0 4.7000024836209
0

0101000
+4108 0 -4106 0 *
Ve
1e-07
25.0879443359375 -98.726337890625 0
0 0

0101101
*
Ed
 1e-07 1 1 0
1  979 0 0 5.79999951103688
0

0101000
+4106 0 -4104 0 *
Ve
1e-07
22.6629443359375 -94.52611328125 0
0 0

0101101
*
Ed
 1e-07 1 1 0
1  980 0 0 4.85000121331937
0

0101000
+4104 0 -4102 0 *
Ve
1e-07
22.1433276367188 -94.82611328125 0
0 0

0101101
*
Ed
 1e-07 1 1 0
1  981 0 0 0.600001261754494
0

0101000
+4102 0 -4100 0 *
Ve
1e-07
20.9683276367188 -92.79095703125 0
0 0

0101101
*
Ed
 1e-07 1 1 0
1  982 0 0 2.34999701317131
0

0101000
+4100 0 -4098 0 *
Ve
1e-07
21.6178466796875 -92.41595703125 0
0 0

0101101
*
Ed
 1e-07 1 1 0
1  983 0 0 0.749999991452692
0

0101000
+4098 0 -4096 0 *
Ve
1e-07
21.5678466796875 -92.32935546875 0
0 0

0101101
*
Ed
 1e-07 1 1 0
1  984 0 0 0.0999991531336261
0

0101000
+4096 0 -4094 0 *
Ve
1e-07
20.8317260742188 -92.75435546875 0
0 0

0101101
*
Ed
 1e-07 1 1 0
1  985 0 0 0.849999144585271
0

0101000
+4094 0 -4092 0 *
Ve
1e-07
21.6817260742188 -94.226591796875 0
0 0

0101101
*
Ed
 1e-07 1 1 0
1  986 0 0 1.69999406053403
0

0101000
+4092 0 -4090 0 *
Ve
1e-07
19.9496752929687 -95.226591796875 0
0 0

0101101
*
Ed
 1e-07 1 1 0
1  987 0 0 1.99999997720719
0

0101000
+4090 0 -4088 0 *
Ve
1e-07
19.0746752929687 -93.7110546875 0
0 0

0101101
*
Ed
 1e-07 1 1 0
1  988 0 0 1.74999363710064
0

0101000
+4088 0 -4086 0 *
Ve
1e-07
18.9880725097656 -93.7610546875 0
0 0

0101101
*
Ed
 1e-07 1 1 0
1  989 0 0 0.10000021029242
0

0101000
+4086 0 -4084 0 *
Ve
1e-07
20.3630725097656 -96.1426171875 0
0 0

0101101
*
Ed
 1e-07 1 1 0
1  990 0 0 2.74999362570284
0

0101000
+4084 0 -4082 0 *
Ve
1e-07
20.4496752929687 -96.0926171875 0
0 0

0101101
*
Ed
 1e-07 1 1 0
1  991 0 0 0.10000021029242
0

0101000
+4082 0 -4080 0 *
Ve
1e-07
19.9996752929687 -95.313203125 0
0 0

0101101
*
Ed
 1e-07 1 1 0
1  992 0 0 0.899992378202586
0

0101000
+4080 0 -4078 0 *
Ve
1e-07
21.03890625 -94.713203125 0
0 0

0101101
*
Ed
 1e-07 1 1 0
1  993 0 0 1.2000004091883
0

0101000
+4078 0 -4076 0 *
Ve
1e-07
21.41390625 -95.36271484375 0
0 0

0101101
*
Ed
 1e-07 1 1 0
1  994 0 0 0.749993648502151
0

0101000
+4076 0 -4074 0 *
Ve
1e-07
22.6263403320313 -94.66271484375 0
0 0

0101101
*
Ed
 1e-07 1 1 0
1  995 0 0 1.39999871545333
0

0101000
+4074 0 -4072 0 *
Ve
1e-07
25.0013403320313 -98.776337890625 0
0 0

0101101
*
Ed
 1e-07 1 1 0
1  996 0 0 4.75000206018705
0

0101000
+4072 0 -4070 0 *
Ve
1e-07
22.7496752929687 -100.076337890625 0
0 0

0101101
*
Ed
 1e-07 1 1 0
1  997 0 0 2.59999912464145
0

0101000
+4070 0 -4068 0 *
Ve
1e-07
20.9746752929688 -97.001953125 0
0 0

0101101
*
Ed
 1e-07 1 1 0
1  998 0 0 3.54999530804015
0

0101000
+4068 0 -4066 0 *
Ve
1e-07
20.8880712890625 -97.051953125 0
0 0

0101101
*
Ed
 1e-07 1 1 0
1  999 0 0 0.100001267454934
0

0101000
+4066 0 -4064 0 *
Ve
1e-07
22.6630712890625 -100.126337890625 0
0 0

0101101
*
Ed
 1e-07 1 1 0
1  1000 0 0 3.54999530804015
0

0101000
+4064 0 -4062 0 *
Ve
1e-07
18.67935546875 -102.426337890625 0
0 0

0101101
*
Ed
 1e-07 1 1 0
1  1001 0 0 4.59999910184862
0

0101000
+4062 0 -4060 0 *
Ve
1e-07
16.65435546875 -98.918935546875 0
0 0

0101101
*
Ed
 1e-07 1 1 0
1  1002 0 0 4.04999953098059
0

0101000
+4060 0 -4058 0 *
Ve
1e-07
16.5677526855469 -98.968935546875 0
0 0

0101101
*
Ed
 1e-07 1 1 0
1  1003 0 0 0.100000210292416
0

0101000
+4058 0 -4056 0 *
Ve
1e-07
18.5927526855469 -102.476337890625 0
0 0

0101101
*
Ed
 1e-07 1 1 0
1  1004 0 0 4.04999953098059
0

0101000
+4056 0 -4054 0 *
Ve
1e-07
15.1286511230469 -104.476337890625 0
0 0

0101101
*
Ed
 1e-07 1 1 0
1  1005 0 0 3.99999995441437
0

0101000
+4054 0 -4052 0 *
Ve
1e-07
11.4536511230469 -98.1110546875 0
0 0

0101101
*
Ed
 1e-07 1 1 0
1  1006 0 0 7.34999695618885
0

0101000
+4052 0 -4050 0 *
Ve
1e-07
12.2763757324219 -97.6360546875 0
0 0

0101101
*
Ed
 1e-07 1 1 0
1  1007 0 0 0.950000412037407
0

0101000
+4050 0 -4048 0 *
Ve
1e-07
12.1763757324219 -97.4628515625 0
0 0

0101101
*
Ed
 1e-07 1 1 0
1  1008 0 0 0.199998306267243
0

0101000
+4048 0 -4046 0 *
Ve
1e-07
11.3536511230469 -97.9378515625 0
0 0

0101101
*
Ed
 1e-07 1 1 0
1  1009 0 0 0.950000412037405
0

0101000
+4046 0 -4044 0 *
Ve
1e-07
10.2536511230469 -96.032587890625 0
0 0

0101101
*
Ed
 1e-07 1 1 0
1  1010 0 0 2.20000674075482
0

0101000
+4044 0 -4042 0 *
Ve
1e-07
12.11560546875 -94.957587890625 0
0 0

0101101
*
Ed
 1e-07 1 1 0
1  1011 0 0 2.14999976406574
0

0101000
+4042 0 -4040 0 *
Ve
1e-07
12.29060546875 -95.260703125 0
0 0

0101101
*
Ed
 1e-07 1 1 0
1  1012 0 0 0.350005493257192
0

0101000
+4040 0 -4038 0 *
Ve
1e-07
12.4638110351563 -95.160703125 0
0 0

0101101
*
Ed
 1e-07 1 1 0
1  1013 0 0 0.200000420584838
0

0101000
+4038 0 -4036 0 *
Ve
1e-07
8.82631103515625 -88.860361328125 0
0 0

0101101
*
Ed
 1e-07 1 1 0
1  1014 0 0 7.27500604861949
0

0101000
+4036 0 -4034 0 *
Ve
1e-07
11.6408935546875 -87.235361328125 0
0 0

0101101
*
Ed
 1e-07 1 1 0
1  1015 0 0 3.24999996296167
0

0101000
+4034 0 -4032 0 *
Ve
1e-07
10.2908935546875 -84.897099609375 0
0 0

0101101
*
Ed
 1e-07 1 1 0
1  1016 0 0 2.69999404913634
0

0101000
+4032 0 -4030 0 *
Ve
1e-07
14.7942260742188 -82.297099609375 0
0 0

0101101
*
Ed
 1e-07 1 1 0
1  1017 0 0 5.20000036360265
0

0101000
+4030 0 -4028 0 *
Ve
1e-07
14.6442260742188 -82.03728515625 0
0 0

0101101
*
Ed
 1e-07 1 1 0
1  1018 0 0 0.30000591669605
0

0101000
+4028 0 -4026 0 *
Ve
1e-07
12.1760534667969 -83.46228515625 0
0 0

0101101
*
Ed
 1e-07 1 1 0
1  1019 0 0 2.85000017895222
0

0101000
+4026 0 -4024 0 *
Ve
1e-07
12.1260534667969 -83.37568359375 0
0 0

0101101
*
Ed
 1e-07 1 1 0
1  1020 0 0 0.099999153133627
0

0101000
+4024 0 -4022 0 *
Ve
1e-07
12.0394506835938 -83.42568359375 0
0 0

0101101
*
Ed
 1e-07 1 1 0
1  1021 0 0 0.100000210292422
0

0101000
+4022 0 -4020 0 *
Ve
1e-07
12.0894506835937 -83.51228515625 0
0 0

0101101
*
Ed
 1e-07 1 1 0
1  1022 0 0 0.0999991531336147
0

0101000
+4020 0 -4018 0 *
Ve
1e-07
9.2748681640625 -85.13728515625 0
0 0

0101101
*
Ed
 1e-07 1 1 0
1  1023 0 0 3.24999996296167
0

0101000
+4018 0 -4016 0 *
Ve
1e-07
9.3248681640625 -85.22388671875 0
0 0

0101101
*
Ed
 1e-07 1 1 0
1  1024 0 0 0.0999991531336156
0

0101000
+4016 0 -4014 0 *
Ve
1e-07
9.93108581542969 -84.87388671875 0
0 0

0101101
*
Ed
 1e-07 1 1 0
1  1025 0 0 0.699999886306522
0

0101000
+4014 0 -4012 0 *
Ve
1e-07
11.2560864257813 -87.168857421875 0
0 0

0101101
*
Ed
 1e-07 1 1 0
1  1026 0 0 2.65000323502332
0

0101000
+4012 0 -4010 0 *
Ve
1e-07
8.57140747070313 -88.718857421875 0
0 0

0101101
*
Ed
 1e-07 1 1 0
1  1027 0 0 3.10000017610312
0

0101000
+4010 0 -4008 0 *
Ve
1e-07
8.28390747070313 -88.2208984375 0
0 0

0101101
*
Ed
 1e-07 1 1 0
1  1028 0 0 0.574995130518324
0

0101000
+4008 0 -4006 0 *
Ve
1e-07
8.1973046875 -88.2708984375 0
0 0

0101101
*
Ed
 1e-07 1 1 0
1  1029 0 0 0.100000210292422
0

0101000
+4006 0 -4004 0 *
Ve
1e-07
8.4848046875 -88.768857421875 0
0 0

0101101
*
Ed
 1e-07 1 1 0
1  1030 0 0 0.574995130518312
0

0101000
+4004 0 -4002 0 *
Ve
1e-07
7.53217651367188 -89.318857421875 0
0 0

0101101
*
Ed
 1e-07 1 1 0
1  1031 0 0 1.10000019889594
0

0101000
+4002 0 -4000 0 *
Ve
1e-07
7.60717651367187 -89.448759765625 0
0 0

0101101
*
Ed
 1e-07 1 1 0
1  1032 0 0 0.149998729700435
0

0101000
+4000 0 -3998 0 *
Ve
1e-07
6.74115112304688 -89.948759765625 0
0 0

0101101
*
Ed
 1e-07 1 1 0
1  1033 0 0 0.999999988603591
0

0101000
+3998 0 -3996 0 *
Ve
1e-07
5.34115112304687 -87.52388671875 0
0 0

0101101
*
Ed
 1e-07 1 1 0
1  1034 0 0 2.80000165954608
0

0101000
+3996 0 -3994 0 *
Ve
1e-07
7.1598046875 -86.47388671875 0
0 0

0101101
*
Ed
 1e-07 1 1 0
1  1035 0 0 2.10000018749954
0

0101000
+3994 0 -3992 0 *
Ve
1e-07
7.6973046875 -87.404873046875 0
0 0

0101101
*
Ed
 1e-07 1 1 0
1  1036 0 0 1.0750078107417
0

0101000
+3992 0 -3990 0 *
Ve
1e-07
7.78390747070313 -87.354873046875 0
0 0

0101101
*
Ed
 1e-07 1 1 0
1  1037 0 0 0.100000210292415
0

0101000
+3990 0 -3988 0 *
Ve
1e-07
7.24640747070312 -86.42388671875 0
0 0

0101101
*
Ed
 1e-07 1 1 0
1  1038 0 0 1.07500781074171
0

0101000
+3988 0 -3986 0 *
Ve
1e-07
8.4588427734375 -85.72388671875 0
0 0

0101101
*
Ed
 1e-07 1 1 0
1  1039 0 0 1.39999977261305
0

0101000
+3986 0 -3984 0 *
Ve
1e-07
8.4088427734375 -85.63728515625 0
0 0

0101101
*
Ed
 1e-07 1 1 0
1  1040 0 0 0.0999991531336147
0

0101000
+3984 0 -3982 0 *
Ve
1e-07
6.6767919921875 -86.63728515625 0
0 0

0101101
*
Ed
 1e-07 1 1 0
1  1041 0 0 1.99999997720718
0

0101000
+3982 0 -3980 0 *
Ve
1e-07
6.0017919921875 -85.468154296875 0
0 0

0101101
*
Ed
 1e-07 1 1 0
1  1042 0 0 1.34999702456818
0

0101000
+3980 0 -3978 0 *
Ve
1e-07
5.91518920898438 -85.518154296875 0
0 0

0101101
*
Ed
 1e-07 1 1 0
1  1043 0 0 0.100000210292415
0

0101000
+3978 0 -3976 0 *
Ve
1e-07
6.59018920898438 -86.68728515625 0
0 0

0101101
*
Ed
 1e-07 1 1 0
1  1044 0 0 1.34999702456818
0

0101000
+3976 0 -3974 0 *
Ve
1e-07
5.29115112304688 -87.43728515625 0
0 0

0101101
*
Ed
 1e-07 1 1 0
1  1045 0 0 1.49999998290539
0

0101000
+3974 0 -3972 0 *
Ve
1e-07
2.94115142822266 -83.36697265625 0
0 0

0101101
*
Ed
 1e-07 1 1 0
1  1046 0 0 4.69999387375454
0

0101000
+3972 0 -3970 0 *
Ve
1e-07
4.24018951416016 -82.61697265625 0
0 0

0101101
*
Ed
 1e-07 1 1 0
1  1047 0 0 1.49999998290539
0

0101000
+3970 0 -3968 0 *
Ve
1e-07
4.91518951416016 -83.786103515625 0
0 0

0101101
*
Ed
 1e-07 1 1 0
1  1048 0 0 1.34999702456818
0

0101000
+3968 0 -3966 0 *
Ve
1e-07
5.0017919921875 -83.736103515625 0
0 0

0101101
*
Ed
 1e-07 1 1 0
1  1049 0 0 0.099999946002367
0

0101000
+3966 0 -3964 0 *
Ve
1e-07
4.3267919921875 -82.56697265625 0
0 0

0101101
*
Ed
 1e-07 1 1 0
1  1050 0 0 1.34999702456818
0

0101000
+3964 0 -3962 0 *
Ve
1e-07
7.48778503417969 -80.7419677734375 0
0 0

0101101
*
Ed
 1e-07 1 1 0
1  1051 0 0 3.6500027169596
0

0101000
+3962 0 -3960 0 *
Ve
1e-07
7.36278503417969 -80.5254638671875 0
0 0

0101101
*
Ed
 1e-07 1 1 0
1  1052 0 0 0.249997882834063
0

0101000
+3960 0 -3958 0 *
Ve
1e-07
7.27618225097656 -80.5754638671875 0
0 0

0101101
*
Ed
 1e-07 1 1 0
1  1053 0 0 0.100000210292422
0

0101000
+3958 0 -3956 0 *
Ve
1e-07
7.35118225097656 -80.7053662109375 0
0 0

0101101
*
Ed
 1e-07 1 1 0
1  1054 0 0 0.149998729700423
0

0101000
+3956 0 -3954 0 *
Ve
1e-07
4.19018951416016 -82.53037109375 0
0 0

0101101
*
Ed
 1e-07 1 1 0
1  1055 0 0 3.6500024526698
0

0101000
+3954 0 -3952 0 *
Ve
1e-07
4.11518951416016 -82.400458984375 0
0 0

0101101
*
Ed
 1e-07 1 1 0
1  1056 0 0 0.150007187035361
0

0101000
+3952 0 -3950 0 *
Ve
1e-07
3.16256164550781 -82.950458984375 0
0 0

0101101
*
Ed
 1e-07 1 1 0
1  1057 0 0 1.09999993460595
0

0101000
+3950 0 -3948 0 *
Ve
1e-07
3.23756164550781 -83.08037109375 0
0 0

0101101
*
Ed
 1e-07 1 1 0
1  1058 0 0 0.150007187035361
0

0101000
+3948 0 -3946 0 *
Ve
1e-07
2.89115142822266 -83.28037109375 0
0 0

0101101
*
Ed
 1e-07 1 1 0
1  1059 0 0 0.400000048299435
0

0101000
+3946 0 -3944 0 *
Ve
1e-07
1.41615142822266 -80.7255908203125 0
0 0

0101101
*
Ed
 1e-07 1 1 0
1  1060 0 0 2.95000461788544
0

0101000
+3944 0 -3942 0 *
Ve
1e-07
5.87618225097656 -78.1505908203125 0
0 0

0101101
*
Ed
 1e-07 1 1 0
1  1061 0 0 5.14999999416649
0

0101000
+3942 0 -3940 0 *
Ve
1e-07
6.77618225097656 -79.7094384765625 0
0 0

0101101
*
Ed
 1e-07 1 1 0
1  1062 0 0 1.80000167094259
0

0101000
+3940 0 -3938 0 *
Ve
1e-07
6.86278503417969 -79.6594384765625 0
0 0

0101101
*
Ed
 1e-07 1 1 0
1  1063 0 0 0.100000210292415
0

0101000
+3938 0 -3936 0 *
Ve
1e-07
6.38778503417969 -78.8367138671875 0
0 0

0101101
*
Ed
 1e-07 1 1 0
1  1064 0 0 0.950000412037409
0

0101000
+3936 0 -3934 0 *
Ve
1e-07
6.47438720703125 -78.7867138671875 0
0 0

0101101
*
Ed
 1e-07 1 1 0
1  1065 0 0 0.0999996817125516
0

0101000
+3934 0 -3932 0 *
Ve
1e-07
6.42438720703125 -78.7001123046875 0
0 0

0101101
*
Ed
 1e-07 1 1 0
1  1066 0 0 0.0999991531336151
0

0101000
+3932 0 -3930 0 *
Ve
1e-07
6.33778503417969 -78.7501123046875 0
0 0

0101101
*
Ed
 1e-07 1 1 0
1  1067 0 0 0.0999996817125516
0

0101000
+3930 0 -3928 0 *
Ve
1e-07
5.91278503417969 -78.0139892578125 0
0 0

0101101
*
Ed
 1e-07 1 1 0
1  1068 0 0 0.850001258905271
0

0101000
+3928 0 -3926 0 *
Ve
1e-07
1.36615142822266 -80.6389892578125 0
0 0

0101101
*
Ed
 1e-07 1 1 0
1  1069 0 0 5.25000020445884
0

0101000
+3926 0 -3924 0 *
Ve
1e-07
-0.283848628997803 -77.781103515625 0
0 0

0101101
*
Ed
 1e-07 1 1 0
1  1070 0 0 3.30000168245807
0

0101000
+3924 0 -3922 0 *
Ve
1e-07
5.30201538085938 -74.556103515625 0
0 0

0101101
*
Ed
 1e-07 1 1 0
1  1071 0 0 6.45000013462153
0

0101000
+3922 0 -3920 0 *
Ve
1e-07
7.37701538085938 -78.1501123046875 0
0 0

0101101
*
Ed
 1e-07 1 1 0
1  1072 0 0 4.15000291275301
0

0101000
+3920 0 -3918 0 *
Ve
1e-07
7.29041259765625 -78.2001123046875 0
0 0

0101101
*
Ed
 1e-07 1 1 0
1  1073 0 0 0.100000210292422
0

0101000
+3918 0 -3916 0 *
Ve
1e-07
7.34041259765625 -78.2867138671875 0
0 0

0101101
*
Ed
 1e-07 1 1 0
1  1074 0 0 0.0999991531336156
0

0101000
+3916 0 -3914 0 *
Ve
1e-07
7.42701538085938 -78.2367138671875 0
0 0

0101101
*
Ed
 1e-07 1 1 0
1  1075 0 0 0.100000210292415
0

0101000
+3914 0 -3912 0 *
Ve
1e-07
8.52701538085937 -80.1419677734375 0
0 0

0101101
*
Ed
 1e-07 1 1 0
1  1076 0 0 2.19999828347225
0

0101000
+3912 0 -3910 0 *
Ve
1e-07
10.3023669433594 -79.1169677734375 0
0 0

0101101
*
Ed
 1e-07 1 1 0
1  1077 0 0 2.04999955377341
0

0101000
+3910 0 -3908 0 *
Ve
1e-07
11.7523669433594 -81.6284423828125 0
0 0

0101101
*
Ed
 1e-07 1 1 0
1  1078 0 0 2.90000081267839
0

0101000
+3908 0 -3906 0 *
Ve
1e-07
11.1894506835937 -81.953447265625 0
0 0

0101101
*
Ed
 1e-07 1 1 0
1  1079 0 0 0.650002222581187
0

0101000
+3906 0 -3904 0 *
Ve
1e-07
11.5394506835938 -82.559658203125 0
0 0

0101101
*
Ed
 1e-07 1 1 0
1  1080 0 0 0.699994071935344
0

0101000
+3904 0 -3902 0 *
Ve
1e-07
11.6260534667969 -82.509658203125 0
0 0

0101101
*
Ed
 1e-07 1 1 0
1  1081 0 0 0.100000210292415
0

0101000
+3902 0 -3900 0 *
Ve
1e-07
11.3260534667969 -81.990048828125 0
0 0

0101101
*
Ed
 1e-07 1 1 0
1  1082 0 0 0.599994918801729
0

0101000
+3900 0 -3898 0 *
Ve
1e-07
12.1054760742187 -81.5400439453125 0
0 0

0101101
*
Ed
 1e-07 1 1 0
1  1083 0 0 0.90000221972804
0

0101000
+3898 0 -3896 0 *
Ve
1e-07
12.0304760742188 -81.4101416015625 0
0 0

0101101
*
Ed
 1e-07 1 1 0
1  1084 0 0 0.149998729700435
0

0101000
+3896 0 -3894 0 *
Ve
1e-07
11.9438732910156 -81.4601416015625 0
0 0

0101101
*
Ed
 1e-07 1 1 0
1  1085 0 0 0.100000210292415
0

0101000
+3894 0 -3892 0 *
Ve
1e-07
10.4688732910156 -78.9053662109375 0
0 0

0101101
*
Ed
 1e-07 1 1 0
1  1086 0 0 2.95000038924457
0

0101000
+3892 0 -3890 0 *
Ve
1e-07
10.5554760742188 -78.8553662109375 0
0 0

0101101
*
Ed
 1e-07 1 1 0
1  1087 0 0 0.100000210292416
0

0101000
+3890 0 -3888 0 *
Ve
1e-07
10.5054760742188 -78.7687646484375 0
0 0

0101101
*
Ed
 1e-07 1 1 0
1  1088 0 0 0.0999991531336279
0

0101000
+3888 0 -3886 0 *
Ve
1e-07
10.4188732910156 -78.8187646484375 0
0 0

0101101
*
Ed
 1e-07 1 1 0
1  1089 0 0 0.100000210292422
0

0101000
+3886 0 -3884 0 *
Ve
1e-07
7.16887390136719 -73.189599609375 0
0 0

0101101
*
Ed
 1e-07 1 1 0
1  1090 0 0 6.49999962074758
0

0101000
+3884 0 -3882 0 *
Ve
1e-07
3.92127838134766 -75.064599609375 0
0 0

0101101
*
Ed
 1e-07 1 1 0
1  1091 0 0 3.75000022155345
0

0101000
+3882 0 -3880 0 *
Ve
1e-07
3.84627838134766 -74.934697265625 0
0 0

0101101
*
Ed
 1e-07 1 1 0
1  1092 0 0 0.149998729700435
0

0101000
+3880 0 -3878 0 *
Ve
1e-07
3.75967590332031 -74.984697265625 0
0 0

0101101
*
Ed
 1e-07 1 1 0
1  1093 0 0 0.099999946002367
0

0101000
+3878 0 -3876 0 *
Ve
1e-07
3.83467590332031 -75.114599609375 0
0 0

0101101
*
Ed
 1e-07 1 1 0
1  1094 0 0 0.149998729700435
0

0101000
+3876 0 -3874 0 *
Ve
1e-07
-0.408848609924316 -77.564599609375 0
0 0

0101101
*
Ed
 1e-07 1 1 0
1  1095 0 0 4.90000003005184
0

0101000
+3874 0 -3872 0 *
Ve
1e-07
-1.88384857177734 -75.00982421875 0
0 0

0101101
*
Ed
 1e-07 1 1 0
1  1096 0 0 2.9500003701711
0

0101000
+3872 0 -3870 0 *
Ve
1e-07
2.35967590332031 -72.55982421875 0
0 0

0101101
*
Ed
 1e-07 1 1 0
1  1097 0 0 4.8999999970156
0

0101000
+3870 0 -3868 0 *
Ve
1e-07
3.25967590332031 -74.118671875 0
0 0

0101101
*
Ed
 1e-07 1 1 0
1  1098 0 0 1.8000016709426
0

0101000
+3868 0 -3866 0 *
Ve
1e-07
3.34627838134766 -74.068671875 0
0 0

0101101
*
Ed
 1e-07 1 1 0
1  1099 0 0 0.099999946002367
0

0101000
+3866 0 -3864 0 *
Ve
1e-07
2.44627838134766 -72.50982421875 0
0 0

0101101
*
Ed
 1e-07 1 1 0
1  1100 0 0 1.8000016709426
0

0101000
+3864 0 -3862 0 *
Ve
1e-07
2.53288101196289 -72.45982421875 0
0 0

0101101
*
Ed
 1e-07 1 1 0
1  1101 0 0 0.100000078147362
0

0101000
+3862 0 -3860 0 *
Ve
1e-07
2.48288101196289 -72.37322265625 0
0 0

0101101
*
Ed
 1e-07 1 1 0
1  1102 0 0 0.0999991531336153
0

0101000
+3860 0 -3858 0 *
Ve
1e-07
-1.93384857177734 -74.92322265625 0
0 0

0101101
*
Ed
 1e-07 1 1 0
1  1103 0 0 5.10000002116531
0

0101000
+3858 0 -3856 0 *
Ve
1e-07
-3.48384857177734 -72.238544921875 0
0 0

0101101
*
Ed
 1e-07 1 1 0
1  1104 0 0 3.09999911894324
0

0101000
+3856 0 -3854 0 *
Ve
1e-07
-3.18073974609375 -72.063544921875 0
0 0

0101101
*
Ed
 1e-07 1 1 0
1  1105 0 0 0.349999943153262
0

0101000
+3854 0 -3852 0 *
Ve
1e-07
-3.03073974609375 -72.323349609375 0
0 0

0101101
*
Ed
 1e-07 1 1 0
1  1106 0 0 0.299997459400858
0

0101000
+3852 0 -3850 0 *
Ve
1e-07
-2.68432952880859 -72.123349609375 0
0 0

0101101
*
Ed
 1e-07 1 1 0
1  1107 0 0 0.400000048299435
0

0101000
+3850 0 -3848 0 *
Ed
 1e-07 1 1 0
1  1108 0 0 0.24878568575501
0

0101000
+3848 0 -4557 0 *
Wi

0101100
+4555 0 +4553 0 +4551 0 +4549 0 +4547 0 +4545 0 +4543 0 +4541 0 +4539 0 +4537 0 
+4535 0 +4533 0 +4531 0 +4529 0 +4527 0 +4525 0 +4523 0 +4521 0 +4519 0 +4517 0 
+4515 0 +4513 0 +4511 0 +4509 0 +4507 0 +4505 0 +4503 0 +4501 0 +4499 0 +4497 0 
+4495 0 +4493 0 +4491 0 +4489 0 +4487 0 +4485 0 +4483 0 +4481 0 +4479 0 +4477 0 
+4475 0 +4473 0 +4471 0 +4469 0 +4467 0 +4465 0 +4463 0 +4461 0 +4459 0 +4457 0 
+4455 0 +4453 0 +4451 0 +4449 0 +4447 0 +4445 0 +4443 0 +4441 0 +4439 0 +4437 0 
+4435 0 +4433 0 +4431 0 +4429 0 +4427 0 +4425 0 +4423 0 +4421 0 +4419 0 +4417 0 
+4415 0 +4413 0 +4411 0 +4409 0 +4407 0 +4405 0 +4403 0 +4401 0 +4399 0 +4397 0 
+4395 0 +4393 0 +4391 0 +4389 0 +4387 0 +4385 0 +4383 0 +4381 0 +4379 0 +4377 0 
+4375 0 +4373 0 +4371 0 +4369 0 +4367 0 +4365 0 +4363 0 +4361 0 +4359 0 +4357 0 
+4355 0 +4353 0 +4351 0 +4349 0 +4347 0 +4345 0 +4343 0 +4341 0 +4339 0 +4337 0 
+4335 0 +4333 0 +4331 0 +4329 0 +4327 0 +4325 0 +4323 0 +4321 0 +4319 0 +4317 0 
+4315 0 +4313 0 +4311 0 +4309 0 +4307 0 +4305 0 +4303 0 +4301 0 +4299 0 +4297 0 
+4295 0 +4293 0 +4291 0 +4289 0 +4287 0 +4285 0 +4283 0 +4281 0 +4279 0 +4277 0 
+4275 0 +4273 0 +4271 0 +4269 0 +4267 0 +4265 0 +4263 0 +4261 0 +4259 0 +4257 0 
+4255 0 +4253 0 +4251 0 +4249 0 +4247 0 +4245 0 +4243 0 +4241 0 +4239 0 +4237 0 
+4235 0 +4233 0 +4231 0 +4229 0 +4227 0 +4225 0 +4223 0 +4221 0 +4219 0 +4217 0 
+4215 0 +4213 0 +4211 0 +4209 0 +4207 0 +4205 0 +4203 0 +4201 0 +4199 0 +4197 0 
+4195 0 +4193 0 +4191 0 +4189 0 +4187 0 +4185 0 +4183 0 +4181 0 +4179 0 +4177 0 
+4175 0 +4173 0 +4171 0 +4169 0 +4167 0 +4165 0 +4163 0 +4161 0 +4159 0 +4157 0 
+4155 0 +4153 0 +4151 0 +4149 0 +4147 0 +4145 0 +4143 0 +4141 0 +4139 0 +4137 0 
+4135 0 +4133 0 +4131 0 +4129 0 +4127 0 +4125 0 +4123 0 +4121 0 +4119 0 +4117 0 
+4115 0 +4113 0 +4111 0 +4109 0 +4107 0 +4105 0 +4103 0 +4101 0 +4099 0 +4097 0 
+4095 0 +4093 0 +4091 0 +4089 0 +4087 0 +4085 0 +4083 0 +4081 0 +4079 0 +4077 0 
+4075 0 +4073 0 +4071 0 +4069 0 +4067 0 +4065 0 +4063 0 +4061 0 +4059 0 +4057 0 
+4055 0 +4053 0 +4051 0 +4049 0 +4047 0 +4045 0 +4043 0 +4041 0 +4039 0 +4037 0 
+4035 0 +4033 0 +4031 0 +4029 0 +4027 0 +4025 0 +4023 0 +4021 0 +4019 0 +4017 0 
+4015 0 +4013 0 +4011 0 +4009 0 +4007 0 +4005 0 +4003 0 +4001 0 +3999 0 +3997 0 
+3995 0 +3993 0 +3991 0 +3989 0 +3987 0 +3985 0 +3983 0 +3981 0 +3979 0 +3977 0 
+3975 0 +3973 0 +3971 0 +3969 0 +3967 0 +3965 0 +3963 0 +3961 0 +3959 0 +3957 0 
+3955 0 +3953 0 +3951 0 +3949 0 +3947 0 +3945 0 +3943 0 +3941 0 +3939 0 +3937 0 
+3935 0 +3933 0 +3931 0 +3929 0 +3927 0 +3925 0 +3923 0 +3921 0 +3919 0 +3917 0 
+3915 0 +3913 0 +3911 0 +3909 0 +3907 0 +3905 0 +3903 0 +3901 0 +3899 0 +3897 0 
+3895 0 +3893 0 +3891 0 +3889 0 +3887 0 +3885 0 +3883 0 +3881 0 +3879 0 +3877 0 
+3875 0 +3873 0 +3871 0 +3869 0 +3867 0 +3865 0 +3863 0 +3861 0 +3859 0 +3857 0 
+3855 0 +3853 0 +3851 0 +3849 0 +3847 0 +3846 0 *
Ve
1e-07
14.9870166015625 -99.131015625 0
0 0

0101101
*
Ve
1e-07
15.5870166015625 -100.17025390625 0
0 0

0101101
*
Ed
 1e-07 1 1 0
1  1109 0 0 1.2000067521541
2  53 10 0 0 1.2000067521541
2  54 11 0 0 1.2000067521541
2  55 12 0 0 1.2000067521541
0

0101000
+3844 0 -3843 0 *
Ve
1e-07
13.6134594726563 -101.251953125 0
0 0

0101101
*
Ed
 1e-07 1 1 0
1  1110 0 0 2.25055569602288
2  56 10 0 0 2.25055569602288
2  57 11 0 0 2.25055569602288
2  58 12 0 0 2.25055569602288
0

0101000
+3843 0 -3841 0 *
Ve
1e-07
13.6884594726563 -101.38185546875 0
0 0

0101101
*
Ed
 1e-07 1 1 0
1  1111 0 0 0.149998729700435
2  59 10 0 0 0.149998729700435
2  60 11 0 0 0.149998729700435
2  61 12 0 0 0.149998729700435
0

0101000
+3841 0 -3839 0 *
Ve
1e-07
15.7236181640625 -100.20685546875 0
0 0

0101101
*
Ed
 1e-07 1 1 0
1  1112 0 0 2.34999912749056
2  62 10 0 0 2.34999912749056
2  63 11 0 0 2.34999912749056
2  64 12 0 0 2.34999912749056
0

0101000
+3839 0 -3837 0 *
Ve
1e-07
15.0736181640625 -99.081015625 0
0 0

0101101
*
Ed
 1e-07 1 1 0
1  1113 0 0 1.30000590528467
2  65 10 0 0 1.30000590528467
2  66 11 0 0 1.30000590528467
2  67 12 0 0 1.30000590528467
0

0101000
+3837 0 -3835 0 *
Ed
 1e-07 1 1 0
1  1114 0 0 0.0999991531336199
2  68 10 0 0 0.0999991531336199
2  69 11 0 0 0.0999991531336199
2  70 12 0 0 0.0999991531336199
0

0101000
+3835 0 -3844 0 *
Wi

0101100
+3842 0 +3840 0 +3838 0 +3836 0 +3834 0 +3833 0 *
Ve
1e-07
14.4120166015625 -98.135087890625 0
0 0

0101101
*
Ve
1e-07
14.4870166015625 -98.264990234375 0
0 0

0101101
*
Ed
 1e-07 1 1 0
1  1115 0 0 0.149998729700435
2  71 13 0 0 0.149998729700435
2  72 14 0 0 0.149998729700435
2  73 15 0 0 0.149998729700435
0

0101000
+3831 0 -3830 0 *
Ve
1e-07
14.5736181640625 -98.214990234375 0
0 0

0101101
*
Ed
 1e-07 1 1 0
1  1116 0 0 0.0999991531336199
2  74 13 0 0 0.0999991531336199
2  75 14 0 0 0.0999991531336199
2  76 15 0 0 0.0999991531336199
0

0101000
+3830 0 -3828 0 *
Ve
1e-07
14.1736181640625 -97.522177734375 0
0 0

0101101
*
Ed
 1e-07 1 1 0
1  1117 0 0 0.799993225068971
2  77 13 0 0 0.799993225068971
2  78 14 0 0 0.799993225068971
2  79 15 0 0 0.799993225068971
0

0101000
+3828 0 -3826 0 *
Ve
1e-07
14.3901245117188 -97.397177734375 0
0 0

0101101
*
Ed
 1e-07 1 1 0
1  1118 0 0 0.249999997150899
2  80 13 0 0 0.249999997150899
2  81 14 0 0 0.249999997150899
2  82 15 0 0 0.249999997150899
0

0101000
+3826 0 -3824 0 *
Ve
1e-07
14.3401245117188 -97.31056640625 0
0 0

0101101
*
Ed
 1e-07 1 1 0
1  1119 0 0 0.100007610508285
2  83 13 0 0 0.100007610508285
2  84 14 0 0 0.100007610508285
2  85 15 0 0 0.100007610508285
0

0101000
+3824 0 -3822 0 *
Ve
1e-07
12.6513757324219 -98.28556640625 0
0 0

0101101
*
Ed
 1e-07 1 1 0
1  1120 0 0 1.94999934348109
2  86 13 0 0 1.94999934348109
2  87 14 0 0 1.94999934348109
2  88 15 0 0 1.94999934348109
0

0101000
+3822 0 -3820 0 *
Ve
1e-07
12.7013757324219 -98.372177734375 0
0 0

0101101
*
Ed
 1e-07 1 1 0
1  1121 0 0 0.100007610508284
2  89 13 0 0 0.100007610508284
2  90 14 0 0 0.100007610508284
2  91 15 0 0 0.100007610508284
0

0101000
+3820 0 -3818 0 *
Ve
1e-07
13.5240991210937 -97.897177734375 0
0 0

0101101
*
Ed
 1e-07 1 1 0
1  1122 0 0 0.949999354877532
2  92 13 0 0 0.949999354877532
2  93 14 0 0 0.949999354877532
2  94 15 0 0 0.949999354877532
0

0101000
+3818 0 -3816 0 *
Ve
1e-07
13.8490991210938 -98.460087890625 0
0 0

0101101
*
Ed
 1e-07 1 1 0
1  1123 0 0 0.649994495368536
2  95 13 0 0 0.649994495368536
2  96 14 0 0 0.649994495368536
2  97 15 0 0 0.649994495368536
0

0101000
+3816 0 -3814 0 *
Ed
 1e-07 1 1 0
1  1124 0 0 0.65000083832045
2  98 13 0 0 0.65000083832045
2  99 14 0 0 0.65000083832045
2  100 15 0 0 0.65000083832045
0

0101000
+3814 0 -3831 0 *
Wi

0101100
+3829 0 +3827 0 +3825 0 +3823 0 +3821 0 +3819 0 +3817 0 +3815 0 +3813 0 +3812 0 
*
Fa
0  1e-07 9 0

0111000
+3845 0 +3832 0 +3811 0 *
Ve
1e-07
-10.2447473144531 -52.5283251953125 0
0 0

0101101
*
Ve
1e-07
-10.0197467041016 -52.918037109375 0
0 0

0101101
*
Ed
 1e-07 1 1 0
1  1125 0 0 0.450000722911452
0

0101000
+3809 0 -3808 0 *
Ve
1e-07
-9.24032409667969 -52.468037109375 0
0 0

0101101
*
Ed
 1e-07 1 1 0
1  1126 0 0 0.899999778311256
0

0101000
+3808 0 -3806 0 *
Ve
1e-07
-8.74032409667969 -53.3340625 0
0 0

0101101
*
Ed
 1e-07 1 1 0
1  1127 0 0 0.99999998860359
0

0101000
+3806 0 -3804 0 *
Ve
1e-07
-9.38984313964844 -53.7090625 0
0 0

0101101
*
Ed
 1e-07 1 1 0
1  1128 0 0 0.749999991452694
0

0101000
+3804 0 -3802 0 *
Ve
1e-07
-9.33984313964844 -53.7956640625 0
0 0

0101101
*
Ed
 1e-07 1 1 0
1  1129 0 0 0.0999991531336217
0

0101000
+3802 0 -3800 0 *
Ve
1e-07
-8.69032409667969 -53.4206640625 0
0 0

0101101
*
Ed
 1e-07 1 1 0
1  1130 0 0 0.749999991452694
0

0101000
+3800 0 -3798 0 *
Ve
1e-07
-7.46532409667969 -55.5424267578125 0
0 0

0101101
*
Ed
 1e-07 1 1 0
1  1131 0 0 2.45000039494278
0

0101000
+3798 0 -3796 0 *
Ve
1e-07
-8.02824035644531 -55.8674267578125 0
0 0

0101101
*
Ed
 1e-07 1 1 0
1  1132 0 0 0.649999781160365
0

0101000
+3796 0 -3794 0 *
Ve
1e-07
-7.72824035644531 -56.387041015625 0
0 0

0101101
*
Ed
 1e-07 1 1 0
1  1133 0 0 0.599999147434423
0

0101000
+3794 0 -3792 0 *
Ve
1e-07
-5.95288879394531 -55.362041015625 0
0 0

0101101
*
Ed
 1e-07 1 1 0
1  1134 0 0 2.04999955377341
0

0101000
+3792 0 -3790 0 *
Ve
1e-07
-5.90288879394531 -55.448642578125 0
0 0

0101101
*
Ed
 1e-07 1 1 0
1  1135 0 0 0.0999991531336213
0

0101000
+3790 0 -3788 0 *
Ve
1e-07
-5.81628601074219 -55.398642578125 0
0 0

0101101
*
Ed
 1e-07 1 1 0
1  1136 0 0 0.100000210292419
0

0101000
+3788 0 -3786 0 *
Ve
1e-07
-5.86628601074219 -55.312041015625 0
0 0

0101101
*
Ed
 1e-07 1 1 0
1  1137 0 0 0.0999991531336213
0

0101000
+3786 0 -3784 0 *
Ve
1e-07
-4.95695922851563 -54.787041015625 0
0 0

0101101
*
Ed
 1e-07 1 1 0
1  1138 0 0 1.05000009374976
0

0101000
+3784 0 -3782 0 *
Ve
1e-07
-5.03195922851562 -54.657138671875 0
0 0

0101101
*
Ed
 1e-07 1 1 0
1  1139 0 0 0.149998729700429
0

0101000
+3782 0 -3780 0 *
Ve
1e-07
-7.11042053222656 -55.857138671875 0
0 0

0101101
*
Ed
 1e-07 1 1 0
1  1140 0 0 2.4000002897966
0

0101000
+3780 0 -3778 0 *
Ve
1e-07
-9.46042053222656 -51.78681640625 0
0 0

0101101
*
Ed
 1e-07 1 1 0
1  1141 0 0 4.7000024836209
0

0101000
+3778 0 -3776 0 *
Ve
1e-07
-11.5388818359375 -52.98681640625 0
0 0

0101101
*
Ed
 1e-07 1 1 0
1  1142 0 0 2.4000002897966
0

0101000
+3776 0 -3774 0 *
Ve
1e-07
-12.6263818359375 -51.103212890625 0
0 0

0101101
*
Ed
 1e-07 1 1 0
1  1143 0 0 2.1749984951891
0

0101000
+3774 0 -3772 0 *
Ve
1e-07
-9.76849731445312 -49.453212890625 0
0 0

0101101
*
Ed
 1e-07 1 1 0
1  1144 0 0 3.30000059668782
0

0101000
+3772 0 -3770 0 *
Ve
1e-07
-11.2184973144531 -46.94173828125 0
0 0

0101101
*
Ed
 1e-07 1 1 0
1  1145 0 0 2.90000081267839
0

0101000
+3770 0 -3768 0 *
Ve
1e-07
-10.222568359375 -46.36673828125 0
0 0

0101101
*
Ed
 1e-07 1 1 0
1  1146 0 0 1.14999977546216
0

0101000
+3768 0 -3766 0 *
Ve
1e-07
-10.647568359375 -45.630615234375 0
0 0

0101101
*
Ed
 1e-07 1 1 0
1  1147 0 0 0.850001258905265
0

0101000
+3766 0 -3764 0 *
Ve
1e-07
-5.27821044921875 -42.530615234375 0
0 0

0101101
*
Ed
 1e-07 1 1 0
1  1148 0 0 6.20000035220624
0

0101000
+3764 0 -3762 0 *
Ve
1e-07
-5.80321044921875 -41.6212890625 0
0 0

0101101
*
Ed
 1e-07 1 1 0
1  1149 0 0 1.04999956516983
0

0101000
+3762 0 -3760 0 *
Ve
1e-07
-5.88981323242187 -41.6712890625 0
0 0

0101101
*
Ed
 1e-07 1 1 0
1  1150 0 0 0.100000210292415
0

0101000
+3760 0 -3758 0 *
Ve
1e-07
-5.51481323242187 -42.320810546875 0
0 0

0101101
*
Ed
 1e-07 1 1 0
1  1151 0 0 0.750002105773513
0

0101000
+3758 0 -3756 0 *
Ve
1e-07
-6.98705627441406 -43.170810546875 0
0 0

0101101
*
Ed
 1e-07 1 1 0
1  1152 0 0 1.69999987491012
0

0101000
+3756 0 -3754 0 *
Ve
1e-07
-7.36205627441406 -42.5212890625 0
0 0

0101101
*
Ed
 1e-07 1 1 0
1  1153 0 0 0.750002105773513
0

0101000
+3754 0 -3752 0 *
Ve
1e-07
-7.44865905761719 -42.5712890625 0
0 0

0101101
*
Ed
 1e-07 1 1 0
1  1154 0 0 0.100000210292415
0

0101000
+3752 0 -3750 0 *
Ve
1e-07
-7.07365905761719 -43.220810546875 0
0 0

0101101
*
Ed
 1e-07 1 1 0
1  1155 0 0 0.750002105773513
0

0101000
+3750 0 -3748 0 *
Ve
1e-07
-8.93561340332031 -44.295810546875 0
0 0

0101101
*
Ed
 1e-07 1 1 0
1  1156 0 0 2.14999976406574
0

0101000
+3748 0 -3746 0 *
Ve
1e-07
-9.31061340332031 -43.6462890625 0
0 0

0101101
*
Ed
 1e-07 1 1 0
1  1157 0 0 0.750002105773513
0

0101000
+3746 0 -3744 0 *
Ve
1e-07
-9.39721618652344 -43.6962890625 0
0 0

0101101
*
Ed
 1e-07 1 1 0
1  1158 0 0 0.100000210292415
0

0101000
+3744 0 -3742 0 *
Ve
1e-07
-9.02221618652344 -44.345810546875 0
0 0

0101101
*
Ed
 1e-07 1 1 0
1  1159 0 0 0.750002105773513
0

0101000
+3742 0 -3740 0 *
Ve
1e-07
-9.88824157714844 -44.845810546875 0
0 0

0101101
*
Ed
 1e-07 1 1 0
1  1160 0 0 0.999999988603593
0

0101000
+3740 0 -3738 0 *
Ve
1e-07
-10.7882421875 -43.286962890625 0
0 0

0101101
*
Ed
 1e-07 1 1 0
1  1161 0 0 1.80000197611817
0

0101000
+3738 0 -3736 0 *
Ve
1e-07
-9.92221618652344 -42.786962890625 0
0 0

0101101
*
Ed
 1e-07 1 1 0
1  1162 0 0 1.00000051718359
0

0101000
+3736 0 -3734 0 *
Ve
1e-07
-9.84721618652344 -42.916865234375 0
0 0

0101101
*
Ed
 1e-07 1 1 0
1  1163 0 0 0.149998729700435
0

0101000
+3734 0 -3732 0 *
Ve
1e-07
-9.76061340332031 -42.866865234375 0
0 0

0101101
*
Ed
 1e-07 1 1 0
1  1164 0 0 0.100000210292418
0

0101000
+3732 0 -3730 0 *
Ve
1e-07
-9.83561340332031 -42.736962890625 0
0 0

0101101
*
Ed
 1e-07 1 1 0
1  1165 0 0 0.149998729700429
0

0101000
+3730 0 -3728 0 *
Ve
1e-07
-7.97365905761719 -41.661962890625 0
0 0

0101101
*
Ed
 1e-07 1 1 0
1  1166 0 0 2.14999976406574
0

0101000
+3728 0 -3726 0 *
Ve
1e-07
-7.89865905761719 -41.791865234375 0
0 0

0101101
*
Ed
 1e-07 1 1 0
1  1167 0 0 0.149998729700435
0

0101000
+3726 0 -3724 0 *
Ve
1e-07
-7.81205627441406 -41.741865234375 0
0 0

0101101
*
Ed
 1e-07 1 1 0
1  1168 0 0 0.100000210292419
0

0101000
+3724 0 -3722 0 *
Ve
1e-07
-7.88705627441406 -41.611962890625 0
0 0

0101101
*
Ed
 1e-07 1 1 0
1  1169 0 0 0.149998729700429
0

0101000
+3722 0 -3720 0 *
Ve
1e-07
-6.41481323242188 -40.761962890625 0
0 0

0101101
*
Ed
 1e-07 1 1 0
1  1170 0 0 1.69999987491012
0

0101000
+3720 0 -3718 0 *
Ve
1e-07
-6.33981323242188 -40.8918676757812 0
0 0

0101101
*
Ed
 1e-07 1 1 0
1  1171 0 0 0.150000844019263
0

0101000
+3718 0 -3716 0 *
Ve
1e-07
-6.25321044921875 -40.8418676757813 0
0 0

0101101
*
Ed
 1e-07 1 1 0
1  1172 0 0 0.100000210292415
0

0101000
+3716 0 -3714 0 *
Ve
1e-07
-7.40321044921875 -38.850009765625 0
0 0

0101101
*
Ed
 1e-07 1 1 0
1  1173 0 0 2.29999955092431
0

0101000
+3714 0 -3712 0 *
Ve
1e-07
-7.31660827636719 -38.800009765625 0
0 0

0101101
*
Ed
 1e-07 1 1 0
1  1174 0 0 0.0999996817125551
0

0101000
+3712 0 -3710 0 *
Ve
1e-07
-7.36660827636719 -38.7134057617188 0
0 0

0101101
*
Ed
 1e-07 1 1 0
1  1175 0 0 0.100001267454933
0

0101000
+3710 0 -3708 0 *
Ve
1e-07
-7.53981323242188 -38.8134057617187 0
0 0

0101101
*
Ed
 1e-07 1 1 0
1  1176 0 0 0.199999892004733
0

0101000
+3708 0 -3706 0 *
Ve
1e-07
-6.46481323242188 -40.675361328125 0
0 0

0101101
*
Ed
 1e-07 1 1 0
1  1177 0 0 2.15000082122571
0

0101000
+3706 0 -3704 0 *
Ve
1e-07
-12.9167028808594 -44.400361328125 0
0 0

0101101
*
Ed
 1e-07 1 1 0
1  1178 0 0 7.45000033796073
0

0101000
+3704 0 -3702 0 *
Ve
1e-07
-12.7917028808594 -44.616865234375 0
0 0

0101101
*
Ed
 1e-07 1 1 0
1  1179 0 0 0.24999788283405
0

0101000
+3702 0 -3700 0 *
Ve
1e-07
-12.7051000976563 -44.566865234375 0
0 0

0101101
*
Ed
 1e-07 1 1 0
1  1180 0 0 0.100000210292415
0

0101000
+3700 0 -3698 0 *
Ve
1e-07
-12.7801000976563 -44.436962890625 0
0 0

0101101
*
Ed
 1e-07 1 1 0
1  1181 0 0 0.149998729700429
0

0101000
+3698 0 -3696 0 *
Ve
1e-07
-11.3078564453125 -43.586962890625 0
0 0

0101101
*
Ed
 1e-07 1 1 0
1  1182 0 0 1.70000040349009
0

0101000
+3696 0 -3694 0 *
Ve
1e-07
-10.4078564453125 -45.145810546875 0
0 0

0101101
*
Ed
 1e-07 1 1 0
1  1183 0 0 1.80000167094259
0

0101000
+3694 0 -3692 0 *
Ve
1e-07
-11.0573754882813 -45.520810546875 0
0 0

0101101
*
Ed
 1e-07 1 1 0
1  1184 0 0 0.749999991452694
0

0101000
+3692 0 -3690 0 *
Ve
1e-07
-10.5573754882813 -46.3868359375 0
0 0

0101101
*
Ed
 1e-07 1 1 0
1  1185 0 0 0.999999988603596
0

0101000
+3690 0 -3688 0 *
Ve
1e-07
-11.3801000976562 -46.8618359375 0
0 0

0101101
*
Ed
 1e-07 1 1 0
1  1186 0 0 0.950000412037409
0

0101000
+3688 0 -3686 0 *
Ve
1e-07
-12.2551000976562 -45.3462890625 0
0 0

0101101
*
Ed
 1e-07 1 1 0
1  1187 0 0 1.75000209437654
0

0101000
+3686 0 -3684 0 *
Ve
1e-07
-12.3417028808594 -45.3962890625 0
0 0

0101101
*
Ed
 1e-07 1 1 0
1  1188 0 0 0.100000210292418
0

0101000
+3684 0 -3682 0 *
Ve
1e-07
-11.8667028808594 -46.219013671875 0
0 0

0101101
*
Ed
 1e-07 1 1 0
1  1189 0 0 0.950000412037409
0

0101000
+3682 0 -3680 0 *
Ve
1e-07
-11.9533056640625 -46.269013671875 0
0 0

0101101
*
Ed
 1e-07 1 1 0
1  1190 0 0 0.100000210292415
0

0101000
+3680 0 -3678 0 *
Ve
1e-07
-11.9033056640625 -46.355615234375 0
0 0

0101101
*
Ed
 1e-07 1 1 0
1  1191 0 0 0.0999991531336208
0

0101000
+3678 0 -3676 0 *
Ve
1e-07
-11.8167028808594 -46.305615234375 0
0 0

0101101
*
Ed
 1e-07 1 1 0
1  1192 0 0 0.100000210292415
0

0101000
+3676 0 -3674 0 *
Ve
1e-07
-10.0417022705078 -49.3800048828125 0
0 0

0101101
*
Ed
 1e-07 1 1 0
1  1193 0 0 3.54999984185465
0

0101000
+3674 0 -3672 0 *
Ve
1e-07
-15.0213488769531 -52.2550048828125 0
0 0

0101101
*
Ed
 1e-07 1 1 0
1  1194 0 0 5.75000046305062
0

0101000
+3672 0 -3670 0 *
Ve
1e-07
-16.7963488769531 -49.180615234375 0
0 0

0101101
*
Ed
 1e-07 1 1 0
1  1195 0 0 3.54999953667879
0

0101000
+3670 0 -3668 0 *
Ve
1e-07
-12.7693310546875 -46.855615234375 0
0 0

0101101
*
Ed
 1e-07 1 1 0
1  1196 0 0 4.64999973557472
0

0101000
+3668 0 -3666 0 *
Ve
1e-07
-12.8193310546875 -46.769013671875 0
0 0

0101101
*
Ed
 1e-07 1 1 0
1  1197 0 0 0.0999991531336217
0

0101000
+3666 0 -3664 0 *
Ve
1e-07
-12.9492346191406 -46.844013671875 0
0 0

0101101
*
Ed
 1e-07 1 1 0
1  1198 0 0 0.149999786858607
0

0101000
+3664 0 -3662 0 *
Ve
1e-07
-13.0242346191406 -46.714111328125 0
0 0

0101101
*
Ed
 1e-07 1 1 0
1  1199 0 0 0.149998729700435
0

0101000
+3662 0 -3660 0 *
Ve
1e-07
-13.1108374023437 -46.764111328125 0
0 0

0101101
*
Ed
 1e-07 1 1 0
1  1200 0 0 0.100000210292418
0

0101000
+3660 0 -3658 0 *
Ve
1e-07
-13.0358374023438 -46.894013671875 0
0 0

0101101
*
Ed
 1e-07 1 1 0
1  1201 0 0 0.149998729700429
0

0101000
+3658 0 -3656 0 *
Ve
1e-07
-16.8463488769531 -49.094013671875 0
0 0

0101101
*
Ed
 1e-07 1 1 0
1  1202 0 0 4.39999973842383
0

0101000
+3656 0 -3654 0 *
Ve
1e-07
-18.7213488769531 -45.8464208984375 0
0 0

0101101
*
Ed
 1e-07 1 1 0
1  1203 0 0 3.74999784294385
0

0101000
+3654 0 -3652 0 *
Ve
1e-07
-15.4304516601563 -43.9464208984375 0
0 0

0101101
*
Ed
 1e-07 1 1 0
1  1204 0 0 3.80000059098961
0

0101000
+3652 0 -3650 0 *
Ve
1e-07
-15.0804516601562 -44.55263671875 0
0 0

0101101
*
Ed
 1e-07 1 1 0
1  1205 0 0 0.699998300567335
0

0101000
+3650 0 -3648 0 *
Ve
1e-07
-14.5608374023438 -44.25263671875 0
0 0

0101101
*
Ed
 1e-07 1 1 0
1  1206 0 0 0.599999147434422
0

0101000
+3648 0 -3646 0 *
Ve
1e-07
-13.6108374023437 -45.8980859375 0
0 0

0101101
*
Ed
 1e-07 1 1 0
1  1207 0 0 1.90000082407481
0

0101000
+3646 0 -3644 0 *
Ve
1e-07
-13.5242346191406 -45.8480859375 0
0 0

0101101
*
Ed
 1e-07 1 1 0
1  1208 0 0 0.100000210292415
0

0101000
+3644 0 -3642 0 *
Ve
1e-07
-14.6742346191406 -43.8562255859375 0
0 0

0101101
*
Ed
 1e-07 1 1 0
1  1209 0 0 2.30000166524433
0

0101000
+3642 0 -3640 0 *
Ve
1e-07
-14.5443310546875 -43.7812255859375 0
0 0

0101101
*
Ed
 1e-07 1 1 0
1  1210 0 0 0.149999786858607
0

0101000
+3640 0 -3638 0 *
Ve
1e-07
-14.5943310546875 -43.6946240234375 0
0 0

0101101
*
Ed
 1e-07 1 1 0
1  1211 0 0 0.0999991531336217
0

0101000
+3638 0 -3636 0 *
Ve
1e-07
-14.7242346191406 -43.7696240234375 0
0 0

0101101
*
Ed
 1e-07 1 1 0
1  1212 0 0 0.149999786858607
0

0101000
+3636 0 -3634 0 *
Ve
1e-07
-15.3492346191406 -42.68708984375 0
0 0

0101101
*
Ed
 1e-07 1 1 0
1  1213 0 0 1.25000210007491
0

0101000
+3634 0 -3632 0 *
Ve
1e-07
-15.4358374023438 -42.73708984375 0
0 0

0101101
*
Ed
 1e-07 1 1 0
1  1214 0 0 0.100000210292415
0

0101000
+3632 0 -3630 0 *
Ve
1e-07
-15.0108374023437 -43.473212890625 0
0 0

0101101
*
Ed
 1e-07 1 1 0
1  1215 0 0 0.850001258905265
0

0101000
+3630 0 -3628 0 *
Ve
1e-07
-18.4316369628906 -45.448212890625 0
0 0

0101101
*
Ed
 1e-07 1 1 0
1  1216 0 0 3.94999932068826
0

0101000
+3628 0 -3626 0 *
Ve
1e-07
-18.3816369628906 -45.534814453125 0
0 0

0101101
*
Ed
 1e-07 1 1 0
1  1217 0 0 0.0999991531336217
0

0101000
+3626 0 -3624 0 *
Ve
1e-07
-18.7713488769531 -45.759814453125 0
0 0

0101101
*
Ed
 1e-07 1 1 0
1  1218 0 0 0.45000041773565
0

0101000
+3624 0 -3622 0 *
Ve
1e-07
-19.8213488769531 -43.941162109375 0
0 0

0101101
*
Ed
 1e-07 1 1 0
1  1219 0 0 2.09999913033967
0

0101000
+3622 0 -3620 0 *
Ve
1e-07
-16.0108374023437 -41.741162109375 0
0 0

0101101
*
Ed
 1e-07 1 1 0
1  1220 0 0 4.39999973842382
0

0101000
+3620 0 -3618 0 *
Ve
1e-07
-15.9358374023438 -41.871064453125 0
0 0

0101101
*
Ed
 1e-07 1 1 0
1  1221 0 0 0.149998729700429
0

0101000
+3618 0 -3616 0 *
Ve
1e-07
-15.8492346191406 -41.821064453125 0
0 0

0101101
*
Ed
 1e-07 1 1 0
1  1222 0 0 0.100000210292415
0

0101000
+3616 0 -3614 0 *
Ve
1e-07
-15.9742346191406 -41.604560546875 0
0 0

0101101
*
Ed
 1e-07 1 1 0
1  1223 0 0 0.249997882834056
0

0101000
+3614 0 -3612 0 *
Ve
1e-07
-19.8713488769531 -43.854560546875 0
0 0

0101101
*
Ed
 1e-07 1 1 0
1  1224 0 0 4.49999994871616
0

0101000
+3612 0 -3610 0 *
Ve
1e-07
-22.22134765625 -39.7842407226562 0
0 0

0101101
*
Ed
 1e-07 1 1 0
1  1225 0 0 4.69999975894946
0

0101000
+3610 0 -3608 0 *
Ve
1e-07
-17.1984008789063 -36.8842407226563 0
0 0

0101101
*
Ed
 1e-07 1 1 0
1  1226 0 0 5.79999951103687
0

0101000
+3608 0 -3606 0 *
Ve
1e-07
-14.7734008789062 -41.084462890625 0
0 0

0101101
*
Ed
 1e-07 1 1 0
1  1227 0 0 4.84999909899951
0

0101000
+3606 0 -3604 0 *
Ve
1e-07
-14.2537866210938 -40.7844653320313 0
0 0

0101101
*
Ed
 1e-07 1 1 0
1  1228 0 0 0.599997926733286
0

0101000
+3604 0 -3602 0 *
Ve
1e-07
-13.0787866210937 -42.8196240234375 0
0 0

0101101
*
Ed
 1e-07 1 1 0
1  1229 0 0 2.34999912749056
0

0101000
+3602 0 -3600 0 *
Ve
1e-07
-13.7283056640625 -43.1946240234375 0
0 0

0101101
*
Ed
 1e-07 1 1 0
1  1230 0 0 0.749999991452694
0

0101000
+3600 0 -3598 0 *
Ve
1e-07
-13.6783056640625 -43.2812255859375 0
0 0

0101101
*
Ed
 1e-07 1 1 0
1  1231 0 0 0.0999991531336208
0

0101000
+3598 0 -3596 0 *
Ve
1e-07
-12.9421838378906 -42.8562255859375 0
0 0

0101101
*
Ed
 1e-07 1 1 0
1  1232 0 0 0.850000201745044
0

0101000
+3596 0 -3594 0 *
Ve
1e-07
-13.7921838378906 -41.383984375 0
0 0

0101101
*
Ed
 1e-07 1 1 0
1  1233 0 0 1.69999828917052
0

0101000
+3594 0 -3592 0 *
Ve
1e-07
-12.0601330566406 -40.383984375 0
0 0

0101101
*
Ed
 1e-07 1 1 0
1  1234 0 0 1.99999997720718
0

0101000
+3592 0 -3590 0 *
Ve
1e-07
-11.1851330566406 -41.8995263671875 0
0 0

0101101
*
Ed
 1e-07 1 1 0
1  1235 0 0 1.74999786573688
0

0101000
+3590 0 -3588 0 *
Ve
1e-07
-11.0985302734375 -41.8495263671875 0
0 0

0101101
*
Ed
 1e-07 1 1 0
1  1236 0 0 0.100000210292415
0

0101000
+3588 0 -3586 0 *
Ve
1e-07
-12.4735302734375 -39.467958984375 0
0 0

0101101
*
Ed
 1e-07 1 1 0
1  1237 0 0 2.74999785434032
0

0101000
+3586 0 -3584 0 *
Ve
1e-07
-12.5601330566406 -39.517958984375 0
0 0

0101101
*
Ed
 1e-07 1 1 0
1  1238 0 0 0.100000210292415
0

0101000
+3584 0 -3582 0 *
Ve
1e-07
-12.1101330566406 -40.2973803710938 0
0 0

0101101
*
Ed
 1e-07 1 1 0
1  1239 0 0 0.899998721151637
0

0101000
+3582 0 -3580 0 *
Ve
1e-07
-13.1493627929688 -40.8973803710938 0
0 0

0101101
*
Ed
 1e-07 1 1 0
1  1240 0 0 1.19999935202842
0

0101000
+3580 0 -3578 0 *
Ve
1e-07
-13.5243627929688 -40.247861328125 0
0 0

0101101
*
Ed
 1e-07 1 1 0
1  1241 0 0 0.749999991452699
0

0101000
+3578 0 -3576 0 *
Ve
1e-07
-14.7367993164063 -40.947861328125 0
0 0

0101101
*
Ed
 1e-07 1 1 0
1  1242 0 0 1.40000082977305
0

0101000
+3576 0 -3574 0 *
Ve
1e-07
-17.1117993164063 -36.8342407226563 0
0 0

0101101
*
Ed
 1e-07 1 1 0
1  1243 0 0 4.74999994586706
0

0101000
+3574 0 -3572 0 *
Ve
1e-07
-14.8601330566406 -35.5342407226562 0
0 0

0101101
*
Ed
 1e-07 1 1 0
1  1244 0 0 2.60000018180133
0

0101000
+3572 0 -3570 0 *
Ve
1e-07
-13.0851330566406 -38.6086303710938 0
0 0

0101101
*
Ed
 1e-07 1 1 0
1  1245 0 0 3.5499995366788
0

0101000
+3570 0 -3568 0 *
Ve
1e-07
-12.9985302734375 -38.5586303710937 0
0 0

0101101
*
Ed
 1e-07 1 1 0
1  1246 0 0 0.100000210292418
0

0101000
+3568 0 -3566 0 *
Ve
1e-07
-14.7735302734375 -35.4842407226563 0
0 0

0101101
*
Ed
 1e-07 1 1 0
1  1247 0 0 3.54999953667879
0

0101000
+3566 0 -3564 0 *
Ve
1e-07
-10.7898132324219 -33.1842407226562 0
0 0

0101101
*
Ed
 1e-07 1 1 0
1  1248 0 0 4.60000015900851
0

0101000
+3564 0 -3562 0 *
Ve
1e-07
-8.76481323242188 -36.6916430664063 0
0 0

0101101
*
Ed
 1e-07 1 1 0
1  1249 0 0 4.04999953098059
0

0101000
+3562 0 -3560 0 *
Ve
1e-07
-8.67821044921875 -36.6416430664063 0
0 0

0101101
*
Ed
 1e-07 1 1 0
1  1250 0 0 0.100000210292415
0

0101000
+3560 0 -3558 0 *
Ve
1e-07
-10.7032104492187 -33.1342407226563 0
0 0

0101101
*
Ed
 1e-07 1 1 0
1  1251 0 0 4.04999953098059
0

0101000
+3558 0 -3556 0 *
Ve
1e-07
-7.23910888671875 -31.1342407226563 0
0 0

0101101
*
Ed
 1e-07 1 1 0
1  1252 0 0 3.99999995441437
0

0101000
+3556 0 -3554 0 *
Ve
1e-07
-5.46410888671875 -34.2086303710938 0
0 0

0101101
*
Ed
 1e-07 1 1 0
1  1253 0 0 3.5499995366788
0

0101000
+3554 0 -3552 0 *
Ve
1e-07
-5.72391662597656 -34.3586303710938 0
0 0

0101101
*
Ed
 1e-07 1 1 0
1  1254 0 0 0.300000102297074
0

0101000
+3552 0 -3550 0 *
Ve
1e-07
-5.79891662597656 -34.2287280273437 0
0 0

0101101
*
Ed
 1e-07 1 1 0
1  1255 0 0 0.149998729700435
0

0101000
+3550 0 -3548 0 *
Ve
1e-07
-7.83407653808594 -35.4037280273438 0
0 0

0101101
*
Ed
 1e-07 1 1 0
1  1256 0 0 2.35000018465043
0

0101000
+3548 0 -3546 0 *
Ve
1e-07
-7.18407653808594 -36.529560546875 0
0 0

0101101
*
Ed
 1e-07 1 1 0
1  1257 0 0 1.29999956232073
0

0101000
+3546 0 -3544 0 *
Ve
1e-07
-7.09747375488281 -36.479560546875 0
0 0

0101101
*
Ed
 1e-07 1 1 0
1  1258 0 0 0.100000210292418
0

0101000
+3544 0 -3542 0 *
Ve
1e-07
-7.69747375488281 -35.4403295898437 0
0 0

0101101
*
Ed
 1e-07 1 1 0
1  1259 0 0 1.2000004091883
0

0101000
+3542 0 -3540 0 *
Ve
1e-07
-6.31183349609375 -34.6403295898438 0
0 0

0101101
*
Ed
 1e-07 1 1 0
1  1260 0 0 1.59999966461778
0

0101000
+3540 0 -3538 0 *
Ve
1e-07
-6.23683349609375 -34.770234375 0
0 0

0101101
*
Ed
 1e-07 1 1 0
1  1261 0 0 0.150000844019263
0

0101000
+3538 0 -3536 0 *
Ve
1e-07
-5.41410888671875 -34.295234375 0
0 0

0101101
*
Ed
 1e-07 1 1 0
1  1262 0 0 0.95000041203741
0

0101000
+3536 0 -3534 0 *
Ve
1e-07
-3.51410919189453 -37.5861303710938 0
0 0

0101101
*
Ed
 1e-07 1 1 0
1  1263 0 0 3.79999938124179
0

0101000
+3534 0 -3532 0 *
Ve
1e-07
-4.33683319091797 -38.0611303710938 0
0 0

0101101
*
Ed
 1e-07 1 1 0
1  1264 0 0 0.949999883457424
0

0101000
+3532 0 -3530 0 *
Ve
1e-07
-4.28683319091797 -38.1477319335938 0
0 0

0101101
*
Ed
 1e-07 1 1 0
1  1265 0 0 0.0999991531336213
0

0101000
+3530 0 -3528 0 *
Ve
1e-07
-3.46410919189453 -37.6727319335938 0
0 0

0101101
*
Ed
 1e-07 1 1 0
1  1266 0 0 0.949999883457424
0

0101000
+3528 0 -3526 0 *
Ve
1e-07
-2.36410919189453 -39.57798828125 0
0 0

0101101
*
Ed
 1e-07 1 1 0
1  1267 0 0 2.20000039779188
0

0101000
+3526 0 -3524 0 *
Ve
1e-07
-4.22606384277344 -40.65298828125 0
0 0

0101101
*
Ed
 1e-07 1 1 0
1  1268 0 0 2.15000002835572
0

0101000
+3524 0 -3522 0 *
Ve
1e-07
-4.40106384277344 -40.3498803710938 0
0 0

0101101
*
Ed
 1e-07 1 1 0
1  1269 0 0 0.349999150283667
0

0101000
+3522 0 -3520 0 *
Ve
1e-07
-4.57426879882813 -40.4498803710937 0
0 0

0101101
*
Ed
 1e-07 1 1 0
1  1270 0 0 0.199999892004734
0

0101000
+3520 0 -3518 0 *
Ve
1e-07
-1.74926879882813 -45.3429248046875 0
0 0

0101101
*
Ed
 1e-07 1 1 0
1  1271 0 0 5.65000078133825
0

0101000
+3518 0 -3516 0 *
Ve
1e-07
-1.57606369018555 -45.2429248046875 0
0 0

0101101
*
Ed
 1e-07 1 1 0
1  1272 0 0 0.200000024149717
0

0101000
+3516 0 -3514 0 *
Ve
1e-07
-4.17606384277344 -40.7395922851562 0
0 0

0101101
*
Ed
 1e-07 1 1 0
1  1273 0 0 5.20000043989659
0

0101000
+3514 0 -3512 0 *
Ve
1e-07
-2.31410919189453 -39.6645922851563 0
0 0

0101101
*
Ed
 1e-07 1 1 0
1  1274 0 0 2.15000002835572
0

0101000
+3512 0 -3510 0 *
Ve
1e-07
0.0358908629417419 -43.734912109375 0
0 0

0101101
*
Ed
 1e-07 1 1 0
1  1275 0 0 4.70000039671899
0

0101000
+3510 0 -3508 0 *
Ve
1e-07
1.37823028564453 -42.959912109375 0
0 0

0101101
*
Ed
 1e-07 1 1 0
1  1276 0 0 1.55000004056195
0

0101000
+3508 0 -3506 0 *
Ve
1e-07
7.27822998046875 -53.1790087890625 0
0 0

0101101
*
Ed
 1e-07 1 1 0
1  1277 0 0 11.7999971757508
0

0101000
+3506 0 -3504 0 *
Ve
1e-07
6.1956982421875 -53.8040087890625 0
0 0

0101101
*
Ed
 1e-07 1 1 0
1  1278 0 0 1.24999998575449
0

0101000
+3504 0 -3502 0 *
Ve
1e-07
1.40819854736328 -45.51181640625 0
0 0

0101101
*
Ed
 1e-07 1 1 0
1  1279 0 0 9.57499910399555
0

0101000
+3502 0 -3500 0 *
Ve
1e-07
-3.70135131835938 -48.46181640625 0
0 0

0101101
*
Ed
 1e-07 1 1 0
1  1280 0 0 5.89999998561919
0

0101000
+3500 0 -3498 0 *
Ve
1e-07
-2.35135147094727 -50.800087890625 0
0 0

0101101
*
Ed
 1e-07 1 1 0
1  1281 0 0 2.70000243012001
0

0101000
+3498 0 -3496 0 *
Ve
1e-07
-6.85468322753906 -53.400087890625 0
0 0

0101101
*
Ed
 1e-07 1 1 0
1  1282 0 0 5.1999997028777
0

0101000
+3496 0 -3494 0 *
Ve
1e-07
-6.70468322753906 -53.659892578125 0
0 0

0101101
*
Ed
 1e-07 1 1 0
1  1283 0 0 0.299997459400864
0

0101000
+3494 0 -3492 0 *
Ve
1e-07
-4.23651123046875 -52.234892578125 0
0 0

0101101
*
Ed
 1e-07 1 1 0
1  1284 0 0 2.84999965037227
0

0101000
+3492 0 -3490 0 *
Ve
1e-07
-4.18651123046875 -52.321494140625 0
0 0

0101101
*
Ed
 1e-07 1 1 0
1  1285 0 0 0.0999991531336213
0

0101000
+3490 0 -3488 0 *
Ve
1e-07
-4.09990844726562 -52.271494140625 0
0 0

0101101
*
Ed
 1e-07 1 1 0
1  1286 0 0 0.100000210292415
0

0101000
+3488 0 -3486 0 *
Ve
1e-07
-4.14990844726563 -52.184892578125 0
0 0

0101101
*
Ed
 1e-07 1 1 0
1  1287 0 0 0.0999991531336217
0

0101000
+3486 0 -3484 0 *
Ve
1e-07
-1.33532592773437 -50.559892578125 0
0 0

0101101
*
Ed
 1e-07 1 1 0
1  1288 0 0 3.24999996296167
0

0101000
+3484 0 -3482 0 *
Ve
1e-07
-1.38532592773438 -50.473291015625 0
0 0

0101101
*
Ed
 1e-07 1 1 0
1  1289 0 0 0.0999991531336214
0

0101000
+3482 0 -3480 0 *
Ve
1e-07
-1.99154373168945 -50.823291015625 0
0 0

0101101
*
Ed
 1e-07 1 1 0
1  1290 0 0 0.700000018451513
0

0101000
+3480 0 -3478 0 *
Ve
1e-07
-3.31654388427734 -48.5283251953125 0
0 0

0101101
*
Ed
 1e-07 1 1 0
1  1291 0 0 2.64999877750171
0

0101000
+3478 0 -3476 0 *
Ve
1e-07
-0.631865043640137 -46.9783251953125 0
0 0

0101101
*
Ed
 1e-07 1 1 0
1  1292 0 0 3.10000007699438
0

0101000
+3476 0 -3474 0 *
Ve
1e-07
-0.344365043640137 -47.4762890625 0
0 0

0101101
*
Ed
 1e-07 1 1 0
1  1293 0 0 0.574999359151235
0

0101000
+3474 0 -3472 0 *
Ve
1e-07
-0.257762489318848 -47.4262890625 0
0 0

0101101
*
Ed
 1e-07 1 1 0
1  1294 0 0 0.100000012074857
0

0101000
+3472 0 -3470 0 *
Ve
1e-07
-0.545262489318848 -46.9283251953125 0
0 0

0101101
*
Ed
 1e-07 1 1 0
1  1295 0 0 0.574999359151235
0

0101000
+3470 0 -3468 0 *
Ve
1e-07
0.407365455627441 -46.3783251953125 0
0 0

0101101
*
Ed
 1e-07 1 1 0
1  1296 0 0 1.10000000067845
0

0101000
+3468 0 -3466 0 *
Ve
1e-07
0.332365455627441 -46.24841796875 0
0 0

0101101
*
Ed
 1e-07 1 1 0
1  1297 0 0 0.150002958348031
0

0101000
+3466 0 -3464 0 *
Ve
1e-07
1.19839088439941 -45.74841796875 0
0 0

0101101
*
Ed
 1e-07 1 1 0
1  1298 0 0 1.00000002163984
0

0101000
+3464 0 -3462 0 *
Ve
1e-07
2.59839080810547 -48.173291015625 0
0 0

0101101
*
Ed
 1e-07 1 1 0
1  1299 0 0 2.80000162139914
0

0101000
+3462 0 -3460 0 *
Ve
1e-07
0.779737548828125 -49.223291015625 0
0 0

0101101
*
Ed
 1e-07 1 1 0
1  1300 0 0 2.09999992320955
0

0101000
+3460 0 -3458 0 *
Ve
1e-07
0.242237510681152 -48.292314453125 0
0 0

0101101
*
Ed
 1e-07 1 1 0
1  1301 0 0 1.07499937252647
0

0101000
+3458 0 -3456 0 *
Ve
1e-07
0.15563497543335 -48.342314453125 0
0 0

0101101
*
Ed
 1e-07 1 1 0
1  1302 0 0 0.0999999955567331
0

0101000
+3456 0 -3454 0 *
Ve
1e-07
0.693134994506836 -49.273291015625 0
0 0

0101101
*
Ed
 1e-07 1 1 0
1  1303 0 0 1.07499936298972
0

0101000
+3454 0 -3452 0 *
Ve
1e-07
-0.519300575256348 -49.973291015625 0
0 0

0101101
*
Ed
 1e-07 1 1 0
1  1304 0 0 1.40000000386678
0

0101000
+3452 0 -3450 0 *
Ve
1e-07
-0.469300575256348 -50.059892578125 0
0 0

0101101
*
Ed
 1e-07 1 1 0
1  1305 0 0 0.0999991531336214
0

0101000
+3450 0 -3448 0 *
Ve
1e-07
1.26275024414063 -49.059892578125 0
0 0

0101101
*
Ed
 1e-07 1 1 0
1  1306 0 0 2.00000001024343
0

0101000
+3448 0 -3446 0 *
Ve
1e-07
1.93775024414063 -50.2290283203125 0
0 0

0101101
*
Ed
 1e-07 1 1 0
1  1307 0 0 1.35000125320694
0

0101000
+3446 0 -3444 0 *
Ve
1e-07
2.02435272216797 -50.1790283203125 0
0 0

0101101
*
Ed
 1e-07 1 1 0
1  1308 0 0 0.0999999460023668
0

0101000
+3444 0 -3442 0 *
Ve
1e-07
1.34935272216797 -49.009892578125 0
0 0

0101101
*
Ed
 1e-07 1 1 0
1  1309 0 0 1.35000125320694
0

0101000
+3442 0 -3440 0 *
Ve
1e-07
2.64839080810547 -48.259892578125 0
0 0

0101101
*
Ed
 1e-07 1 1 0
1  1310 0 0 1.49999998290539
0

0101000
+3440 0 -3438 0 *
Ve
1e-07
4.99839080810547 -52.33021484375 0
0 0

0101101
*
Ed
 1e-07 1 1 0
1  1311 0 0 4.7000024836209
0

0101000
+3438 0 -3436 0 *
Ve
1e-07
3.69935272216797 -53.08021484375 0
0 0

0101101
*
Ed
 1e-07 1 1 0
1  1312 0 0 1.49999998290539
0

0101000
+3436 0 -3434 0 *
Ve
1e-07
3.02435272216797 -51.9110791015625 0
0 0

0101101
*
Ed
 1e-07 1 1 0
1  1313 0 0 1.35000125320694
0

0101000
+3434 0 -3432 0 *
Ve
1e-07
2.93775024414062 -51.9610791015625 0
0 0

0101101
*
Ed
 1e-07 1 1 0
1  1314 0 0 0.0999999460023706
0

0101000
+3432 0 -3430 0 *
Ve
1e-07
3.61275024414063 -53.13021484375 0
0 0

0101101
*
Ed
 1e-07 1 1 0
1  1315 0 0 1.35000125320694
0

0101000
+3430 0 -3428 0 *
Ve
1e-07
0.451757507324219 -54.95521484375 0
0 0

0101101
*
Ed
 1e-07 1 1 0
1  1316 0 0 3.6500000112611
0

0101000
+3428 0 -3426 0 *
Ve
1e-07
0.576757507324219 -55.17171875 0
0 0

0101101
*
Ed
 1e-07 1 1 0
1  1317 0 0 0.249997882834056
0

0101000
+3426 0 -3424 0 *
Ve
1e-07
0.663360061645508 -55.12171875 0
0 0

0101101
*
Ed
 1e-07 1 1 0
1  1318 0 0 0.100000012074861
0

0101000
+3424 0 -3422 0 *
Ve
1e-07
0.588360023498535 -54.99181640625 0
0 0

0101101
*
Ed
 1e-07 1 1 0
1  1319 0 0 0.14999874877408
0

0101000
+3422 0 -3420 0 *
Ve
1e-07
3.74935272216797 -53.16681640625 0
0 0

0101101
*
Ed
 1e-07 1 1 0
1  1320 0 0 3.64999997822486
0

0101000
+3420 0 -3418 0 *
Ve
1e-07
3.82435272216797 -53.29671875 0
0 0

0101101
*
Ed
 1e-07 1 1 0
1  1321 0 0 0.149998729700435
0

0101000
+3418 0 -3416 0 *
Ve
1e-07
4.77698059082031 -52.74671875 0
0 0

0101101
*
Ed
 1e-07 1 1 0
1  1322 0 0 1.09999993460596
0

0101000
+3416 0 -3414 0 *
Ve
1e-07
4.70198059082031 -52.61681640625 0
0 0

0101101
*
Ed
 1e-07 1 1 0
1  1323 0 0 0.149998729700429
0

0101000
+3414 0 -3412 0 *
Ve
1e-07
5.04839080810547 -52.41681640625 0
0 0

0101101
*
Ed
 1e-07 1 1 0
1  1324 0 0 0.400000048299435
0

0101000
+3412 0 -3410 0 *
Ve
1e-07
6.52339111328125 -54.971591796875 0
0 0

0101101
*
Ed
 1e-07 1 1 0
1  1325 0 0 2.95000054183246
0

0101000
+3410 0 -3408 0 *
Ve
1e-07
2.06335998535156 -57.546591796875 0
0 0

0101101
*
Ed
 1e-07 1 1 0
1  1326 0 0 5.15000025845647
0

0101000
+3408 0 -3406 0 *
Ve
1e-07
1.16336006164551 -55.987744140625 0
0 0

0101101
*
Ed
 1e-07 1 1 0
1  1327 0 0 1.80000163279565
0

0101000
+3406 0 -3404 0 *
Ve
1e-07
1.07675750732422 -56.037744140625 0
0 0

0101101
*
Ed
 1e-07 1 1 0
1  1328 0 0 0.100000012074857
0

0101000
+3404 0 -3402 0 *
Ve
1e-07
1.55175750732422 -56.86046875 0
0 0

0101101
*
Ed
 1e-07 1 1 0
1  1329 0 0 0.95000041203741
0

0101000
+3402 0 -3400 0 *
Ve
1e-07
1.46515502929688 -56.91046875 0
0 0

0101101
*
Ed
 1e-07 1 1 0
1  1330 0 0 0.0999999460023666
0

0101000
+3400 0 -3398 0 *
Ve
1e-07
1.51515502929687 -56.9970703125 0
0 0

0101101
*
Ed
 1e-07 1 1 0
1  1331 0 0 0.0999991531336213
0

0101000
+3398 0 -3396 0 *
Ve
1e-07
1.60175750732422 -56.9470703125 0
0 0

0101101
*
Ed
 1e-07 1 1 0
1  1332 0 0 0.0999999460023668
0

0101000
+3396 0 -3394 0 *
Ve
1e-07
2.02675750732422 -57.683193359375 0
0 0

0101101
*
Ed
 1e-07 1 1 0
1  1333 0 0 0.850001258905265
0

0101000
+3394 0 -3392 0 *
Ve
1e-07
6.57339111328125 -55.058193359375 0
0 0

0101101
*
Ed
 1e-07 1 1 0
1  1334 0 0 5.25000020445884
0

0101000
+3392 0 -3390 0 *
Ve
1e-07
8.22339111328125 -57.9160791015625 0
0 0

0101101
*
Ed
 1e-07 1 1 0
1  1335 0 0 3.30000165384786
0

0101000
+3390 0 -3388 0 *
Ve
1e-07
2.63752716064453 -61.1410791015625 0
0 0

0101101
*
Ed
 1e-07 1 1 0
1  1336 0 0 6.45000008506716
0

0101000
+3388 0 -3386 0 *
Ve
1e-07
0.562527008056641 -57.5470703125 0
0 0

0101101
*
Ed
 1e-07 1 1 0
1  1337 0 0 4.15000298904691
0

0101000
+3386 0 -3384 0 *
Ve
1e-07
0.64912956237793 -57.4970703125 0
0 0

0101101
*
Ed
 1e-07 1 1 0
1  1338 0 0 0.100000012074861
0

0101000
+3384 0 -3382 0 *
Ve
1e-07
0.59912956237793 -57.41046875 0
0 0

0101101
*
Ed
 1e-07 1 1 0
1  1339 0 0 0.0999991531336214
0

0101000
+3382 0 -3380 0 *
Ve
1e-07
0.512527008056641 -57.46046875 0
0 0

0101101
*
Ed
 1e-07 1 1 0
1  1340 0 0 0.100000012074861
0

0101000
+3380 0 -3378 0 *
Ve
1e-07
-0.587472991943359 -55.55521484375 0
0 0

0101101
*
Ed
 1e-07 1 1 0
1  1341 0 0 2.19999828347226
0

0101000
+3378 0 -3376 0 *
Ve
1e-07
-2.36282501220703 -56.58021484375 0
0 0

0101101
*
Ed
 1e-07 1 1 0
1  1342 0 0 2.04999995020837
0

0101000
+3376 0 -3374 0 *
Ve
1e-07
-3.81282501220703 -54.068740234375 0
0 0

0101101
*
Ed
 1e-07 1 1 0
1  1343 0 0 2.90000081267839
0

0101000
+3374 0 -3372 0 *
Ve
1e-07
-3.24990844726562 -53.743740234375 0
0 0

0101101
*
Ed
 1e-07 1 1 0
1  1344 0 0 0.650000045450329
0

0101000
+3372 0 -3370 0 *
Ve
1e-07
-3.59990844726563 -53.13751953125 0
0 0

0101101
*
Ed
 1e-07 1 1 0
1  1345 0 0 0.700002529207841
0

0101000
+3370 0 -3368 0 *
Ve
1e-07
-3.68651123046875 -53.18751953125 0
0 0

0101101
*
Ed
 1e-07 1 1 0
1  1346 0 0 0.100000210292418
0

0101000
+3368 0 -3366 0 *
Ve
1e-07
-3.38651123046875 -53.707138671875 0
0 0

0101101
*
Ed
 1e-07 1 1 0
1  1347 0 0 0.600003376077052
0

0101000
+3366 0 -3364 0 *
Ve
1e-07
-4.16593383789063 -54.157138671875 0
0 0

0101101
*
Ed
 1e-07 1 1 0
1  1348 0 0 0.89999977831126
0

0101000
+3364 0 -3362 0 *
Ve
1e-07
-4.09093383789063 -54.287041015625 0
0 0

0101101
*
Ed
 1e-07 1 1 0
1  1349 0 0 0.149998729700429
0

0101000
+3362 0 -3360 0 *
Ve
1e-07
-4.00433135986328 -54.237041015625 0
0 0

0101101
*
Ed
 1e-07 1 1 0
1  1350 0 0 0.099999946002367
0

0101000
+3360 0 -3358 0 *
Ve
1e-07
-2.52933135986328 -56.79181640625 0
0 0

0101101
*
Ed
 1e-07 1 1 0
1  1351 0 0 2.95000038924457
0

0101000
+3358 0 -3356 0 *
Ve
1e-07
-2.61593383789062 -56.84181640625 0
0 0

0101101
*
Ed
 1e-07 1 1 0
1  1352 0 0 0.0999999460023702
0

0101000
+3356 0 -3354 0 *
Ve
1e-07
-2.56593383789063 -56.92841796875 0
0 0

0101101
*
Ed
 1e-07 1 1 0
1  1353 0 0 0.0999991531336213
0

0101000
+3354 0 -3352 0 *
Ve
1e-07
-2.47933135986328 -56.87841796875 0
0 0

0101101
*
Ed
 1e-07 1 1 0
1  1354 0 0 0.0999999460023706
0

0101000
+3352 0 -3350 0 *
Ve
1e-07
0.770668563842773 -62.5075830078125 0
0 0

0101101
*
Ed
 1e-07 1 1 0
1  1355 0 0 6.49999988777637
0

0101000
+3350 0 -3348 0 *
Ve
1e-07
4.01826385498047 -60.6325830078125 0
0 0

0101101
*
Ed
 1e-07 1 1 0
1  1356 0 0 3.75000002333596
0

0101000
+3348 0 -3346 0 *
Ve
1e-07
4.09326385498047 -60.7624853515625 0
0 0

0101101
*
Ed
 1e-07 1 1 0
1  1357 0 0 0.149998729700435
0

0101000
+3346 0 -3344 0 *
Ve
1e-07
4.17986633300781 -60.7124853515625 0
0 0

0101101
*
Ed
 1e-07 1 1 0
1  1358 0 0 0.0999999460023706
0

0101000
+3344 0 -3342 0 *
Ve
1e-07
4.10486633300781 -60.5825830078125 0
0 0

0101101
*
Ed
 1e-07 1 1 0
1  1359 0 0 0.149998729700429
0

0101000
+3342 0 -3340 0 *
Ve
1e-07
8.34839111328125 -58.1325830078125 0
0 0

0101101
*
Ed
 1e-07 1 1 0
1  1360 0 0 4.90000026130558
0

0101000
+3340 0 -3338 0 *
Ve
1e-07
9.82339111328125 -60.6873583984375 0
0 0

0101101
*
Ed
 1e-07 1 1 0
1  1361 0 0 2.95000038924457
0

0101000
+3338 0 -3336 0 *
Ve
1e-07
5.57986633300781 -63.1373583984375 0
0 0

0101101
*
Ed
 1e-07 1 1 0
1  1362 0 0 4.90000026130558
0

0101000
+3336 0 -3334 0 *
Ve
1e-07
4.67986633300781 -61.5785107421875 0
0 0

0101101
*
Ed
 1e-07 1 1 0
1  1363 0 0 1.80000167094259
0

0101000
+3334 0 -3332 0 *
Ve
1e-07
4.59326385498047 -61.6285107421875 0
0 0

0101101
*
Ed
 1e-07 1 1 0
1  1364 0 0 0.099999946002367
0

0101000
+3332 0 -3330 0 *
Ve
1e-07
5.49326354980469 -63.1873583984375 0
0 0

0101101
*
Ed
 1e-07 1 1 0
1  1365 0 0 1.80000151835486
0

0101000
+3330 0 -3328 0 *
Ve
1e-07
5.40666137695313 -63.2373583984375 0
0 0

0101101
*
Ed
 1e-07 1 1 0
1  1366 0 0 0.0999996817125516
0

0101000
+3328 0 -3326 0 *
Ve
1e-07
5.45666137695313 -63.3239599609375 0
0 0

0101101
*
Ed
 1e-07 1 1 0
1  1367 0 0 0.0999991531336213
0

0101000
+3326 0 -3324 0 *
Ve
1e-07
9.87339111328125 -60.7739599609375 0
0 0

0101101
*
Ed
 1e-07 1 1 0
1  1368 0 0 5.1000001533103
0

0101000
+3324 0 -3322 0 *
Ve
1e-07
11.4233911132812 -63.4586376953125 0
0 0

0101101
*
Ed
 1e-07 1 1 0
1  1369 0 0 3.09999911894324
0

0101000
+3322 0 -3320 0 *
Ve
1e-07
11.1202819824219 -63.6336376953125 0
0 0

0101101
*
Ed
 1e-07 1 1 0
1  1370 0 0 0.350000207443259
0

0101000
+3320 0 -3318 0 *
Ve
1e-07
10.9702819824219 -63.3738330078125 0
0 0

0101101
*
Ed
 1e-07 1 1 0
1  1371 0 0 0.299997459400864
0

0101000
+3318 0 -3316 0 *
Ve
1e-07
10.6238720703125 -63.5738330078125 0
0 0

0101101
*
Ed
 1e-07 1 1 0
1  1372 0 0 0.399999784009475
0

0101000
+3316 0 -3314 0 *
Ve
1e-07
10.7482653808594 -63.789287109375 0
0 0

0101101
*
Ed
 1e-07 1 1 0
1  1373 0 0 0.248785380577147
0

0101000
+3314 0 -3312 0 *
Ve
1e-07
6.02016967773438 -66.4999853515625 0
0 0

0101101
*
Ed
 1e-07 1 1 0
1  1374 0 0 5.45002513187852
0

0101000
+3312 0 -3310 0 *
Ve
1e-07
4.50403350830078 -63.8739599609375 0
0 0

0101101
*
Ed
 1e-07 1 1 0
1  1375 0 0 3.03227278398101
0

0101000
+3310 0 -3308 0 *
Ve
1e-07
4.59063598632812 -63.8239599609375 0
0 0

0101101
*
Ed
 1e-07 1 1 0
1  1376 0 0 0.0999999460023698
0

0101000
+3308 0 -3306 0 *
Ve
1e-07
4.54063598632812 -63.7373583984375 0
0 0

0101101
*
Ed
 1e-07 1 1 0
1  1377 0 0 0.0999991531336213
0

0101000
+3306 0 -3304 0 *
Ve
1e-07
4.45403350830078 -63.7873583984375 0
0 0

0101101
*
Ed
 1e-07 1 1 0
1  1378 0 0 0.0999999460023706
0

0101000
+3304 0 -3302 0 *
Ve
1e-07
4.14516967773438 -63.252392578125 0
0 0

0101101
*
Ed
 1e-07 1 1 0
1  1379 0 0 0.617725905831041
0

0101000
+3302 0 -3300 0 *
Ve
1e-07
4.05856719970703 -63.302392578125 0
0 0

0101101
*
Ed
 1e-07 1 1 0
1  1380 0 0 0.099999946002367
0

0101000
+3300 0 -3298 0 *
Ve
1e-07
4.93356719970703 -64.8179345703125 0
0 0

0101101
*
Ed
 1e-07 1 1 0
1  1381 0 0 1.74999786573689
0

0101000
+3298 0 -3296 0 *
Ve
1e-07
3.54792663574219 -65.6179345703125 0
0 0

0101101
*
Ed
 1e-07 1 1 0
1  1382 0 0 1.59999992890775
0

0101000
+3296 0 -3294 0 *
Ve
1e-07
2.0979264831543 -63.1064599609375 0
0 0

0101101
*
Ed
 1e-07 1 1 0
1  1383 0 0 2.90000088897231
0

0101000
+3294 0 -3292 0 *
Ve
1e-07
3.48356719970703 -62.3064599609375 0
0 0

0101101
*
Ed
 1e-07 1 1 0
1  1384 0 0 1.60000006105274
0

0101000
+3292 0 -3290 0 *
Ve
1e-07
3.55856719970703 -62.4363671875 0
0 0

0101101
*
Ed
 1e-07 1 1 0
1  1385 0 0 0.150002958348031
0

0101000
+3290 0 -3288 0 *
Ve
1e-07
3.64516967773437 -62.3863671875 0
0 0

0101101
*
Ed
 1e-07 1 1 0
1  1386 0 0 0.0999999460023702
0

0101000
+3288 0 -3286 0 *
Ve
1e-07
3.52016967773437 -62.1698583984375 0
0 0

0101101
*
Ed
 1e-07 1 1 0
1  1387 0 0 0.250002111473699
0

0101000
+3286 0 -3284 0 *
Ve
1e-07
1.3118049621582 -63.4448583984375 0
0 0

0101101
*
Ed
 1e-07 1 1 0
1  1388 0 0 2.54999994451016
0

0101000
+3284 0 -3282 0 *
Ve
1e-07
1.3618049621582 -63.5314599609375 0
0 0

0101101
*
Ed
 1e-07 1 1 0
1  1389 0 0 0.0999991531336214
0

0101000
+3282 0 -3280 0 *
Ve
1e-07
2.01132400512695 -63.1564599609375 0
0 0

0101101
*
Ed
 1e-07 1 1 0
1  1390 0 0 0.749999991452694
0

0101000
+3280 0 -3278 0 *
Ve
1e-07
3.46132385253906 -65.6679345703125 0
0 0

0101101
*
Ed
 1e-07 1 1 0
1  1391 0 0 2.90000073638446
0

0101000
+3278 0 -3276 0 *
Ve
1e-07
1.55606811523437 -66.7679345703125 0
0 0

0101101
*
Ed
 1e-07 1 1 0
1  1392 0 0 2.19999986921192
0

0101000
+3276 0 -3274 0 *
Ve
1e-07
1.46493179321289 -66.6100830078125 0
0 0

0101101
*
Ed
 1e-07 1 1 0
1  1393 0 0 0.18227162416376
0

0101000
+3274 0 -3272 0 *
Ve
1e-07
1.37832916259766 -66.6600830078125 0
0 0

0101101
*
Ed
 1e-07 1 1 0
1  1394 0 0 0.100000078147362
0

0101000
+3272 0 -3270 0 *
Ve
1e-07
1.59446563720703 -67.034443359375 0
0 0

0101101
*
Ed
 1e-07 1 1 0
1  1395 0 0 0.432273811927774
0

0101000
+3270 0 -3268 0 *
Ve
1e-07
1.68106811523437 -66.984443359375 0
0 0

0101101
*
Ed
 1e-07 1 1 0
1  1396 0 0 0.0999999460023666
0

0101000
+3268 0 -3266 0 *
Ve
1e-07
1.60606811523437 -66.8545361328125 0
0 0

0101101
*
Ed
 1e-07 1 1 0
1  1397 0 0 0.150002958348037
0

0101000
+3266 0 -3264 0 *
Ve
1e-07
4.98356719970703 -64.9045361328125 0
0 0

0101101
*
Ed
 1e-07 1 1 0
1  1398 0 0 3.90000000841201
0

0101000
+3264 0 -3262 0 *
Ve
1e-07
5.93341552734375 -66.5497216796875 0
0 0

0101101
*
Ed
 1e-07 1 1 0
1  1399 0 0 1.89969664135111
0

0101000
+3262 0 -3260 0 *
Ve
1e-07
-3.21913726806641 -71.7970361328125 0
0 0

0101101
*
Ed
 1e-07 1 1 0
1  1400 0 0 10.5500488929078
0

0101000
+3260 0 -3258 0 *
Ve
1e-07
-3.14413726806641 -71.9269384765625 0
0 0

0101101
*
Ed
 1e-07 1 1 0
1  1401 0 0 0.149998729700423
0

0101000
+3258 0 -3256 0 *
Ve
1e-07
-3.53384857177734 -72.1519384765625 0
0 0

0101101
*
Ed
 1e-07 1 1 0
1  1402 0 0 0.449999889155634
0

0101000
+3256 0 -3254 0 *
Ve
1e-07
-5.30884887695313 -69.077548828125 0
0 0

0101101
*
Ed
 1e-07 1 1 0
1  1403 0 0 3.54999968926672
0

0101000
+3254 0 -3252 0 *
Ve
1e-07
-4.91913726806641 -68.852548828125 0
0 0

0101101
*
Ed
 1e-07 1 1 0
1  1404 0 0 0.450000153445617
0

0101000
+3252 0 -3250 0 *
Ve
1e-07
-4.86913726806641 -68.9391552734375 0
0 0

0101101
*
Ed
 1e-07 1 1 0
1  1405 0 0 0.100003381791163
0

0101000
+3250 0 -3248 0 *
Ve
1e-07
0.803329238891602 -65.6641552734375 0
0 0

0101101
*
Ed
 1e-07 1 1 0
1  1406 0 0 6.55000009714202
0

0101000
+3248 0 -3246 0 *
Ve
1e-07
0.878329238891602 -65.7940576171875 0
0 0

0101101
*
Ed
 1e-07 1 1 0
1  1407 0 0 0.149998729700435
0

0101000
+3246 0 -3244 0 *
Ve
1e-07
0.964931716918945 -65.7440576171875 0
0 0

0101101
*
Ed
 1e-07 1 1 0
1  1408 0 0 0.0999999460023668
0

0101000
+3244 0 -3242 0 *
Ve
1e-07
0.889931716918945 -65.6141552734375 0
0 0

0101101
*
Ed
 1e-07 1 1 0
1  1409 0 0 0.149998729700435
0

0101000
+3242 0 -3240 0 *
Ve
1e-07
1.14973937988281 -65.4641552734375 0
0 0

0101101
*
Ed
 1e-07 1 1 0
1  1410 0 0 0.300000036224578
0

0101000
+3240 0 -3238 0 *
Ve
1e-07
-0.650260620117188 -62.3464599609375 0
0 0

0101101
*
Ed
 1e-07 1 1 0
1  1411 0 0 3.60000334188518
0

0101000
+3238 0 -3236 0 *
Ve
1e-07
-1.77609359741211 -62.9964599609375 0
0 0

0101101
*
Ed
 1e-07 1 1 0
1  1412 0 0 1.29999995875567
0

0101000
+3236 0 -3234 0 *
Ve
1e-07
-1.72609359741211 -63.0830615234375 0
0 0

0101101
*
Ed
 1e-07 1 1 0
1  1413 0 0 0.0999991531336214
0

0101000
+3234 0 -3232 0 *
Ve
1e-07
-0.686863174438477 -62.4830615234375 0
0 0

0101101
*
Ed
 1e-07 1 1 0
1  1414 0 0 1.19999994668081
0

0101000
+3232 0 -3230 0 *
Ve
1e-07
1.01313682556152 -65.427548828125 0
0 0

0101101
*
Ed
 1e-07 1 1 0
1  1415 0 0 3.40000080698018
0

0101000
+3230 0 -3228 0 *
Ve
1e-07
-1.19522796630859 -66.702548828125 0
0 0

0101101
*
Ed
 1e-07 1 1 0
1  1416 0 0 2.55000001058266
0

0101000
+3228 0 -3226 0 *
Ve
1e-07
-1.49522796630859 -66.1829345703125 0
0 0

0101101
*
Ed
 1e-07 1 1 0
1  1417 0 0 0.599999147434429
0

0101000
+3226 0 -3224 0 *
Ve
1e-07
-2.18804824829102 -66.5829345703125 0
0 0

0101101
*
Ed
 1e-07 1 1 0
1  1418 0 0 0.799999964453878
0

0101000
+3224 0 -3222 0 *
Ve
1e-07
-3.01304840087891 -65.153994140625 0
0 0

0101101
*
Ed
 1e-07 1 1 0
1  1419 0 0 1.6499987888982
0

0101000
+3222 0 -3220 0 *
Ve
1e-07
-3.09965087890625 -65.203994140625 0
0 0

0101101
*
Ed
 1e-07 1 1 0
1  1420 0 0 0.0999999460023666
0

0101000
+3220 0 -3218 0 *
Ve
1e-07
-2.77465087890625 -65.7669091796875 0
0 0

0101101
*
Ed
 1e-07 1 1 0
1  1421 0 0 0.649998724000855
0

0101000
+3218 0 -3216 0 *
Ve
1e-07
-2.86125335693359 -65.8169091796875 0
0 0

0101101
*
Ed
 1e-07 1 1 0
1  1422 0 0 0.099999946002367
0

0101000
+3216 0 -3214 0 *
Ve
1e-07
-2.81125335693359 -65.9035107421875 0
0 0

0101101
*
Ed
 1e-07 1 1 0
1  1423 0 0 0.0999991531336274
0

0101000
+3214 0 -3212 0 *
Ve
1e-07
-2.72465087890625 -65.8535107421875 0
0 0

0101101
*
Ed
 1e-07 1 1 0
1  1424 0 0 0.0999999460023741
0

0101000
+3212 0 -3210 0 *
Ve
1e-07
-1.97465087890625 -67.152548828125 0
0 0

0101101
*
Ed
 1e-07 1 1 0
1  1425 0 0 1.4999999829054
0

0101000
+3210 0 -3208 0 *
Ve
1e-07
-2.84067626953125 -67.652548828125 0
0 0

0101101
*
Ed
 1e-07 1 1 0
1  1426 0 0 0.999999988603592
0

0101000
+3208 0 -3206 0 *
Ve
1e-07
-3.59067626953125 -66.3535107421875 0
0 0

0101101
*
Ed
 1e-07 1 1 0
1  1427 0 0 1.4999999829054
0

0101000
+3206 0 -3204 0 *
Ve
1e-07
-3.41747100830078 -66.2535107421875 0
0 0

0101101
*
Ed
 1e-07 1 1 0
1  1428 0 0 0.200000156294723
0

0101000
+3204 0 -3202 0 *
Ve
1e-07
-3.46747100830078 -66.1669091796875 0
0 0

0101101
*
Ed
 1e-07 1 1 0
1  1429 0 0 0.0999991531336151
0

0101000
+3202 0 -3200 0 *
Ve
1e-07
-3.90048370361328 -66.4169091796875 0
0 0

0101101
*
Ed
 1e-07 1 1 0
1  1430 0 0 0.499999994301796
0

0101000
+3200 0 -3198 0 *
Ve
1e-07
-3.85048370361328 -66.5035107421875 0
0 0

0101101
*
Ed
 1e-07 1 1 0
1  1431 0 0 0.0999991531336151
0

0101000
+3198 0 -3196 0 *
Ve
1e-07
-3.67727874755859 -66.4035107421875 0
0 0

0101101
*
Ed
 1e-07 1 1 0
1  1432 0 0 0.199999892004734
0

0101000
+3196 0 -3194 0 *
Ve
1e-07
-2.92727874755859 -67.702548828125 0
0 0

0101101
*
Ed
 1e-07 1 1 0
1  1433 0 0 1.49999998290538
0

0101000
+3194 0 -3192 0 *
Ve
1e-07
-4.00981048583984 -68.327548828125 0
0 0

0101101
*
Ed
 1e-07 1 1 0
1  1434 0 0 1.24999998575449
0

0101000
+3192 0 -3190 0 *
Ve
1e-07
-4.10981048583984 -68.154345703125 0
0 0

0101101
*
Ed
 1e-07 1 1 0
1  1435 0 0 0.199998306267243
0

0101000
+3190 0 -3188 0 *
Ve
1e-07
-5.01913726806641 -68.679345703125 0
0 0

0101101
*
Ed
 1e-07 1 1 0
1  1436 0 0 1.05000009374977
0

0101000
+3188 0 -3186 0 *
Ve
1e-07
-4.96913726806641 -68.765947265625 0
0 0

0101101
*
Ed
 1e-07 1 1 0
1  1437 0 0 0.0999991531336151
0

0101000
+3186 0 -3184 0 *
Ve
1e-07
-5.35884887695313 -68.990947265625 0
0 0

0101101
*
Ed
 1e-07 1 1 0
1  1438 0 0 0.45000015344561
0

0101000
+3184 0 -3182 0 *
Ve
1e-07
-6.05884887695313 -67.7785107421875 0
0 0

0101101
*
Ed
 1e-07 1 1 0
1  1439 0 0 1.40000082977303
0

0101000
+3182 0 -3180 0 *
Ve
1e-07
-4.45670166015625 -66.8535107421875 0
0 0

0101101
*
Ed
 1e-07 1 1 0
1  1440 0 0 1.85000019034864
0

0101000
+3180 0 -3178 0 *
Ve
1e-07
-4.50670166015625 -66.7669091796875 0
0 0

0101101
*
Ed
 1e-07 1 1 0
1  1441 0 0 0.0999991531336151
0

0101000
+3178 0 -3176 0 *
Ve
1e-07
-6.10884887695313 -67.6919091796875 0
0 0

0101101
*
Ed
 1e-07 1 1 0
1  1442 0 0 1.85000019034863
0

0101000
+3176 0 -3174 0 *
Ve
1e-07
-6.93384887695313 -66.26296875 0
0 0

0101101
*
Ed
 1e-07 1 1 0
1  1443 0 0 1.64999871260419
0

0101000
+3174 0 -3172 0 *
Ve
1e-07
-6.58743835449219 -66.06296875 0
0 0

0101101
*
Ed
 1e-07 1 1 0
1  1444 0 0 0.400000312589455
0

0101000
+3172 0 -3170 0 *
Ve
1e-07
-6.53743835449219 -66.1495703125 0
0 0

0101101
*
Ed
 1e-07 1 1 0
1  1445 0 0 0.0999991531336274
0

0101000
+3170 0 -3168 0 *
Ve
1e-07
-5.54150939941406 -65.5745703125 0
0 0

0101101
*
Ed
 1e-07 1 1 0
1  1446 0 0 1.14999977546216
0

0101000
+3168 0 -3166 0 *
Ve
1e-07
-5.64150939941406 -65.4013671875 0
0 0

0101101
*
Ed
 1e-07 1 1 0
1  1447 0 0 0.199998306267243
0

0101000
+3166 0 -3164 0 *
Ve
1e-07
-3.64965087890625 -64.2513671875 0
0 0

0101101
*
Ed
 1e-07 1 1 0
1  1448 0 0 2.30000007950426
0

0101000
+3164 0 -3162 0 *
Ve
1e-07
-3.59965087890625 -64.33796875 0
0 0

0101101
*
Ed
 1e-07 1 1 0
1  1449 0 0 0.0999991531336277
0

0101000
+3162 0 -3160 0 *
Ve
1e-07
-3.51304840087891 -64.28796875 0
0 0

0101101
*
Ed
 1e-07 1 1 0
1  1450 0 0 0.0999999460023666
0

0101000
+3160 0 -3158 0 *
Ve
1e-07
-3.56304840087891 -64.2013671875 0
0 0

0101101
*
Ed
 1e-07 1 1 0
1  1451 0 0 0.0999991531336274
0

0101000
+3158 0 -3156 0 *
Ve
1e-07
-2.61042022705078 -63.6513671875 0
0 0

0101101
*
Ed
 1e-07 1 1 0
1  1452 0 0 1.10000019889594
0

0101000
+3156 0 -3154 0 *
Ve
1e-07
-2.68542022705078 -63.5214599609375 0
0 0

0101101
*
Ed
 1e-07 1 1 0
1  1453 0 0 0.150002958348031
0

0101000
+3154 0 -3152 0 *
Ve
1e-07
-5.62990661621094 -65.2214599609375 0
0 0

0101101
*
Ed
 1e-07 1 1 0
1  1454 0 0 3.40000001411021
0

0101000
+3152 0 -3150 0 *
Ve
1e-07
-8.45490661621094 -60.32841796875 0
0 0

0101101
*
Ed
 1e-07 1 1 0
1  1455 0 0 5.64999866701844
0

0101000
+3150 0 -3148 0 *
Ve
1e-07
-3.43195922851563 -57.42841796875 0
0 0

0101101
*
Ed
 1e-07 1 1 0
1  1456 0 0 5.80000003961682
0

0101000
+3148 0 -3146 0 *
Ve
1e-07
-3.48195922851562 -57.34181640625 0
0 0

0101101
*
Ed
 1e-07 1 1 0
1  1457 0 0 0.0999991531336213
0

0101000
+3146 0 -3144 0 *
Ve
1e-07
-4.39128601074219 -57.86681640625 0
0 0

0101101
*
Ed
 1e-07 1 1 0
1  1458 0 0 1.05000009374976
0

0101000
+3144 0 -3142 0 *
Ve
1e-07
-5.31628601074219 -56.26466796875 0
0 0

0101101
*
Ed
 1e-07 1 1 0
1  1459 0 0 1.85000124750868
0

0101000
+3142 0 -3140 0 *
Ve
1e-07
-5.40288879394531 -56.31466796875 0
0 0

0101101
*
Ed
 1e-07 1 1 0
1  1460 0 0 0.100000210292415
0

0101000
+3140 0 -3138 0 *
Ve
1e-07
-4.47788848876953 -57.91681640625 0
0 0

0101101
*
Ed
 1e-07 1 1 0
1  1461 0 0 1.85000140009649
0

0101000
+3138 0 -3136 0 *
Ve
1e-07
-8.50490661621094 -60.24181640625 0
0 0

0101101
*
Ed
 1e-07 1 1 0
1  1462 0 0 4.6499999998647
0

0101000
+3136 0 -3134 0 *
Ve
1e-07
-8.53384643554688 -60.191689453125 0
0 0

0101101
*
Ed
 1e-07 1 1 0
1  1463 0 0 0.0578811244948887
0

0101000
+3134 0 -3132 0 *
Ve
1e-07
-8.62044921875 -60.241689453125 0
0 0

0101101
*
Ed
 1e-07 1 1 0
1  1464 0 0 0.100000210292415
0

0101000
+3132 0 -3130 0 *
Ve
1e-07
-5.71650939941406 -65.2714599609375 0
0 0

0101101
*
Ed
 1e-07 1 1 0
1  1465 0 0 5.80787894463937
0

0101000
+3130 0 -3128 0 *
Ve
1e-07
-6.71243835449219 -65.8464599609375 0
0 0

0101101
*
Ed
 1e-07 1 1 0
1  1466 0 0 1.14999977546215
0

0101000
+3128 0 -3126 0 *
Ve
1e-07
-6.66243835449219 -65.9330615234375 0
0 0

0101101
*
Ed
 1e-07 1 1 0
1  1467 0 0 0.0999991531336274
0

0101000
+3126 0 -3124 0 *
Ve
1e-07
-7.05214965820312 -66.1580615234375 0
0 0

0101101
*
Ed
 1e-07 1 1 0
1  1468 0 0 0.449999889155626
0

0101000
+3124 0 -3122 0 *
Ve
1e-07
-10.5771496582031 -60.0525830078125 0
0 0

0101101
*
Ed
 1e-07 1 1 0
1  1469 0 0 7.04999949679136
0

0101000
+3122 0 -3120 0 *
Ve
1e-07
-10.1874383544922 -59.8275830078125 0
0 0

0101101
*
Ed
 1e-07 1 1 0
1  1470 0 0 0.44999988915563
0

0101000
+3120 0 -3118 0 *
Ve
1e-07
-10.1124383544922 -59.957490234375 0
0 0

0101101
*
Ed
 1e-07 1 1 0
1  1471 0 0 0.15000295834803
0

0101000
+3118 0 -3116 0 *
Ve
1e-07
-9.11650939941406 -59.382490234375 0
0 0

0101101
*
Ed
 1e-07 1 1 0
1  1472 0 0 1.14999977546216
0

0101000
+3116 0 -3114 0 *
Ve
1e-07
-9.00217529296875 -59.3805224609375 0
0 0

0101101
*
Ed
 1e-07 1 1 0
1  1473 0 0 0.114351038600222
0

0101000
+3114 0 -3112 0 *
Ve
1e-07
-9.15490661621094 -59.1159814453125 0
0 0

0101101
*
Ed
 1e-07 1 1 0
1  1474 0 0 0.305464901498053
0

0101000
+3112 0 -3110 0 *
Ve
1e-07
-10.5838488769531 -59.9409814453125 0
0 0

0101101
*
Ed
 1e-07 1 1 0
1  1475 0 0 1.65000029834391
0

0101000
+3110 0 -3108 0 *
Ve
1e-07
-11.7088488769531 -57.9924267578125 0
0 0

0101101
*
Ed
 1e-07 1 1 0
1  1476 0 0 2.24999786003859
0

0101000
+3108 0 -3106 0 *
Ve
1e-07
-10.799521484375 -57.4674267578125 0
0 0

0101101
*
Ed
 1e-07 1 1 0
1  1477 0 0 1.05000062232978
0

0101000
+3106 0 -3104 0 *
Ve
1e-07
-11.299521484375 -56.6014013671875 0
0 0

0101101
*
Ed
 1e-07 1 1 0
1  1478 0 0 0.999999988603596
0

0101000
+3104 0 -3102 0 *
Ve
1e-07
-9.39426635742188 -55.5014013671875 0
0 0

0101101
*
Ed
 1e-07 1 1 0
1  1479 0 0 2.19999934063199
0

0101000
+3102 0 -3100 0 *
Ve
1e-07
-9.56926635742188 -55.198291015625 0
0 0

0101101
*
Ed
 1e-07 1 1 0
1  1480 0 0 0.350001264603915
0

0101000
+3100 0 -3098 0 *
Ve
1e-07
-9.74247131347656 -55.298291015625 0
0 0

0101101
*
Ed
 1e-07 1 1 0
1  1481 0 0 0.199999892004736
0

0101000
+3098 0 -3096 0 *
Ve
1e-07
-10.292470703125 -54.3456640625 0
0 0

0101101
*
Ed
 1e-07 1 1 0
1  1482 0 0 1.09999883656024
0

0101000
+3096 0 -3094 0 *
Ve
1e-07
-10.2058685302734 -54.2956640625 0
0 0

0101101
*
Ed
 1e-07 1 1 0
1  1483 0 0 0.0999996817125508
0

0101000
+3094 0 -3092 0 *
Ve
1e-07
-10.255869140625 -54.2090625 0
0 0

0101101
*
Ed
 1e-07 1 1 0
1  1484 0 0 0.0999994583133838
0

0101000
+3092 0 -3090 0 *
Ve
1e-07
-12.1611242675781 -55.3090625 0
0 0

0101101
*
Ed
 1e-07 1 1 0
1  1485 0 0 2.19999934063199
0

0101000
+3090 0 -3088 0 *
Ve
1e-07
-11.5111242675781 -56.434892578125 0
0 0

0101101
*
Ed
 1e-07 1 1 0
1  1486 0 0 1.2999974480017
0

0101000
+3088 0 -3086 0 *
Ve
1e-07
-11.424521484375 -56.384892578125 0
0 0

0101101
*
Ed
 1e-07 1 1 0
1  1487 0 0 0.100000210292415
0

0101000
+3086 0 -3084 0 *
Ve
1e-07
-11.349521484375 -56.514794921875 0
0 0

0101101
*
Ed
 1e-07 1 1 0
1  1488 0 0 0.14999872970043
0

0101000
+3084 0 -3082 0 *
Ve
1e-07
-11.4361242675781 -56.564794921875 0
0 0

0101101
*
Ed
 1e-07 1 1 0
1  1489 0 0 0.100000210292415
0

0101000
+3082 0 -3080 0 *
Ve
1e-07
-10.9361242675781 -57.4308203125 0
0 0

0101101
*
Ed
 1e-07 1 1 0
1  1490 0 0 0.999999988603596
0

0101000
+3080 0 -3078 0 *
Ve
1e-07
-11.7588488769531 -57.9058203125 0
0 0

0101101
*
Ed
 1e-07 1 1 0
1  1491 0 0 0.950000412037407
0

0101000
+3078 0 -3076 0 *
Ve
1e-07
-13.7588488769531 -54.44171875 0
0 0

0101101
*
Ed
 1e-07 1 1 0
1  1492 0 0 3.99999995441437
0

0101000
+3076 0 -3074 0 *
Ve
1e-07
-12.9361242675781 -53.96671875 0
0 0

0101101
*
Ed
 1e-07 1 1 0
1  1493 0 0 0.95000041203741
0

0101000
+3074 0 -3072 0 *
Ve
1e-07
-12.8861242675781 -54.0533251953125 0
0 0

0101101
*
Ed
 1e-07 1 1 0
1  1494 0 0 0.100003381791156
0

0101000
+3072 0 -3070 0 *
Ed
 1e-07 1 1 0
1  1495 0 0 3.049999542377
0

0101000
+3070 0 -3809 0 *
Wi

0101100
+3807 0 +3805 0 +3803 0 +3801 0 +3799 0 +3797 0 +3795 0 +3793 0 +3791 0 +3789 0 
+3787 0 +3785 0 +3783 0 +3781 0 +3779 0 +3777 0 +3775 0 +3773 0 +3771 0 +3769 0 
+3767 0 +3765 0 +3763 0 +3761 0 +3759 0 +3757 0 +3755 0 +3753 0 +3751 0 +3749 0 
+3747 0 +3745 0 +3743 0 +3741 0 +3739 0 +3737 0 +3735 0 +3733 0 +3731 0 +3729 0 
+3727 0 +3725 0 +3723 0 +3721 0 +3719 0 +3717 0 +3715 0 +3713 0 +3711 0 +3709 0 
+3707 0 +3705 0 +3703 0 +3701 0 +3699 0 +3697 0 +3695 0 +3693 0 +3691 0 +3689 0 
+3687 0 +3685 0 +3683 0 +3681 0 +3679 0 +3677 0 +3675 0 +3673 0 +3671 0 +3669 0 
+3667 0 +3665 0 +3663 0 +3661 0 +3659 0 +3657 0 +3655 0 +3653 0 +3651 0 +3649 0 
+3647 0 +3645 0 +3643 0 +3641 0 +3639 0 +3637 0 +3635 0 +3633 0 +3631 0 +3629 0 
+3627 0 +3625 0 +3623 0 +3621 0 +3619 0 +3617 0 +3615 0 +3613 0 +3611 0 +3609 0 
+3607 0 +3605 0 +3603 0 +3601 0 +3599 0 +3597 0 +3595 0 +3593 0 +3591 0 +3589 0 
+3587 0 +3585 0 +3583 0 +3581 0 +3579 0 +3577 0 +3575 0 +3573 0 +3571 0 +3569 0 
+3567 0 +3565 0 +3563 0 +3561 0 +3559 0 +3557 0 +3555 0 +3553 0 +3551 0 +3549 0 
+3547 0 +3545 0 +3543 0 +3541 0 +3539 0 +3537 0 +3535 0 +3533 0 +3531 0 +3529 0 
+3527 0 +3525 0 +3523 0 +3521 0 +3519 0 +3517 0 +3515 0 +3513 0 +3511 0 +3509 0 
+3507 0 +3505 0 +3503 0 +3501 0 +3499 0 +3497 0 +3495 0 +3493 0 +3491 0 +3489 0 
+3487 0 +3485 0 +3483 0 +3481 0 +3479 0 +3477 0 +3475 0 +3473 0 +3471 0 +3469 0 
+3467 0 +3465 0 +3463 0 +3461 0 +3459 0 +3457 0 +3455 0 +3453 0 +3451 0 +3449 0 
+3447 0 +3445 0 +3443 0 +3441 0 +3439 0 +3437 0 +3435 0 +3433 0 +3431 0 +3429 0 
+3427 0 +3425 0 +3423 0 +3421 0 +3419 0 +3417 0 +3415 0 +3413 0 +3411 0 +3409 0 
+3407 0 +3405 0 +3403 0 +3401 0 +3399 0 +3397 0 +3395 0 +3393 0 +3391 0 +3389 0 
+3387 0 +3385 0 +3383 0 +3381 0 +3379 0 +3377 0 +3375 0 +3373 0 +3371 0 +3369 0 
+3367 0 +3365 0 +3363 0 +3361 0 +3359 0 +3357 0 +3355 0 +3353 0 +3351 0 +3349 0 
+3347 0 +3345 0 +3343 0 +3341 0 +3339 0 +3337 0 +3335 0 +3333 0 +3331 0 +3329 0 
+3327 0 +3325 0 +3323 0 +3321 0 +3319 0 +3317 0 +3315 0 +3313 0 +3311 0 +3309 0 
+3307 0 +3305 0 +3303 0 +3301 0 +3299 0 +3297 0 +3295 0 +3293 0 +3291 0 +3289 0 
+3287 0 +3285 0 +3283 0 +3281 0 +3279 0 +3277 0 +3275 0 +3273 0 +3271 0 +3269 0 
+3267 0 +3265 0 +3263 0 +3261 0 +3259 0 +3257 0 +3255 0 +3253 0 +3251 0 +3249 0 
+3247 0 +3245 0 +3243 0 +3241 0 +3239 0 +3237 0 +3235 0 +3233 0 +3231 0 +3229 0 
+3227 0 +3225 0 +3223 0 +3221 0 +3219 0 +3217 0 +3215 0 +3213 0 +3211 0 +3209 0 
+3207 0 +3205 0 +3203 0 +3201 0 +3199 0 +3197 0 +3195 0 +3193 0 +3191 0 +3189 0 
+3187 0 +3185 0 +3183 0 +3181 0 +3179 0 +3177 0 +3175 0 +3173 0 +3171 0 +3169 0 
+3167 0 +3165 0 +3163 0 +3161 0 +3159 0 +3157 0 +3155 0 +3153 0 +3151 0 +3149 0 
+3147 0 +3145 0 +3143 0 +3141 0 +3139 0 +3137 0 +3135 0 +3133 0 +3131 0 +3129 0 
+3127 0 +3125 0 +3123 0 +3121 0 +3119 0 +3117 0 +3115 0 +3113 0 +3111 0 +3109 0 
+3107 0 +3105 0 +3103 0 +3101 0 +3099 0 +3097 0 +3095 0 +3093 0 +3091 0 +3089 0 
+3087 0 +3085 0 +3083 0 +3081 0 +3079 0 +3077 0 +3075 0 +3073 0 +3071 0 +3069 0 
+3068 0 *
Ve
1e-07
2.46325347900391 -68.5392236328125 0
0 0

0101101
*
Ve
1e-07
2.54985595703125 -68.4892236328125 0
0 0

0101101
*
Ed
 1e-07 1 1 0
1  1496 0 0 0.0999999460023741
2  101 17 0 0 0.0999999460023741
2  102 18 0 0 0.0999999460023741
2  103 19 0 0 0.0999999460023741
0

0101000
+3066 0 -3065 0 *
Ve
1e-07
2.18106811523438 -67.85046875 0
0 0

0101101
*
Ed
 1e-07 1 1 0
1  1497 0 0 0.737571876208683
2  104 17 0 0 0.737571876208683
2  105 18 0 0 0.737571876208683
2  106 19 0 0 0.737571876208683
0

0101000
+3065 0 -3063 0 *
Ve
1e-07
2.09446563720703 -67.90046875 0
0 0

0101101
*
Ed
 1e-07 1 1 0
1  1498 0 0 0.099999946002367
2  107 17 0 0 0.099999946002367
2  108 18 0 0 0.099999946002367
2  109 19 0 0 0.099999946002367
0

0101000
+3063 0 -3061 0 *
Ed
 1e-07 1 1 0
1  1499 0 0 0.737571876208696
2  110 17 0 0 0.737571876208696
2  111 18 0 0 0.737571876208696
2  112 19 0 0 0.737571876208696
0

0101000
+3061 0 -3066 0 *
Wi

0101100
+3064 0 +3062 0 +3060 0 +3059 0 *
Ve
1e-07
-6.59747375488281 -37.3455859375 0
0 0

0101101
*
Ve
1e-07
-6.68407653808594 -37.3955859375 0
0 0

0101101
*
Ed
 1e-07 1 1 0
1  1500 0 0 0.100000210292418
2  113 20 0 0 0.100000210292418
2  114 21 0 0 0.100000210292418
2  115 22 0 0 0.100000210292418
0

0101000
+3057 0 -3056 0 *
Ve
1e-07
-6.28407653808594 -38.0884057617188 0
0 0

0101101
*
Ed
 1e-07 1 1 0
1  1501 0 0 0.799999568018948
2  116 20 0 0 0.799999568018948
2  117 21 0 0 0.799999568018948
2  118 22 0 0 0.799999568018948
0

0101000
+3056 0 -3054 0 *
Ve
1e-07
-6.50058288574219 -38.2134057617188 0
0 0

0101101
*
Ed
 1e-07 1 1 0
1  1502 0 0 0.249999997150898
2  119 20 0 0 0.249999997150898
2  120 21 0 0 0.249999997150898
2  121 22 0 0 0.249999997150898
0

0101000
+3054 0 -3052 0 *
Ve
1e-07
-6.45058288574219 -38.300009765625 0
0 0

0101101
*
Ed
 1e-07 1 1 0
1  1503 0 0 0.100001267454933
2  122 20 0 0 0.100001267454933
2  123 21 0 0 0.100001267454933
2  124 22 0 0 0.100001267454933
0

0101000
+3052 0 -3050 0 *
Ve
1e-07
-4.76183319091797 -37.325009765625 0
0 0

0101101
*
Ed
 1e-07 1 1 0
1  1504 0 0 1.95000013635099
2  125 20 0 0 1.95000013635099
2  126 21 0 0 1.95000013635099
2  127 22 0 0 1.95000013635099
0

0101000
+3050 0 -3048 0 *
Ve
1e-07
-4.81183319091797 -37.2384057617188 0
0 0

0101101
*
Ed
 1e-07 1 1 0
1  1505 0 0 0.100001267454933
2  128 20 0 0 0.100001267454933
2  129 21 0 0 0.100001267454933
2  130 22 0 0 0.100001267454933
0

0101000
+3048 0 -3046 0 *
Ve
1e-07
-5.63455749511719 -37.7134057617188 0
0 0

0101101
*
Ed
 1e-07 1 1 0
1  1506 0 0 0.950000147747404
2  131 20 0 0 0.950000147747404
2  132 21 0 0 0.950000147747404
2  133 22 0 0 0.950000147747404
0

0101000
+3046 0 -3044 0 *
Ve
1e-07
-5.95955749511719 -37.1504907226563 0
0 0

0101101
*
Ed
 1e-07 1 1 0
1  1507 0 0 0.649998724000855
2  134 20 0 0 0.649998724000855
2  135 21 0 0 0.649998724000855
2  136 22 0 0 0.649998724000855
0

0101000
+3044 0 -3042 0 *
Ve
1e-07
-6.52247375488281 -37.4754907226563 0
0 0

0101101
*
Ed
 1e-07 1 1 0
1  1508 0 0 0.649999781160365
2  137 20 0 0 0.649999781160365
2  138 21 0 0 0.649999781160365
2  139 22 0 0 0.649999781160365
0

0101000
+3042 0 -3040 0 *
Ed
 1e-07 1 1 0
1  1509 0 0 0.150000844019269
2  140 20 0 0 0.150000844019269
2  141 21 0 0 0.150000844019269
2  142 22 0 0 0.150000844019269
0

0101000
+3040 0 -3057 0 *
Wi

0101100
+3055 0 +3053 0 +3051 0 +3049 0 +3047 0 +3045 0 +3043 0 +3041 0 +3039 0 +3038 0 
*
Fa
0  1e-07 16 0

0111000
+3067 0 +3058 0 +3037 0 *
Ve
1e-07
36.27865234375 -94.52 5
0 0

0101101
*
Ve
1e-07
36.27865234375 -94.07 5
0 0

0101101
*
Ed
 1e-07 1 1 0
1  1510 0 0 0.449999999999989
0

0101000
+3035 0 -3034 0 *
Ve
1e-07
36.42865234375 -94.07 5
0 0

0101101
*
Ed
 1e-07 1 1 0
1  1511 0 0 0.149999999999999
0

0101000
+3034 0 -3032 0 *
Ve
1e-07
36.3966821289062 -83.52 5
0 0

0101101
*
Ed
 1e-07 1 1 0
1  1512 0 0 10.5500484403929
0

0101000
+3032 0 -3030 0 *
Ve
1e-07
38.2963793945313 -83.52 5
0 0

0101101
*
Ed
 1e-07 1 1 0
1  1513 0 0 1.899697265625
0

0101000
+3030 0 -3028 0 *
Ve
1e-07
38.2963793945313 -87.42 5
0 0

0101101
*
Ed
 1e-07 1 1 0
1  1514 0 0 3.90000000000001
0

0101000
+3028 0 -3026 0 *
Ve
1e-07
38.1463793945313 -87.42 5
0 0

0101101
*
Ed
 1e-07 1 1 0
1  1515 0 0 0.149999999999999
0

0101000
+3026 0 -3024 0 *
Ve
1e-07
38.1463793945313 -87.52 5
0 0

0101101
*
Ed
 1e-07 1 1 0
1  1516 0 0 0.0999999999999943
0

0101000
+3024 0 -3022 0 *
Ve
1e-07
38.57865234375 -87.52 5
0 0

0101101
*
Ed
 1e-07 1 1 0
1  1517 0 0 0.432272949218749
0

0101000
+3022 0 -3020 0 *
Ve
1e-07
38.57865234375 -87.42 5
0 0

0101101
*
Ed
 1e-07 1 1 0
1  1518 0 0 0.0999999999999943
0

0101000
+3020 0 -3018 0 *
Ve
1e-07
38.3963793945313 -87.42 5
0 0

0101101
*
Ed
 1e-07 1 1 0
1  1519 0 0 0.182272949218749
0

0101000
+3018 0 -3016 0 *
Ve
1e-07
38.3963793945313 -85.22 5
0 0

0101101
*
Ed
 1e-07 1 1 0
1  1520 0 0 2.2
0

0101000
+3016 0 -3014 0 *
Ve
1e-07
41.296376953125 -85.22 5
0 0

0101101
*
Ed
 1e-07 1 1 0
1  1521 0 0 2.89999755859375
0

0101000
+3014 0 -3012 0 *
Ve
1e-07
41.296376953125 -85.97 5
0 0

0101101
*
Ed
 1e-07 1 1 0
1  1522 0 0 0.75
0

0101000
+3012 0 -3010 0 *
Ve
1e-07
41.396376953125 -85.97 5
0 0

0101101
*
Ed
 1e-07 1 1 0
1  1523 0 0 0.100000000000001
0

0101000
+3010 0 -3008 0 *
Ve
1e-07
41.396376953125 -83.42 5
0 0

0101101
*
Ed
 1e-07 1 1 0
1  1524 0 0 2.55
0

0101000
+3008 0 -3006 0 *
Ve
1e-07
41.146376953125 -83.42 5
0 0

0101101
*
Ed
 1e-07 1 1 0
1  1525 0 0 0.25
0

0101000
+3006 0 -3004 0 *
Ve
1e-07
41.146376953125 -83.52 5
0 0

0101101
*
Ed
 1e-07 1 1 0
1  1526 0 0 0.0999999999999943
0

0101000
+3004 0 -3002 0 *
Ve
1e-07
41.296376953125 -83.52 5
0 0

0101101
*
Ed
 1e-07 1 1 0
1  1527 0 0 0.149999999999999
0

0101000
+3002 0 -3000 0 *
Ve
1e-07
41.296376953125 -85.12 5
0 0

0101101
*
Ed
 1e-07 1 1 0
1  1528 0 0 1.60000000000001
0

0101000
+3000 0 -2998 0 *
Ve
1e-07
38.3963793945313 -85.12 5
0 0

0101101
*
Ed
 1e-07 1 1 0
1  1529 0 0 2.89999755859375
0

0101000
+2998 0 -2996 0 *
Ve
1e-07
38.3963793945313 -83.52 5
0 0

0101101
*
Ed
 1e-07 1 1 0
1  1530 0 0 1.60000000000001
0

0101000
+2996 0 -2994 0 *
Ve
1e-07
40.1463793945313 -83.52 5
0 0

0101101
*
Ed
 1e-07 1 1 0
1  1531 0 0 1.75
0

0101000
+2994 0 -2992 0 *
Ve
1e-07
40.1463793945313 -83.42 5
0 0

0101101
*
Ed
 1e-07 1 1 0
1  1532 0 0 0.0999999999999943
0

0101000
+2992 0 -2990 0 *
Ve
1e-07
39.52865234375 -83.42 5
0 0

0101101
*
Ed
 1e-07 1 1 0
1  1533 0 0 0.617727050781248
0

0101000
+2990 0 -2988 0 *
Ve
1e-07
39.52865234375 -83.32 5
0 0

0101101
*
Ed
 1e-07 1 1 0
1  1534 0 0 0.0999999999999943
0

0101000
+2988 0 -2986 0 *
Ve
1e-07
39.42865234375 -83.32 5
0 0

0101101
*
Ed
 1e-07 1 1 0
1  1535 0 0 0.100000000000001
0

0101000
+2986 0 -2984 0 *
Ve
1e-07
39.42865234375 -83.42 5
0 0

0101101
*
Ed
 1e-07 1 1 0
1  1536 0 0 0.0999999999999943
0

0101000
+2984 0 -2982 0 *
Ve
1e-07
36.3963793945313 -83.42 5
0 0

0101101
*
Ed
 1e-07 1 1 0
1  1537 0 0 3.03227294921875
0

0101000
+2982 0 -2980 0 *
Ve
1e-07
36.37986328125 -77.97 5
0 0

0101101
*
Ed
 1e-07 1 1 0
1  1538 0 0 5.45002502581391
0

0101000
+2980 0 -2978 0 *
Ve
1e-07
36.62865234375 -77.97 5
0 0

0101101
*
Ed
 1e-07 1 1 0
1  1539 0 0 0.248789062499995
0

0101000
+2978 0 -2976 0 *
Ve
1e-07
36.62865234375 -77.57 5
0 0

0101101
*
Ed
 1e-07 1 1 0
1  1540 0 0 0.399999999999991
0

0101000
+2976 0 -2974 0 *
Ve
1e-07
36.32865234375 -77.57 5
0 0

0101101
*
Ed
 1e-07 1 1 0
1  1541 0 0 0.299999999999997
0

0101000
+2974 0 -2972 0 *
Ve
1e-07
36.32865234375 -77.22 5
0 0

0101101
*
Ed
 1e-07 1 1 0
1  1542 0 0 0.350000000000009
0

0101000
+2972 0 -2970 0 *
Ve
1e-07
39.42865234375 -77.22 5
0 0

0101101
*
Ed
 1e-07 1 1 0
1  1543 0 0 3.1
0

0101000
+2970 0 -2968 0 *
Ve
1e-07
39.42865234375 -82.32 5
0 0

0101101
*
Ed
 1e-07 1 1 0
1  1544 0 0 5.10000000000001
0

0101000
+2968 0 -2966 0 *
Ve
1e-07
39.52865234375 -82.32 5
0 0

0101101
*
Ed
 1e-07 1 1 0
1  1545 0 0 0.100000000000001
0

0101000
+2966 0 -2964 0 *
Ve
1e-07
39.52865234375 -82.22 5
0 0

0101101
*
Ed
 1e-07 1 1 0
1  1546 0 0 0.100000000000009
0

0101000
+2964 0 -2962 0 *
Ve
1e-07
41.32865234375 -82.22 5
0 0

0101101
*
Ed
 1e-07 1 1 0
1  1547 0 0 1.8
0

0101000
+2962 0 -2960 0 *
Ve
1e-07
41.32865234375 -82.12 5
0 0

0101101
*
Ed
 1e-07 1 1 0
1  1548 0 0 0.0999999999999943
0

0101000
+2960 0 -2958 0 *
Ve
1e-07
39.52865234375 -82.12 5
0 0

0101101
*
Ed
 1e-07 1 1 0
1  1549 0 0 1.8
0

0101000
+2958 0 -2956 0 *
Ve
1e-07
39.52865234375 -77.22 5
0 0

0101101
*
Ed
 1e-07 1 1 0
1  1550 0 0 4.90000000000001
0

0101000
+2956 0 -2954 0 *
Ve
1e-07
42.47865234375 -77.22 5
0 0

0101101
*
Ed
 1e-07 1 1 0
1  1551 0 0 2.95
0

0101000
+2954 0 -2952 0 *
Ve
1e-07
42.47865234375 -82.12 5
0 0

0101101
*
Ed
 1e-07 1 1 0
1  1552 0 0 4.90000000000001
0

0101000
+2952 0 -2950 0 *
Ve
1e-07
42.32865234375 -82.12 5
0 0

0101101
*
Ed
 1e-07 1 1 0
1  1553 0 0 0.149999999999999
0

0101000
+2950 0 -2948 0 *
Ve
1e-07
42.32865234375 -82.22 5
0 0

0101101
*
Ed
 1e-07 1 1 0
1  1554 0 0 0.0999999999999943
0

0101000
+2948 0 -2946 0 *
Ve
1e-07
42.47865234375 -82.22 5
0 0

0101101
*
Ed
 1e-07 1 1 0
1  1555 0 0 0.149999999999999
0

0101000
+2946 0 -2944 0 *
Ve
1e-07
42.47865234375 -85.97 5
0 0

0101101
*
Ed
 1e-07 1 1 0
1  1556 0 0 3.75
0

0101000
+2944 0 -2942 0 *
Ve
1e-07
48.97865234375 -85.97 5
0 0

0101101
*
Ed
 1e-07 1 1 0
1  1557 0 0 6.5
0

0101000
+2942 0 -2940 0 *
Ve
1e-07
48.97865234375 -86.07 5
0 0

0101101
*
Ed
 1e-07 1 1 0
1  1558 0 0 0.100000000000009
0

0101000
+2940 0 -2938 0 *
Ve
1e-07
49.07865234375 -86.07 5
0 0

0101101
*
Ed
 1e-07 1 1 0
1  1559 0 0 0.100000000000001
0

0101000
+2938 0 -2936 0 *
Ve
1e-07
49.07865234375 -85.97 5
0 0

0101101
*
Ed
 1e-07 1 1 0
1  1560 0 0 0.100000000000009
0

0101000
+2936 0 -2934 0 *
Ve
1e-07
52.02865234375 -85.97 5
0 0

0101101
*
Ed
 1e-07 1 1 0
1  1561 0 0 2.95
0

0101000
+2934 0 -2932 0 *
Ve
1e-07
52.02865234375 -86.07 5
0 0

0101101
*
Ed
 1e-07 1 1 0
1  1562 0 0 0.100000000000009
0

0101000
+2932 0 -2930 0 *
Ve
1e-07
52.17865234375 -86.07 5
0 0

0101101
*
Ed
 1e-07 1 1 0
1  1563 0 0 0.149999999999999
0

0101000
+2930 0 -2928 0 *
Ve
1e-07
52.17865234375 -85.17 5
0 0

0101101
*
Ed
 1e-07 1 1 0
1  1564 0 0 0.900000000000006
0

0101000
+2928 0 -2926 0 *
Ve
1e-07
52.77865234375 -85.17 5
0 0

0101101
*
Ed
 1e-07 1 1 0
1  1565 0 0 0.600000000000001
0

0101000
+2926 0 -2924 0 *
Ve
1e-07
52.77865234375 -85.07 5
0 0

0101101
*
Ed
 1e-07 1 1 0
1  1566 0 0 0.0999999999999943
0

0101000
+2924 0 -2922 0 *
Ve
1e-07
52.07865234375 -85.07 5
0 0

0101101
*
Ed
 1e-07 1 1 0
1  1567 0 0 0.700000000000003
0

0101000
+2922 0 -2920 0 *
Ve
1e-07
52.07865234375 -85.72 5
0 0

0101101
*
Ed
 1e-07 1 1 0
1  1568 0 0 0.649999999999991
0

0101000
+2920 0 -2918 0 *
Ve
1e-07
49.17865234375 -85.72 5
0 0

0101101
*
Ed
 1e-07 1 1 0
1  1569 0 0 2.9
0

0101000
+2918 0 -2916 0 *
Ve
1e-07
49.17865234375 -83.67 5
0 0

0101101
*
Ed
 1e-07 1 1 0
1  1570 0 0 2.05
0

0101000
+2916 0 -2914 0 *
Ve
1e-07
46.97865234375 -83.67 5
0 0

0101101
*
Ed
 1e-07 1 1 0
1  1571 0 0 2.2
0

0101000
+2914 0 -2912 0 *
Ve
1e-07
46.97865234375 -83.57 5
0 0

0101101
*
Ed
 1e-07 1 1 0
1  1572 0 0 0.0999999999999943
0

0101000
+2912 0 -2910 0 *
Ve
1e-07
46.87865234375 -83.57 5
0 0

0101101
*
Ed
 1e-07 1 1 0
1  1573 0 0 0.100000000000001
0

0101000
+2910 0 -2908 0 *
Ve
1e-07
46.87865234375 -83.67 5
0 0

0101101
*
Ed
 1e-07 1 1 0
1  1574 0 0 0.0999999999999943
0

0101000
+2908 0 -2906 0 *
Ve
1e-07
42.72865234375 -83.67 5
0 0

0101101
*
Ed
 1e-07 1 1 0
1  1575 0 0 4.15
0

0101000
+2906 0 -2904 0 *
Ve
1e-07
42.72865234375 -77.22 5
0 0

0101101
*
Ed
 1e-07 1 1 0
1  1576 0 0 6.45
0

0101000
+2904 0 -2902 0 *
Ve
1e-07
46.02865234375 -77.22 5
0 0

0101101
*
Ed
 1e-07 1 1 0
1  1577 0 0 3.3
0

0101000
+2902 0 -2900 0 *
Ve
1e-07
46.02865234375 -82.47 5
0 0

0101101
*
Ed
 1e-07 1 1 0
1  1578 0 0 5.25
0

0101000
+2900 0 -2898 0 *
Ve
1e-07
46.87865234375 -82.47 5
0 0

0101101
*
Ed
 1e-07 1 1 0
1  1579 0 0 0.849999999999994
0

0101000
+2898 0 -2896 0 *
Ve
1e-07
46.87865234375 -82.57 5
0 0

0101101
*
Ed
 1e-07 1 1 0
1  1580 0 0 0.100000000000009
0

0101000
+2896 0 -2894 0 *
Ve
1e-07
46.97865234375 -82.57 5
0 0

0101101
*
Ed
 1e-07 1 1 0
1  1581 0 0 0.100000000000001
0

0101000
+2894 0 -2892 0 *
Ve
1e-07
46.97865234375 -82.47 5
0 0

0101101
*
Ed
 1e-07 1 1 0
1  1582 0 0 0.100000000000009
0

0101000
+2892 0 -2890 0 *
Ve
1e-07
47.92865234375 -82.47 5
0 0

0101101
*
Ed
 1e-07 1 1 0
1  1583 0 0 0.950000000000003
0

0101000
+2890 0 -2888 0 *
Ve
1e-07
47.92865234375 -82.37 5
0 0

0101101
*
Ed
 1e-07 1 1 0
1  1584 0 0 0.0999999999999943
0

0101000
+2888 0 -2886 0 *
Ve
1e-07
46.12865234375 -82.37 5
0 0

0101101
*
Ed
 1e-07 1 1 0
1  1585 0 0 1.8
0

0101000
+2886 0 -2884 0 *
Ve
1e-07
46.12865234375 -77.22 5
0 0

0101101
*
Ed
 1e-07 1 1 0
1  1586 0 0 5.15000000000001
0

0101000
+2884 0 -2882 0 *
Ve
1e-07
49.07865234375 -77.22 5
0 0

0101101
*
Ed
 1e-07 1 1 0
1  1587 0 0 2.95
0

0101000
+2882 0 -2880 0 *
Ve
1e-07
49.07865234375 -77.62 5
0 0

0101101
*
Ed
 1e-07 1 1 0
1  1588 0 0 0.400000000000006
0

0101000
+2880 0 -2878 0 *
Ve
1e-07
48.92865234375 -77.62 5
0 0

0101101
*
Ed
 1e-07 1 1 0
1  1589 0 0 0.149999999999999
0

0101000
+2878 0 -2876 0 *
Ve
1e-07
48.92865234375 -78.72 5
0 0

0101101
*
Ed
 1e-07 1 1 0
1  1590 0 0 1.09999999999999
0

0101000
+2876 0 -2874 0 *
Ve
1e-07
49.07865234375 -78.72 5
0 0

0101101
*
Ed
 1e-07 1 1 0
1  1591 0 0 0.149999999999999
0

0101000
+2874 0 -2872 0 *
Ve
1e-07
49.07865234375 -82.37 5
0 0

0101101
*
Ed
 1e-07 1 1 0
1  1592 0 0 3.65000000000001
0

0101000
+2872 0 -2870 0 *
Ve
1e-07
48.92865234375 -82.37 5
0 0

0101101
*
Ed
 1e-07 1 1 0
1  1593 0 0 0.149999999999999
0

0101000
+2870 0 -2868 0 *
Ve
1e-07
48.92865234375 -82.47 5
0 0

0101101
*
Ed
 1e-07 1 1 0
1  1594 0 0 0.0999999999999943
0

0101000
+2868 0 -2866 0 *
Ve
1e-07
49.17865234375 -82.47 5
0 0

0101101
*
Ed
 1e-07 1 1 0
1  1595 0 0 0.25
0

0101000
+2866 0 -2864 0 *
Ve
1e-07
49.17865234375 -78.82 5
0 0

0101101
*
Ed
 1e-07 1 1 0
1  1596 0 0 3.64999999999999
0

0101000
+2864 0 -2862 0 *
Ve
1e-07
50.52865234375 -78.82 5
0 0

0101101
*
Ed
 1e-07 1 1 0
1  1597 0 0 1.35
0

0101000
+2862 0 -2860 0 *
Ve
1e-07
50.52865234375 -78.72 5
0 0

0101101
*
Ed
 1e-07 1 1 0
1  1598 0 0 0.100000000000009
0

0101000
+2860 0 -2858 0 *
Ve
1e-07
49.17865234375 -78.72 5
0 0

0101101
*
Ed
 1e-07 1 1 0
1  1599 0 0 1.35
0

0101000
+2858 0 -2856 0 *
Ve
1e-07
49.17865234375 -77.22 5
0 0

0101101
*
Ed
 1e-07 1 1 0
1  1600 0 0 1.5
0

0101000
+2856 0 -2854 0 *
Ve
1e-07
53.87865234375 -77.22 5
0 0

0101101
*
Ed
 1e-07 1 1 0
1  1601 0 0 4.7
0

0101000
+2854 0 -2852 0 *
Ve
1e-07
53.87865234375 -78.72 5
0 0

0101101
*
Ed
 1e-07 1 1 0
1  1602 0 0 1.5
0

0101000
+2852 0 -2850 0 *
Ve
1e-07
52.52865234375 -78.72 5
0 0

0101101
*
Ed
 1e-07 1 1 0
1  1603 0 0 1.34999999999999
0

0101000
+2850 0 -2848 0 *
Ve
1e-07
52.52865234375 -78.82 5
0 0

0101101
*
Ed
 1e-07 1 1 0
1  1604 0 0 0.100000000000009
0

0101000
+2848 0 -2846 0 *
Ve
1e-07
53.87865234375 -78.82 5
0 0

0101101
*
Ed
 1e-07 1 1 0
1  1605 0 0 1.34999999999999
0

0101000
+2846 0 -2844 0 *
Ve
1e-07
53.87865234375 -80.82 5
0 0

0101101
*
Ed
 1e-07 1 1 0
1  1606 0 0 2
0

0101000
+2844 0 -2842 0 *
Ve
1e-07
53.97865234375 -80.82 5
0 0

0101101
*
Ed
 1e-07 1 1 0
1  1607 0 0 0.100000000000001
0

0101000
+2842 0 -2840 0 *
Ve
1e-07
53.97865234375 -79.42 5
0 0

0101101
*
Ed
 1e-07 1 1 0
1  1608 0 0 1.40000000000001
0

0101000
+2840 0 -2838 0 *
Ve
1e-07
55.05365234375 -79.42 5
0 0

0101101
*
Ed
 1e-07 1 1 0
1  1609 0 0 1.075
0

0101000
+2838 0 -2836 0 *
Ve
1e-07
55.05365234375 -79.32 5
0 0

0101101
*
Ed
 1e-07 1 1 0
1  1610 0 0 0.0999999999999943
0

0101000
+2836 0 -2834 0 *
Ve
1e-07
53.97865234375 -79.32 5
0 0

0101101
*
Ed
 1e-07 1 1 0
1  1611 0 0 1.075
0

0101000
+2834 0 -2832 0 *
Ve
1e-07
53.97865234375 -77.22 5
0 0

0101101
*
Ed
 1e-07 1 1 0
1  1612 0 0 2.10000000000001
0

0101000
+2832 0 -2830 0 *
Ve
1e-07
56.77865234375 -77.22 5
0 0

0101101
*
Ed
 1e-07 1 1 0
1  1613 0 0 2.8
0

0101000
+2830 0 -2828 0 *
Ve
1e-07
56.77865234375 -78.22 5
0 0

0101101
*
Ed
 1e-07 1 1 0
1  1614 0 0 1
0

0101000
+2828 0 -2826 0 *
Ve
1e-07
56.62865234375 -78.22 5
0 0

0101101
*
Ed
 1e-07 1 1 0
1  1615 0 0 0.150000000000006
0

0101000
+2826 0 -2824 0 *
Ve
1e-07
56.62865234375 -79.32 5
0 0

0101101
*
Ed
 1e-07 1 1 0
1  1616 0 0 1.10000000000001
0

0101000
+2824 0 -2822 0 *
Ve
1e-07
56.05365234375 -79.32 5
0 0

0101101
*
Ed
 1e-07 1 1 0
1  1617 0 0 0.574999999999996
0

0101000
+2822 0 -2820 0 *
Ve
1e-07
56.05365234375 -79.42 5
0 0

0101101
*
Ed
 1e-07 1 1 0
1  1618 0 0 0.0999999999999943
0

0101000
+2820 0 -2818 0 *
Ve
1e-07
56.62865234375 -79.42 5
0 0

0101101
*
Ed
 1e-07 1 1 0
1  1619 0 0 0.574999999999996
0

0101000
+2818 0 -2816 0 *
Ve
1e-07
56.62865234375 -82.52 5
0 0

0101101
*
Ed
 1e-07 1 1 0
1  1620 0 0 3.09999999999999
0

0101000
+2816 0 -2814 0 *
Ve
1e-07
53.97865234375 -82.52 5
0 0

0101101
*
Ed
 1e-07 1 1 0
1  1621 0 0 2.65
0

0101000
+2814 0 -2812 0 *
Ve
1e-07
53.97865234375 -81.82 5
0 0

0101101
*
Ed
 1e-07 1 1 0
1  1622 0 0 0.699999999999989
0

0101000
+2812 0 -2810 0 *
Ve
1e-07
53.87865234375 -81.82 5
0 0

0101101
*
Ed
 1e-07 1 1 0
1  1623 0 0 0.100000000000001
0

0101000
+2810 0 -2808 0 *
Ve
1e-07
53.87865234375 -85.07 5
0 0

0101101
*
Ed
 1e-07 1 1 0
1  1624 0 0 3.25
0

0101000
+2808 0 -2806 0 *
Ve
1e-07
53.77865234375 -85.07 5
0 0

0101101
*
Ed
 1e-07 1 1 0
1  1625 0 0 0.0999999999999943
0

0101000
+2806 0 -2804 0 *
Ve
1e-07
53.77865234375 -85.17 5
0 0

0101101
*
Ed
 1e-07 1 1 0
1  1626 0 0 0.0999999999999943
0

0101000
+2804 0 -2802 0 *
Ve
1e-07
53.87865234375 -85.17 5
0 0

0101101
*
Ed
 1e-07 1 1 0
1  1627 0 0 0.0999999999999943
0

0101000
+2802 0 -2800 0 *
Ve
1e-07
53.87865234375 -88.02 5
0 0

0101101
*
Ed
 1e-07 1 1 0
1  1628 0 0 2.84999999999999
0

0101000
+2800 0 -2798 0 *
Ve
1e-07
54.17865234375 -88.02 5
0 0

0101101
*
Ed
 1e-07 1 1 0
1  1629 0 0 0.300000000000004
0

0101000
+2798 0 -2796 0 *
Ve
1e-07
54.17865234375 -82.82 5
0 0

0101101
*
Ed
 1e-07 1 1 0
1  1630 0 0 5.19999999999999
0

0101000
+2796 0 -2794 0 *
Ve
1e-07
56.87865234375 -82.82 5
0 0

0101101
*
Ed
 1e-07 1 1 0
1  1631 0 0 2.7
0

0101000
+2794 0 -2792 0 *
Ve
1e-07
56.87865234375 -79.57 5
0 0

0101101
*
Ed
 1e-07 1 1 0
1  1632 0 0 3.25
0

0101000
+2792 0 -2790 0 *
Ve
1e-07
63.45365234375 -79.57 5
0 0

0101101
*
Ed
 1e-07 1 1 0
1  1633 0 0 6.575
0

0101000
+2790 0 -2788 0 *
Ve
1e-07
63.45365234375 -81.22 5
0 0

0101101
*
Ed
 1e-07 1 1 0
1  1634 0 0 1.64999999999999
0

0101000
+2788 0 -2786 0 *
Ve
1e-07
62.80365234375 -81.22 5
0 0

0101101
*
Ed
 1e-07 1 1 0
1  1635 0 0 0.649999999999999
0

0101000
+2786 0 -2784 0 *
Ve
1e-07
62.80365234375 -87.42 5
0 0

0101101
*
Ed
 1e-07 1 1 0
1  1636 0 0 6.2
0

0101000
+2784 0 -2782 0 *
Ve
1e-07
61.95365234375 -87.42 5
0 0

0101101
*
Ed
 1e-07 1 1 0
1  1637 0 0 0.850000000000001
0

0101000
+2782 0 -2780 0 *
Ve
1e-07
61.95365234375 -87.72 5
0 0

0101101
*
Ed
 1e-07 1 1 0
1  1638 0 0 0.299999999999997
0

0101000
+2780 0 -2778 0 *
Ve
1e-07
63.10365234375 -87.72 5
0 0

0101101
*
Ed
 1e-07 1 1 0
1  1639 0 0 1.15
0

0101000
+2778 0 -2776 0 *
Ve
1e-07
63.10365234375 -86.97 5
0 0

0101101
*
Ed
 1e-07 1 1 0
1  1640 0 0 0.75
0

0101000
+2776 0 -2774 0 *
Ve
1e-07
64.90365234375 -86.97 5
0 0

0101101
*
Ed
 1e-07 1 1 0
1  1641 0 0 1.8
0

0101000
+2774 0 -2772 0 *
Ve
1e-07
64.90365234375 -88.67 5
0 0

0101101
*
Ed
 1e-07 1 1 0
1  1642 0 0 1.7
0

0101000
+2772 0 -2770 0 *
Ve
1e-07
64.75365234375 -88.67 5
0 0

0101101
*
Ed
 1e-07 1 1 0
1  1643 0 0 0.149999999999991
0

0101000
+2770 0 -2768 0 *
Ve
1e-07
64.75365234375 -88.77 5
0 0

0101101
*
Ed
 1e-07 1 1 0
1  1644 0 0 0.0999999999999943
0

0101000
+2768 0 -2766 0 *
Ve
1e-07
65.00365234375 -88.77 5
0 0

0101101
*
Ed
 1e-07 1 1 0
1  1645 0 0 0.25
0

0101000
+2766 0 -2764 0 *
Ve
1e-07
65.00365234375 -81.32 5
0 0

0101101
*
Ed
 1e-07 1 1 0
1  1646 0 0 7.44999999999999
0

0101000
+2764 0 -2762 0 *
Ve
1e-07
67.15365234375 -81.32 5
0 0

0101101
*
Ed
 1e-07 1 1 0
1  1647 0 0 2.14999999999999
0

0101000
+2762 0 -2760 0 *
Ve
1e-07
67.15365234375 -81.12 5
0 0

0101101
*
Ed
 1e-07 1 1 0
1  1648 0 0 0.200000000000003
0

0101000
+2760 0 -2758 0 *
Ve
1e-07
67.05365234375 -81.12 5
0 0

0101101
*
Ed
 1e-07 1 1 0
1  1649 0 0 0.0999999999999943
0

0101000
+2758 0 -2756 0 *
Ve
1e-07
67.05365234375 -81.22 5
0 0

0101101
*
Ed
 1e-07 1 1 0
1  1650 0 0 0.0999999999999943
0

0101000
+2756 0 -2754 0 *
Ve
1e-07
64.75365234375 -81.22 5
0 0

0101101
*
Ed
 1e-07 1 1 0
1  1651 0 0 2.3
0

0101000
+2754 0 -2752 0 *
Ve
1e-07
64.75365234375 -81.32 5
0 0

0101101
*
Ed
 1e-07 1 1 0
1  1652 0 0 0.100000000000009
0

0101000
+2752 0 -2750 0 *
Ve
1e-07
64.90365234375 -81.32 5
0 0

0101101
*
Ed
 1e-07 1 1 0
1  1653 0 0 0.149999999999991
0

0101000
+2750 0 -2748 0 *
Ve
1e-07
64.90365234375 -83.02 5
0 0

0101101
*
Ed
 1e-07 1 1 0
1  1654 0 0 1.69999999999999
0

0101000
+2748 0 -2746 0 *
Ve
1e-07
64.75365234375 -83.02 5
0 0

0101101
*
Ed
 1e-07 1 1 0
1  1655 0 0 0.149999999999991
0

0101000
+2746 0 -2744 0 *
Ve
1e-07
64.75365234375 -83.12 5
0 0

0101101
*
Ed
 1e-07 1 1 0
1  1656 0 0 0.100000000000009
0

0101000
+2744 0 -2742 0 *
Ve
1e-07
64.90365234375 -83.12 5
0 0

0101101
*
Ed
 1e-07 1 1 0
1  1657 0 0 0.149999999999991
0

0101000
+2742 0 -2740 0 *
Ve
1e-07
64.90365234375 -85.27 5
0 0

0101101
*
Ed
 1e-07 1 1 0
1  1658 0 0 2.14999999999999
0

0101000
+2740 0 -2738 0 *
Ve
1e-07
64.75365234375 -85.27 5
0 0

0101101
*
Ed
 1e-07 1 1 0
1  1659 0 0 0.149999999999991
0

0101000
+2738 0 -2736 0 *
Ve
1e-07
64.75365234375 -85.37 5
0 0

0101101
*
Ed
 1e-07 1 1 0
1  1660 0 0 0.100000000000009
0

0101000
+2736 0 -2734 0 *
Ve
1e-07
64.90365234375 -85.37 5
0 0

0101101
*
Ed
 1e-07 1 1 0
1  1661 0 0 0.149999999999991
0

0101000
+2734 0 -2732 0 *
Ve
1e-07
64.90365234375 -86.37 5
0 0

0101101
*
Ed
 1e-07 1 1 0
1  1662 0 0 1
0

0101000
+2732 0 -2730 0 *
Ve
1e-07
63.10365234375 -86.37 5
0 0

0101101
*
Ed
 1e-07 1 1 0
1  1663 0 0 1.8
0

0101000
+2730 0 -2728 0 *
Ve
1e-07
63.10365234375 -85.37 5
0 0

0101101
*
Ed
 1e-07 1 1 0
1  1664 0 0 1
0

0101000
+2728 0 -2726 0 *
Ve
1e-07
63.85365234375 -85.37 5
0 0

0101101
*
Ed
 1e-07 1 1 0
1  1665 0 0 0.75
0

0101000
+2726 0 -2724 0 *
Ve
1e-07
63.85365234375 -85.27 5
0 0

0101101
*
Ed
 1e-07 1 1 0
1  1666 0 0 0.100000000000009
0

0101000
+2724 0 -2722 0 *
Ve
1e-07
63.10365234375 -85.27 5
0 0

0101101
*
Ed
 1e-07 1 1 0
1  1667 0 0 0.75
0

0101000
+2722 0 -2720 0 *
Ve
1e-07
63.10365234375 -83.12 5
0 0

0101101
*
Ed
 1e-07 1 1 0
1  1668 0 0 2.14999999999999
0

0101000
+2720 0 -2718 0 *
Ve
1e-07
63.85365234375 -83.12 5
0 0

0101101
*
Ed
 1e-07 1 1 0
1  1669 0 0 0.75
0

0101000
+2718 0 -2716 0 *
Ve
1e-07
63.85365234375 -83.02 5
0 0

0101101
*
Ed
 1e-07 1 1 0
1  1670 0 0 0.100000000000009
0

0101000
+2716 0 -2714 0 *
Ve
1e-07
63.10365234375 -83.02 5
0 0

0101101
*
Ed
 1e-07 1 1 0
1  1671 0 0 0.75
0

0101000
+2714 0 -2712 0 *
Ve
1e-07
63.10365234375 -81.32 5
0 0

0101101
*
Ed
 1e-07 1 1 0
1  1672 0 0 1.69999999999999
0

0101000
+2712 0 -2710 0 *
Ve
1e-07
63.85365234375 -81.32 5
0 0

0101101
*
Ed
 1e-07 1 1 0
1  1673 0 0 0.75
0

0101000
+2710 0 -2708 0 *
Ve
1e-07
63.85365234375 -81.22 5
0 0

0101101
*
Ed
 1e-07 1 1 0
1  1674 0 0 0.100000000000009
0

0101000
+2708 0 -2706 0 *
Ve
1e-07
63.55365234375 -81.22 5
0 0

0101101
*
Ed
 1e-07 1 1 0
1  1675 0 0 0.299999999999997
0

0101000
+2706 0 -2704 0 *
Ve
1e-07
63.55365234375 -79.57 5
0 0

0101101
*
Ed
 1e-07 1 1 0
1  1676 0 0 1.64999999999999
0

0101000
+2704 0 -2702 0 *
Ve
1e-07
64.25365234375 -79.57 5
0 0

0101101
*
Ed
 1e-07 1 1 0
1  1677 0 0 0.700000000000003
0

0101000
+2702 0 -2700 0 *
Ve
1e-07
64.25365234375 -79.37 5
0 0

0101101
*
Ed
 1e-07 1 1 0
1  1678 0 0 0.200000000000003
0

0101000
+2700 0 -2698 0 *
Ve
1e-07
63.90365234375 -79.37 5
0 0

0101101
*
Ed
 1e-07 1 1 0
1  1679 0 0 0.350000000000001
0

0101000
+2698 0 -2696 0 *
Ve
1e-07
63.90365234375 -77.22 5
0 0

0101101
*
Ed
 1e-07 1 1 0
1  1680 0 0 2.15000000000001
0

0101000
+2696 0 -2694 0 *
Ve
1e-07
66.10365234375 -77.22 5
0 0

0101101
*
Ed
 1e-07 1 1 0
1  1681 0 0 2.2
0

0101000
+2694 0 -2692 0 *
Ve
1e-07
66.10365234375 -78.17 5
0 0

0101101
*
Ed
 1e-07 1 1 0
1  1682 0 0 0.950000000000003
0

0101000
+2692 0 -2690 0 *
Ve
1e-07
66.20365234375 -78.17 5
0 0

0101101
*
Ed
 1e-07 1 1 0
1  1683 0 0 0.100000000000009
0

0101000
+2690 0 -2688 0 *
Ve
1e-07
66.20365234375 -77.22 5
0 0

0101101
*
Ed
 1e-07 1 1 0
1  1684 0 0 0.950000000000003
0

0101000
+2688 0 -2686 0 *
Ve
1e-07
70.00365234375 -77.22 5
0 0

0101101
*
Ed
 1e-07 1 1 0
1  1685 0 0 3.8
0

0101000
+2686 0 -2684 0 *
Ve
1e-07
70.00365234375 -78.17 5
0 0

0101101
*
Ed
 1e-07 1 1 0
1  1686 0 0 0.950000000000003
0

0101000
+2684 0 -2682 0 *
Ve
1e-07
70.15365234375 -78.17 5
0 0

0101101
*
Ed
 1e-07 1 1 0
1  1687 0 0 0.149999999999991
0

0101000
+2682 0 -2680 0 *
Ve
1e-07
70.15365234375 -79.77 5
0 0

0101101
*
Ed
 1e-07 1 1 0
1  1688 0 0 1.59999999999999
0

0101000
+2680 0 -2678 0 *
Ve
1e-07
68.95365234375 -79.77 5
0 0

0101101
*
Ed
 1e-07 1 1 0
1  1689 0 0 1.19999999999999
0

0101000
+2678 0 -2676 0 *
Ve
1e-07
68.95365234375 -79.87 5
0 0

0101101
*
Ed
 1e-07 1 1 0
1  1690 0 0 0.100000000000009
0

0101000
+2676 0 -2674 0 *
Ve
1e-07
70.25365234375 -79.87 5
0 0

0101101
*
Ed
 1e-07 1 1 0
1  1691 0 0 1.3
0

0101000
+2674 0 -2672 0 *
Ve
1e-07
70.25365234375 -77.52 5
0 0

0101101
*
Ed
 1e-07 1 1 0
1  1692 0 0 2.35000000000001
0

0101000
+2672 0 -2670 0 *
Ve
1e-07
70.10365234375 -77.52 5
0 0

0101101
*
Ed
 1e-07 1 1 0
1  1693 0 0 0.150000000000006
0

0101000
+2670 0 -2668 0 *
Ve
1e-07
70.10365234375 -77.22 5
0 0

0101101
*
Ed
 1e-07 1 1 0
1  1694 0 0 0.299999999999997
0

0101000
+2668 0 -2666 0 *
Ve
1e-07
73.65365234375 -77.22 5
0 0

0101101
*
Ed
 1e-07 1 1 0
1  1695 0 0 3.55
0

0101000
+2666 0 -2664 0 *
Ve
1e-07
73.65365234375 -81.22 5
0 0

0101101
*
Ed
 1e-07 1 1 0
1  1696 0 0 4
0

0101000
+2664 0 -2662 0 *
Ve
1e-07
69.60365234375 -81.22 5
0 0

0101101
*
Ed
 1e-07 1 1 0
1  1697 0 0 4.05
0

0101000
+2662 0 -2660 0 *
Ve
1e-07
69.60365234375 -81.32 5
0 0

0101101
*
Ed
 1e-07 1 1 0
1  1698 0 0 0.100000000000009
0

0101000
+2660 0 -2658 0 *
Ve
1e-07
73.65365234375 -81.32 5
0 0

0101101
*
Ed
 1e-07 1 1 0
1  1699 0 0 4.05
0

0101000
+2658 0 -2656 0 *
Ve
1e-07
73.65365234375 -85.92 5
0 0

0101101
*
Ed
 1e-07 1 1 0
1  1700 0 0 4.59999999999999
0

0101000
+2656 0 -2654 0 *
Ve
1e-07
70.10365234375 -85.92 5
0 0

0101101
*
Ed
 1e-07 1 1 0
1  1701 0 0 3.55
0

0101000
+2654 0 -2652 0 *
Ve
1e-07
70.10365234375 -86.02 5
0 0

0101101
*
Ed
 1e-07 1 1 0
1  1702 0 0 0.0999999999999943
0

0101000
+2652 0 -2650 0 *
Ve
1e-07
73.65365234375 -86.02 5
0 0

0101101
*
Ed
 1e-07 1 1 0
1  1703 0 0 3.55
0

0101000
+2650 0 -2648 0 *
Ve
1e-07
73.65365234375 -88.62 5
0 0

0101101
*
Ed
 1e-07 1 1 0
1  1704 0 0 2.60000000000001
0

0101000
+2648 0 -2646 0 *
Ve
1e-07
68.90365234375 -88.62 5
0 0

0101101
*
Ed
 1e-07 1 1 0
1  1705 0 0 4.75
0

0101000
+2646 0 -2644 0 *
Ve
1e-07
68.90365234375 -87.22 5
0 0

0101101
*
Ed
 1e-07 1 1 0
1  1706 0 0 1.40000000000001
0

0101000
+2644 0 -2642 0 *
Ve
1e-07
68.15365234375 -87.22 5
0 0

0101101
*
Ed
 1e-07 1 1 0
1  1707 0 0 0.75
0

0101000
+2642 0 -2640 0 *
Ve
1e-07
68.15365234375 -86.02 5
0 0

0101101
*
Ed
 1e-07 1 1 0
1  1708 0 0 1.2
0

0101000
+2640 0 -2638 0 *
Ve
1e-07
69.05365234375 -86.02 5
0 0

0101101
*
Ed
 1e-07 1 1 0
1  1709 0 0 0.900000000000006
0

0101000
+2638 0 -2636 0 *
Ve
1e-07
69.05365234375 -85.92 5
0 0

0101101
*
Ed
 1e-07 1 1 0
1  1710 0 0 0.0999999999999943
0

0101000
+2636 0 -2634 0 *
Ve
1e-07
66.30365234375 -85.92 5
0 0

0101101
*
Ed
 1e-07 1 1 0
1  1711 0 0 2.75
0

0101000
+2634 0 -2632 0 *
Ve
1e-07
66.30365234375 -86.02 5
0 0

0101101
*
Ed
 1e-07 1 1 0
1  1712 0 0 0.0999999999999943
0

0101000
+2632 0 -2630 0 *
Ve
1e-07
68.05365234375 -86.02 5
0 0

0101101
*
Ed
 1e-07 1 1 0
1  1713 0 0 1.75
0

0101000
+2630 0 -2628 0 *
Ve
1e-07
68.05365234375 -88.02 5
0 0

0101101
*
Ed
 1e-07 1 1 0
1  1714 0 0 2
0

0101000
+2628 0 -2626 0 *
Ve
1e-07
66.35365234375 -88.02 5
0 0

0101101
*
Ed
 1e-07 1 1 0
1  1715 0 0 1.7
0

0101000
+2626 0 -2624 0 *
Ve
1e-07
66.35365234375 -88.87 5
0 0

0101101
*
Ed
 1e-07 1 1 0
1  1716 0 0 0.850000000000009
0

0101000
+2624 0 -2622 0 *
Ve
1e-07
66.45365234375 -88.87 5
0 0

0101101
*
Ed
 1e-07 1 1 0
1  1717 0 0 0.100000000000009
0

0101000
+2622 0 -2620 0 *
Ve
1e-07
66.45365234375 -88.12 5
0 0

0101101
*
Ed
 1e-07 1 1 0
1  1718 0 0 0.75
0

0101000
+2620 0 -2618 0 *
Ve
1e-07
68.80365234375 -88.12 5
0 0

0101101
*
Ed
 1e-07 1 1 0
1  1719 0 0 2.34999999999999
0

0101000
+2618 0 -2616 0 *
Ve
1e-07
68.80365234375 -88.72 5
0 0

0101101
*
Ed
 1e-07 1 1 0
1  1720 0 0 0.599999999999994
0

0101000
+2616 0 -2614 0 *
Ve
1e-07
73.65365234375 -88.72 5
0 0

0101101
*
Ed
 1e-07 1 1 0
1  1721 0 0 4.84999999999999
0

0101000
+2614 0 -2612 0 *
Ve
1e-07
73.65365234375 -94.52 5
0 0

0101101
*
Ed
 1e-07 1 1 0
1  1722 0 0 5.8
0

0101000
+2612 0 -2610 0 *
Ve
1e-07
68.95365234375 -94.52 5
0 0

0101101
*
Ed
 1e-07 1 1 0
1  1723 0 0 4.69999999999999
0

0101000
+2610 0 -2608 0 *
Ve
1e-07
68.95365234375 -90.02 5
0 0

0101101
*
Ed
 1e-07 1 1 0
1  1724 0 0 4.5
0

0101000
+2608 0 -2606 0 *
Ve
1e-07
68.70365234375 -90.02 5
0 0

0101101
*
Ed
 1e-07 1 1 0
1  1725 0 0 0.25
0

0101000
+2606 0 -2604 0 *
Ve
1e-07
68.70365234375 -90.12 5
0 0

0101101
*
Ed
 1e-07 1 1 0
1  1726 0 0 0.100000000000009
0

0101000
+2604 0 -2602 0 *
Ve
1e-07
68.85365234375 -90.12 5
0 0

0101101
*
Ed
 1e-07 1 1 0
1  1727 0 0 0.149999999999991
0

0101000
+2602 0 -2600 0 *
Ve
1e-07
68.85365234375 -94.52 5
0 0

0101101
*
Ed
 1e-07 1 1 0
1  1728 0 0 4.39999999999999
0

0101000
+2600 0 -2598 0 *
Ve
1e-07
66.75365234375 -94.52 5
0 0

0101101
*
Ed
 1e-07 1 1 0
1  1729 0 0 2.09999999999999
0

0101000
+2598 0 -2596 0 *
Ve
1e-07
66.75365234375 -94.07 5
0 0

0101101
*
Ed
 1e-07 1 1 0
1  1730 0 0 0.449999999999989
0

0101000
+2596 0 -2594 0 *
Ve
1e-07
66.85365234375 -94.07 5
0 0

0101101
*
Ed
 1e-07 1 1 0
1  1731 0 0 0.0999999999999943
0

0101000
+2594 0 -2592 0 *
Ve
1e-07
66.85365234375 -90.12 5
0 0

0101101
*
Ed
 1e-07 1 1 0
1  1732 0 0 3.95
0

0101000
+2592 0 -2590 0 *
Ve
1e-07
67.70365234375 -90.12 5
0 0

0101101
*
Ed
 1e-07 1 1 0
1  1733 0 0 0.850000000000009
0

0101000
+2590 0 -2588 0 *
Ve
1e-07
67.70365234375 -90.02 5
0 0

0101101
*
Ed
 1e-07 1 1 0
1  1734 0 0 0.100000000000009
0

0101000
+2588 0 -2586 0 *
Ve
1e-07
66.45365234375 -90.02 5
0 0

0101101
*
Ed
 1e-07 1 1 0
1  1735 0 0 1.25
0

0101000
+2586 0 -2584 0 *
Ve
1e-07
66.45365234375 -89.87 5
0 0

0101101
*
Ed
 1e-07 1 1 0
1  1736 0 0 0.149999999999991
0

0101000
+2584 0 -2582 0 *
Ve
1e-07
66.35365234375 -89.87 5
0 0

0101101
*
Ed
 1e-07 1 1 0
1  1737 0 0 0.100000000000009
0

0101000
+2582 0 -2580 0 *
Ve
1e-07
66.35365234375 -90.02 5
0 0

0101101
*
Ed
 1e-07 1 1 0
1  1738 0 0 0.149999999999991
0

0101000
+2580 0 -2578 0 *
Ve
1e-07
64.05365234375 -90.02 5
0 0

0101101
*
Ed
 1e-07 1 1 0
1  1739 0 0 2.3
0

0101000
+2578 0 -2576 0 *
Ve
1e-07
64.05365234375 -90.12 5
0 0

0101101
*
Ed
 1e-07 1 1 0
1  1740 0 0 0.100000000000009
0

0101000
+2576 0 -2574 0 *
Ve
1e-07
65.95365234375 -90.12 5
0 0

0101101
*
Ed
 1e-07 1 1 0
1  1741 0 0 1.90000000000001
0

0101000
+2574 0 -2572 0 *
Ve
1e-07
65.95365234375 -90.72 5
0 0

0101101
*
Ed
 1e-07 1 1 0
1  1742 0 0 0.599999999999994
0

0101000
+2572 0 -2570 0 *
Ve
1e-07
66.65365234375 -90.72 5
0 0

0101101
*
Ed
 1e-07 1 1 0
1  1743 0 0 0.699999999999989
0

0101000
+2570 0 -2568 0 *
Ve
1e-07
66.65365234375 -94.52 5
0 0

0101101
*
Ed
 1e-07 1 1 0
1  1744 0 0 3.8
0

0101000
+2568 0 -2566 0 *
Ve
1e-07
62.90365234375 -94.52 5
0 0

0101101
*
Ed
 1e-07 1 1 0
1  1745 0 0 3.74999999999999
0

0101000
+2566 0 -2564 0 *
Ve
1e-07
62.90365234375 -90.12 5
0 0

0101101
*
Ed
 1e-07 1 1 0
1  1746 0 0 4.39999999999999
0

0101000
+2564 0 -2562 0 *
Ve
1e-07
63.05365234375 -90.12 5
0 0

0101101
*
Ed
 1e-07 1 1 0
1  1747 0 0 0.149999999999999
0

0101000
+2562 0 -2560 0 *
Ve
1e-07
63.05365234375 -90.02 5
0 0

0101101
*
Ed
 1e-07 1 1 0
1  1748 0 0 0.100000000000009
0

0101000
+2560 0 -2558 0 *
Ve
1e-07
62.90365234375 -90.02 5
0 0

0101101
*
Ed
 1e-07 1 1 0
1  1749 0 0 0.149999999999999
0

0101000
+2558 0 -2556 0 *
Ve
1e-07
62.90365234375 -89.87 5
0 0

0101101
*
Ed
 1e-07 1 1 0
1  1750 0 0 0.149999999999991
0

0101000
+2556 0 -2554 0 *
Ve
1e-07
62.80365234375 -89.87 5
0 0

0101101
*
Ed
 1e-07 1 1 0
1  1751 0 0 0.100000000000001
0

0101000
+2554 0 -2552 0 *
Ve
1e-07
62.80365234375 -94.52 5
0 0

0101101
*
Ed
 1e-07 1 1 0
1  1752 0 0 4.64999999999999
0

0101000
+2552 0 -2550 0 *
Ve
1e-07
59.25365234375 -94.52 5
0 0

0101101
*
Ed
 1e-07 1 1 0
1  1753 0 0 3.55
0

0101000
+2550 0 -2548 0 *
Ve
1e-07
59.25365234375 -88.77 5
0 0

0101101
*
Ed
 1e-07 1 1 0
1  1754 0 0 5.75
0

0101000
+2548 0 -2546 0 *
Ve
1e-07
62.80365234375 -88.77 5
0 0

0101101
*
Ed
 1e-07 1 1 0
1  1755 0 0 3.55
0

0101000
+2546 0 -2544 0 *
Ve
1e-07
62.80365234375 -88.87 5
0 0

0101101
*
Ed
 1e-07 1 1 0
1  1756 0 0 0.100000000000009
0

0101000
+2544 0 -2542 0 *
Ve
1e-07
62.90365234375 -88.87 5
0 0

0101101
*
Ed
 1e-07 1 1 0
1  1757 0 0 0.100000000000001
0

0101000
+2542 0 -2540 0 *
Ve
1e-07
62.90365234375 -88.77 5
0 0

0101101
*
Ed
 1e-07 1 1 0
1  1758 0 0 0.100000000000009
0

0101000
+2540 0 -2538 0 *
Ve
1e-07
63.85365234375 -88.77 5
0 0

0101101
*
Ed
 1e-07 1 1 0
1  1759 0 0 0.949999999999996
0

0101000
+2538 0 -2536 0 *
Ve
1e-07
63.85365234375 -88.67 5
0 0

0101101
*
Ed
 1e-07 1 1 0
1  1760 0 0 0.0999999999999943
0

0101000
+2536 0 -2534 0 *
Ve
1e-07
61.95365234375 -88.67 5
0 0

0101101
*
Ed
 1e-07 1 1 0
1  1761 0 0 1.9
0

0101000
+2534 0 -2532 0 *
Ve
1e-07
61.95365234375 -88.57 5
0 0

0101101
*
Ed
 1e-07 1 1 0
1  1762 0 0 0.0999999999999943
0

0101000
+2532 0 -2530 0 *
Ve
1e-07
59.05365234375 -88.57 5
0 0

0101101
*
Ed
 1e-07 1 1 0
1  1763 0 0 2.9
0

0101000
+2530 0 -2528 0 *
Ve
1e-07
59.05365234375 -94.52 5
0 0

0101101
*
Ed
 1e-07 1 1 0
1  1764 0 0 5.94999999999999
0

0101000
+2528 0 -2526 0 *
Ve
1e-07
56.87865234375 -94.52 5
0 0

0101101
*
Ed
 1e-07 1 1 0
1  1765 0 0 2.175
0

0101000
+2526 0 -2524 0 *
Ve
1e-07
56.87865234375 -89.47 5
0 0

0101101
*
Ed
 1e-07 1 1 0
1  1766 0 0 5.05
0

0101000
+2524 0 -2522 0 *
Ve
1e-07
52.17865234375 -89.47 5
0 0

0101101
*
Ed
 1e-07 1 1 0
1  1767 0 0 4.7
0

0101000
+2522 0 -2520 0 *
Ve
1e-07
52.17865234375 -87.07 5
0 0

0101101
*
Ed
 1e-07 1 1 0
1  1768 0 0 2.39999999999999
0

0101000
+2520 0 -2518 0 *
Ve
1e-07
52.02865234375 -87.07 5
0 0

0101101
*
Ed
 1e-07 1 1 0
1  1769 0 0 0.149999999999999
0

0101000
+2518 0 -2516 0 *
Ve
1e-07
52.02865234375 -88.12 5
0 0

0101101
*
Ed
 1e-07 1 1 0
1  1770 0 0 1.05
0

0101000
+2516 0 -2514 0 *
Ve
1e-07
51.92865234375 -88.12 5
0 0

0101101
*
Ed
 1e-07 1 1 0
1  1771 0 0 0.100000000000001
0

0101000
+2514 0 -2512 0 *
Ve
1e-07
51.92865234375 -88.22 5
0 0

0101101
*
Ed
 1e-07 1 1 0
1  1772 0 0 0.0999999999999943
0

0101000
+2512 0 -2510 0 *
Ve
1e-07
52.02865234375 -88.22 5
0 0

0101101
*
Ed
 1e-07 1 1 0
1  1773 0 0 0.100000000000001
0

0101000
+2510 0 -2508 0 *
Ve
1e-07
52.02865234375 -90.27 5
0 0

0101101
*
Ed
 1e-07 1 1 0
1  1774 0 0 2.05
0

0101000
+2508 0 -2506 0 *
Ve
1e-07
52.62865234375 -90.27 5
0 0

0101101
*
Ed
 1e-07 1 1 0
1  1775 0 0 0.599999999999994
0

0101000
+2506 0 -2504 0 *
Ve
1e-07
52.62865234375 -89.62 5
0 0

0101101
*
Ed
 1e-07 1 1 0
1  1776 0 0 0.649999999999991
0

0101000
+2504 0 -2502 0 *
Ve
1e-07
55.07865234375 -89.62 5
0 0

0101101
*
Ed
 1e-07 1 1 0
1  1777 0 0 2.45
0

0101000
+2502 0 -2500 0 *
Ve
1e-07
55.07865234375 -90.37 5
0 0

0101101
*
Ed
 1e-07 1 1 0
1  1778 0 0 0.75
0

0101000
+2500 0 -2498 0 *
Ve
1e-07
55.17865234375 -90.37 5
0 0

0101101
*
Ed
 1e-07 1 1 0
1  1779 0 0 0.100000000000001
0

0101000
+2498 0 -2496 0 *
Ve
1e-07
55.17865234375 -89.62 5
0 0

0101101
*
Ed
 1e-07 1 1 0
1  1780 0 0 0.75
0

0101000
+2496 0 -2494 0 *
Ve
1e-07
56.17865234375 -89.62 5
0 0

0101101
*
Ed
 1e-07 1 1 0
1  1781 0 0 1
0

0101000
+2494 0 -2492 0 *
Ve
1e-07
56.17865234375 -90.52 5
0 0

0101101
*
Ed
 1e-07 1 1 0
1  1782 0 0 0.899999999999991
0

0101000
+2492 0 -2490 0 *
Ve
1e-07
56.62865234375 -90.52 5
0 0

0101101
*
Ed
 1e-07 1 1 0
1  1783 0 0 0.449999999999996
0

0101000
+2490 0 -2488 0 *
Ve
1e-07
56.62865234375 -93.57 5
0 0

0101101
*
Ed
 1e-07 1 1 0
1  1784 0 0 3.05000000000001
0

0101000
+2488 0 -2486 0 *
Ve
1e-07
56.72865234375 -93.57 5
0 0

0101101
*
Ed
 1e-07 1 1 0
1  1785 0 0 0.100000000000001
0

0101000
+2486 0 -2484 0 *
Ve
1e-07
56.72865234375 -94.52 5
0 0

0101101
*
Ed
 1e-07 1 1 0
1  1786 0 0 0.949999999999989
0

0101000
+2484 0 -2482 0 *
Ve
1e-07
52.72865234375 -94.52 5
0 0

0101101
*
Ed
 1e-07 1 1 0
1  1787 0 0 4
0

0101000
+2482 0 -2480 0 *
Ve
1e-07
52.72865234375 -93.57 5
0 0

0101101
*
Ed
 1e-07 1 1 0
1  1788 0 0 0.949999999999989
0

0101000
+2480 0 -2478 0 *
Ve
1e-07
53.72865234375 -93.57 5
0 0

0101101
*
Ed
 1e-07 1 1 0
1  1789 0 0 1
0

0101000
+2478 0 -2476 0 *
Ve
1e-07
53.72865234375 -93.47 5
0 0

0101101
*
Ed
 1e-07 1 1 0
1  1790 0 0 0.100000000000009
0

0101000
+2476 0 -2474 0 *
Ve
1e-07
53.87865234375 -93.47 5
0 0

0101101
*
Ed
 1e-07 1 1 0
1  1791 0 0 0.149999999999999
0

0101000
+2474 0 -2472 0 *
Ve
1e-07
53.87865234375 -93.57 5
0 0

0101101
*
Ed
 1e-07 1 1 0
1  1792 0 0 0.100000000000009
0

0101000
+2472 0 -2470 0 *
Ve
1e-07
55.17865234375 -93.57 5
0 0

0101101
*
Ed
 1e-07 1 1 0
1  1793 0 0 1.3
0

0101000
+2470 0 -2468 0 *
Ve
1e-07
55.17865234375 -91.37 5
0 0

0101101
*
Ed
 1e-07 1 1 0
1  1794 0 0 2.2
0

0101000
+2468 0 -2466 0 *
Ve
1e-07
55.07865234375 -91.37 5
0 0

0101101
*
Ed
 1e-07 1 1 0
1  1795 0 0 0.100000000000001
0

0101000
+2466 0 -2464 0 *
Ve
1e-07
55.07865234375 -91.47 5
0 0

0101101
*
Ed
 1e-07 1 1 0
1  1796 0 0 0.0999999999999943
0

0101000
+2464 0 -2462 0 *
Ve
1e-07
53.97865234375 -91.47 5
0 0

0101101
*
Ed
 1e-07 1 1 0
1  1797 0 0 1.1
0

0101000
+2462 0 -2460 0 *
Ve
1e-07
53.97865234375 -91.27 5
0 0

0101101
*
Ed
 1e-07 1 1 0
1  1798 0 0 0.200000000000003
0

0101000
+2460 0 -2458 0 *
Ve
1e-07
53.62865234375 -91.27 5
0 0

0101101
*
Ed
 1e-07 1 1 0
1  1799 0 0 0.350000000000001
0

0101000
+2458 0 -2456 0 *
Ve
1e-07
53.62865234375 -93.47 5
0 0

0101101
*
Ed
 1e-07 1 1 0
1  1800 0 0 2.2
0

0101000
+2456 0 -2454 0 *
Ve
1e-07
52.62865234375 -93.47 5
0 0

0101101
*
Ed
 1e-07 1 1 0
1  1801 0 0 1
0

0101000
+2454 0 -2452 0 *
Ve
1e-07
52.62865234375 -94.52 5
0 0

0101101
*
Ed
 1e-07 1 1 0
1  1802 0 0 1.05
0

0101000
+2452 0 -2450 0 *
Ve
1e-07
50.37865234375 -94.52 5
0 0

0101101
*
Ed
 1e-07 1 1 0
1  1803 0 0 2.25
0

0101000
+2450 0 -2448 0 *
Ve
1e-07
50.37865234375 -92.87 5
0 0

0101101
*
Ed
 1e-07 1 1 0
1  1804 0 0 1.64999999999999
0

0101000
+2448 0 -2446 0 *
Ve
1e-07
50.0731884765625 -92.87 5
0 0

0101101
*
Ed
 1e-07 1 1 0
1  1805 0 0 0.305463867187498
0

0101000
+2446 0 -2444 0 *
Ve
1e-07
50.12865234375 -92.97 5
0 0

0101101
*
Ed
 1e-07 1 1 0
1  1806 0 0 0.114351390736586
0

0101000
+2444 0 -2442 0 *
Ve
1e-07
50.12865234375 -94.12 5
0 0

0101101
*
Ed
 1e-07 1 1 0
1  1807 0 0 1.15000000000001
0

0101000
+2442 0 -2440 0 *
Ve
1e-07
50.27865234375 -94.12 5
0 0

0101101
*
Ed
 1e-07 1 1 0
1  1808 0 0 0.150000000000006
0

0101000
+2440 0 -2438 0 *
Ve
1e-07
50.27865234375 -94.57 5
0 0

0101101
*
Ed
 1e-07 1 1 0
1  1809 0 0 0.450000000000003
0

0101000
+2438 0 -2436 0 *
Ve
1e-07
43.22865234375 -94.57 5
0 0

0101101
*
Ed
 1e-07 1 1 0
1  1810 0 0 7.05
0

0101000
+2436 0 -2434 0 *
Ve
1e-07
43.22865234375 -94.12 5
0 0

0101101
*
Ed
 1e-07 1 1 0
1  1811 0 0 0.450000000000003
0

0101000
+2434 0 -2432 0 *
Ve
1e-07
43.32865234375 -94.12 5
0 0

0101101
*
Ed
 1e-07 1 1 0
1  1812 0 0 0.100000000000001
0

0101000
+2432 0 -2430 0 *
Ve
1e-07
43.32865234375 -92.97 5
0 0

0101101
*
Ed
 1e-07 1 1 0
1  1813 0 0 1.15000000000001
0

0101000
+2430 0 -2428 0 *
Ve
1e-07
49.1365283203125 -92.97 5
0 0

0101101
*
Ed
 1e-07 1 1 0
1  1814 0 0 5.8078759765625
0

0101000
+2428 0 -2426 0 *
Ve
1e-07
49.1365283203125 -92.87 5
0 0

0101101
*
Ed
 1e-07 1 1 0
1  1815 0 0 0.0999999999999943
0

0101000
+2426 0 -2424 0 *
Ve
1e-07
49.07865234375 -92.87 5
0 0

0101101
*
Ed
 1e-07 1 1 0
1  1816 0 0 0.0578759765624994
0

0101000
+2424 0 -2422 0 *
Ve
1e-07
49.07865234375 -88.22 5
0 0

0101101
*
Ed
 1e-07 1 1 0
1  1817 0 0 4.65000000000001
0

0101000
+2422 0 -2420 0 *
Ve
1e-07
50.92865234375 -88.22 5
0 0

0101101
*
Ed
 1e-07 1 1 0
1  1818 0 0 1.85
0

0101000
+2420 0 -2418 0 *
Ve
1e-07
50.92865234375 -88.12 5
0 0

0101101
*
Ed
 1e-07 1 1 0
1  1819 0 0 0.0999999999999943
0

0101000
+2418 0 -2416 0 *
Ve
1e-07
49.07865234375 -88.12 5
0 0

0101101
*
Ed
 1e-07 1 1 0
1  1820 0 0 1.85
0

0101000
+2416 0 -2414 0 *
Ve
1e-07
49.07865234375 -87.07 5
0 0

0101101
*
Ed
 1e-07 1 1 0
1  1821 0 0 1.05
0

0101000
+2414 0 -2412 0 *
Ve
1e-07
48.97865234375 -87.07 5
0 0

0101101
*
Ed
 1e-07 1 1 0
1  1822 0 0 0.100000000000001
0

0101000
+2412 0 -2410 0 *
Ve
1e-07
48.97865234375 -92.87 5
0 0

0101101
*
Ed
 1e-07 1 1 0
1  1823 0 0 5.8
0

0101000
+2410 0 -2408 0 *
Ve
1e-07
43.32865234375 -92.87 5
0 0

0101101
*
Ed
 1e-07 1 1 0
1  1824 0 0 5.65
0

0101000
+2408 0 -2406 0 *
Ve
1e-07
43.32865234375 -89.47 5
0 0

0101101
*
Ed
 1e-07 1 1 0
1  1825 0 0 3.40000000000001
0

0101000
+2406 0 -2404 0 *
Ve
1e-07
43.17865234375 -89.47 5
0 0

0101101
*
Ed
 1e-07 1 1 0
1  1826 0 0 0.149999999999999
0

0101000
+2404 0 -2402 0 *
Ve
1e-07
43.17865234375 -90.57 5
0 0

0101101
*
Ed
 1e-07 1 1 0
1  1827 0 0 1.10000000000001
0

0101000
+2402 0 -2400 0 *
Ve
1e-07
43.07865234375 -90.57 5
0 0

0101101
*
Ed
 1e-07 1 1 0
1  1828 0 0 0.100000000000001
0

0101000
+2400 0 -2398 0 *
Ve
1e-07
43.07865234375 -90.67 5
0 0

0101101
*
Ed
 1e-07 1 1 0
1  1829 0 0 0.0999999999999943
0

0101000
+2398 0 -2396 0 *
Ve
1e-07
43.17865234375 -90.67 5
0 0

0101101
*
Ed
 1e-07 1 1 0
1  1830 0 0 0.100000000000001
0

0101000
+2396 0 -2394 0 *
Ve
1e-07
43.17865234375 -92.97 5
0 0

0101101
*
Ed
 1e-07 1 1 0
1  1831 0 0 2.3
0

0101000
+2394 0 -2392 0 *
Ve
1e-07
42.97865234375 -92.97 5
0 0

0101101
*
Ed
 1e-07 1 1 0
1  1832 0 0 0.200000000000003
0

0101000
+2392 0 -2390 0 *
Ve
1e-07
42.97865234375 -94.12 5
0 0

0101101
*
Ed
 1e-07 1 1 0
1  1833 0 0 1.15000000000001
0

0101000
+2390 0 -2388 0 *
Ve
1e-07
43.07865234375 -94.12 5
0 0

0101101
*
Ed
 1e-07 1 1 0
1  1834 0 0 0.100000000000001
0

0101000
+2388 0 -2386 0 *
Ve
1e-07
43.07865234375 -94.52 5
0 0

0101101
*
Ed
 1e-07 1 1 0
1  1835 0 0 0.399999999999991
0

0101000
+2386 0 -2384 0 *
Ve
1e-07
41.42865234375 -94.52 5
0 0

0101101
*
Ed
 1e-07 1 1 0
1  1836 0 0 1.65
0

0101000
+2384 0 -2382 0 *
Ve
1e-07
41.42865234375 -92.67 5
0 0

0101101
*
Ed
 1e-07 1 1 0
1  1837 0 0 1.84999999999999
0

0101000
+2382 0 -2380 0 *
Ve
1e-07
41.32865234375 -92.67 5
0 0

0101101
*
Ed
 1e-07 1 1 0
1  1838 0 0 0.100000000000001
0

0101000
+2380 0 -2378 0 *
Ve
1e-07
41.32865234375 -94.52 5
0 0

0101101
*
Ed
 1e-07 1 1 0
1  1839 0 0 1.84999999999999
0

0101000
+2378 0 -2376 0 *
Ve
1e-07
39.92865234375 -94.52 5
0 0

0101101
*
Ed
 1e-07 1 1 0
1  1840 0 0 1.4
0

0101000
+2376 0 -2374 0 *
Ve
1e-07
39.92865234375 -94.07 5
0 0

0101101
*
Ed
 1e-07 1 1 0
1  1841 0 0 0.449999999999989
0

0101000
+2374 0 -2372 0 *
Ve
1e-07
40.02865234375 -94.07 5
0 0

0101101
*
Ed
 1e-07 1 1 0
1  1842 0 0 0.100000000000001
0

0101000
+2372 0 -2370 0 *
Ve
1e-07
40.02865234375 -93.02 5
0 0

0101101
*
Ed
 1e-07 1 1 0
1  1843 0 0 1.05000000000001
0

0101000
+2370 0 -2368 0 *
Ve
1e-07
39.82865234375 -93.02 5
0 0

0101101
*
Ed
 1e-07 1 1 0
1  1844 0 0 0.200000000000003
0

0101000
+2368 0 -2366 0 *
Ve
1e-07
39.82865234375 -91.77 5
0 0

0101101
*
Ed
 1e-07 1 1 0
1  1845 0 0 1.25
0

0101000
+2366 0 -2364 0 *
Ve
1e-07
41.32865234375 -91.77 5
0 0

0101101
*
Ed
 1e-07 1 1 0
1  1846 0 0 1.5
0

0101000
+2364 0 -2362 0 *
Ve
1e-07
41.32865234375 -91.97 5
0 0

0101101
*
Ed
 1e-07 1 1 0
1  1847 0 0 0.200000000000003
0

0101000
+2362 0 -2360 0 *
Ve
1e-07
41.42865234375 -91.97 5
0 0

0101101
*
Ed
 1e-07 1 1 0
1  1848 0 0 0.100000000000001
0

0101000
+2360 0 -2358 0 *
Ve
1e-07
41.42865234375 -91.47 5
0 0

0101101
*
Ed
 1e-07 1 1 0
1  1849 0 0 0.5
0

0101000
+2358 0 -2356 0 *
Ve
1e-07
41.32865234375 -91.47 5
0 0

0101101
*
Ed
 1e-07 1 1 0
1  1850 0 0 0.100000000000001
0

0101000
+2356 0 -2354 0 *
Ve
1e-07
41.32865234375 -91.67 5
0 0

0101101
*
Ed
 1e-07 1 1 0
1  1851 0 0 0.200000000000003
0

0101000
+2354 0 -2352 0 *
Ve
1e-07
39.82865234375 -91.67 5
0 0

0101101
*
Ed
 1e-07 1 1 0
1  1852 0 0 1.5
0

0101000
+2352 0 -2350 0 *
Ve
1e-07
39.82865234375 -90.67 5
0 0

0101101
*
Ed
 1e-07 1 1 0
1  1853 0 0 1
0

0101000
+2350 0 -2348 0 *
Ve
1e-07
41.32865234375 -90.67 5
0 0

0101101
*
Ed
 1e-07 1 1 0
1  1854 0 0 1.5
0

0101000
+2348 0 -2346 0 *
Ve
1e-07
41.32865234375 -90.77 5
0 0

0101101
*
Ed
 1e-07 1 1 0
1  1855 0 0 0.0999999999999943
0

0101000
+2346 0 -2344 0 *
Ve
1e-07
41.42865234375 -90.77 5
0 0

0101101
*
Ed
 1e-07 1 1 0
1  1856 0 0 0.100000000000001
0

0101000
+2344 0 -2342 0 *
Ve
1e-07
41.42865234375 -90.67 5
0 0

0101101
*
Ed
 1e-07 1 1 0
1  1857 0 0 0.0999999999999943
0

0101000
+2342 0 -2340 0 *
Ve
1e-07
42.07865234375 -90.67 5
0 0

0101101
*
Ed
 1e-07 1 1 0
1  1858 0 0 0.649999999999999
0

0101000
+2340 0 -2338 0 *
Ve
1e-07
42.07865234375 -90.57 5
0 0

0101101
*
Ed
 1e-07 1 1 0
1  1859 0 0 0.0999999999999943
0

0101000
+2338 0 -2336 0 *
Ve
1e-07
40.42865234375 -90.57 5
0 0

0101101
*
Ed
 1e-07 1 1 0
1  1860 0 0 1.65
0

0101000
+2336 0 -2334 0 *
Ve
1e-07
40.42865234375 -89.77 5
0 0

0101101
*
Ed
 1e-07 1 1 0
1  1861 0 0 0.800000000000011
0

0101000
+2334 0 -2332 0 *
Ve
1e-07
39.82865234375 -89.77 5
0 0

0101101
*
Ed
 1e-07 1 1 0
1  1862 0 0 0.600000000000001
0

0101000
+2332 0 -2330 0 *
Ve
1e-07
39.82865234375 -87.22 5
0 0

0101101
*
Ed
 1e-07 1 1 0
1  1863 0 0 2.55
0

0101000
+2330 0 -2328 0 *
Ve
1e-07
43.22865234375 -87.22 5
0 0

0101101
*
Ed
 1e-07 1 1 0
1  1864 0 0 3.4
0

0101000
+2328 0 -2326 0 *
Ve
1e-07
43.22865234375 -88.42 5
0 0

0101101
*
Ed
 1e-07 1 1 0
1  1865 0 0 1.2
0

0101000
+2326 0 -2324 0 *
Ve
1e-07
43.32865234375 -88.42 5
0 0

0101101
*
Ed
 1e-07 1 1 0
1  1866 0 0 0.100000000000001
0

0101000
+2324 0 -2322 0 *
Ve
1e-07
43.32865234375 -87.12 5
0 0

0101101
*
Ed
 1e-07 1 1 0
1  1867 0 0 1.3
0

0101000
+2322 0 -2320 0 *
Ve
1e-07
39.72865234375 -87.12 5
0 0

0101101
*
Ed
 1e-07 1 1 0
1  1868 0 0 3.6
0

0101000
+2320 0 -2318 0 *
Ve
1e-07
39.72865234375 -87.42 5
0 0

0101101
*
Ed
 1e-07 1 1 0
1  1869 0 0 0.299999999999997
0

0101000
+2318 0 -2316 0 *
Ve
1e-07
39.57865234375 -87.42 5
0 0

0101101
*
Ed
 1e-07 1 1 0
1  1870 0 0 0.149999999999999
0

0101000
+2316 0 -2314 0 *
Ve
1e-07
39.57865234375 -87.52 5
0 0

0101101
*
Ed
 1e-07 1 1 0
1  1871 0 0 0.0999999999999943
0

0101000
+2314 0 -2312 0 *
Ve
1e-07
39.72865234375 -87.52 5
0 0

0101101
*
Ed
 1e-07 1 1 0
1  1872 0 0 0.149999999999999
0

0101000
+2312 0 -2310 0 *
Ve
1e-07
39.72865234375 -94.07 5
0 0

0101101
*
Ed
 1e-07 1 1 0
1  1873 0 0 6.55000000000001
0

0101000
+2310 0 -2308 0 *
Ve
1e-07
39.82865234375 -94.07 5
0 0

0101101
*
Ed
 1e-07 1 1 0
1  1874 0 0 0.100000000000001
0

0101000
+2308 0 -2306 0 *
Ve
1e-07
39.82865234375 -94.52 5
0 0

0101101
*
Ed
 1e-07 1 1 0
1  1875 0 0 0.449999999999989
0

0101000
+2306 0 -2304 0 *
Ed
 1e-07 1 1 0
1  1876 0 0 3.55
0

0101000
+2304 0 -3035 0 *
Wi

0101100
+3033 0 +3031 0 +3029 0 +3027 0 +3025 0 +3023 0 +3021 0 +3019 0 +3017 0 +3015 0 
+3013 0 +3011 0 +3009 0 +3007 0 +3005 0 +3003 0 +3001 0 +2999 0 +2997 0 +2995 0 
+2993 0 +2991 0 +2989 0 +2987 0 +2985 0 +2983 0 +2981 0 +2979 0 +2977 0 +2975 0 
+2973 0 +2971 0 +2969 0 +2967 0 +2965 0 +2963 0 +2961 0 +2959 0 +2957 0 +2955 0 
+2953 0 +2951 0 +2949 0 +2947 0 +2945 0 +2943 0 +2941 0 +2939 0 +2937 0 +2935 0 
+2933 0 +2931 0 +2929 0 +2927 0 +2925 0 +2923 0 +2921 0 +2919 0 +2917 0 +2915 0 
+2913 0 +2911 0 +2909 0 +2907 0 +2905 0 +2903 0 +2901 0 +2899 0 +2897 0 +2895 0 
+2893 0 +2891 0 +2889 0 +2887 0 +2885 0 +2883 0 +2881 0 +2879 0 +2877 0 +2875 0 
+2873 0 +2871 0 +2869 0 +2867 0 +2865 0 +2863 0 +2861 0 +2859 0 +2857 0 +2855 0 
+2853 0 +2851 0 +2849 0 +2847 0 +2845 0 +2843 0 +2841 0 +2839 0 +2837 0 +2835 0 
+2833 0 +2831 0 +2829 0 +2827 0 +2825 0 +2823 0 +2821 0 +2819 0 +2817 0 +2815 0 
+2813 0 +2811 0 +2809 0 +2807 0 +2805 0 +2803 0 +2801 0 +2799 0 +2797 0 +2795 0 
+2793 0 +2791 0 +2789 0 +2787 0 +2785 0 +2783 0 +2781 0 +2779 0 +2777 0 +2775 0 
+2773 0 +2771 0 +2769 0 +2767 0 +2765 0 +2763 0 +2761 0 +2759 0 +2757 0 +2755 0 
+2753 0 +2751 0 +2749 0 +2747 0 +2745 0 +2743 0 +2741 0 +2739 0 +2737 0 +2735 0 
+2733 0 +2731 0 +2729 0 +2727 0 +2725 0 +2723 0 +2721 0 +2719 0 +2717 0 +2715 0 
+2713 0 +2711 0 +2709 0 +2707 0 +2705 0 +2703 0 +2701 0 +2699 0 +2697 0 +2695 0 
+2693 0 +2691 0 +2689 0 +2687 0 +2685 0 +2683 0 +2681 0 +2679 0 +2677 0 +2675 0 
+2673 0 +2671 0 +2669 0 +2667 0 +2665 0 +2663 0 +2661 0 +2659 0 +2657 0 +2655 0 
+2653 0 +2651 0 +2649 0 +2647 0 +2645 0 +2643 0 +2641 0 +2639 0 +2637 0 +2635 0 
+2633 0 +2631 0 +2629 0 +2627 0 +2625 0 +2623 0 +2621 0 +2619 0 +2617 0 +2615 0 
+2613 0 +2611 0 +2609 0 +2607 0 +2605 0 +2603 0 +2601 0 +2599 0 +2597 0 +2595 0 
+2593 0 +2591 0 +2589 0 +2587 0 +2585 0 +2583 0 +2581 0 +2579 0 +2577 0 +2575 0 
+2573 0 +2571 0 +2569 0 +2567 0 +2565 0 +2563 0 +2561 0 +2559 0 +2557 0 +2555 0 
+2553 0 +2551 0 +2549 0 +2547 0 +2545 0 +2543 0 +2541 0 +2539 0 +2537 0 +2535 0 
+2533 0 +2531 0 +2529 0 +2527 0 +2525 0 +2523 0 +2521 0 +2519 0 +2517 0 +2515 0 
+2513 0 +2511 0 +2509 0 +2507 0 +2505 0 +2503 0 +2501 0 +2499 0 +2497 0 +2495 0 
+2493 0 +2491 0 +2489 0 +2487 0 +2485 0 +2483 0 +2481 0 +2479 0 +2477 0 +2475 0 
+2473 0 +2471 0 +2469 0 +2467 0 +2465 0 +2463 0 +2461 0 +2459 0 +2457 0 +2455 0 
+2453 0 +2451 0 +2449 0 +2447 0 +2445 0 +2443 0 +2441 0 +2439 0 +2437 0 +2435 0 
+2433 0 +2431 0 +2429 0 +2427 0 +2425 0 +2423 0 +2421 0 +2419 0 +2417 0 +2415 0 
+2413 0 +2411 0 +2409 0 +2407 0 +2405 0 +2403 0 +2401 0 +2399 0 +2397 0 +2395 0 
+2393 0 +2391 0 +2389 0 +2387 0 +2385 0 +2383 0 +2381 0 +2379 0 +2377 0 +2375 0 
+2373 0 +2371 0 +2369 0 +2367 0 +2365 0 +2363 0 +2361 0 +2359 0 +2357 0 +2355 0 
+2353 0 +2351 0 +2349 0 +2347 0 +2345 0 +2343 0 +2341 0 +2339 0 +2337 0 +2335 0 
+2333 0 +2331 0 +2329 0 +2327 0 +2325 0 +2323 0 +2321 0 +2319 0 +2317 0 +2315 0 
+2313 0 +2311 0 +2309 0 +2307 0 +2305 0 +2303 0 +2302 0 *
Ve
1.00000004440892e-07
67.80365234375 -79.12 5
0 0

0101101
*
Ve
1.00000004440892e-07
67.15365234375 -79.12 5
0 0

0101101
*
Ed
 1.00000004440892e-07 1 1 0
1  1877 0 0 0.650000000000006
2  143 24 0 0 0.650000000000006
2  144 25 0 0 0.650000000000006
0

0101000
+2300 0 -2299 0 *
Ve
1.00000004440892e-07
67.15365234375 -78.17 5
0 0

0101101
*
Ed
 1.00000004440892e-07 1 1 0
1  1878 0 0 0.950000000000003
2  145 24 0 0 0.950000000000003
2  146 25 0 0 0.950000000000003
0

0101000
+2299 0 -2297 0 *
Ve
1.00000004440892e-07
67.05365234375 -78.17 5
0 0

0101101
*
Ed
 1.00000004440892e-07 1 1 0
1  1879 0 0 0.0999999999999943
2  147 24 0 0 0.0999999999999943
2  148 25 0 0 0.0999999999999943
0

0101000
+2297 0 -2295 0 *
Ve
1.00000004440892e-07
67.05365234375 -80.12 5
0 0

0101101
*
Ed
 1.00000004440892e-07 1 1 0
1  1880 0 0 1.95
2  149 24 0 0 1.95
2  150 25 0 0 1.95
0

0101000
+2295 0 -2293 0 *
Ve
1.00000004440892e-07
67.15365234375 -80.12 5
0 0

0101101
*
Ed
 1.00000004440892e-07 1 1 0
1  1881 0 0 0.0999999999999943
2  151 24 0 0 0.0999999999999943
2  152 25 0 0 0.0999999999999943
0

0101000
+2293 0 -2291 0 *
Ve
1.00000004440892e-07
67.15365234375 -79.87 5
0 0

0101101
*
Ed
 1.00000004440892e-07 1 1 0
1  1882 0 0 0.25
2  153 24 0 0 0.25
2  154 25 0 0 0.25
0

0101000
+2291 0 -2289 0 *
Ve
1.00000004440892e-07
67.95365234375 -79.87 5
0 0

0101101
*
Ed
 1.00000004440892e-07 1 1 0
1  1883 0 0 0.800000000000011
2  155 24 0 0 0.800000000000011
2  156 25 0 0 0.800000000000011
0

0101000
+2289 0 -2287 0 *
Ve
1.00000004440892e-07
67.95365234375 -79.77 5
0 0

0101101
*
Ed
 1.00000004440892e-07 1 1 0
1  1884 0 0 0.100000000000009
2  157 24 0 0 0.100000000000009
2  158 25 0 0 0.100000000000009
0

0101000
+2287 0 -2285 0 *
Ve
1.00000004440892e-07
67.80365234375 -79.77 5
0 0

0101101
*
Ed
 1.00000004440892e-07 1 1 0
1  1885 0 0 0.150000000000006
2  159 24 0 0 0.150000000000006
2  160 25 0 0 0.150000000000006
0

0101000
+2285 0 -2283 0 *
Ed
 1.00000004440892e-07 1 1 0
1  1886 0 0 0.649999999999991
2  161 24 0 0 0.649999999999991
2  162 25 0 0 0.649999999999991
0

0101000
+2283 0 -2300 0 *
Wi

0101100
+2298 0 +2296 0 +2294 0 +2292 0 +2290 0 +2288 0 +2286 0 +2284 0 +2282 0 +2281 0 
*
Fa
0  1e-07 23 0

0111000
+2301 0 +2280 0 *
Ve
1e-07
2.90365142822266 -90.52 5
0 0

0101101
*
Ve
1e-07
2.90365142822266 -90.42 5
0 0

0101101
*
Ed
 1e-07 1 1 0
1  1887 0 0 0.0999999999999943
0

0101000
+2278 0 -2277 0 *
Ve
1e-07
-1.14634864807129 -90.42 5
0 0

0101101
*
Ed
 1e-07 1 1 0
1  1888 0 0 4.05000007629395
0

0101000
+2277 0 -2275 0 *
Ve
1e-07
-1.14634864807129 -85.82 5
0 0

0101101
*
Ed
 1e-07 1 1 0
1  1889 0 0 4.59999999999999
0

0101000
+2275 0 -2273 0 *
Ve
1e-07
2.40365142822266 -85.82 5
0 0

0101101
*
Ed
 1e-07 1 1 0
1  1890 0 0 3.55000007629395
0

0101000
+2273 0 -2271 0 *
Ve
1e-07
2.40365142822266 -85.72 5
0 0

0101101
*
Ed
 1e-07 1 1 0
1  1891 0 0 0.100000000000009
0

0101000
+2271 0 -2269 0 *
Ve
1e-07
-1.14634864807129 -85.72 5
0 0

0101101
*
Ed
 1e-07 1 1 0
1  1892 0 0 3.55000007629395
0

0101000
+2269 0 -2267 0 *
Ve
1e-07
-1.14634864807129 -83.12 5
0 0

0101101
*
Ed
 1e-07 1 1 0
1  1893 0 0 2.59999999999999
0

0101000
+2267 0 -2265 0 *
Ve
1e-07
3.60365142822266 -83.12 5
0 0

0101101
*
Ed
 1e-07 1 1 0
1  1894 0 0 4.75000007629395
0

0101000
+2265 0 -2263 0 *
Ve
1e-07
3.60365142822266 -84.52 5
0 0

0101101
*
Ed
 1e-07 1 1 0
1  1895 0 0 1.39999999999999
0

0101000
+2263 0 -2261 0 *
Ve
1e-07
4.35365142822266 -84.52 5
0 0

0101101
*
Ed
 1e-07 1 1 0
1  1896 0 0 0.75
0

0101000
+2261 0 -2259 0 *
Ve
1e-07
4.35365142822266 -85.72 5
0 0

0101101
*
Ed
 1e-07 1 1 0
1  1897 0 0 1.2
0

0101000
+2259 0 -2257 0 *
Ve
1e-07
3.45365142822266 -85.72 5
0 0

0101101
*
Ed
 1e-07 1 1 0
1  1898 0 0 0.9
0

0101000
+2257 0 -2255 0 *
Ve
1e-07
3.45365142822266 -85.82 5
0 0

0101101
*
Ed
 1e-07 1 1 0
1  1899 0 0 0.100000000000009
0

0101000
+2255 0 -2253 0 *
Ve
1e-07
6.20365112304687 -85.82 5
0 0

0101101
*
Ed
 1e-07 1 1 0
1  1900 0 0 2.74999969482422
0

0101000
+2253 0 -2251 0 *
Ve
1e-07
6.20365112304687 -85.72 5
0 0

0101101
*
Ed
 1e-07 1 1 0
1  1901 0 0 0.100000000000009
0

0101000
+2251 0 -2249 0 *
Ve
1e-07
4.45365142822266 -85.72 5
0 0

0101101
*
Ed
 1e-07 1 1 0
1  1902 0 0 1.74999969482422
0

0101000
+2249 0 -2247 0 *
Ve
1e-07
4.45365142822266 -83.72 5
0 0

0101101
*
Ed
 1e-07 1 1 0
1  1903 0 0 2
0

0101000
+2247 0 -2245 0 *
Ve
1e-07
6.15365112304687 -83.72 5
0 0

0101101
*
Ed
 1e-07 1 1 0
1  1904 0 0 1.69999969482422
0

0101000
+2245 0 -2243 0 *
Ve
1e-07
6.15365112304687 -82.87 5
0 0

0101101
*
Ed
 1e-07 1 1 0
1  1905 0 0 0.849999999999994
0

0101000
+2243 0 -2241 0 *
Ve
1e-07
6.05365112304688 -82.87 5
0 0

0101101
*
Ed
 1e-07 1 1 0
1  1906 0 0 0.0999999999999996
0

0101000
+2241 0 -2239 0 *
Ve
1e-07
6.05365112304688 -83.62 5
0 0

0101101
*
Ed
 1e-07 1 1 0
1  1907 0 0 0.75
0

0101000
+2239 0 -2237 0 *
Ve
1e-07
3.70365142822266 -83.62 5
0 0

0101101
*
Ed
 1e-07 1 1 0
1  1908 0 0 2.34999969482422
0

0101000
+2237 0 -2235 0 *
Ve
1e-07
3.70365142822266 -83.02 5
0 0

0101101
*
Ed
 1e-07 1 1 0
1  1909 0 0 0.600000000000009
0

0101000
+2235 0 -2233 0 *
Ve
1e-07
-1.14634864807129 -83.02 5
0 0

0101101
*
Ed
 1e-07 1 1 0
1  1910 0 0 4.85000007629395
0

0101000
+2233 0 -2231 0 *
Ve
1e-07
-1.14634864807129 -77.22 5
0 0

0101101
*
Ed
 1e-07 1 1 0
1  1911 0 0 5.8
0

0101000
+2231 0 -2229 0 *
Ve
1e-07
3.55365142822266 -77.22 5
0 0

0101101
*
Ed
 1e-07 1 1 0
1  1912 0 0 4.70000007629395
0

0101000
+2229 0 -2227 0 *
Ve
1e-07
3.55365142822266 -81.72 5
0 0

0101101
*
Ed
 1e-07 1 1 0
1  1913 0 0 4.5
0

0101000
+2227 0 -2225 0 *
Ve
1e-07
3.80365142822266 -81.72 5
0 0

0101101
*
Ed
 1e-07 1 1 0
1  1914 0 0 0.25
0

0101000
+2225 0 -2223 0 *
Ve
1e-07
3.80365142822266 -81.62 5
0 0

0101101
*
Ed
 1e-07 1 1 0
1  1915 0 0 0.0999999999999943
0

0101000
+2223 0 -2221 0 *
Ve
1e-07
3.65365142822266 -81.62 5
0 0

0101101
*
Ed
 1e-07 1 1 0
1  1916 0 0 0.15
0

0101000
+2221 0 -2219 0 *
Ve
1e-07
3.65365142822266 -77.22 5
0 0

0101101
*
Ed
 1e-07 1 1 0
1  1917 0 0 4.40000000000001
0

0101000
+2219 0 -2217 0 *
Ve
1e-07
5.75365112304688 -77.22 5
0 0

0101101
*
Ed
 1e-07 1 1 0
1  1918 0 0 2.09999969482422
0

0101000
+2217 0 -2215 0 *
Ve
1e-07
5.75365112304688 -77.67 5
0 0

0101101
*
Ed
 1e-07 1 1 0
1  1919 0 0 0.450000000000003
0

0101000
+2215 0 -2213 0 *
Ve
1e-07
5.65365112304687 -77.67 5
0 0

0101101
*
Ed
 1e-07 1 1 0
1  1920 0 0 0.100000000000001
0

0101000
+2213 0 -2211 0 *
Ve
1e-07
5.65365112304687 -81.62 5
0 0

0101101
*
Ed
 1e-07 1 1 0
1  1921 0 0 3.95
0

0101000
+2211 0 -2209 0 *
Ve
1e-07
4.80365142822266 -81.62 5
0 0

0101101
*
Ed
 1e-07 1 1 0
1  1922 0 0 0.849999694824218
0

0101000
+2209 0 -2207 0 *
Ve
1e-07
4.80365142822266 -81.72 5
0 0

0101101
*
Ed
 1e-07 1 1 0
1  1923 0 0 0.0999999999999943
0

0101000
+2207 0 -2205 0 *
Ve
1e-07
6.05365112304688 -81.72 5
0 0

0101101
*
Ed
 1e-07 1 1 0
1  1924 0 0 1.24999969482422
0

0101000
+2205 0 -2203 0 *
Ve
1e-07
6.05365112304688 -81.87 5
0 0

0101101
*
Ed
 1e-07 1 1 0
1  1925 0 0 0.150000000000006
0

0101000
+2203 0 -2201 0 *
Ve
1e-07
6.15365112304687 -81.87 5
0 0

0101101
*
Ed
 1e-07 1 1 0
1  1926 0 0 0.0999999999999996
0

0101000
+2201 0 -2199 0 *
Ve
1e-07
6.15365112304687 -81.72 5
0 0

0101101
*
Ed
 1e-07 1 1 0
1  1927 0 0 0.150000000000006
0

0101000
+2199 0 -2197 0 *
Ve
1e-07
8.45365112304687 -81.72 5
0 0

0101101
*
Ed
 1e-07 1 1 0
1  1928 0 0 2.3
0

0101000
+2197 0 -2195 0 *
Ve
1e-07
8.45365112304687 -81.62 5
0 0

0101101
*
Ed
 1e-07 1 1 0
1  1929 0 0 0.0999999999999943
0

0101000
+2195 0 -2193 0 *
Ve
1e-07
6.55365112304688 -81.62 5
0 0

0101101
*
Ed
 1e-07 1 1 0
1  1930 0 0 1.9
0

0101000
+2193 0 -2191 0 *
Ve
1e-07
6.55365112304688 -81.02 5
0 0

0101101
*
Ed
 1e-07 1 1 0
1  1931 0 0 0.600000000000009
0

0101000
+2191 0 -2189 0 *
Ve
1e-07
5.85365112304688 -81.02 5
0 0

0101101
*
Ed
 1e-07 1 1 0
1  1932 0 0 0.7
0

0101000
+2189 0 -2187 0 *
Ve
1e-07
5.85365112304688 -74.92 5
0 0

0101101
*
Ed
 1e-07 1 1 0
1  1933 0 0 6.09999999999999
0

0101000
+2187 0 -2185 0 *
Ve
1e-07
13.2536511230469 -74.92 5
0 0

0101101
*
Ed
 1e-07 1 1 0
1  1934 0 0 7.4
0

0101000
+2185 0 -2183 0 *
Ve
1e-07
13.2536511230469 -82.97 5
0 0

0101101
*
Ed
 1e-07 1 1 0
1  1935 0 0 8.05
0

0101000
+2183 0 -2181 0 *
Ve
1e-07
9.70365112304687 -82.97 5
0 0

0101101
*
Ed
 1e-07 1 1 0
1  1936 0 0 3.55
0

0101000
+2181 0 -2179 0 *
Ve
1e-07
9.70365112304687 -82.87 5
0 0

0101101
*
Ed
 1e-07 1 1 0
1  1937 0 0 0.0999999999999943
0

0101000
+2179 0 -2177 0 *
Ve
1e-07
9.60365112304688 -82.87 5
0 0

0101101
*
Ed
 1e-07 1 1 0
1  1938 0 0 0.0999999999999996
0

0101000
+2177 0 -2175 0 *
Ve
1e-07
9.60365112304688 -82.97 5
0 0

0101101
*
Ed
 1e-07 1 1 0
1  1939 0 0 0.0999999999999943
0

0101000
+2175 0 -2173 0 *
Ve
1e-07
8.65365112304688 -82.97 5
0 0

0101101
*
Ed
 1e-07 1 1 0
1  1940 0 0 0.949999999999999
0

0101000
+2173 0 -2171 0 *
Ve
1e-07
8.65365112304688 -83.07 5
0 0

0101101
*
Ed
 1e-07 1 1 0
1  1941 0 0 0.100000000000009
0

0101000
+2171 0 -2169 0 *
Ve
1e-07
10.4036511230469 -83.07 5
0 0

0101101
*
Ed
 1e-07 1 1 0
1  1942 0 0 1.75
0

0101000
+2169 0 -2167 0 *
Ve
1e-07
10.4036511230469 -84.02 5
0 0

0101101
*
Ed
 1e-07 1 1 0
1  1943 0 0 0.949999999999989
0

0101000
+2167 0 -2165 0 *
Ve
1e-07
9.40365112304688 -84.02 5
0 0

0101101
*
Ed
 1e-07 1 1 0
1  1944 0 0 1
0

0101000
+2165 0 -2163 0 *
Ve
1e-07
9.40365112304688 -84.77 5
0 0

0101101
*
Ed
 1e-07 1 1 0
1  1945 0 0 0.75
0

0101000
+2163 0 -2161 0 *
Ve
1e-07
7.60365112304688 -84.77 5
0 0

0101101
*
Ed
 1e-07 1 1 0
1  1946 0 0 1.8
0

0101000
+2161 0 -2159 0 *
Ve
1e-07
7.60365112304688 -83.07 5
0 0

0101101
*
Ed
 1e-07 1 1 0
1  1947 0 0 1.69999999999999
0

0101000
+2159 0 -2157 0 *
Ve
1e-07
7.75365112304688 -83.07 5
0 0

0101101
*
Ed
 1e-07 1 1 0
1  1948 0 0 0.15
0

0101000
+2157 0 -2155 0 *
Ve
1e-07
7.75365112304688 -82.97 5
0 0

0101101
*
Ed
 1e-07 1 1 0
1  1949 0 0 0.100000000000009
0

0101000
+2155 0 -2153 0 *
Ve
1e-07
7.50365112304688 -82.97 5
0 0

0101101
*
Ed
 1e-07 1 1 0
1  1950 0 0 0.25
0

0101000
+2153 0 -2151 0 *
Ve
1e-07
7.50365112304688 -90.42 5
0 0

0101101
*
Ed
 1e-07 1 1 0
1  1951 0 0 7.45
0

0101000
+2151 0 -2149 0 *
Ve
1e-07
5.35365112304688 -90.42 5
0 0

0101101
*
Ed
 1e-07 1 1 0
1  1952 0 0 2.15
0

0101000
+2149 0 -2147 0 *
Ve
1e-07
5.35365112304688 -90.62 5
0 0

0101101
*
Ed
 1e-07 1 1 0
1  1953 0 0 0.200000000000003
0

0101000
+2147 0 -2145 0 *
Ve
1e-07
5.45365112304687 -90.62 5
0 0

0101101
*
Ed
 1e-07 1 1 0
1  1954 0 0 0.0999999999999996
0

0101000
+2145 0 -2143 0 *
Ve
1e-07
5.45365112304687 -90.52 5
0 0

0101101
*
Ed
 1e-07 1 1 0
1  1955 0 0 0.100000000000009
0

0101000
+2143 0 -2141 0 *
Ve
1e-07
7.75365112304688 -90.52 5
0 0

0101101
*
Ed
 1e-07 1 1 0
1  1956 0 0 2.3
0

0101000
+2141 0 -2139 0 *
Ve
1e-07
7.75365112304688 -90.42 5
0 0

0101101
*
Ed
 1e-07 1 1 0
1  1957 0 0 0.0999999999999943
0

0101000
+2139 0 -2137 0 *
Ve
1e-07
7.60365112304688 -90.42 5
0 0

0101101
*
Ed
 1e-07 1 1 0
1  1958 0 0 0.15
0

0101000
+2137 0 -2135 0 *
Ve
1e-07
7.60365112304688 -88.72 5
0 0

0101101
*
Ed
 1e-07 1 1 0
1  1959 0 0 1.7
0

0101000
+2135 0 -2133 0 *
Ve
1e-07
7.75365112304688 -88.72 5
0 0

0101101
*
Ed
 1e-07 1 1 0
1  1960 0 0 0.15
0

0101000
+2133 0 -2131 0 *
Ve
1e-07
7.75365112304688 -88.62 5
0 0

0101101
*
Ed
 1e-07 1 1 0
1  1961 0 0 0.0999999999999943
0

0101000
+2131 0 -2129 0 *
Ve
1e-07
7.60365112304688 -88.62 5
0 0

0101101
*
Ed
 1e-07 1 1 0
1  1962 0 0 0.15
0

0101000
+2129 0 -2127 0 *
Ve
1e-07
7.60365112304688 -86.47 5
0 0

0101101
*
Ed
 1e-07 1 1 0
1  1963 0 0 2.15000000000001
0

0101000
+2127 0 -2125 0 *
Ve
1e-07
7.75365112304688 -86.47 5
0 0

0101101
*
Ed
 1e-07 1 1 0
1  1964 0 0 0.15
0

0101000
+2125 0 -2123 0 *
Ve
1e-07
7.75365112304688 -86.37 5
0 0

0101101
*
Ed
 1e-07 1 1 0
1  1965 0 0 0.0999999999999943
0

0101000
+2123 0 -2121 0 *
Ve
1e-07
7.60365112304688 -86.37 5
0 0

0101101
*
Ed
 1e-07 1 1 0
1  1966 0 0 0.15
0

0101000
+2121 0 -2119 0 *
Ve
1e-07
7.60365112304688 -85.37 5
0 0

0101101
*
Ed
 1e-07 1 1 0
1  1967 0 0 1
0

0101000
+2119 0 -2117 0 *
Ve
1e-07
9.40365112304688 -85.37 5
0 0

0101101
*
Ed
 1e-07 1 1 0
1  1968 0 0 1.8
0

0101000
+2117 0 -2115 0 *
Ve
1e-07
9.40365112304688 -86.37 5
0 0

0101101
*
Ed
 1e-07 1 1 0
1  1969 0 0 1
0

0101000
+2115 0 -2113 0 *
Ve
1e-07
8.65365112304688 -86.37 5
0 0

0101101
*
Ed
 1e-07 1 1 0
1  1970 0 0 0.75
0

0101000
+2113 0 -2111 0 *
Ve
1e-07
8.65365112304688 -86.47 5
0 0

0101101
*
Ed
 1e-07 1 1 0
1  1971 0 0 0.0999999999999943
0

0101000
+2111 0 -2109 0 *
Ve
1e-07
9.40365112304688 -86.47 5
0 0

0101101
*
Ed
 1e-07 1 1 0
1  1972 0 0 0.75
0

0101000
+2109 0 -2107 0 *
Ve
1e-07
9.40365112304688 -88.62 5
0 0

0101101
*
Ed
 1e-07 1 1 0
1  1973 0 0 2.15000000000001
0

0101000
+2107 0 -2105 0 *
Ve
1e-07
8.65365112304688 -88.62 5
0 0

0101101
*
Ed
 1e-07 1 1 0
1  1974 0 0 0.75
0

0101000
+2105 0 -2103 0 *
Ve
1e-07
8.65365112304688 -88.72 5
0 0

0101101
*
Ed
 1e-07 1 1 0
1  1975 0 0 0.0999999999999943
0

0101000
+2103 0 -2101 0 *
Ve
1e-07
9.40365112304688 -88.72 5
0 0

0101101
*
Ed
 1e-07 1 1 0
1  1976 0 0 0.75
0

0101000
+2101 0 -2099 0 *
Ve
1e-07
9.40365112304688 -90.42 5
0 0

0101101
*
Ed
 1e-07 1 1 0
1  1977 0 0 1.7
0

0101000
+2099 0 -2097 0 *
Ve
1e-07
8.65365112304688 -90.42 5
0 0

0101101
*
Ed
 1e-07 1 1 0
1  1978 0 0 0.75
0

0101000
+2097 0 -2095 0 *
Ve
1e-07
8.65365112304688 -90.52 5
0 0

0101101
*
Ed
 1e-07 1 1 0
1  1979 0 0 0.0999999999999943
0

0101000
+2095 0 -2093 0 *
Ve
1e-07
9.70365112304687 -90.52 5
0 0

0101101
*
Ed
 1e-07 1 1 0
1  1980 0 0 1.05
0

0101000
+2093 0 -2091 0 *
Ve
1e-07
9.70365112304687 -84.32 5
0 0

0101101
*
Ed
 1e-07 1 1 0
1  1981 0 0 6.19999999999999
0

0101000
+2091 0 -2089 0 *
Ve
1e-07
10.5536511230469 -84.32 5
0 0

0101101
*
Ed
 1e-07 1 1 0
1  1982 0 0 0.85
0

0101000
+2089 0 -2087 0 *
Ve
1e-07
10.5536511230469 -83.17 5
0 0

0101101
*
Ed
 1e-07 1 1 0
1  1983 0 0 1.15000000000001
0

0101000
+2087 0 -2085 0 *
Ve
1e-07
13.4536511230469 -83.17 5
0 0

0101101
*
Ed
 1e-07 1 1 0
1  1984 0 0 2.9
0

0101000
+2085 0 -2083 0 *
Ve
1e-07
13.4536511230469 -77.22 5
0 0

0101101
*
Ed
 1e-07 1 1 0
1  1985 0 0 5.95
0

0101000
+2083 0 -2081 0 *
Ve
1e-07
15.6286511230469 -77.22 5
0 0

0101101
*
Ed
 1e-07 1 1 0
1  1986 0 0 2.175
0

0101000
+2081 0 -2079 0 *
Ve
1e-07
15.6286511230469 -82.27 5
0 0

0101101
*
Ed
 1e-07 1 1 0
1  1987 0 0 5.05
0

0101000
+2079 0 -2077 0 *
Ve
1e-07
20.3286511230469 -82.27 5
0 0

0101101
*
Ed
 1e-07 1 1 0
1  1988 0 0 4.7
0

0101000
+2077 0 -2075 0 *
Ve
1e-07
20.3286511230469 -84.67 5
0 0

0101101
*
Ed
 1e-07 1 1 0
1  1989 0 0 2.40000000000001
0

0101000
+2075 0 -2073 0 *
Ve
1e-07
20.4786511230469 -84.67 5
0 0

0101101
*
Ed
 1e-07 1 1 0
1  1990 0 0 0.150000000000002
0

0101000
+2073 0 -2071 0 *
Ve
1e-07
20.4786511230469 -83.62 5
0 0

0101101
*
Ed
 1e-07 1 1 0
1  1991 0 0 1.05
0

0101000
+2071 0 -2069 0 *
Ve
1e-07
20.57865234375 -83.62 5
0 0

0101101
*
Ed
 1e-07 1 1 0
1  1992 0 0 0.100001220703124
0

0101000
+2069 0 -2067 0 *
Ve
1e-07
20.57865234375 -83.52 5
0 0

0101101
*
Ed
 1e-07 1 1 0
1  1993 0 0 0.100000000000009
0

0101000
+2067 0 -2065 0 *
Ve
1e-07
20.4786511230469 -83.52 5
0 0

0101101
*
Ed
 1e-07 1 1 0
1  1994 0 0 0.100001220703124
0

0101000
+2065 0 -2063 0 *
Ve
1e-07
20.4786511230469 -81.47 5
0 0

0101101
*
Ed
 1e-07 1 1 0
1  1995 0 0 2.05
0

0101000
+2063 0 -2061 0 *
Ve
1e-07
19.8786511230469 -81.47 5
0 0

0101101
*
Ed
 1e-07 1 1 0
1  1996 0 0 0.600000000000001
0

0101000
+2061 0 -2059 0 *
Ve
1e-07
19.8786511230469 -82.12 5
0 0

0101101
*
Ed
 1e-07 1 1 0
1  1997 0 0 0.650000000000006
0

0101000
+2059 0 -2057 0 *
Ve
1e-07
17.4286511230469 -82.12 5
0 0

0101101
*
Ed
 1e-07 1 1 0
1  1998 0 0 2.45
0

0101000
+2057 0 -2055 0 *
Ve
1e-07
17.4286511230469 -81.37 5
0 0

0101101
*
Ed
 1e-07 1 1 0
1  1999 0 0 0.75
0

0101000
+2055 0 -2053 0 *
Ve
1e-07
17.3286511230469 -81.37 5
0 0

0101101
*
Ed
 1e-07 1 1 0
1  2000 0 0 0.100000000000001
0

0101000
+2053 0 -2051 0 *
Ve
1e-07
17.3286511230469 -82.12 5
0 0

0101101
*
Ed
 1e-07 1 1 0
1  2001 0 0 0.75
0

0101000
+2051 0 -2049 0 *
Ve
1e-07
16.3286511230469 -82.12 5
0 0

0101101
*
Ed
 1e-07 1 1 0
1  2002 0 0 1
0

0101000
+2049 0 -2047 0 *
Ve
1e-07
16.3286511230469 -81.22 5
0 0

0101101
*
Ed
 1e-07 1 1 0
1  2003 0 0 0.900000000000006
0

0101000
+2047 0 -2045 0 *
Ve
1e-07
15.8786511230469 -81.22 5
0 0

0101101
*
Ed
 1e-07 1 1 0
1  2004 0 0 0.449999999999999
0

0101000
+2045 0 -2043 0 *
Ve
1e-07
15.8786511230469 -78.17 5
0 0

0101101
*
Ed
 1e-07 1 1 0
1  2005 0 0 3.05
0

0101000
+2043 0 -2041 0 *
Ve
1e-07
15.7786511230469 -78.17 5
0 0

0101101
*
Ed
 1e-07 1 1 0
1  2006 0 0 0.0999999999999996
0

0101000
+2041 0 -2039 0 *
Ve
1e-07
15.7786511230469 -77.22 5
0 0

0101101
*
Ed
 1e-07 1 1 0
1  2007 0 0 0.950000000000003
0

0101000
+2039 0 -2037 0 *
Ve
1e-07
19.7786511230469 -77.22 5
0 0

0101101
*
Ed
 1e-07 1 1 0
1  2008 0 0 4
0

0101000
+2037 0 -2035 0 *
Ve
1e-07
19.7786511230469 -78.17 5
0 0

0101101
*
Ed
 1e-07 1 1 0
1  2009 0 0 0.950000000000003
0

0101000
+2035 0 -2033 0 *
Ve
1e-07
18.7786511230469 -78.17 5
0 0

0101101
*
Ed
 1e-07 1 1 0
1  2010 0 0 1
0

0101000
+2033 0 -2031 0 *
Ve
1e-07
18.7786511230469 -78.27 5
0 0

0101101
*
Ed
 1e-07 1 1 0
1  2011 0 0 0.0999999999999943
0

0101000
+2031 0 -2029 0 *
Ve
1e-07
18.6286511230469 -78.27 5
0 0

0101101
*
Ed
 1e-07 1 1 0
1  2012 0 0 0.149999999999999
0

0101000
+2029 0 -2027 0 *
Ve
1e-07
18.6286511230469 -78.17 5
0 0

0101101
*
Ed
 1e-07 1 1 0
1  2013 0 0 0.0999999999999943
0

0101000
+2027 0 -2025 0 *
Ve
1e-07
17.3286511230469 -78.17 5
0 0

0101101
*
Ed
 1e-07 1 1 0
1  2014 0 0 1.3
0

0101000
+2025 0 -2023 0 *
Ve
1e-07
17.3286511230469 -80.37 5
0 0

0101101
*
Ed
 1e-07 1 1 0
1  2015 0 0 2.2
0

0101000
+2023 0 -2021 0 *
Ve
1e-07
17.4286511230469 -80.37 5
0 0

0101101
*
Ed
 1e-07 1 1 0
1  2016 0 0 0.100000000000001
0

0101000
+2021 0 -2019 0 *
Ve
1e-07
17.4286511230469 -80.27 5
0 0

0101101
*
Ed
 1e-07 1 1 0
1  2017 0 0 0.100000000000009
0

0101000
+2019 0 -2017 0 *
Ve
1e-07
18.5286511230469 -80.27 5
0 0

0101101
*
Ed
 1e-07 1 1 0
1  2018 0 0 1.1
0

0101000
+2017 0 -2015 0 *
Ve
1e-07
18.5286511230469 -80.47 5
0 0

0101101
*
Ed
 1e-07 1 1 0
1  2019 0 0 0.200000000000003
0

0101000
+2015 0 -2013 0 *
Ve
1e-07
18.8786511230469 -80.47 5
0 0

0101101
*
Ed
 1e-07 1 1 0
1  2020 0 0 0.350000000000001
0

0101000
+2013 0 -2011 0 *
Ve
1e-07
18.8786511230469 -78.27 5
0 0

0101101
*
Ed
 1e-07 1 1 0
1  2021 0 0 2.2
0

0101000
+2011 0 -2009 0 *
Ve
1e-07
19.8786511230469 -78.27 5
0 0

0101101
*
Ed
 1e-07 1 1 0
1  2022 0 0 1
0

0101000
+2009 0 -2007 0 *
Ve
1e-07
19.8786511230469 -77.22 5
0 0

0101101
*
Ed
 1e-07 1 1 0
1  2023 0 0 1.05
0

0101000
+2007 0 -2005 0 *
Ve
1e-07
22.12865234375 -77.22 5
0 0

0101101
*
Ed
 1e-07 1 1 0
1  2024 0 0 2.25000122070313
0

0101000
+2005 0 -2003 0 *
Ve
1e-07
22.12865234375 -78.87 5
0 0

0101101
*
Ed
 1e-07 1 1 0
1  2025 0 0 1.65000000000001
0

0101000
+2003 0 -2001 0 *
Ve
1e-07
22.4341137695313 -78.87 5
0 0

0101101
*
Ed
 1e-07 1 1 0
1  2026 0 0 0.30546142578125
0

0101000
+2001 0 -1999 0 *
Ve
1e-07
22.37865234375 -78.77 5
0 0

0101101
*
Ed
 1e-07 1 1 0
1  2027 0 0 0.114350206600997
0

0101000
+1999 0 -1997 0 *
Ve
1e-07
22.37865234375 -77.62 5
0 0

0101101
*
Ed
 1e-07 1 1 0
1  2028 0 0 1.14999999999999
0

0101000
+1997 0 -1995 0 *
Ve
1e-07
22.22865234375 -77.62 5
0 0

0101101
*
Ed
 1e-07 1 1 0
1  2029 0 0 0.150000000000002
0

0101000
+1995 0 -1993 0 *
Ve
1e-07
22.22865234375 -77.17 5
0 0

0101101
*
Ed
 1e-07 1 1 0
1  2030 0 0 0.450000000000003
0

0101000
+1993 0 -1991 0 *
Ve
1e-07
29.27865234375 -77.17 5
0 0

0101101
*
Ed
 1e-07 1 1 0
1  2031 0 0 7.05
0

0101000
+1991 0 -1989 0 *
Ve
1e-07
29.27865234375 -77.62 5
0 0

0101101
*
Ed
 1e-07 1 1 0
1  2032 0 0 0.450000000000003
0

0101000
+1989 0 -1987 0 *
Ve
1e-07
29.17865234375 -77.62 5
0 0

0101101
*
Ed
 1e-07 1 1 0
1  2033 0 0 0.0999999999999979
0

0101000
+1987 0 -1985 0 *
Ve
1e-07
29.17865234375 -78.77 5
0 0

0101101
*
Ed
 1e-07 1 1 0
1  2034 0 0 1.14999999999999
0

0101000
+1985 0 -1983 0 *
Ve
1e-07
23.370771484375 -78.77 5
0 0

0101101
*
Ed
 1e-07 1 1 0
1  2035 0 0 5.807880859375
0

0101000
+1983 0 -1981 0 *
Ve
1e-07
23.370771484375 -78.87 5
0 0

0101101
*
Ed
 1e-07 1 1 0
1  2036 0 0 0.100000000000009
0

0101000
+1981 0 -1979 0 *
Ve
1e-07
23.42865234375 -78.87 5
0 0

0101101
*
Ed
 1e-07 1 1 0
1  2037 0 0 0.0578808593749969
0

0101000
+1979 0 -1977 0 *
Ve
1e-07
23.42865234375 -83.52 5
0 0

0101101
*
Ed
 1e-07 1 1 0
1  2038 0 0 4.64999999999999
0

0101000
+1977 0 -1975 0 *
Ve
1e-07
21.57865234375 -83.52 5
0 0

0101101
*
Ed
 1e-07 1 1 0
1  2039 0 0 1.85
0

0101000
+1975 0 -1973 0 *
Ve
1e-07
21.57865234375 -83.62 5
0 0

0101101
*
Ed
 1e-07 1 1 0
1  2040 0 0 0.100000000000009
0

0101000
+1973 0 -1971 0 *
Ve
1e-07
23.42865234375 -83.62 5
0 0

0101101
*
Ed
 1e-07 1 1 0
1  2041 0 0 1.85
0

0101000
+1971 0 -1969 0 *
Ve
1e-07
23.42865234375 -84.67 5
0 0

0101101
*
Ed
 1e-07 1 1 0
1  2042 0 0 1.05
0

0101000
+1969 0 -1967 0 *
Ve
1e-07
23.52865234375 -84.67 5
0 0

0101101
*
Ed
 1e-07 1 1 0
1  2043 0 0 0.100000000000001
0

0101000
+1967 0 -1965 0 *
Ve
1e-07
23.52865234375 -78.87 5
0 0

0101101
*
Ed
 1e-07 1 1 0
1  2044 0 0 5.8
0

0101000
+1965 0 -1963 0 *
Ve
1e-07
29.17865234375 -78.87 5
0 0

0101101
*
Ed
 1e-07 1 1 0
1  2045 0 0 5.65
0

0101000
+1963 0 -1961 0 *
Ve
1e-07
29.17865234375 -82.27 5
0 0

0101101
*
Ed
 1e-07 1 1 0
1  2046 0 0 3.39999999999999
0

0101000
+1961 0 -1959 0 *
Ve
1e-07
29.32865234375 -82.27 5
0 0

0101101
*
Ed
 1e-07 1 1 0
1  2047 0 0 0.149999999999999
0

0101000
+1959 0 -1957 0 *
Ve
1e-07
29.32865234375 -81.17 5
0 0

0101101
*
Ed
 1e-07 1 1 0
1  2048 0 0 1.09999999999999
0

0101000
+1957 0 -1955 0 *
Ve
1e-07
29.42865234375 -81.17 5
0 0

0101101
*
Ed
 1e-07 1 1 0
1  2049 0 0 0.100000000000001
0

0101000
+1955 0 -1953 0 *
Ve
1e-07
29.42865234375 -81.07 5
0 0

0101101
*
Ed
 1e-07 1 1 0
1  2050 0 0 0.0999999999999943
0

0101000
+1953 0 -1951 0 *
Ve
1e-07
29.32865234375 -81.07 5
0 0

0101101
*
Ed
 1e-07 1 1 0
1  2051 0 0 0.100000000000001
0

0101000
+1951 0 -1949 0 *
Ve
1e-07
29.32865234375 -78.77 5
0 0

0101101
*
Ed
 1e-07 1 1 0
1  2052 0 0 2.30000000000001
0

0101000
+1949 0 -1947 0 *
Ve
1e-07
29.52865234375 -78.77 5
0 0

0101101
*
Ed
 1e-07 1 1 0
1  2053 0 0 0.199999999999999
0

0101000
+1947 0 -1945 0 *
Ve
1e-07
29.52865234375 -77.62 5
0 0

0101101
*
Ed
 1e-07 1 1 0
1  2054 0 0 1.14999999999999
0

0101000
+1945 0 -1943 0 *
Ve
1e-07
29.42865234375 -77.62 5
0 0

0101101
*
Ed
 1e-07 1 1 0
1  2055 0 0 0.0999999999999979
0

0101000
+1943 0 -1941 0 *
Ve
1e-07
29.42865234375 -77.22 5
0 0

0101101
*
Ed
 1e-07 1 1 0
1  2056 0 0 0.400000000000006
0

0101000
+1941 0 -1939 0 *
Ve
1e-07
31.07865234375 -77.22 5
0 0

0101101
*
Ed
 1e-07 1 1 0
1  2057 0 0 1.65
0

0101000
+1939 0 -1937 0 *
Ve
1e-07
31.07865234375 -79.07 5
0 0

0101101
*
Ed
 1e-07 1 1 0
1  2058 0 0 1.85000000000001
0

0101000
+1937 0 -1935 0 *
Ve
1e-07
31.17865234375 -79.07 5
0 0

0101101
*
Ed
 1e-07 1 1 0
1  2059 0 0 0.100000000000001
0

0101000
+1935 0 -1933 0 *
Ve
1e-07
31.17865234375 -77.22 5
0 0

0101101
*
Ed
 1e-07 1 1 0
1  2060 0 0 1.85000000000001
0

0101000
+1933 0 -1931 0 *
Ve
1e-07
32.57865234375 -77.22 5
0 0

0101101
*
Ed
 1e-07 1 1 0
1  2061 0 0 1.4
0

0101000
+1931 0 -1929 0 *
Ve
1e-07
32.57865234375 -77.67 5
0 0

0101101
*
Ed
 1e-07 1 1 0
1  2062 0 0 0.450000000000003
0

0101000
+1929 0 -1927 0 *
Ve
1e-07
32.47865234375 -77.67 5
0 0

0101101
*
Ed
 1e-07 1 1 0
1  2063 0 0 0.100000000000001
0

0101000
+1927 0 -1925 0 *
Ve
1e-07
32.47865234375 -78.72 5
0 0

0101101
*
Ed
 1e-07 1 1 0
1  2064 0 0 1.05
0

0101000
+1925 0 -1923 0 *
Ve
1e-07
32.67865234375 -78.72 5
0 0

0101101
*
Ed
 1e-07 1 1 0
1  2065 0 0 0.200000000000003
0

0101000
+1923 0 -1921 0 *
Ve
1e-07
32.67865234375 -79.97 5
0 0

0101101
*
Ed
 1e-07 1 1 0
1  2066 0 0 1.25
0

0101000
+1921 0 -1919 0 *
Ve
1e-07
31.17865234375 -79.97 5
0 0

0101101
*
Ed
 1e-07 1 1 0
1  2067 0 0 1.5
0

0101000
+1919 0 -1917 0 *
Ve
1e-07
31.17865234375 -79.77 5
0 0

0101101
*
Ed
 1e-07 1 1 0
1  2068 0 0 0.200000000000003
0

0101000
+1917 0 -1915 0 *
Ve
1e-07
31.07865234375 -79.77 5
0 0

0101101
*
Ed
 1e-07 1 1 0
1  2069 0 0 0.100000000000001
0

0101000
+1915 0 -1913 0 *
Ve
1e-07
31.07865234375 -80.27 5
0 0

0101101
*
Ed
 1e-07 1 1 0
1  2070 0 0 0.5
0

0101000
+1913 0 -1911 0 *
Ve
1e-07
31.17865234375 -80.27 5
0 0

0101101
*
Ed
 1e-07 1 1 0
1  2071 0 0 0.100000000000001
0

0101000
+1911 0 -1909 0 *
Ve
1e-07
31.17865234375 -80.07 5
0 0

0101101
*
Ed
 1e-07 1 1 0
1  2072 0 0 0.199999999999989
0

0101000
+1909 0 -1907 0 *
Ve
1e-07
32.67865234375 -80.07 5
0 0

0101101
*
Ed
 1e-07 1 1 0
1  2073 0 0 1.5
0

0101000
+1907 0 -1905 0 *
Ve
1e-07
32.67865234375 -81.07 5
0 0

0101101
*
Ed
 1e-07 1 1 0
1  2074 0 0 1
0

0101000
+1905 0 -1903 0 *
Ve
1e-07
31.17865234375 -81.07 5
0 0

0101101
*
Ed
 1e-07 1 1 0
1  2075 0 0 1.5
0

0101000
+1903 0 -1901 0 *
Ve
1e-07
31.17865234375 -80.97 5
0 0

0101101
*
Ed
 1e-07 1 1 0
1  2076 0 0 0.100000000000009
0

0101000
+1901 0 -1899 0 *
Ve
1e-07
31.07865234375 -80.97 5
0 0

0101101
*
Ed
 1e-07 1 1 0
1  2077 0 0 0.100000000000001
0

0101000
+1899 0 -1897 0 *
Ve
1e-07
31.07865234375 -81.07 5
0 0

0101101
*
Ed
 1e-07 1 1 0
1  2078 0 0 0.100000000000009
0

0101000
+1897 0 -1895 0 *
Ve
1e-07
30.42865234375 -81.07 5
0 0

0101101
*
Ed
 1e-07 1 1 0
1  2079 0 0 0.649999999999999
0

0101000
+1895 0 -1893 0 *
Ve
1e-07
30.42865234375 -81.17 5
0 0

0101101
*
Ed
 1e-07 1 1 0
1  2080 0 0 0.0999999999999943
0

0101000
+1893 0 -1891 0 *
Ve
1e-07
32.07865234375 -81.17 5
0 0

0101101
*
Ed
 1e-07 1 1 0
1  2081 0 0 1.65
0

0101000
+1891 0 -1889 0 *
Ve
1e-07
32.07865234375 -81.97 5
0 0

0101101
*
Ed
 1e-07 1 1 0
1  2082 0 0 0.799999999999997
0

0101000
+1889 0 -1887 0 *
Ve
1e-07
32.67865234375 -81.97 5
0 0

0101101
*
Ed
 1e-07 1 1 0
1  2083 0 0 0.600000000000001
0

0101000
+1887 0 -1885 0 *
Ve
1e-07
32.67865234375 -84.52 5
0 0

0101101
*
Ed
 1e-07 1 1 0
1  2084 0 0 2.55
0

0101000
+1885 0 -1883 0 *
Ve
1e-07
29.27865234375 -84.52 5
0 0

0101101
*
Ed
 1e-07 1 1 0
1  2085 0 0 3.4
0

0101000
+1883 0 -1881 0 *
Ve
1e-07
29.27865234375 -83.32 5
0 0

0101101
*
Ed
 1e-07 1 1 0
1  2086 0 0 1.19999999999999
0

0101000
+1881 0 -1879 0 *
Ve
1e-07
29.17865234375 -83.32 5
0 0

0101101
*
Ed
 1e-07 1 1 0
1  2087 0 0 0.0999999999999979
0

0101000
+1879 0 -1877 0 *
Ve
1e-07
29.17865234375 -84.62 5
0 0

0101101
*
Ed
 1e-07 1 1 0
1  2088 0 0 1.3
0

0101000
+1877 0 -1875 0 *
Ve
1e-07
32.77865234375 -84.62 5
0 0

0101101
*
Ed
 1e-07 1 1 0
1  2089 0 0 3.6
0

0101000
+1875 0 -1873 0 *
Ve
1e-07
32.77865234375 -84.32 5
0 0

0101101
*
Ed
 1e-07 1 1 0
1  2090 0 0 0.299999999999997
0

0101000
+1873 0 -1871 0 *
Ve
1e-07
32.92865234375 -84.32 5
0 0

0101101
*
Ed
 1e-07 1 1 0
1  2091 0 0 0.149999999999999
0

0101000
+1871 0 -1869 0 *
Ve
1e-07
32.92865234375 -84.22 5
0 0

0101101
*
Ed
 1e-07 1 1 0
1  2092 0 0 0.100000000000009
0

0101000
+1869 0 -1867 0 *
Ve
1e-07
32.77865234375 -84.22 5
0 0

0101101
*
Ed
 1e-07 1 1 0
1  2093 0 0 0.149999999999999
0

0101000
+1867 0 -1865 0 *
Ve
1e-07
32.77865234375 -77.67 5
0 0

0101101
*
Ed
 1e-07 1 1 0
1  2094 0 0 6.55
0

0101000
+1865 0 -1863 0 *
Ve
1e-07
32.67865234375 -77.67 5
0 0

0101101
*
Ed
 1e-07 1 1 0
1  2095 0 0 0.100000000000001
0

0101000
+1863 0 -1861 0 *
Ve
1e-07
32.67865234375 -77.22 5
0 0

0101101
*
Ed
 1e-07 1 1 0
1  2096 0 0 0.450000000000003
0

0101000
+1861 0 -1859 0 *
Ve
1e-07
36.22865234375 -77.22 5
0 0

0101101
*
Ed
 1e-07 1 1 0
1  2097 0 0 3.55
0

0101000
+1859 0 -1857 0 *
Ve
1e-07
36.22865234375 -77.67 5
0 0

0101101
*
Ed
 1e-07 1 1 0
1  2098 0 0 0.450000000000003
0

0101000
+1857 0 -1855 0 *
Ve
1e-07
36.07865234375 -77.67 5
0 0

0101101
*
Ed
 1e-07 1 1 0
1  2099 0 0 0.149999999999999
0

0101000
+1855 0 -1853 0 *
Ve
1e-07
36.0985009765625 -84.22 5
0 0

0101101
*
Ed
 1e-07 1 1 0
1  2100 0 0 6.55003007384123
0

0101000
+1853 0 -1851 0 *
Ve
1e-07
36.1106201171875 -88.22 5
0 0

0101101
*
Ed
 1e-07 1 1 0
1  2101 0 0 4.00001835915405
0

0101000
+1851 0 -1849 0 *
Ve
1e-07
34.2109252929688 -88.22 5
0 0

0101101
*
Ed
 1e-07 1 1 0
1  2102 0 0 1.89969482421875
0

0101000
+1849 0 -1847 0 *
Ve
1e-07
34.2109252929688 -84.32 5
0 0

0101101
*
Ed
 1e-07 1 1 0
1  2103 0 0 3.89999999999999
0

0101000
+1847 0 -1845 0 *
Ve
1e-07
34.3609252929688 -84.32 5
0 0

0101101
*
Ed
 1e-07 1 1 0
1  2104 0 0 0.149999999999999
0

0101000
+1845 0 -1843 0 *
Ve
1e-07
34.3609252929688 -84.22 5
0 0

0101101
*
Ed
 1e-07 1 1 0
1  2105 0 0 0.100000000000009
0

0101000
+1843 0 -1841 0 *
Ve
1e-07
33.92865234375 -84.22 5
0 0

0101101
*
Ed
 1e-07 1 1 0
1  2106 0 0 0.432272949218749
0

0101000
+1841 0 -1839 0 *
Ve
1e-07
33.92865234375 -84.32 5
0 0

0101101
*
Ed
 1e-07 1 1 0
1  2107 0 0 0.100000000000009
0

0101000
+1839 0 -1837 0 *
Ve
1e-07
34.1109252929688 -84.32 5
0 0

0101101
*
Ed
 1e-07 1 1 0
1  2108 0 0 0.182272949218749
0

0101000
+1837 0 -1835 0 *
Ve
1e-07
34.1109252929688 -86.52 5
0 0

0101101
*
Ed
 1e-07 1 1 0
1  2109 0 0 2.19999999999999
0

0101000
+1835 0 -1833 0 *
Ve
1e-07
31.2109252929687 -86.52 5
0 0

0101101
*
Ed
 1e-07 1 1 0
1  2110 0 0 2.9
0

0101000
+1833 0 -1831 0 *
Ve
1e-07
31.2109252929687 -85.77 5
0 0

0101101
*
Ed
 1e-07 1 1 0
1  2111 0 0 0.75
0

0101000
+1831 0 -1829 0 *
Ve
1e-07
31.1109252929688 -85.77 5
0 0

0101101
*
Ed
 1e-07 1 1 0
1  2112 0 0 0.0999999999999979
0

0101000
+1829 0 -1827 0 *
Ve
1e-07
31.1109252929688 -88.32 5
0 0

0101101
*
Ed
 1e-07 1 1 0
1  2113 0 0 2.55000000000001
0

0101000
+1827 0 -1825 0 *
Ve
1e-07
31.3609252929688 -88.32 5
0 0

0101101
*
Ed
 1e-07 1 1 0
1  2114 0 0 0.25
0

0101000
+1825 0 -1823 0 *
Ve
1e-07
31.3609252929688 -88.22 5
0 0

0101101
*
Ed
 1e-07 1 1 0
1  2115 0 0 0.100000000000009
0

0101000
+1823 0 -1821 0 *
Ve
1e-07
31.2109252929687 -88.22 5
0 0

0101101
*
Ed
 1e-07 1 1 0
1  2116 0 0 0.150000000000002
0

0101000
+1821 0 -1819 0 *
Ve
1e-07
31.2109252929687 -86.62 5
0 0

0101101
*
Ed
 1e-07 1 1 0
1  2117 0 0 1.59999999999999
0

0101000
+1819 0 -1817 0 *
Ve
1e-07
34.1109252929688 -86.62 5
0 0

0101101
*
Ed
 1e-07 1 1 0
1  2118 0 0 2.9
0

0101000
+1817 0 -1815 0 *
Ve
1e-07
34.1109252929688 -88.22 5
0 0

0101101
*
Ed
 1e-07 1 1 0
1  2119 0 0 1.59999999999999
0

0101000
+1815 0 -1813 0 *
Ve
1e-07
32.3609252929688 -88.22 5
0 0

0101101
*
Ed
 1e-07 1 1 0
1  2120 0 0 1.75
0

0101000
+1813 0 -1811 0 *
Ve
1e-07
32.3609252929688 -88.32 5
0 0

0101101
*
Ed
 1e-07 1 1 0
1  2121 0 0 0.100000000000009
0

0101000
+1811 0 -1809 0 *
Ve
1e-07
32.97865234375 -88.32 5
0 0

0101101
*
Ed
 1e-07 1 1 0
1  2122 0 0 0.617727050781248
0

0101000
+1809 0 -1807 0 *
Ve
1e-07
32.97865234375 -88.42 5
0 0

0101101
*
Ed
 1e-07 1 1 0
1  2123 0 0 0.0999999999999943
0

0101000
+1807 0 -1805 0 *
Ve
1e-07
33.07865234375 -88.42 5
0 0

0101101
*
Ed
 1e-07 1 1 0
1  2124 0 0 0.100000000000001
0

0101000
+1805 0 -1803 0 *
Ve
1e-07
33.07865234375 -88.32 5
0 0

0101101
*
Ed
 1e-07 1 1 0
1  2125 0 0 0.0999999999999943
0

0101000
+1803 0 -1801 0 *
Ve
1e-07
36.1109252929688 -88.32 5
0 0

0101101
*
Ed
 1e-07 1 1 0
1  2126 0 0 3.03227294921875
0

0101000
+1801 0 -1799 0 *
Ve
1e-07
36.1274389648437 -93.77 5
0 0

0101101
*
Ed
 1e-07 1 1 0
1  2127 0 0 5.45002501841585
0

0101000
+1799 0 -1797 0 *
Ve
1e-07
35.87865234375 -93.77 5
0 0

0101101
*
Ed
 1e-07 1 1 0
1  2128 0 0 0.24878662109375
0

0101000
+1797 0 -1795 0 *
Ve
1e-07
35.87865234375 -94.17 5
0 0

0101101
*
Ed
 1e-07 1 1 0
1  2129 0 0 0.400000000000006
0

0101000
+1795 0 -1793 0 *
Ve
1e-07
36.17865234375 -94.17 5
0 0

0101101
*
Ed
 1e-07 1 1 0
1  2130 0 0 0.300000000000004
0

0101000
+1793 0 -1791 0 *
Ve
1e-07
36.17865234375 -94.52 5
0 0

0101101
*
Ed
 1e-07 1 1 0
1  2131 0 0 0.349999999999994
0

0101000
+1791 0 -1789 0 *
Ve
1e-07
33.07865234375 -94.52 5
0 0

0101101
*
Ed
 1e-07 1 1 0
1  2132 0 0 3.1
0

0101000
+1789 0 -1787 0 *
Ve
1e-07
33.07865234375 -89.42 5
0 0

0101101
*
Ed
 1e-07 1 1 0
1  2133 0 0 5.09999999999999
0

0101000
+1787 0 -1785 0 *
Ve
1e-07
32.97865234375 -89.42 5
0 0

0101101
*
Ed
 1e-07 1 1 0
1  2134 0 0 0.100000000000001
0

0101000
+1785 0 -1783 0 *
Ve
1e-07
32.97865234375 -89.52 5
0 0

0101101
*
Ed
 1e-07 1 1 0
1  2135 0 0 0.0999999999999943
0

0101000
+1783 0 -1781 0 *
Ve
1e-07
31.17865234375 -89.52 5
0 0

0101101
*
Ed
 1e-07 1 1 0
1  2136 0 0 1.8
0

0101000
+1781 0 -1779 0 *
Ve
1e-07
31.17865234375 -89.62 5
0 0

0101101
*
Ed
 1e-07 1 1 0
1  2137 0 0 0.100000000000009
0

0101000
+1779 0 -1777 0 *
Ve
1e-07
32.97865234375 -89.62 5
0 0

0101101
*
Ed
 1e-07 1 1 0
1  2138 0 0 1.8
0

0101000
+1777 0 -1775 0 *
Ve
1e-07
32.97865234375 -94.52 5
0 0

0101101
*
Ed
 1e-07 1 1 0
1  2139 0 0 4.89999999999999
0

0101000
+1775 0 -1773 0 *
Ve
1e-07
30.02865234375 -94.52 5
0 0

0101101
*
Ed
 1e-07 1 1 0
1  2140 0 0 2.95
0

0101000
+1773 0 -1771 0 *
Ve
1e-07
30.02865234375 -89.62 5
0 0

0101101
*
Ed
 1e-07 1 1 0
1  2141 0 0 4.89999999999999
0

0101000
+1771 0 -1769 0 *
Ve
1e-07
30.17865234375 -89.62 5
0 0

0101101
*
Ed
 1e-07 1 1 0
1  2142 0 0 0.150000000000002
0

0101000
+1769 0 -1767 0 *
Ve
1e-07
30.17865234375 -89.52 5
0 0

0101101
*
Ed
 1e-07 1 1 0
1  2143 0 0 0.100000000000009
0

0101000
+1767 0 -1765 0 *
Ve
1e-07
30.02865234375 -89.52 5
0 0

0101101
*
Ed
 1e-07 1 1 0
1  2144 0 0 0.150000000000002
0

0101000
+1765 0 -1763 0 *
Ve
1e-07
30.02865234375 -85.77 5
0 0

0101101
*
Ed
 1e-07 1 1 0
1  2145 0 0 3.75
0

0101000
+1763 0 -1761 0 *
Ve
1e-07
23.52865234375 -85.77 5
0 0

0101101
*
Ed
 1e-07 1 1 0
1  2146 0 0 6.5
0

0101000
+1761 0 -1759 0 *
Ve
1e-07
23.52865234375 -85.67 5
0 0

0101101
*
Ed
 1e-07 1 1 0
1  2147 0 0 0.0999999999999943
0

0101000
+1759 0 -1757 0 *
Ve
1e-07
23.42865234375 -85.67 5
0 0

0101101
*
Ed
 1e-07 1 1 0
1  2148 0 0 0.100000000000001
0

0101000
+1757 0 -1755 0 *
Ve
1e-07
23.42865234375 -85.77 5
0 0

0101101
*
Ed
 1e-07 1 1 0
1  2149 0 0 0.0999999999999943
0

0101000
+1755 0 -1753 0 *
Ve
1e-07
20.4786511230469 -85.77 5
0 0

0101101
*
Ed
 1e-07 1 1 0
1  2150 0 0 2.95000122070312
0

0101000
+1753 0 -1751 0 *
Ve
1e-07
20.4786511230469 -85.67 5
0 0

0101101
*
Ed
 1e-07 1 1 0
1  2151 0 0 0.0999999999999943
0

0101000
+1751 0 -1749 0 *
Ve
1e-07
20.3286511230469 -85.67 5
0 0

0101101
*
Ed
 1e-07 1 1 0
1  2152 0 0 0.150000000000002
0

0101000
+1749 0 -1747 0 *
Ve
1e-07
20.3286511230469 -86.57 5
0 0

0101101
*
Ed
 1e-07 1 1 0
1  2153 0 0 0.900000000000006
0

0101000
+1747 0 -1745 0 *
Ve
1e-07
19.7286511230469 -86.57 5
0 0

0101101
*
Ed
 1e-07 1 1 0
1  2154 0 0 0.599999999999998
0

0101000
+1745 0 -1743 0 *
Ve
1e-07
19.7286511230469 -86.67 5
0 0

0101101
*
Ed
 1e-07 1 1 0
1  2155 0 0 0.0999999999999943
0

0101000
+1743 0 -1741 0 *
Ve
1e-07
20.4286511230469 -86.67 5
0 0

0101101
*
Ed
 1e-07 1 1 0
1  2156 0 0 0.699999999999999
0

0101000
+1741 0 -1739 0 *
Ve
1e-07
20.4286511230469 -86.02 5
0 0

0101101
*
Ed
 1e-07 1 1 0
1  2157 0 0 0.650000000000006
0

0101000
+1739 0 -1737 0 *
Ve
1e-07
23.32865234375 -86.02 5
0 0

0101101
*
Ed
 1e-07 1 1 0
1  2158 0 0 2.90000122070312
0

0101000
+1737 0 -1735 0 *
Ve
1e-07
23.32865234375 -88.07 5
0 0

0101101
*
Ed
 1e-07 1 1 0
1  2159 0 0 2.05000000000001
0

0101000
+1735 0 -1733 0 *
Ve
1e-07
25.52865234375 -88.07 5
0 0

0101101
*
Ed
 1e-07 1 1 0
1  2160 0 0 2.2
0

0101000
+1733 0 -1731 0 *
Ve
1e-07
25.52865234375 -88.17 5
0 0

0101101
*
Ed
 1e-07 1 1 0
1  2161 0 0 0.0999999999999943
0

0101000
+1731 0 -1729 0 *
Ve
1e-07
25.62865234375 -88.17 5
0 0

0101101
*
Ed
 1e-07 1 1 0
1  2162 0 0 0.100000000000001
0

0101000
+1729 0 -1727 0 *
Ve
1e-07
25.62865234375 -88.07 5
0 0

0101101
*
Ed
 1e-07 1 1 0
1  2163 0 0 0.0999999999999943
0

0101000
+1727 0 -1725 0 *
Ve
1e-07
29.77865234375 -88.07 5
0 0

0101101
*
Ed
 1e-07 1 1 0
1  2164 0 0 4.15
0

0101000
+1725 0 -1723 0 *
Ve
1e-07
29.77865234375 -94.52 5
0 0

0101101
*
Ed
 1e-07 1 1 0
1  2165 0 0 6.44999999999999
0

0101000
+1723 0 -1721 0 *
Ve
1e-07
26.47865234375 -94.52 5
0 0

0101101
*
Ed
 1e-07 1 1 0
1  2166 0 0 3.3
0

0101000
+1721 0 -1719 0 *
Ve
1e-07
26.47865234375 -89.27 5
0 0

0101101
*
Ed
 1e-07 1 1 0
1  2167 0 0 5.25
0

0101000
+1719 0 -1717 0 *
Ve
1e-07
25.62865234375 -89.27 5
0 0

0101101
*
Ed
 1e-07 1 1 0
1  2168 0 0 0.849999999999998
0

0101000
+1717 0 -1715 0 *
Ve
1e-07
25.62865234375 -89.17 5
0 0

0101101
*
Ed
 1e-07 1 1 0
1  2169 0 0 0.0999999999999943
0

0101000
+1715 0 -1713 0 *
Ve
1e-07
25.52865234375 -89.17 5
0 0

0101101
*
Ed
 1e-07 1 1 0
1  2170 0 0 0.100000000000001
0

0101000
+1713 0 -1711 0 *
Ve
1e-07
25.52865234375 -89.27 5
0 0

0101101
*
Ed
 1e-07 1 1 0
1  2171 0 0 0.0999999999999943
0

0101000
+1711 0 -1709 0 *
Ve
1e-07
24.57865234375 -89.27 5
0 0

0101101
*
Ed
 1e-07 1 1 0
1  2172 0 0 0.949999999999999
0

0101000
+1709 0 -1707 0 *
Ve
1e-07
24.57865234375 -89.37 5
0 0

0101101
*
Ed
 1e-07 1 1 0
1  2173 0 0 0.100000000000009
0

0101000
+1707 0 -1705 0 *
Ve
1e-07
26.37865234375 -89.37 5
0 0

0101101
*
Ed
 1e-07 1 1 0
1  2174 0 0 1.8
0

0101000
+1705 0 -1703 0 *
Ve
1e-07
26.37865234375 -94.52 5
0 0

0101101
*
Ed
 1e-07 1 1 0
1  2175 0 0 5.14999999999999
0

0101000
+1703 0 -1701 0 *
Ve
1e-07
23.42865234375 -94.52 5
0 0

0101101
*
Ed
 1e-07 1 1 0
1  2176 0 0 2.95
0

0101000
+1701 0 -1699 0 *
Ve
1e-07
23.42865234375 -94.12 5
0 0

0101101
*
Ed
 1e-07 1 1 0
1  2177 0 0 0.399999999999991
0

0101000
+1699 0 -1697 0 *
Ve
1e-07
23.57865234375 -94.12 5
0 0

0101101
*
Ed
 1e-07 1 1 0
1  2178 0 0 0.150000000000002
0

0101000
+1697 0 -1695 0 *
Ve
1e-07
23.57865234375 -93.02 5
0 0

0101101
*
Ed
 1e-07 1 1 0
1  2179 0 0 1.10000000000001
0

0101000
+1695 0 -1693 0 *
Ve
1e-07
23.42865234375 -93.02 5
0 0

0101101
*
Ed
 1e-07 1 1 0
1  2180 0 0 0.150000000000002
0

0101000
+1693 0 -1691 0 *
Ve
1e-07
23.42865234375 -89.37 5
0 0

0101101
*
Ed
 1e-07 1 1 0
1  2181 0 0 3.64999999999999
0

0101000
+1691 0 -1689 0 *
Ve
1e-07
23.57865234375 -89.37 5
0 0

0101101
*
Ed
 1e-07 1 1 0
1  2182 0 0 0.150000000000002
0

0101000
+1689 0 -1687 0 *
Ve
1e-07
23.57865234375 -89.27 5
0 0

0101101
*
Ed
 1e-07 1 1 0
1  2183 0 0 0.100000000000009
0

0101000
+1687 0 -1685 0 *
Ve
1e-07
23.32865234375 -89.27 5
0 0

0101101
*
Ed
 1e-07 1 1 0
1  2184 0 0 0.25
0

0101000
+1685 0 -1683 0 *
Ve
1e-07
23.32865234375 -92.92 5
0 0

0101101
*
Ed
 1e-07 1 1 0
1  2185 0 0 3.65000000000001
0

0101000
+1683 0 -1681 0 *
Ve
1e-07
21.97865234375 -92.92 5
0 0

0101101
*
Ed
 1e-07 1 1 0
1  2186 0 0 1.35
0

0101000
+1681 0 -1679 0 *
Ve
1e-07
21.97865234375 -93.02 5
0 0

0101101
*
Ed
 1e-07 1 1 0
1  2187 0 0 0.0999999999999943
0

0101000
+1679 0 -1677 0 *
Ve
1e-07
23.32865234375 -93.02 5
0 0

0101101
*
Ed
 1e-07 1 1 0
1  2188 0 0 1.35
0

0101000
+1677 0 -1675 0 *
Ve
1e-07
23.32865234375 -94.52 5
0 0

0101101
*
Ed
 1e-07 1 1 0
1  2189 0 0 1.5
0

0101000
+1675 0 -1673 0 *
Ve
1e-07
18.6286511230469 -94.52 5
0 0

0101101
*
Ed
 1e-07 1 1 0
1  2190 0 0 4.70000122070313
0

0101000
+1673 0 -1671 0 *
Ve
1e-07
18.6286511230469 -93.02 5
0 0

0101101
*
Ed
 1e-07 1 1 0
1  2191 0 0 1.5
0

0101000
+1671 0 -1669 0 *
Ve
1e-07
19.9786511230469 -93.02 5
0 0

0101101
*
Ed
 1e-07 1 1 0
1  2192 0 0 1.35
0

0101000
+1669 0 -1667 0 *
Ve
1e-07
19.9786511230469 -92.92 5
0 0

0101101
*
Ed
 1e-07 1 1 0
1  2193 0 0 0.0999999999999943
0

0101000
+1667 0 -1665 0 *
Ve
1e-07
18.6286511230469 -92.92 5
0 0

0101101
*
Ed
 1e-07 1 1 0
1  2194 0 0 1.35
0

0101000
+1665 0 -1663 0 *
Ve
1e-07
18.6286511230469 -90.92 5
0 0

0101101
*
Ed
 1e-07 1 1 0
1  2195 0 0 2
0

0101000
+1663 0 -1661 0 *
Ve
1e-07
18.5286511230469 -90.92 5
0 0

0101101
*
Ed
 1e-07 1 1 0
1  2196 0 0 0.100000000000001
0

0101000
+1661 0 -1659 0 *
Ve
1e-07
18.5286511230469 -92.32 5
0 0

0101101
*
Ed
 1e-07 1 1 0
1  2197 0 0 1.40000000000001
0

0101000
+1659 0 -1657 0 *
Ve
1e-07
17.4536511230469 -92.32 5
0 0

0101101
*
Ed
 1e-07 1 1 0
1  2198 0 0 1.075
0

0101000
+1657 0 -1655 0 *
Ve
1e-07
17.4536511230469 -92.42 5
0 0

0101101
*
Ed
 1e-07 1 1 0
1  2199 0 0 0.0999999999999943
0

0101000
+1655 0 -1653 0 *
Ve
1e-07
18.5286511230469 -92.42 5
0 0

0101101
*
Ed
 1e-07 1 1 0
1  2200 0 0 1.075
0

0101000
+1653 0 -1651 0 *
Ve
1e-07
18.5286511230469 -94.52 5
0 0

0101101
*
Ed
 1e-07 1 1 0
1  2201 0 0 2.09999999999999
0

0101000
+1651 0 -1649 0 *
Ve
1e-07
15.7286511230469 -94.52 5
0 0

0101101
*
Ed
 1e-07 1 1 0
1  2202 0 0 2.8
0

0101000
+1649 0 -1647 0 *
Ve
1e-07
15.7286511230469 -93.52 5
0 0

0101101
*
Ed
 1e-07 1 1 0
1  2203 0 0 1
0

0101000
+1647 0 -1645 0 *
Ve
1e-07
15.8786511230469 -93.52 5
0 0

0101101
*
Ed
 1e-07 1 1 0
1  2204 0 0 0.15
0

0101000
+1645 0 -1643 0 *
Ve
1e-07
15.8786511230469 -92.42 5
0 0

0101101
*
Ed
 1e-07 1 1 0
1  2205 0 0 1.09999999999999
0

0101000
+1643 0 -1641 0 *
Ve
1e-07
16.4536511230469 -92.42 5
0 0

0101101
*
Ed
 1e-07 1 1 0
1  2206 0 0 0.574999999999999
0

0101000
+1641 0 -1639 0 *
Ve
1e-07
16.4536511230469 -92.32 5
0 0

0101101
*
Ed
 1e-07 1 1 0
1  2207 0 0 0.0999999999999943
0

0101000
+1639 0 -1637 0 *
Ve
1e-07
15.8786511230469 -92.32 5
0 0

0101101
*
Ed
 1e-07 1 1 0
1  2208 0 0 0.574999999999999
0

0101000
+1637 0 -1635 0 *
Ve
1e-07
15.8786511230469 -89.22 5
0 0

0101101
*
Ed
 1e-07 1 1 0
1  2209 0 0 3.10000000000001
0

0101000
+1635 0 -1633 0 *
Ve
1e-07
18.5286511230469 -89.22 5
0 0

0101101
*
Ed
 1e-07 1 1 0
1  2210 0 0 2.65
0

0101000
+1633 0 -1631 0 *
Ve
1e-07
18.5286511230469 -89.92 5
0 0

0101101
*
Ed
 1e-07 1 1 0
1  2211 0 0 0.700000000000003
0

0101000
+1631 0 -1629 0 *
Ve
1e-07
18.6286511230469 -89.92 5
0 0

0101101
*
Ed
 1e-07 1 1 0
1  2212 0 0 0.100000000000001
0

0101000
+1629 0 -1627 0 *
Ve
1e-07
18.6286511230469 -86.67 5
0 0

0101101
*
Ed
 1e-07 1 1 0
1  2213 0 0 3.25
0

0101000
+1627 0 -1625 0 *
Ve
1e-07
18.7286511230469 -86.67 5
0 0

0101101
*
Ed
 1e-07 1 1 0
1  2214 0 0 0.100000000000001
0

0101000
+1625 0 -1623 0 *
Ve
1e-07
18.7286511230469 -86.57 5
0 0

0101101
*
Ed
 1e-07 1 1 0
1  2215 0 0 0.0999999999999943
0

0101000
+1623 0 -1621 0 *
Ve
1e-07
18.6286511230469 -86.57 5
0 0

0101101
*
Ed
 1e-07 1 1 0
1  2216 0 0 0.100000000000001
0

0101000
+1621 0 -1619 0 *
Ve
1e-07
18.6286511230469 -83.72 5
0 0

0101101
*
Ed
 1e-07 1 1 0
1  2217 0 0 2.85000000000001
0

0101000
+1619 0 -1617 0 *
Ve
1e-07
18.3286511230469 -83.72 5
0 0

0101101
*
Ed
 1e-07 1 1 0
1  2218 0 0 0.300000000000001
0

0101000
+1617 0 -1615 0 *
Ve
1e-07
18.3286511230469 -88.92 5
0 0

0101101
*
Ed
 1e-07 1 1 0
1  2219 0 0 5.2
0

0101000
+1615 0 -1613 0 *
Ve
1e-07
15.6286511230469 -88.92 5
0 0

0101101
*
Ed
 1e-07 1 1 0
1  2220 0 0 2.7
0

0101000
+1613 0 -1611 0 *
Ve
1e-07
15.6286511230469 -94.52 5
0 0

0101101
*
Ed
 1e-07 1 1 0
1  2221 0 0 5.59999999999999
0

0101000
+1611 0 -1609 0 *
Ve
1e-07
8.70365112304687 -94.52 5
0 0

0101101
*
Ed
 1e-07 1 1 0
1  2222 0 0 6.925
0

0101000
+1609 0 -1607 0 *
Ve
1e-07
8.70365112304687 -92.37 5
0 0

0101101
*
Ed
 1e-07 1 1 0
1  2223 0 0 2.14999999999999
0

0101000
+1607 0 -1605 0 *
Ve
1e-07
13.9036511230469 -92.37 5
0 0

0101101
*
Ed
 1e-07 1 1 0
1  2224 0 0 5.2
0

0101000
+1605 0 -1603 0 *
Ve
1e-07
13.9036511230469 -92.17 5
0 0

0101101
*
Ed
 1e-07 1 1 0
1  2225 0 0 0.200000000000003
0

0101000
+1603 0 -1601 0 *
Ve
1e-07
8.25365112304688 -92.17 5
0 0

0101101
*
Ed
 1e-07 1 1 0
1  2226 0 0 5.65
0

0101000
+1601 0 -1599 0 *
Ve
1e-07
8.25365112304688 -92.37 5
0 0

0101101
*
Ed
 1e-07 1 1 0
1  2227 0 0 0.200000000000003
0

0101000
+1599 0 -1597 0 *
Ve
1e-07
8.60365112304688 -92.37 5
0 0

0101101
*
Ed
 1e-07 1 1 0
1  2228 0 0 0.35
0

0101000
+1597 0 -1595 0 *
Ve
1e-07
8.60365112304688 -94.52 5
0 0

0101101
*
Ed
 1e-07 1 1 0
1  2229 0 0 2.14999999999999
0

0101000
+1595 0 -1593 0 *
Ve
1e-07
6.40365112304687 -94.52 5
0 0

0101101
*
Ed
 1e-07 1 1 0
1  2230 0 0 2.2
0

0101000
+1593 0 -1591 0 *
Ve
1e-07
6.40365112304687 -93.57 5
0 0

0101101
*
Ed
 1e-07 1 1 0
1  2231 0 0 0.949999999999989
0

0101000
+1591 0 -1589 0 *
Ve
1e-07
6.30365112304688 -93.57 5
0 0

0101101
*
Ed
 1e-07 1 1 0
1  2232 0 0 0.0999999999999996
0

0101000
+1589 0 -1587 0 *
Ve
1e-07
6.30365112304688 -94.52 5
0 0

0101101
*
Ed
 1e-07 1 1 0
1  2233 0 0 0.949999999999989
0

0101000
+1587 0 -1585 0 *
Ve
1e-07
2.50365142822266 -94.52 5
0 0

0101101
*
Ed
 1e-07 1 1 0
1  2234 0 0 3.79999969482422
0

0101000
+1585 0 -1583 0 *
Ve
1e-07
2.50365142822266 -93.57 5
0 0

0101101
*
Ed
 1e-07 1 1 0
1  2235 0 0 0.949999999999989
0

0101000
+1583 0 -1581 0 *
Ve
1e-07
2.35365142822266 -93.57 5
0 0

0101101
*
Ed
 1e-07 1 1 0
1  2236 0 0 0.15
0

0101000
+1581 0 -1579 0 *
Ve
1e-07
2.35365142822266 -91.97 5
0 0

0101101
*
Ed
 1e-07 1 1 0
1  2237 0 0 1.60000000000001
0

0101000
+1579 0 -1577 0 *
Ve
1e-07
3.55365142822266 -91.97 5
0 0

0101101
*
Ed
 1e-07 1 1 0
1  2238 0 0 1.2
0

0101000
+1577 0 -1575 0 *
Ve
1e-07
3.55365142822266 -91.87 5
0 0

0101101
*
Ed
 1e-07 1 1 0
1  2239 0 0 0.0999999999999943
0

0101000
+1575 0 -1573 0 *
Ve
1e-07
2.25365142822266 -91.87 5
0 0

0101101
*
Ed
 1e-07 1 1 0
1  2240 0 0 1.3
0

0101000
+1573 0 -1571 0 *
Ve
1e-07
2.25365142822266 -94.22 5
0 0

0101101
*
Ed
 1e-07 1 1 0
1  2241 0 0 2.34999999999999
0

0101000
+1571 0 -1569 0 *
Ve
1e-07
2.40365142822266 -94.22 5
0 0

0101101
*
Ed
 1e-07 1 1 0
1  2242 0 0 0.15
0

0101000
+1569 0 -1567 0 *
Ve
1e-07
2.40365142822266 -94.52 5
0 0

0101101
*
Ed
 1e-07 1 1 0
1  2243 0 0 0.299999999999997
0

0101000
+1567 0 -1565 0 *
Ve
1e-07
-1.14634864807129 -94.52 5
0 0

0101101
*
Ed
 1e-07 1 1 0
1  2244 0 0 3.55000007629395
0

0101000
+1565 0 -1563 0 *
Ve
1e-07
-1.14634864807129 -90.52 5
0 0

0101101
*
Ed
 1e-07 1 1 0
1  2245 0 0 4
0

0101000
+1563 0 -1561 0 *
Ed
 1e-07 1 1 0
1  2246 0 0 4.05000007629395
0

0101000
+1561 0 -2278 0 *
Wi

0101100
+2276 0 +2274 0 +2272 0 +2270 0 +2268 0 +2266 0 +2264 0 +2262 0 +2260 0 +2258 0 
+2256 0 +2254 0 +2252 0 +2250 0 +2248 0 +2246 0 +2244 0 +2242 0 +2240 0 +2238 0 
+2236 0 +2234 0 +2232 0 +2230 0 +2228 0 +2226 0 +2224 0 +2222 0 +2220 0 +2218 0 
+2216 0 +2214 0 +2212 0 +2210 0 +2208 0 +2206 0 +2204 0 +2202 0 +2200 0 +2198 0 
+2196 0 +2194 0 +2192 0 +2190 0 +2188 0 +2186 0 +2184 0 +2182 0 +2180 0 +2178 0 
+2176 0 +2174 0 +2172 0 +2170 0 +2168 0 +2166 0 +2164 0 +2162 0 +2160 0 +2158 0 
+2156 0 +2154 0 +2152 0 +2150 0 +2148 0 +2146 0 +2144 0 +2142 0 +2140 0 +2138 0 
+2136 0 +2134 0 +2132 0 +2130 0 +2128 0 +2126 0 +2124 0 +2122 0 +2120 0 +2118 0 
+2116 0 +2114 0 +2112 0 +2110 0 +2108 0 +2106 0 +2104 0 +2102 0 +2100 0 +2098 0 
+2096 0 +2094 0 +2092 0 +2090 0 +2088 0 +2086 0 +2084 0 +2082 0 +2080 0 +2078 0 
+2076 0 +2074 0 +2072 0 +2070 0 +2068 0 +2066 0 +2064 0 +2062 0 +2060 0 +2058 0 
+2056 0 +2054 0 +2052 0 +2050 0 +2048 0 +2046 0 +2044 0 +2042 0 +2040 0 +2038 0 
+2036 0 +2034 0 +2032 0 +2030 0 +2028 0 +2026 0 +2024 0 +2022 0 +2020 0 +2018 0 
+2016 0 +2014 0 +2012 0 +2010 0 +2008 0 +2006 0 +2004 0 +2002 0 +2000 0 +1998 0 
+1996 0 +1994 0 +1992 0 +1990 0 +1988 0 +1986 0 +1984 0 +1982 0 +1980 0 +1978 0 
+1976 0 +1974 0 +1972 0 +1970 0 +1968 0 +1966 0 +1964 0 +1962 0 +1960 0 +1958 0 
+1956 0 +1954 0 +1952 0 +1950 0 +1948 0 +1946 0 +1944 0 +1942 0 +1940 0 +1938 0 
+1936 0 +1934 0 +1932 0 +1930 0 +1928 0 +1926 0 +1924 0 +1922 0 +1920 0 +1918 0 
+1916 0 +1914 0 +1912 0 +1910 0 +1908 0 +1906 0 +1904 0 +1902 0 +1900 0 +1898 0 
+1896 0 +1894 0 +1892 0 +1890 0 +1888 0 +1886 0 +1884 0 +1882 0 +1880 0 +1878 0 
+1876 0 +1874 0 +1872 0 +1870 0 +1868 0 +1866 0 +1864 0 +1862 0 +1860 0 +1858 0 
+1856 0 +1854 0 +1852 0 +1850 0 +1848 0 +1846 0 +1844 0 +1842 0 +1840 0 +1838 0 
+1836 0 +1834 0 +1832 0 +1830 0 +1828 0 +1826 0 +1824 0 +1822 0 +1820 0 +1818 0 
+1816 0 +1814 0 +1812 0 +1810 0 +1808 0 +1806 0 +1804 0 +1802 0 +1800 0 +1798 0 
+1796 0 +1794 0 +1792 0 +1790 0 +1788 0 +1786 0 +1784 0 +1782 0 +1780 0 +1778 0 
+1776 0 +1774 0 +1772 0 +1770 0 +1768 0 +1766 0 +1764 0 +1762 0 +1760 0 +1758 0 
+1756 0 +1754 0 +1752 0 +1750 0 +1748 0 +1746 0 +1744 0 +1742 0 +1740 0 +1738 0 
+1736 0 +1734 0 +1732 0 +1730 0 +1728 0 +1726 0 +1724 0 +1722 0 +1720 0 +1718 0 
+1716 0 +1714 0 +1712 0 +1710 0 +1708 0 +1706 0 +1704 0 +1702 0 +1700 0 +1698 0 
+1696 0 +1694 0 +1692 0 +1690 0 +1688 0 +1686 0 +1684 0 +1682 0 +1680 0 +1678 0 
+1676 0 +1674 0 +1672 0 +1670 0 +1668 0 +1666 0 +1664 0 +1662 0 +1660 0 +1658 0 
+1656 0 +1654 0 +1652 0 +1650 0 +1648 0 +1646 0 +1644 0 +1642 0 +1640 0 +1638 0 
+1636 0 +1634 0 +1632 0 +1630 0 +1628 0 +1626 0 +1624 0 +1622 0 +1620 0 +1618 0 
+1616 0 +1614 0 +1612 0 +1610 0 +1608 0 +1606 0 +1604 0 +1602 0 +1600 0 +1598 0 
+1596 0 +1594 0 +1592 0 +1590 0 +1588 0 +1586 0 +1584 0 +1582 0 +1580 0 +1578 0 
+1576 0 +1574 0 +1572 0 +1570 0 +1568 0 +1566 0 +1564 0 +1562 0 +1560 0 +1559 0 
*
Ve
1.00000012434498e-07
9.60365112304688 -81.72 5
0 0

0101101
*
Ve
1.00000012434498e-07
9.60365112304688 -81.87 5
0 0

0101101
*
Ed
 1.00000012434498e-07 1 1 0
1  2247 0 0 0.150000000000006
2  163 27 0 0 0.150000000000006
2  164 28 0 0 0.150000000000006
0

0101000
+1557 0 -1556 0 *
Ve
1.00000012434498e-07
9.70365112304687 -81.87 5
0 0

0101101
*
Ed
 1.00000012434498e-07 1 1 0
1  2248 0 0 0.0999999999999996
2  165 27 0 0 0.0999999999999996
2  166 28 0 0 0.0999999999999996
0

0101000
+1556 0 -1554 0 *
Ve
1.00000012434498e-07
9.70365112304687 -77.22 5
0 0

0101101
*
Ed
 1.00000012434498e-07 1 1 0
1  2249 0 0 4.65000000000001
2  167 27 0 0 4.65000000000001
2  168 28 0 0 4.65000000000001
0

0101000
+1554 0 -1552 0 *
Ve
1.00000012434498e-07
9.60365112304688 -77.22 5
0 0

0101101
*
Ed
 1.00000012434498e-07 1 1 0
1  2250 0 0 0.0999999999999996
2  169 27 0 0 0.0999999999999996
2  170 28 0 0 0.0999999999999996
0

0101000
+1552 0 -1550 0 *
Ve
1.00000012434498e-07
9.60365112304688 -81.62 5
0 0

0101101
*
Ed
 1.00000012434498e-07 1 1 0
1  2251 0 0 4.40000000000001
2  171 27 0 0 4.40000000000001
2  172 28 0 0 4.40000000000001
0

0101000
+1550 0 -1548 0 *
Ve
1.00000012434498e-07
9.45365112304687 -81.62 5
0 0

0101101
*
Ed
 1.00000012434498e-07 1 1 0
1  2252 0 0 0.15
2  173 27 0 0 0.15
2  174 28 0 0 0.15
0

0101000
+1548 0 -1546 0 *
Ve
1.00000012434498e-07
9.45365112304687 -81.72 5
0 0

0101101
*
Ed
 1.00000012434498e-07 1 1 0
1  2253 0 0 0.0999999999999943
2  175 27 0 0 0.0999999999999943
2  176 28 0 0 0.0999999999999943
0

0101000
+1546 0 -1544 0 *
Ed
 1.00000012434498e-07 1 1 0
1  2254 0 0 0.15
2  177 27 0 0 0.15
2  178 28 0 0 0.15
0

0101000
+1544 0 -1557 0 *
Wi

0101100
+1555 0 +1553 0 +1551 0 +1549 0 +1547 0 +1545 0 +1543 0 +1542 0 *
Ve
1.00000012434498e-07
4.55365142822266 -91.97 5
0 0

0101101
*
Ve
1.00000012434498e-07
4.70365142822266 -91.97 5
0 0

0101101
*
Ed
 1.00000012434498e-07 1 1 0
1  2255 0 0 0.149999999999999
2  179 29 0 0 0.149999999999999
2  180 30 0 0 0.149999999999999
0

0101000
+1540 0 -1539 0 *
Ve
1.00000012434498e-07
4.70365142822266 -92.62 5
0 0

0101101
*
Ed
 1.00000012434498e-07 1 1 0
1  2256 0 0 0.650000000000006
2  181 29 0 0 0.650000000000006
2  182 30 0 0 0.650000000000006
0

0101000
+1539 0 -1537 0 *
Ve
1.00000012434498e-07
5.35365112304688 -92.62 5
0 0

0101101
*
Ed
 1.00000012434498e-07 1 1 0
1  2257 0 0 0.649999694824219
2  183 29 0 0 0.649999694824219
2  184 30 0 0 0.649999694824219
0

0101000
+1537 0 -1535 0 *
Ve
1.00000012434498e-07
5.35365112304688 -93.57 5
0 0

0101101
*
Ed
 1.00000012434498e-07 1 1 0
1  2258 0 0 0.950000000000003
2  185 29 0 0 0.950000000000003
2  186 30 0 0 0.950000000000003
0

0101000
+1535 0 -1533 0 *
Ve
1.00000012434498e-07
5.45365112304687 -93.57 5
0 0

0101101
*
Ed
 1.00000012434498e-07 1 1 0
1  2259 0 0 0.0999999999999996
2  187 29 0 0 0.0999999999999996
2  188 30 0 0 0.0999999999999996
0

0101000
+1533 0 -1531 0 *
Ve
1.00000012434498e-07
5.45365112304687 -91.62 5
0 0

0101101
*
Ed
 1.00000012434498e-07 1 1 0
1  2260 0 0 1.95
2  189 29 0 0 1.95
2  190 30 0 0 1.95
0

0101000
+1531 0 -1529 0 *
Ve
1.00000012434498e-07
5.35365112304688 -91.62 5
0 0

0101101
*
Ed
 1.00000012434498e-07 1 1 0
1  2261 0 0 0.0999999999999996
2  191 29 0 0 0.0999999999999996
2  192 30 0 0 0.0999999999999996
0

0101000
+1529 0 -1527 0 *
Ve
1.00000012434498e-07
5.35365112304688 -91.87 5
0 0

0101101
*
Ed
 1.00000012434498e-07 1 1 0
1  2262 0 0 0.25
2  193 29 0 0 0.25
2  194 30 0 0 0.25
0

0101000
+1527 0 -1525 0 *
Ve
1.00000012434498e-07
4.55365142822266 -91.87 5
0 0

0101101
*
Ed
 1.00000012434498e-07 1 1 0
1  2263 0 0 0.799999694824218
2  195 29 0 0 0.799999694824218
2  196 30 0 0 0.799999694824218
0

0101000
+1525 0 -1523 0 *
Ed
 1.00000012434498e-07 1 1 0
1  2264 0 0 0.0999999999999943
2  197 29 0 0 0.0999999999999943
2  198 30 0 0 0.0999999999999943
0

0101000
+1523 0 -1540 0 *
Wi

0101100
+1538 0 +1536 0 +1534 0 +1532 0 +1530 0 +1528 0 +1526 0 +1524 0 +1522 0 +1521 0 
*
Fa
0  1e-07 26 0

0111000
+1558 0 +1541 0 +1520 0 *
Ve
1e-07
-3.63144836425781 -21.7855883789063 5
0 0

0101101
*
Ve
1e-07
0.785281066894531 -24.3355883789063 5
0 0

0101101
*
Ed
 1e-07 1 1 0
1  2265 0 0 5.09999988902032
0

0101000
+1518 0 -1517 0 *
Ve
1e-07
0.835281066894531 -24.2489868164063 5
0 0

0101101
*
Ed
 1e-07 1 1 0
1  2266 0 0 0.0999991531336214
0

0101000
+1517 0 -1515 0 *
Ve
1e-07
0.748678512573242 -24.1989868164063 5
0 0

0101101
*
Ed
 1e-07 1 1 0
1  2267 0 0 0.100000012074859
0

0101000
+1515 0 -1513 0 *
Ve
1e-07
1.6486784362793 -22.6401416015625 5
0 0

0101101
*
Ed
 1e-07 1 1 0
1  2268 0 0 1.79999951847554
0

0101000
+1513 0 -1511 0 *
Ve
1e-07
1.56207595825195 -22.5901416015625 5
0 0

0101101
*
Ed
 1e-07 1 1 0
1  2269 0 0 0.0999999460023686
0

0101000
+1511 0 -1509 0 *
Ve
1e-07
0.662075958251953 -24.1489868164062 5
0 0

0101101
*
Ed
 1e-07 1 1 0
1  2270 0 0 1.79999955662252
0

0101000
+1509 0 -1507 0 *
Ve
1e-07
-3.58144836425781 -21.6989868164063 5
0 0

0101101
*
Ed
 1e-07 1 1 0
1  2271 0 0 4.89999986487061
0

0101000
+1507 0 -1505 0 *
Ve
1e-07
-2.1064485168457 -19.1442126464844 5
0 0

0101101
*
Ed
 1e-07 1 1 0
1  2272 0 0 2.94999925579071
0

0101000
+1505 0 -1503 0 *
Ve
1e-07
2.13707595825195 -21.5942114257812 5
0 0

0101101
*
Ed
 1e-07 1 1 0
1  2273 0 0 4.89999938666415
0

0101000
+1503 0 -1501 0 *
Ve
1e-07
2.06207595825195 -21.7241162109375 5
0 0

0101101
*
Ed
 1e-07 1 1 0
1  2274 0 0 0.150000844019263
0

0101000
+1501 0 -1499 0 *
Ve
1e-07
2.1486784362793 -21.7741162109375 5
0 0

0101101
*
Ed
 1e-07 1 1 0
1  2275 0 0 0.0999999460023688
0

0101000
+1499 0 -1497 0 *
Ve
1e-07
2.2236784362793 -21.6442114257813 5
0 0

0101101
*
Ed
 1e-07 1 1 0
1  2276 0 0 0.150000844019263
0

0101000
+1497 0 -1495 0 *
Ve
1e-07
5.47127380371094 -23.5192114257813 5
0 0

0101101
*
Ed
 1e-07 1 1 0
1  2277 0 0 3.75000008940846
0

0101000
+1495 0 -1493 0 *
Ve
1e-07
8.72127380371094 -17.8900463867188 5
0 0

0101101
*
Ed
 1e-07 1 1 0
1  2278 0 0 6.49999992592335
0

0101000
+1493 0 -1491 0 *
Ve
1e-07
8.80787658691406 -17.9400463867188 5
0 0

0101101
*
Ed
 1e-07 1 1 0
1  2279 0 0 0.100000210292416
0

0101000
+1491 0 -1489 0 *
Ve
1e-07
8.85787658691406 -17.8534448242188 5
0 0

0101101
*
Ed
 1e-07 1 1 0
1  2280 0 0 0.0999991531336217
0

0101000
+1489 0 -1487 0 *
Ve
1e-07
8.77127380371094 -17.8034448242188 5
0 0

0101101
*
Ed
 1e-07 1 1 0
1  2281 0 0 0.100000210292416
0

0101000
+1487 0 -1485 0 *
Ve
1e-07
10.2462731933594 -15.2486694335938 5
0 0

0101101
*
Ed
 1e-07 1 1 0
1  2282 0 0 2.95000008406888
0

0101000
+1485 0 -1483 0 *
Ve
1e-07
10.3328759765625 -15.2986694335937 5
0 0

0101101
*
Ed
 1e-07 1 1 0
1  2283 0 0 0.100000210292415
0

0101000
+1483 0 -1481 0 *
Ve
1e-07
10.4078759765625 -15.1687658691406 5
0 0

0101101
*
Ed
 1e-07 1 1 0
1  2284 0 0 0.149999786858606
0

0101000
+1481 0 -1479 0 *
Ve
1e-07
9.62845336914063 -14.7187658691406 5
0 0

0101101
*
Ed
 1e-07 1 1 0
1  2285 0 0 0.899999778311258
0

0101000
+1479 0 -1477 0 *
Ve
1e-07
9.92845336914062 -14.199150390625 5
0 0

0101101
*
Ed
 1e-07 1 1 0
1  2286 0 0 0.60000020459415
0

0101000
+1477 0 -1475 0 *
Ve
1e-07
9.84185119628906 -14.149150390625 5
0 0

0101101
*
Ed
 1e-07 1 1 0
1  2287 0 0 0.0999996817125526
0

0101000
+1475 0 -1473 0 *
Ve
1e-07
9.49185119628906 -14.7553686523437 5
0 0

0101101
*
Ed
 1e-07 1 1 0
1  2288 0 0 0.700000414886523
0

0101000
+1473 0 -1471 0 *
Ve
1e-07
10.0547674560547 -15.0803686523438 5
0 0

0101101
*
Ed
 1e-07 1 1 0
1  2289 0 0 0.649999781160364
0

0101000
+1471 0 -1469 0 *
Ve
1e-07
8.60476745605469 -17.5918420410156 5
0 0

0101101
*
Ed
 1e-07 1 1 0
1  2290 0 0 2.89999975551844
0

0101000
+1469 0 -1467 0 *
Ve
1e-07
6.82941528320312 -16.5668420410156 5
0 0

0101101
*
Ed
 1e-07 1 1 0
1  2291 0 0 2.05000008235336
0

0101000
+1467 0 -1465 0 *
Ve
1e-07
5.72941528320313 -18.4720971679688 5
0 0

0101101
*
Ed
 1e-07 1 1 0
1  2292 0 0 2.19999934063199
0

0101000
+1465 0 -1463 0 *
Ve
1e-07
5.6428125 -18.4220971679688 5
0 0

0101101
*
Ed
 1e-07 1 1 0
1  2293 0 0 0.100000210292417
0

0101000
+1463 0 -1461 0 *
Ve
1e-07
5.5928125 -18.5086999511719 5
0 0

0101101
*
Ed
 1e-07 1 1 0
1  2294 0 0 0.100000210292414
0

0101000
+1461 0 -1459 0 *
Ve
1e-07
5.67941528320313 -18.5586999511719 5
0 0

0101101
*
Ed
 1e-07 1 1 0
1  2295 0 0 0.100000210292417
0

0101000
+1459 0 -1457 0 *
Ve
1e-07
3.60441528320312 -22.152705078125 5
0 0

0101101
*
Ed
 1e-07 1 1 0
1  2296 0 0 4.14999974127293
0

0101000
+1457 0 -1455 0 *
Ve
1e-07
-1.9814485168457 -18.9277062988281 5
0 0

0101101
*
Ed
 1e-07 1 1 0
1  2297 0 0 6.44999934257068
0

0101000
+1455 0 -1453 0 *
Ve
1e-07
-0.331448516845703 -16.0698217773438 5
0 0

0101101
*
Ed
 1e-07 1 1 0
1  2298 0 0 3.30000059668782
0

0101000
+1453 0 -1451 0 *
Ve
1e-07
4.21518493652344 -18.6948217773438 5
0 0

0101101
*
Ed
 1e-07 1 1 0
1  2299 0 0 5.25000007231385
0

0101000
+1451 0 -1449 0 *
Ve
1e-07
4.64018493652344 -17.9586999511719 5
0 0

0101101
*
Ed
 1e-07 1 1 0
1  2300 0 0 0.850000201745045
0

0101000
+1449 0 -1447 0 *
Ve
1e-07
4.72678741455078 -18.0086999511719 5
0 0

0101101
*
Ed
 1e-07 1 1 0
1  2301 0 0 0.0999999460023662
0

0101000
+1447 0 -1445 0 *
Ve
1e-07
4.77678741455078 -17.9220971679688 5
0 0

0101101
*
Ed
 1e-07 1 1 0
1  2302 0 0 0.100000210292414
0

0101000
+1445 0 -1443 0 *
Ve
1e-07
4.69018493652344 -17.8720971679688 5
0 0

0101101
*
Ed
 1e-07 1 1 0
1  2303 0 0 0.099999946002368
0

0101000
+1443 0 -1441 0 *
Ve
1e-07
5.16518493652344 -17.0493737792969 5
0 0

0101101
*
Ed
 1e-07 1 1 0
1  2304 0 0 0.949999354877535
0

0101000
+1441 0 -1439 0 *
Ve
1e-07
5.07858245849609 -16.9993737792969 5
0 0

0101101
*
Ed
 1e-07 1 1 0
1  2305 0 0 0.0999999460023688
0

0101000
+1439 0 -1437 0 *
Ve
1e-07
4.17858245849609 -18.5582189941406 5
0 0

0101101
*
Ed
 1e-07 1 1 0
1  2306 0 0 1.79999955662252
0

0101000
+1437 0 -1435 0 *
Ve
1e-07
-0.281448516845703 -15.9832189941406 5
0 0

0101101
*
Ed
 1e-07 1 1 0
1  2307 0 0 5.15000012631148
0

0101000
+1435 0 -1433 0 *
Ve
1e-07
1.1935514831543 -13.4284448242188 5
0 0

0101101
*
Ed
 1e-07 1 1 0
1  2308 0 0 2.94999933208467
0

0101000
+1433 0 -1431 0 *
Ve
1e-07
1.53996170043945 -13.6284448242188 5
0 0

0101101
*
Ed
 1e-07 1 1 0
1  2309 0 0 0.400000048299433
0

0101000
+1431 0 -1429 0 *
Ve
1e-07
1.46496170043945 -13.7583483886719 5
0 0

0101101
*
Ed
 1e-07 1 1 0
1  2310 0 0 0.149999786858606
0

0101000
+1429 0 -1427 0 *
Ve
1e-07
2.4175895690918 -14.3083483886719 5
0 0

0101101
*
Ed
 1e-07 1 1 0
1  2311 0 0 1.09999993460596
0

0101000
+1427 0 -1425 0 *
Ve
1e-07
2.4925895690918 -14.1784448242188 5
0 0

0101101
*
Ed
 1e-07 1 1 0
1  2312 0 0 0.149999786858606
0

0101000
+1425 0 -1423 0 *
Ve
1e-07
5.65358215332031 -16.0034448242188 5
0 0

0101101
*
Ed
 1e-07 1 1 0
1  2313 0 0 3.64999987911612
0

0101000
+1423 0 -1421 0 *
Ve
1e-07
5.57858215332031 -16.1333483886719 5
0 0

0101101
*
Ed
 1e-07 1 1 0
1  2314 0 0 0.149999786858607
0

0101000
+1421 0 -1419 0 *
Ve
1e-07
5.66518493652344 -16.1833483886719 5
0 0

0101101
*
Ed
 1e-07 1 1 0
1  2315 0 0 0.100000210292415
0

0101000
+1419 0 -1417 0 *
Ve
1e-07
5.79018493652344 -15.9668420410156 5
0 0

0101101
*
Ed
 1e-07 1 1 0
1  2316 0 0 0.249999997150896
0

0101000
+1417 0 -1415 0 *
Ve
1e-07
2.62919219970703 -14.1418420410156 5
0 0

0101101
*
Ed
 1e-07 1 1 0
1  2317 0 0 3.65000001126111
0

0101000
+1415 0 -1413 0 *
Ve
1e-07
3.30419219970703 -12.9727075195312 5
0 0

0101101
*
Ed
 1e-07 1 1 0
1  2318 0 0 1.35000019604684
0

0101000
+1413 0 -1411 0 *
Ve
1e-07
3.21758972167969 -12.9227075195313 5
0 0

0101101
*
Ed
 1e-07 1 1 0
1  2319 0 0 0.0999999460023679
0

0101000
+1411 0 -1409 0 *
Ve
1e-07
2.5425895690918 -14.0918420410156 5
0 0

0101101
*
Ed
 1e-07 1 1 0
1  2320 0 0 1.35000027234078
0

0101000
+1409 0 -1407 0 *
Ve
1e-07
1.2435514831543 -13.3418420410156 5
0 0

0101101
*
Ed
 1e-07 1 1 0
1  2321 0 0 1.49999998290539
0

0101000
+1407 0 -1405 0 *
Ve
1e-07
3.59355163574219 -9.27152221679687 5
0 0

0101101
*
Ed
 1e-07 1 1 0
1  2322 0 0 4.70000044559479
0

0101000
+1405 0 -1403 0 *
Ve
1e-07
4.89258972167969 -10.0215222167969 5
0 0

0101101
*
Ed
 1e-07 1 1 0
1  2323 0 0 1.49999998290539
0

0101000
+1403 0 -1401 0 *
Ve
1e-07
4.21758972167969 -11.1906567382813 5
0 0

0101101
*
Ed
 1e-07 1 1 0
1  2324 0 0 1.35000019604684
0

0101000
+1401 0 -1399 0 *
Ve
1e-07
4.30419219970703 -11.2406567382813 5
0 0

0101101
*
Ed
 1e-07 1 1 0
1  2325 0 0 0.099999946002368
0

0101000
+1399 0 -1397 0 *
Ve
1e-07
4.97919219970703 -10.0715222167969 5
0 0

0101101
*
Ed
 1e-07 1 1 0
1  2326 0 0 1.35000019604684
0

0101000
+1397 0 -1395 0 *
Ve
1e-07
6.71124267578125 -11.0715222167969 5
0 0

0101101
*
Ed
 1e-07 1 1 0
1  2327 0 0 1.99999971291721
0

0101000
+1395 0 -1393 0 *
Ve
1e-07
6.76124267578125 -10.9849194335938 5
0 0

0101101
*
Ed
 1e-07 1 1 0
1  2328 0 0 0.100000210292416
0

0101000
+1393 0 -1391 0 *
Ve
1e-07
5.54880737304688 -10.2849194335937 5
0 0

0101101
*
Ed
 1e-07 1 1 0
1  2329 0 0 1.39999977261305
0

0101000
+1391 0 -1389 0 *
Ve
1e-07
6.08630737304687 -9.35394287109375 5
0 0

0101101
*
Ed
 1e-07 1 1 0
1  2330 0 0 1.07499935345298
0

0101000
+1389 0 -1387 0 *
Ve
1e-07
5.99970458984375 -9.30394287109375 5
0 0

0101101
*
Ed
 1e-07 1 1 0
1  2331 0 0 0.100000210292415
0

0101000
+1387 0 -1385 0 *
Ve
1e-07
5.46220458984375 -10.2349200439453 5
0 0

0101101
*
Ed
 1e-07 1 1 0
1  2332 0 0 1.07499988203287
0

0101000
+1385 0 -1383 0 *
Ve
1e-07
3.64355163574219 -9.18492004394531 5
0 0

0101101
*
Ed
 1e-07 1 1 0
1  2333 0 0 2.09999965891958
0

0101000
+1383 0 -1381 0 *
Ve
1e-07
5.04355163574219 -6.760048828125 5
0 0

0101101
*
Ed
 1e-07 1 1 0
1  2334 0 0 2.80000007380605
0

0101000
+1381 0 -1379 0 *
Ve
1e-07
5.90957702636719 -7.260048828125 5
0 0

0101101
*
Ed
 1e-07 1 1 0
1  2335 0 0 0.999999988603591
0

0101000
+1379 0 -1377 0 *
Ve
1e-07
5.83457702636719 -7.38995239257812 5
0 0

0101101
*
Ed
 1e-07 1 1 0
1  2336 0 0 0.149999786858605
0

0101000
+1377 0 -1375 0 *
Ve
1e-07
6.78720458984375 -7.93995239257813 5
0 0

0101101
*
Ed
 1e-07 1 1 0
1  2337 0 0 1.09999967031599
0

0101000
+1375 0 -1373 0 *
Ve
1e-07
6.49970458984375 -8.43791748046875 5
0 0

0101101
*
Ed
 1e-07 1 1 0
1  2338 0 0 0.575000416311081
0

0101000
+1373 0 -1371 0 *
Ve
1e-07
6.58630737304687 -8.48791748046875 5
0 0

0101101
*
Ed
 1e-07 1 1 0
1  2339 0 0 0.100000210292416
0

0101000
+1371 0 -1369 0 *
Ve
1e-07
6.87380737304688 -7.98995239257813 5
0 0

0101101
*
Ed
 1e-07 1 1 0
1  2340 0 0 0.575000416311083
0

0101000
+1369 0 -1367 0 *
Ve
1e-07
9.558486328125 -9.53995239257813 5
0 0

0101101
*
Ed
 1e-07 1 1 0
1  2341 0 0 3.10000017610312
0

0101000
+1367 0 -1365 0 *
Ve
1e-07
8.233486328125 -11.8349194335938 5
0 0

0101101
*
Ed
 1e-07 1 1 0
1  2342 0 0 2.64999975836754
0

0101000
+1365 0 -1363 0 *
Ve
1e-07
7.62726806640625 -11.4849194335938 5
0 0

0101101
*
Ed
 1e-07 1 1 0
1  2343 0 0 0.700000414886522
0

0101000
+1363 0 -1361 0 *
Ve
1e-07
7.57726806640625 -11.5715222167969 5
0 0

0101101
*
Ed
 1e-07 1 1 0
1  2344 0 0 0.100000210292416
0

0101000
+1361 0 -1359 0 *
Ve
1e-07
10.3918505859375 -13.1965222167969 5
0 0

0101101
*
Ed
 1e-07 1 1 0
1  2345 0 0 3.24999996296167
0

0101000
+1359 0 -1357 0 *
Ve
1e-07
10.3418505859375 -13.283125 5
0 0

0101101
*
Ed
 1e-07 1 1 0
1  2346 0 0 0.100000210292416
0

0101000
+1357 0 -1355 0 *
Ve
1e-07
10.4284533691406 -13.333125 5
0 0

0101101
*
Ed
 1e-07 1 1 0
1  2347 0 0 0.100000210292416
0

0101000
+1355 0 -1353 0 *
Ve
1e-07
10.4784533691406 -13.2465222167969 5
0 0

0101101
*
Ed
 1e-07 1 1 0
1  2348 0 0 0.100000210292416
0

0101000
+1353 0 -1351 0 *
Ve
1e-07
12.9466259765625 -14.6715222167969 5
0 0

0101101
*
Ed
 1e-07 1 1 0
1  2349 0 0 2.85000017895222
0

0101000
+1351 0 -1349 0 *
Ve
1e-07
13.0966259765625 -14.4117150878906 5
0 0

0101101
*
Ed
 1e-07 1 1 0
1  2350 0 0 0.299999573717211
0

0101000
+1349 0 -1347 0 *
Ve
1e-07
8.59329345703125 -11.8117150878906 5
0 0

0101101
*
Ed
 1e-07 1 1 0
1  2351 0 0 5.20000036360265
0

0101000
+1347 0 -1345 0 *
Ve
1e-07
9.94329345703125 -9.47344604492188 5
0 0

0101101
*
Ed
 1e-07 1 1 0
1  2352 0 0 2.70000039209368
0

0101000
+1345 0 -1343 0 *
Ve
1e-07
5.09355163574219 -6.67344604492188 5
0 0

0101101
*
Ed
 1e-07 1 1 0
1  2353 0 0 5.59999961903214
0

0101000
+1343 0 -1341 0 *
Ve
1e-07
8.55605163574219 -0.676220321655273 5
0 0

0101101
*
Ed
 1e-07 1 1 0
1  2354 0 0 6.92499982857838
0

0101000
+1341 0 -1339 0 *
Ve
1e-07
10.4180065917969 -1.75122039794922 5
0 0

0101101
*
Ed
 1e-07 1 1 0
1  2355 0 0 2.15000033079267
0

0101000
+1339 0 -1337 0 *
Ve
1e-07
7.81800598144531 -6.25455261230469 5
0 0

0101101
*
Ed
 1e-07 1 1 0
1  2356 0 0 5.20000040448847
0

0101000
+1337 0 -1335 0 *
Ve
1e-07
7.9912109375 -6.35455261230469 5
0 0

0101101
*
Ed
 1e-07 1 1 0
1  2357 0 0 0.199999892004736
0

0101000
+1335 0 -1333 0 *
Ve
1e-07
10.8162109375 -1.46150894165039 5
0 0

0101101
*
Ed
 1e-07 1 1 0
1  2358 0 0 5.65000012061328
0

0101000
+1333 0 -1331 0 *
Ve
1e-07
10.6430065917969 -1.36150894165039 5
0 0

0101101
*
Ed
 1e-07 1 1 0
1  2359 0 0 0.199999363425107
0

0101000
+1331 0 -1329 0 *
Ve
1e-07
10.4680065917969 -1.66461776733398 5
0 0

0101101
*
Ed
 1e-07 1 1 0
1  2360 0 0 0.349999943153262
0

0101000
+1329 0 -1327 0 *
Ve
1e-07
8.60605163574219 -0.589617805480957 5
0 0

0101101
*
Ed
 1e-07 1 1 0
1  2361 0 0 2.15000027357222
0

0101000
+1327 0 -1325 0 *
Ve
1e-07
9.70605163574219 1.31563812255859 5
0 0

0101101
*
Ed
 1e-07 1 1 0
1  2362 0 0 2.20000003439315
0

0101000
+1325 0 -1323 0 *
Ve
1e-07
10.5287756347656 0.840638122558594 5
0 0

0101101
*
Ed
 1e-07 1 1 0
1  2363 0 0 0.949999883457422
0

0101000
+1323 0 -1321 0 *
Ve
1e-07
10.5787756347656 0.927240600585937 5
0 0

0101101
*
Ed
 1e-07 1 1 0
1  2364 0 0 0.0999999460023686
0

0101000
+1321 0 -1319 0 *
Ve
1e-07
9.75605163574219 1.40224060058594 5
0 0

0101101
*
Ed
 1e-07 1 1 0
1  2365 0 0 0.949999883457423
0

0101000
+1319 0 -1317 0 *
Ve
1e-07
11.6560510253906 4.69313720703125 5
0 0

0101101
*
Ed
 1e-07 1 1 0
1  2366 0 0 3.7999997572339
0

0101000
+1317 0 -1315 0 *
Ve
1e-07
12.4787756347656 4.21813720703125 5
0 0

0101101
*
Ed
 1e-07 1 1 0
1  2367 0 0 0.950000412037409
0

0101000
+1315 0 -1313 0 *
Ve
1e-07
12.5537756347656 4.34804107666016 5
0 0

0101101
*
Ed
 1e-07 1 1 0
1  2368 0 0 0.150000051148537
0

0101000
+1313 0 -1311 0 *
Ve
1e-07
13.9394165039062 3.54804107666016 5
0 0

0101101
*
Ed
 1e-07 1 1 0
1  2369 0 0 1.60000019319773
0

0101000
+1311 0 -1309 0 *
Ve
1e-07
13.3394165039062 2.50881042480469 5
0 0

0101101
*
Ed
 1e-07 1 1 0
1  2370 0 0 1.2000001448983
0

0101000
+1309 0 -1307 0 *
Ve
1e-07
13.4260192871094 2.45881042480469 5
0 0

0101101
*
Ed
 1e-07 1 1 0
1  2371 0 0 0.100000210292416
0

0101000
+1307 0 -1305 0 *
Ve
1e-07
14.0760192871094 3.5846435546875 5
0 0

0101101
*
Ed
 1e-07 1 1 0
1  2372 0 0 1.30000009090066
0

0101000
+1305 0 -1303 0 *
Ve
1e-07
12.040859375 4.7596435546875 5
0 0

0101101
*
Ed
 1e-07 1 1 0
1  2373 0 0 2.35000018465043
0

0101000
+1303 0 -1301 0 *
Ve
1e-07
11.965859375 4.62973968505859 5
0 0

0101101
*
Ed
 1e-07 1 1 0
1  2374 0 0 0.150000051148537
0

0101000
+1301 0 -1299 0 *
Ve
1e-07
11.7060510253906 4.77973968505859 5
0 0

0101101
*
Ed
 1e-07 1 1 0
1  2375 0 0 0.300000630877249
0

0101000
+1299 0 -1297 0 *
Ve
1e-07
13.4810510253906 7.85412963867187 5
0 0

0101101
*
Ed
 1e-07 1 1 0
1  2376 0 0 3.54999980096877
0

0101000
+1297 0 -1295 0 *
Ve
1e-07
16.9451525878906 5.85412963867187 5
0 0

0101101
*
Ed
 1e-07 1 1 0
1  2377 0 0 3.99999995441437
0

0101000
+1295 0 -1293 0 *
Ve
1e-07
14.9201525878906 2.34672698974609 5
0 0

0101101
*
Ed
 1e-07 1 1 0
1  2378 0 0 4.04999979527056
0

0101000
+1293 0 -1291 0 *
Ve
1e-07
15.0067553710937 2.29672698974609 5
0 0

0101101
*
Ed
 1e-07 1 1 0
1  2379 0 0 0.100000210292416
0

0101000
+1291 0 -1289 0 *
Ve
1e-07
17.0317553710938 5.80412963867188 5
0 0

0101101
*
Ed
 1e-07 1 1 0
1  2380 0 0 4.04999979527056
0

0101000
+1289 0 -1287 0 *
Ve
1e-07
21.0154736328125 3.50412994384766 5
0 0

0101101
*
Ed
 1e-07 1 1 0
1  2381 0 0 4.60000106358063
0

0101000
+1287 0 -1285 0 *
Ve
1e-07
19.2404724121094 0.429739685058594 5
0 0

0101101
*
Ed
 1e-07 1 1 0
1  2382 0 0 3.55000067561045
0

0101000
+1285 0 -1283 0 *
Ve
1e-07
19.3270751953125 0.379739685058594 5
0 0

0101101
*
Ed
 1e-07 1 1 0
1  2383 0 0 0.100000210292414
0

0101000
+1283 0 -1281 0 *
Ve
1e-07
21.1020751953125 3.45412994384766 5
0 0

0101101
*
Ed
 1e-07 1 1 0
1  2384 0 0 3.55000006525874
0

0101000
+1281 0 -1279 0 *
Ve
1e-07
23.353740234375 2.15412994384766 5
0 0

0101101
*
Ed
 1e-07 1 1 0
1  2385 0 0 2.59999912464145
0

0101000
+1279 0 -1277 0 *
Ve
1e-07
20.978740234375 -1.95949081420898 5
0 0

0101101
*
Ed
 1e-07 1 1 0
1  2386 0 0 4.75000007801205
0

0101000
+1277 0 -1275 0 *
Ve
1e-07
19.7663049316406 -1.25949081420898 5
0 0

0101101
*
Ed
 1e-07 1 1 0
1  2387 0 0 1.39999977261305
0

0101000
+1275 0 -1273 0 *
Ve
1e-07
19.3913049316406 -1.90900985717773 5
0 0

0101101
*
Ed
 1e-07 1 1 0
1  2388 0 0 0.749999991452694
0

0101000
+1273 0 -1271 0 *
Ve
1e-07
18.3520751953125 -1.30900985717773 5
0 0

0101101
*
Ed
 1e-07 1 1 0
1  2389 0 0 1.19999935202842
0

0101000
+1271 0 -1269 0 *
Ve
1e-07
18.8020751953125 -0.529586982727051 5
0 0

0101101
*
Ed
 1e-07 1 1 0
1  2390 0 0 0.900000009564981
0

0101000
+1269 0 -1267 0 *
Ve
1e-07
18.7154724121094 -0.479586982727051 5
0 0

0101101
*
Ed
 1e-07 1 1 0
1  2391 0 0 0.100000210292417
0

0101000
+1267 0 -1265 0 *
Ve
1e-07
17.3404724121094 -2.86115692138672 5
0 0

0101101
*
Ed
 1e-07 1 1 0
1  2392 0 0 2.75000006776862
0

0101000
+1265 0 -1263 0 *
Ve
1e-07
17.4270751953125 -2.91115692138672 5
0 0

0101101
*
Ed
 1e-07 1 1 0
1  2393 0 0 0.100000210292418
0

0101000
+1263 0 -1261 0 *
Ve
1e-07
18.3020751953125 -1.39561233520508 5
0 0

0101101
*
Ed
 1e-07 1 1 0
1  2394 0 0 1.75000011220128
0

0101000
+1261 0 -1259 0 *
Ve
1e-07
20.0341259765625 -2.39561233520508 5
0 0

0101101
*
Ed
 1e-07 1 1 0
1  2395 0 0 1.99999997720718
0

0101000
+1259 0 -1257 0 *
Ve
1e-07
19.1841259765625 -3.86785552978516 5
0 0

0101101
*
Ed
 1e-07 1 1 0
1  2396 0 0 1.7000000070551
0

0101000
+1257 0 -1255 0 *
Ve
1e-07
19.9202478027344 -4.29285552978516 5
0 0

0101101
*
Ed
 1e-07 1 1 0
1  2397 0 0 0.850000201745044
0

0101000
+1255 0 -1253 0 *
Ve
1e-07
19.9702478027344 -4.20625305175781 5
0 0

0101101
*
Ed
 1e-07 1 1 0
1  2398 0 0 0.099999946002367
0

0101000
+1253 0 -1251 0 *
Ve
1e-07
19.3207287597656 -3.83125305175781 5
0 0

0101101
*
Ed
 1e-07 1 1 0
1  2399 0 0 0.749999991452692
0

0101000
+1251 0 -1249 0 *
Ve
1e-07
20.4957275390625 -1.79609329223633 5
0 0

0101101
*
Ed
 1e-07 1 1 0
1  2400 0 0 2.34999944215412
0

0101000
+1249 0 -1247 0 *
Ve
1e-07
21.0153442382813 -2.09609329223633 5
0 0

0101101
*
Ed
 1e-07 1 1 0
1  2401 0 0 0.600001261754499
0

0101000
+1247 0 -1245 0 *
Ve
1e-07
23.4403442382813 2.10412994384766 5
0 0

0101101
*
Ed
 1e-07 1 1 0
1  2402 0 0 4.85000002401441
0

0101000
+1245 0 -1243 0 *
Ve
1e-07
28.463291015625 -0.795870132446289 5
0 0

0101101
*
Ed
 1e-07 1 1 0
1  2403 0 0 5.79999954918385
0

0101000
+1243 0 -1241 0 *
Ve
1e-07
26.113291015625 -4.86618957519531 5
0 0

0101101
*
Ed
 1e-07 1 1 0
1  2404 0 0 4.70000003893837
0

0101000
+1241 0 -1239 0 *
Ve
1e-07
22.2161767578125 -2.61618957519531 5
0 0

0101101
*
Ed
 1e-07 1 1 0
1  2405 0 0 4.49999994871616
0

0101000
+1239 0 -1237 0 *
Ve
1e-07
22.0911767578125 -2.83269592285156 5
0 0

0101101
*
Ed
 1e-07 1 1 0
1  2406 0 0 0.249999997150898
0

0101000
+1237 0 -1235 0 *
Ve
1e-07
22.1777783203125 -2.88269592285156 5
0 0

0101101
*
Ed
 1e-07 1 1 0
1  2407 0 0 0.0999991531336215
0

0101000
+1235 0 -1233 0 *
Ve
1e-07
22.2527783203125 -2.75279205322266 5
0 0

0101101
*
Ed
 1e-07 1 1 0
1  2408 0 0 0.150000051148537
0

0101000
+1233 0 -1231 0 *
Ve
1e-07
26.063291015625 -4.95279205322266 5
0 0

0101101
*
Ed
 1e-07 1 1 0
1  2409 0 0 4.40000079558376
0

0101000
+1231 0 -1229 0 *
Ve
1e-07
25.013291015625 -6.7714453125 5
0 0

0101101
*
Ed
 1e-07 1 1 0
1  2410 0 0 2.09999992320955
0

0101000
+1229 0 -1227 0 *
Ve
1e-07
24.6235791015625 -6.5464453125 5
0 0

0101101
*
Ed
 1e-07 1 1 0
1  2411 0 0 0.450000417735646
0

0101000
+1227 0 -1225 0 *
Ve
1e-07
24.6735791015625 -6.45984313964844 5
0 0

0101101
*
Ed
 1e-07 1 1 0
1  2412 0 0 0.0999996817125516
0

0101000
+1225 0 -1223 0 *
Ve
1e-07
21.2527783203125 -4.48484283447266 5
0 0

0101101
*
Ed
 1e-07 1 1 0
1  2413 0 0 3.95000053043604
0

0101000
+1223 0 -1221 0 *
Ve
1e-07
21.6777783203125 -3.74872131347656 5
0 0

0101101
*
Ed
 1e-07 1 1 0
1  2414 0 0 0.849999937455059
0

0101000
+1221 0 -1219 0 *
Ve
1e-07
21.5911767578125 -3.69872131347656 5
0 0

0101101
*
Ed
 1e-07 1 1 0
1  2415 0 0 0.0999991531336215
0

0101000
+1219 0 -1217 0 *
Ve
1e-07
20.9661767578125 -4.78125305175781 5
0 0

0101101
*
Ed
 1e-07 1 1 0
1  2416 0 0 1.24999998575449
0

0101000
+1217 0 -1215 0 *
Ve
1e-07
20.8362719726562 -4.70625305175781 5
0 0

0101101
*
Ed
 1e-07 1 1 0
1  2417 0 0 0.150000844019266
0

0101000
+1215 0 -1213 0 *
Ve
1e-07
20.7862719726563 -4.79285552978516 5
0 0

0101101
*
Ed
 1e-07 1 1 0
1  2418 0 0 0.099999946002367
0

0101000
+1213 0 -1211 0 *
Ve
1e-07
20.9161767578125 -4.86785552978516 5
0 0

0101101
*
Ed
 1e-07 1 1 0
1  2419 0 0 0.150000844019263
0

0101000
+1211 0 -1209 0 *
Ve
1e-07
19.7661767578125 -6.85971374511719 5
0 0

0101101
*
Ed
 1e-07 1 1 0
1  2420 0 0 2.29999981521428
0

0101000
+1209 0 -1207 0 *
Ve
1e-07
19.8527795410156 -6.90971374511719 5
0 0

0101101
*
Ed
 1e-07 1 1 0
1  2421 0 0 0.100000210292417
0

0101000
+1207 0 -1205 0 *
Ve
1e-07
20.8027783203125 -5.26426574707031 5
0 0

0101101
*
Ed
 1e-07 1 1 0
1  2422 0 0 1.8999991565635
0

0101000
+1205 0 -1203 0 *
Ve
1e-07
21.3223950195312 -5.56426574707031 5
0 0

0101101
*
Ed
 1e-07 1 1 0
1  2423 0 0 0.600001261754496
0

0101000
+1203 0 -1201 0 *
Ve
1e-07
21.6723950195313 -4.95804779052734 5
0 0

0101101
*
Ed
 1e-07 1 1 0
1  2424 0 0 0.700000150596508
0

0101000
+1201 0 -1199 0 *
Ve
1e-07
26.9551489257813 -8.00804809570313 5
0 0

0101101
*
Ed
 1e-07 1 1 0
1  2425 0 0 6.09999923734192
0

0101000
+1199 0 -1197 0 *
Ve
1e-07
23.2551489257812 -14.4166357421875 5
0 0

0101101
*
Ed
 1e-07 1 1 0
1  2426 0 0 7.3999997042346
0

0101000
+1197 0 -1195 0 *
Ve
1e-07
16.2836450195312 -10.3916357421875 5
0 0

0101101
*
Ed
 1e-07 1 1 0
1  2427 0 0 8.04999948539495
0

0101000
+1195 0 -1193 0 *
Ve
1e-07
18.0586450195313 -7.31724548339844 5
0 0

0101101
*
Ed
 1e-07 1 1 0
1  2428 0 0 3.55000006525874
0

0101000
+1193 0 -1191 0 *
Ve
1e-07
18.1452478027344 -7.36724548339844 5
0 0

0101101
*
Ed
 1e-07 1 1 0
1  2429 0 0 0.100000210292414
0

0101000
+1191 0 -1189 0 *
Ve
1e-07
18.1952478027344 -7.28064331054687 5
0 0

0101101
*
Ed
 1e-07 1 1 0
1  2430 0 0 0.0999996817125533
0

0101000
+1189 0 -1187 0 *
Ve
1e-07
18.1086450195312 -7.23064331054688 5
0 0

0101101
*
Ed
 1e-07 1 1 0
1  2431 0 0 0.100000210292417
0

0101000
+1187 0 -1185 0 *
Ve
1e-07
18.5836450195313 -6.40791931152344 5
0 0

0101101
*
Ed
 1e-07 1 1 0
1  2432 0 0 0.949999883457423
0

0101000
+1185 0 -1183 0 *
Ve
1e-07
18.4970422363281 -6.35791931152344 5
0 0

0101101
*
Ed
 1e-07 1 1 0
1  2433 0 0 0.100000210292417
0

0101000
+1183 0 -1181 0 *
Ve
1e-07
17.6220422363281 -7.87346374511719 5
0 0

0101101
*
Ed
 1e-07 1 1 0
1  2434 0 0 1.74999998005629
0

0101000
+1181 0 -1179 0 *
Ve
1e-07
16.7993176269531 -7.39846374511719 5
0 0

0101101
*
Ed
 1e-07 1 1 0
1  2435 0 0 0.950000412037406
0

0101000
+1179 0 -1177 0 *
Ve
1e-07
17.2993176269531 -6.53243835449219 5
0 0

0101101
*
Ed
 1e-07 1 1 0
1  2436 0 0 0.999999988603592
0

0101000
+1177 0 -1175 0 *
Ve
1e-07
16.6497985839844 -6.15743835449219 5
0 0

0101101
*
Ed
 1e-07 1 1 0
1  2437 0 0 0.749999991452695
0

0101000
+1175 0 -1173 0 *
Ve
1e-07
17.5497985839844 -4.59859252929687 5
0 0

0101101
*
Ed
 1e-07 1 1 0
1  2438 0 0 1.80000008520246
0

0101000
+1173 0 -1171 0 *
Ve
1e-07
19.0220422363281 -5.44859252929688 5
0 0

0101101
*
Ed
 1e-07 1 1 0
1  2439 0 0 1.70000040349009
0

0101000
+1171 0 -1169 0 *
Ve
1e-07
18.9470422363281 -5.57849609375 5
0 0

0101101
*
Ed
 1e-07 1 1 0
1  2440 0 0 0.149999786858605
0

0101000
+1169 0 -1167 0 *
Ve
1e-07
19.0336450195312 -5.62849609375 5
0 0

0101101
*
Ed
 1e-07 1 1 0
1  2441 0 0 0.100000210292414
0

0101000
+1167 0 -1165 0 *
Ve
1e-07
19.1586450195312 -5.41198974609375 5
0 0

0101101
*
Ed
 1e-07 1 1 0
1  2442 0 0 0.249999997150897
0

0101000
+1165 0 -1163 0 *
Ve
1e-07
12.7067553710938 -1.68698989868164 5
0 0

0101101
*
Ed
 1e-07 1 1 0
1  2443 0 0 7.45000026166679
0

0101000
+1163 0 -1161 0 *
Ve
1e-07
13.7817553710937 0.174964771270752 5
0 0

0101101
*
Ed
 1e-07 1 1 0
1  2444 0 0 2.15000004487384
0

0101000
+1161 0 -1159 0 *
Ve
1e-07
13.6085510253906 0.274964771270752 5
0 0

0101101
*
Ed
 1e-07 1 1 0
1  2445 0 0 0.199999363425106
0

0101000
+1159 0 -1157 0 *
Ve
1e-07
13.5585510253906 0.188362216949463 5
0 0

0101101
*
Ed
 1e-07 1 1 0
1  2446 0 0 0.100000012074858
0

0101000
+1157 0 -1155 0 *
Ve
1e-07
13.6451525878906 0.138362226486206 5
0 0

0101101
*
Ed
 1e-07 1 1 0
1  2447 0 0 0.0999991483652082
0

0101000
+1155 0 -1153 0 *
Ve
1e-07
12.4951525878906 -1.85349624633789 5
0 0

0101101
*
Ed
 1e-07 1 1 0
1  2448 0 0 2.30000003820894
0

0101000
+1153 0 -1151 0 *
Ve
1e-07
12.5817553710938 -1.90349624633789 5
0 0

0101101
*
Ed
 1e-07 1 1 0
1  2449 0 0 0.100000210292416
0

0101000
+1151 0 -1149 0 *
Ve
1e-07
12.6567553710937 -1.77359237670898 5
0 0

0101101
*
Ed
 1e-07 1 1 0
1  2450 0 0 0.150000051148537
0

0101000
+1149 0 -1147 0 *
Ve
1e-07
14.1289990234375 -2.62359252929688 5
0 0

0101101
*
Ed
 1e-07 1 1 0
1  2451 0 0 1.70000047978402
0

0101000
+1147 0 -1145 0 *
Ve
1e-07
14.0539990234375 -2.75349609375 5
0 0

0101101
*
Ed
 1e-07 1 1 0
1  2452 0 0 0.149999786858606
0

0101000
+1145 0 -1143 0 *
Ve
1e-07
14.1406018066406 -2.80349609375 5
0 0

0101101
*
Ed
 1e-07 1 1 0
1  2453 0 0 0.100000210292416
0

0101000
+1143 0 -1141 0 *
Ve
1e-07
14.2156018066406 -2.67359252929687 5
0 0

0101101
*
Ed
 1e-07 1 1 0
1  2454 0 0 0.149999786858607
0

0101000
+1141 0 -1139 0 *
Ve
1e-07
16.0775561523437 -3.74859252929688 5
0 0

0101101
*
Ed
 1e-07 1 1 0
1  2455 0 0 2.14999976406574
0

0101000
+1139 0 -1137 0 *
Ve
1e-07
16.0025561523438 -3.87849609375 5
0 0

0101101
*
Ed
 1e-07 1 1 0
1  2456 0 0 0.149999786858605
0

0101000
+1137 0 -1135 0 *
Ve
1e-07
16.0891589355469 -3.92849609375 5
0 0

0101101
*
Ed
 1e-07 1 1 0
1  2457 0 0 0.100000210292418
0

0101000
+1135 0 -1133 0 *
Ve
1e-07
16.1641589355469 -3.79859252929687 5
0 0

0101101
*
Ed
 1e-07 1 1 0
1  2458 0 0 0.149999786858606
0

0101000
+1133 0 -1131 0 *
Ve
1e-07
17.0301843261719 -4.29859252929687 5
0 0

0101101
*
Ed
 1e-07 1 1 0
1  2459 0 0 0.99999998860359
0

0101000
+1131 0 -1129 0 *
Ve
1e-07
16.1301843261719 -5.85743835449219 5
0 0

0101101
*
Ed
 1e-07 1 1 0
1  2460 0 0 1.80000008520246
0

0101000
+1129 0 -1127 0 *
Ve
1e-07
15.2641589355469 -5.35743835449219 5
0 0

0101101
*
Ed
 1e-07 1 1 0
1  2461 0 0 0.999999988603591
0

0101000
+1127 0 -1125 0 *
Ve
1e-07
15.6391589355469 -4.70791900634766 5
0 0

0101101
*
Ed
 1e-07 1 1 0
1  2462 0 0 0.750000255742688
0

0101000
+1125 0 -1123 0 *
Ve
1e-07
15.5525561523438 -4.65791900634766 5
0 0

0101101
*
Ed
 1e-07 1 1 0
1  2463 0 0 0.100000210292416
0

0101000
+1123 0 -1121 0 *
Ve
1e-07
15.1775561523438 -5.30743835449219 5
0 0

0101101
*
Ed
 1e-07 1 1 0
1  2464 0 0 0.750000255742688
0

0101000
+1121 0 -1119 0 *
Ve
1e-07
13.3156018066406 -4.23243804931641 5
0 0

0101101
*
Ed
 1e-07 1 1 0
1  2465 0 0 2.14999991665367
0

0101000
+1119 0 -1117 0 *
Ve
1e-07
13.6906018066406 -3.58291900634766 5
0 0

0101101
*
Ed
 1e-07 1 1 0
1  2466 0 0 0.749999991452694
0

0101000
+1117 0 -1115 0 *
Ve
1e-07
13.6039990234375 -3.53291900634766 5
0 0

0101101
*
Ed
 1e-07 1 1 0
1  2467 0 0 0.100000210292416
0

0101000
+1115 0 -1113 0 *
Ve
1e-07
13.2289990234375 -4.18243804931641 5
0 0

0101101
*
Ed
 1e-07 1 1 0
1  2468 0 0 0.749999991452694
0

0101000
+1113 0 -1111 0 *
Ve
1e-07
11.7567553710937 -3.33243804931641 5
0 0

0101101
*
Ed
 1e-07 1 1 0
1  2469 0 0 1.70000040349009
0

0101000
+1111 0 -1109 0 *
Ve
1e-07
12.1317553710937 -2.68291900634766 5
0 0

0101101
*
Ed
 1e-07 1 1 0
1  2470 0 0 0.749999991452694
0

0101000
+1109 0 -1107 0 *
Ve
1e-07
12.0451525878906 -2.63291900634766 5
0 0

0101101
*
Ed
 1e-07 1 1 0
1  2471 0 0 0.100000210292416
0

0101000
+1107 0 -1105 0 *
Ve
1e-07
11.5201525878906 -3.54224578857422 5
0 0

0101101
*
Ed
 1e-07 1 1 0
1  2472 0 0 1.05000009374976
0

0101000
+1105 0 -1103 0 *
Ve
1e-07
16.8895104980469 -6.64224548339844 5
0 0

0101101
*
Ed
 1e-07 1 1 0
1  2473 0 0 6.20000019961836
0

0101000
+1103 0 -1101 0 *
Ve
1e-07
16.4645104980469 -7.37836730957031 5
0 0

0101101
*
Ed
 1e-07 1 1 0
1  2474 0 0 0.850000201745045
0

0101000
+1101 0 -1099 0 *
Ve
1e-07
17.460439453125 -7.95336730957031 5
0 0

0101101
*
Ed
 1e-07 1 1 0
1  2475 0 0 1.14999977546216
0

0101000
+1099 0 -1097 0 *
Ve
1e-07
16.010439453125 -10.4648413085937 5
0 0

0101101
*
Ed
 1e-07 1 1 0
1  2476 0 0 2.9000002840984
0

0101000
+1097 0 -1095 0 *
Ve
1e-07
21.163291015625 -13.4398413085938 5
0 0

0101101
*
Ed
 1e-07 1 1 0
1  2477 0 0 5.95000035505534
0

0101000
+1095 0 -1093 0 *
Ve
1e-07
20.075791015625 -15.3234460449219 5
0 0

0101101
*
Ed
 1e-07 1 1 0
1  2478 0 0 2.17499955234886
0

0101000
+1093 0 -1091 0 *
Ve
1e-07
15.70236328125 -12.7984460449219 5
0 0

0101101
*
Ed
 1e-07 1 1 0
1  2479 0 0 5.04999951958418
0

0101000
+1091 0 -1089 0 *
Ve
1e-07
13.35236328125 -16.8687658691406 5
0 0

0101101
*
Ed
 1e-07 1 1 0
1  2480 0 0 4.70000036930085
0

0101000
+1089 0 -1087 0 *
Ve
1e-07
11.2739013671875 -15.6687658691406 5
0 0

0101101
*
Ed
 1e-07 1 1 0
1  2481 0 0 2.4000008183766
0

0101000
+1087 0 -1085 0 *
Ve
1e-07
11.1989013671875 -15.7986694335937 5
0 0

0101101
*
Ed
 1e-07 1 1 0
1  2482 0 0 0.149999786858605
0

0101000
+1085 0 -1083 0 *
Ve
1e-07
12.1082287597656 -16.3236694335938 5
0 0

0101101
*
Ed
 1e-07 1 1 0
1  2483 0 0 1.05000062232978
0

0101000
+1083 0 -1081 0 *
Ve
1e-07
12.0582287597656 -16.4102722167969 5
0 0

0101101
*
Ed
 1e-07 1 1 0
1  2484 0 0 0.100000210292417
0

0101000
+1081 0 -1079 0 *
Ve
1e-07
12.1448303222656 -16.4602722167969 5
0 0

0101101
*
Ed
 1e-07 1 1 0
1  2485 0 0 0.0999991531336184
0

0101000
+1079 0 -1077 0 *
Ve
1e-07
12.1948303222656 -16.3736694335938 5
0 0

0101101
*
Ed
 1e-07 1 1 0
1  2486 0 0 0.100000210292415
0

0101000
+1077 0 -1075 0 *
Ve
1e-07
13.9701831054688 -17.3986694335937 5
0 0

0101101
*
Ed
 1e-07 1 1 0
1  2487 0 0 2.05000061093334
0

0101000
+1075 0 -1073 0 *
Ve
1e-07
14.2701831054687 -16.8790539550781 5
0 0

0101101
*
Ed
 1e-07 1 1 0
1  2488 0 0 0.60000020459415
0

0101000
+1073 0 -1071 0 *
Ve
1e-07
13.7072668457031 -16.5540539550781 5
0 0

0101101
*
Ed
 1e-07 1 1 0
1  2489 0 0 0.649999781160362
0

0101000
+1071 0 -1069 0 *
Ve
1e-07
14.9322668457031 -14.4322924804687 5
0 0

0101101
*
Ed
 1e-07 1 1 0
1  2490 0 0 2.44999933778288
0

0101000
+1069 0 -1067 0 *
Ve
1e-07
15.5817858886719 -14.8072924804687 5
0 0

0101101
*
Ed
 1e-07 1 1 0
1  2491 0 0 0.749999991452694
0

0101000
+1067 0 -1065 0 *
Ve
1e-07
15.6317858886719 -14.7206896972656 5
0 0

0101101
*
Ed
 1e-07 1 1 0
1  2492 0 0 0.100000210292415
0

0101000
+1065 0 -1063 0 *
Ve
1e-07
14.9822668457031 -14.3456896972656 5
0 0

0101101
*
Ed
 1e-07 1 1 0
1  2493 0 0 0.749999991452694
0

0101000
+1063 0 -1061 0 *
Ve
1e-07
15.4822668457031 -13.4796643066406 5
0 0

0101101
*
Ed
 1e-07 1 1 0
1  2494 0 0 0.999999988603591
0

0101000
+1061 0 -1059 0 *
Ve
1e-07
16.261689453125 -13.9296643066406 5
0 0

0101101
*
Ed
 1e-07 1 1 0
1  2495 0 0 0.899999778311259
0

0101000
+1059 0 -1057 0 *
Ve
1e-07
16.486689453125 -13.5399523925781 5
0 0

0101101
*
Ed
 1e-07 1 1 0
1  2496 0 0 0.450000417735645
0

0101000
+1057 0 -1055 0 *
Ve
1e-07
19.12806640625 -15.0649523925781 5
0 0

0101101
*
Ed
 1e-07 1 1 0
1  2497 0 0 3.049999542377
0

0101000
+1055 0 -1053 0 *
Ve
1e-07
19.17806640625 -14.978349609375 5
0 0

0101101
*
Ed
 1e-07 1 1 0
1  2498 0 0 0.100000210292416
0

0101000
+1053 0 -1051 0 *
Ve
1e-07
20.000791015625 -15.453349609375 5
0 0

0101101
*
Ed
 1e-07 1 1 0
1  2499 0 0 0.950000412037409
0

0101000
+1051 0 -1049 0 *
Ve
1e-07
18.000791015625 -18.917451171875 5
0 0

0101101
*
Ed
 1e-07 1 1 0
1  2500 0 0 3.99999995441437
0

0101000
+1049 0 -1047 0 *
Ve
1e-07
17.17806640625 -18.442451171875 5
0 0

0101101
*
Ed
 1e-07 1 1 0
1  2501 0 0 0.95000041203741
0

0101000
+1047 0 -1045 0 *
Ve
1e-07
17.67806640625 -17.57642578125 5
0 0

0101101
*
Ed
 1e-07 1 1 0
1  2502 0 0 0.99999998860359
0

0101000
+1045 0 -1043 0 *
Ve
1e-07
17.59146484375 -17.52642578125 5
0 0

0101101
*
Ed
 1e-07 1 1 0
1  2503 0 0 0.0999991531336217
0

0101000
+1043 0 -1041 0 *
Ve
1e-07
17.66646484375 -17.3965222167969 5
0 0

0101101
*
Ed
 1e-07 1 1 0
1  2504 0 0 0.149999786858607
0

0101000
+1041 0 -1039 0 *
Ve
1e-07
17.75306640625 -17.4465222167969 5
0 0

0101101
*
Ed
 1e-07 1 1 0
1  2505 0 0 0.0999991531336217
0

0101000
+1039 0 -1037 0 *
Ve
1e-07
18.40306640625 -16.3206896972656 5
0 0

0101101
*
Ed
 1e-07 1 1 0
1  2506 0 0 1.29999956232073
0

0101000
+1037 0 -1035 0 *
Ve
1e-07
16.4978112792969 -15.2206896972656 5
0 0

0101101
*
Ed
 1e-07 1 1 0
1  2507 0 0 2.19999934063199
0

0101000
+1035 0 -1033 0 *
Ve
1e-07
16.4478112792969 -15.3072924804687 5
0 0

0101101
*
Ed
 1e-07 1 1 0
1  2508 0 0 0.100000210292416
0

0101000
+1033 0 -1031 0 *
Ve
1e-07
16.5344140625 -15.3572924804688 5
0 0

0101101
*
Ed
 1e-07 1 1 0
1  2509 0 0 0.100000210292418
0

0101000
+1031 0 -1029 0 *
Ve
1e-07
15.9844140625 -16.3099194335938 5
0 0

0101101
*
Ed
 1e-07 1 1 0
1  2510 0 0 1.09999914173613
0

0101000
+1029 0 -1027 0 *
Ve
1e-07
15.8112084960937 -16.2099194335938 5
0 0

0101101
*
Ed
 1e-07 1 1 0
1  2511 0 0 0.200000420584834
0

0101000
+1027 0 -1025 0 *
Ve
1e-07
15.6362084960938 -16.5130285644531 5
0 0

0101101
*
Ed
 1e-07 1 1 0
1  2512 0 0 0.350000207443261
0

0101000
+1025 0 -1023 0 *
Ve
1e-07
17.54146484375 -17.6130285644531 5
0 0

0101101
*
Ed
 1e-07 1 1 0
1  2513 0 0 2.20000039779188
0

0101000
+1023 0 -1021 0 *
Ve
1e-07
17.04146484375 -18.4790539550781 5
0 0

0101101
*
Ed
 1e-07 1 1 0
1  2514 0 0 0.999999988603593
0

0101000
+1021 0 -1019 0 *
Ve
1e-07
17.950791015625 -19.0040539550781 5
0 0

0101101
*
Ed
 1e-07 1 1 0
1  2515 0 0 1.04999956516984
0

0101000
+1019 0 -1017 0 *
Ve
1e-07
16.825791015625 -20.9526123046875 5
0 0

0101101
*
Ed
 1e-07 1 1 0
1  2516 0 0 2.25000103151808
0

0101000
+1017 0 -1015 0 *
Ve
1e-07
15.3968493652344 -20.1276110839844 5
0 0

0101101
*
Ed
 1e-07 1 1 0
1  2517 0 0 1.65000038011594
0

0101000
+1015 0 -1013 0 *
Ve
1e-07
15.2441174316406 -20.3921496582031 5
0 0

0101101
*
Ed
 1e-07 1 1 0
1  2518 0 0 0.305463092351553
0

0101000
+1013 0 -1011 0 *
Ve
1e-07
15.3584521484375 -20.3941174316406 5
0 0

0101101
*
Ed
 1e-07 1 1 0
1  2519 0 0 0.114351648861409
0

0101000
+1011 0 -1009 0 *
Ve
1e-07
16.3543811035156 -20.9691186523437 5
0 0

0101101
*
Ed
 1e-07 1 1 0
1  2520 0 0 1.15000038581432
0

0101000
+1009 0 -1007 0 *
Ve
1e-07
16.4293811035156 -20.8392138671875 5
0 0

0101101
*
Ed
 1e-07 1 1 0
1  2521 0 0 0.150000844019263
0

0101000
+1007 0 -1005 0 *
Ve
1e-07
16.819091796875 -21.0642138671875 5
0 0

0101101
*
Ed
 1e-07 1 1 0
1  2522 0 0 0.449999360575819
0

0101000
+1005 0 -1003 0 *
Ve
1e-07
13.294091796875 -27.1696923828125 5
0 0

0101101
*
Ed
 1e-07 1 1 0
1  2523 0 0 7.04999949679136
0

0101000
+1003 0 -1001 0 *
Ve
1e-07
12.9043811035156 -26.9446923828125 5
0 0

0101101
*
Ed
 1e-07 1 1 0
1  2524 0 0 0.449999360575816
0

0101000
+1001 0 -999 0 *
Ve
1e-07
12.9543811035156 -26.8580908203125 5
0 0

0101101
*
Ed
 1e-07 1 1 0
1  2525 0 0 0.0999991531336217
0

0101000
+999 0 -997 0 *
Ve
1e-07
11.9584521484375 -26.2830908203125 5
0 0

0101101
*
Ed
 1e-07 1 1 0
1  2526 0 0 1.14999977546216
0

0101000
+997 0 -995 0 *
Ve
1e-07
14.8623913574219 -21.2533203125 5
0 0

0101101
*
Ed
 1e-07 1 1 0
1  2527 0 0 5.80787863946357
0

0101000
+995 0 -993 0 *
Ve
1e-07
14.7757885742188 -21.2033203125 5
0 0

0101101
*
Ed
 1e-07 1 1 0
1  2528 0 0 0.100000210292416
0

0101000
+993 0 -991 0 *
Ve
1e-07
14.7468493652344 -21.2534448242188 5
0 0

0101101
*
Ed
 1e-07 1 1 0
1  2529 0 0 0.057878704993153
0

0101000
+991 0 -989 0 *
Ve
1e-07
10.7198303222656 -18.9284448242188 5
0 0

0101101
*
Ed
 1e-07 1 1 0
1  2530 0 0 4.65000079273466
0

0101000
+989 0 -987 0 *
Ve
1e-07
11.6448303222656 -17.3262976074219 5
0 0

0101101
*
Ed
 1e-07 1 1 0
1  2531 0 0 1.85000019034863
0

0101000
+987 0 -985 0 *
Ve
1e-07
11.5582287597656 -17.2762976074219 5
0 0

0101101
*
Ed
 1e-07 1 1 0
1  2532 0 0 0.0999991531336217
0

0101000
+985 0 -983 0 *
Ve
1e-07
10.6332287597656 -18.8784448242188 5
0 0

0101101
*
Ed
 1e-07 1 1 0
1  2533 0 0 1.85000019034863
0

0101000
+983 0 -981 0 *
Ve
1e-07
9.72390197753906 -18.3534448242188 5
0 0

0101101
*
Ed
 1e-07 1 1 0
1  2534 0 0 1.05000009374976
0

0101000
+981 0 -979 0 *
Ve
1e-07
9.67390197753906 -18.4400463867188 5
0 0

0101101
*
Ed
 1e-07 1 1 0
1  2535 0 0 0.0999991531336217
0

0101000
+979 0 -977 0 *
Ve
1e-07
14.6968493652344 -21.3400463867188 5
0 0

0101101
*
Ed
 1e-07 1 1 0
1  2536 0 0 5.80000003961682
0

0101000
+977 0 -975 0 *
Ve
1e-07
11.8718493652344 -26.2330908203125 5
0 0

0101101
*
Ed
 1e-07 1 1 0
1  2537 0 0 5.65000078133825
0

0101000
+975 0 -973 0 *
Ve
1e-07
8.92736267089844 -24.5330908203125 5
0 0

0101101
*
Ed
 1e-07 1 1 0
1  2538 0 0 3.40000027840019
0

0101000
+973 0 -971 0 *
Ve
1e-07
8.85236267089844 -24.6629931640625 5
0 0

0101101
*
Ed
 1e-07 1 1 0
1  2539 0 0 0.149998729700429
0

0101000
+971 0 -969 0 *
Ve
1e-07
9.80499084472656 -25.2129931640625 5
0 0

0101101
*
Ed
 1e-07 1 1 0
1  2540 0 0 1.10000019889594
0

0101000
+969 0 -967 0 *
Ve
1e-07
9.75499084472656 -25.2995971679688 5
0 0

0101101
*
Ed
 1e-07 1 1 0
1  2541 0 0 0.100001267454939
0

0101000
+967 0 -965 0 *
Ve
1e-07
9.84159301757813 -25.3495971679687 5
0 0

0101101
*
Ed
 1e-07 1 1 0
1  2542 0 0 0.0999996817125523
0

0101000
+965 0 -963 0 *
Ve
1e-07
9.89159301757813 -25.2629931640625 5
0 0

0101101
*
Ed
 1e-07 1 1 0
1  2543 0 0 0.100001267454936
0

0101000
+963 0 -961 0 *
Ve
1e-07
11.8834521484375 -26.4129931640625 5
0 0

0101101
*
Ed
 1e-07 1 1 0
1  2544 0 0 2.30000060808424
0

0101000
+961 0 -959 0 *
Ve
1e-07
11.7834521484375 -26.5861987304688 5
0 0

0101101
*
Ed
 1e-07 1 1 0
1  2545 0 0 0.200000420584835
0

0101000
+959 0 -957 0 *
Ve
1e-07
12.7793811035156 -27.1611987304688 5
0 0

0101101
*
Ed
 1e-07 1 1 0
1  2546 0 0 1.14999977546215
0

0101000
+957 0 -955 0 *
Ve
1e-07
12.8293811035156 -27.0745971679688 5
0 0

0101101
*
Ed
 1e-07 1 1 0
1  2547 0 0 0.0999991531336217
0

0101000
+955 0 -953 0 *
Ve
1e-07
13.175791015625 -27.2745971679688 5
0 0

0101101
*
Ed
 1e-07 1 1 0
1  2548 0 0 0.399999784009472
0

0101000
+953 0 -951 0 *
Ve
1e-07
12.350791015625 -28.7035375976563 5
0 0

0101101
*
Ed
 1e-07 1 1 0
1  2549 0 0 1.64999871260419
0

0101000
+951 0 -949 0 *
Ve
1e-07
10.7486437988281 -27.7785375976562 5
0 0

0101101
*
Ed
 1e-07 1 1 0
1  2550 0 0 1.85000019034863
0

0101000
+949 0 -947 0 *
Ve
1e-07
10.6986437988281 -27.8651416015625 5
0 0

0101101
*
Ed
 1e-07 1 1 0
1  2551 0 0 0.100001267454935
0

0101000
+947 0 -945 0 *
Ve
1e-07
12.300791015625 -28.7901416015625 5
0 0

0101101
*
Ed
 1e-07 1 1 0
1  2552 0 0 1.85000019034863
0

0101000
+945 0 -943 0 *
Ve
1e-07
11.600791015625 -30.0025756835938 5
0 0

0101101
*
Ed
 1e-07 1 1 0
1  2553 0 0 1.39999871545333
0

0101000
+943 0 -941 0 *
Ve
1e-07
11.2110791015625 -29.7775756835937 5
0 0

0101101
*
Ed
 1e-07 1 1 0
1  2554 0 0 0.450000417735649
0

0101000
+941 0 -939 0 *
Ve
1e-07
11.2610791015625 -29.6909741210937 5
0 0

0101101
*
Ed
 1e-07 1 1 0
1  2555 0 0 0.0999991531336208
0

0101000
+939 0 -937 0 *
Ve
1e-07
10.3517529296875 -29.1659741210938 5
0 0

0101101
*
Ed
 1e-07 1 1 0
1  2556 0 0 1.04999956516983
0

0101000
+937 0 -935 0 *
Ve
1e-07
10.2517529296875 -29.3391796875 5
0 0

0101101
*
Ed
 1e-07 1 1 0
1  2557 0 0 0.200000420584832
0

0101000
+935 0 -933 0 *
Ve
1e-07
9.16922119140625 -28.7141796875 5
0 0

0101101
*
Ed
 1e-07 1 1 0
1  2558 0 0 1.24999998575449
0

0101000
+933 0 -931 0 *
Ve
1e-07
9.91922119140625 -27.4151416015625 5
0 0

0101101
*
Ed
 1e-07 1 1 0
1  2559 0 0 1.49999998290539
0

0101000
+931 0 -929 0 *
Ve
1e-07
10.0924261474609 -27.5151416015625 5
0 0

0101101
*
Ed
 1e-07 1 1 0
1  2560 0 0 0.199999892004738
0

0101000
+929 0 -927 0 *
Ve
1e-07
10.1424261474609 -27.4285375976563 5
0 0

0101101
*
Ed
 1e-07 1 1 0
1  2561 0 0 0.100001267454936
0

0101000
+927 0 -925 0 *
Ve
1e-07
9.70941345214844 -27.1785375976563 5
0 0

0101101
*
Ed
 1e-07 1 1 0
1  2562 0 0 0.499999994301796
0

0101000
+925 0 -923 0 *
Ve
1e-07
9.65941345214844 -27.2651416015625 5
0 0

0101101
*
Ed
 1e-07 1 1 0
1  2563 0 0 0.100001267454935
0

0101000
+923 0 -921 0 *
Ve
1e-07
9.83261840820312 -27.3651416015625 5
0 0

0101101
*
Ed
 1e-07 1 1 0
1  2564 0 0 0.199999892004734
0

0101000
+921 0 -919 0 *
Ve
1e-07
9.08261840820312 -28.6641796875 5
0 0

0101101
*
Ed
 1e-07 1 1 0
1  2565 0 0 1.49999998290539
0

0101000
+919 0 -917 0 *
Ve
1e-07
8.21659301757813 -28.1641796875 5
0 0

0101101
*
Ed
 1e-07 1 1 0
1  2566 0 0 0.999999988603591
0

0101000
+917 0 -915 0 *
Ve
1e-07
8.96659301757813 -26.8651416015625 5
0 0

0101101
*
Ed
 1e-07 1 1 0
1  2567 0 0 1.49999998290539
0

0101000
+915 0 -913 0 *
Ve
1e-07
9.05319580078125 -26.9151416015625 5
0 0

0101101
*
Ed
 1e-07 1 1 0
1  2568 0 0 0.100000210292416
0

0101000
+913 0 -911 0 *
Ve
1e-07
9.10319580078125 -26.8285375976563 5
0 0

0101101
*
Ed
 1e-07 1 1 0
1  2569 0 0 0.100001267454936
0

0101000
+911 0 -909 0 *
Ve
1e-07
9.01659301757813 -26.7785375976562 5
0 0

0101101
*
Ed
 1e-07 1 1 0
1  2570 0 0 0.100000210292416
0

0101000
+909 0 -907 0 *
Ve
1e-07
9.34159301757813 -26.2156225585938 5
0 0

0101101
*
Ed
 1e-07 1 1 0
1  2571 0 0 0.649998724000851
0

0101000
+907 0 -905 0 *
Ve
1e-07
9.25499084472656 -26.1656225585937 5
0 0

0101101
*
Ed
 1e-07 1 1 0
1  2572 0 0 0.0999996817125541
0

0101000
+905 0 -903 0 *
Ve
1e-07
8.42999084472656 -27.5945629882813 5
0 0

0101101
*
Ed
 1e-07 1 1 0
1  2573 0 0 1.64999871260419
0

0101000
+903 0 -901 0 *
Ve
1e-07
7.73717041015625 -27.1945629882813 5
0 0

0101101
*
Ed
 1e-07 1 1 0
1  2574 0 0 0.800000096598866
0

0101000
+901 0 -899 0 *
Ve
1e-07
7.43717041015625 -27.7141796875 5
0 0

0101101
*
Ed
 1e-07 1 1 0
1  2575 0 0 0.600001261754496
0

0101000
+899 0 -897 0 *
Ve
1e-07
5.22880554199219 -26.4391796875 5
0 0

0101101
*
Ed
 1e-07 1 1 0
1  2576 0 0 2.55000007665515
0

0101000
+897 0 -895 0 *
Ve
1e-07
6.92880554199219 -23.4946923828125 5
0 0

0101101
*
Ed
 1e-07 1 1 0
1  2577 0 0 3.40000080698018
0

0101000
+895 0 -893 0 *
Ve
1e-07
7.96803588867188 -24.0946923828125 5
0 0

0101101
*
Ed
 1e-07 1 1 0
1  2578 0 0 1.19999988060832
0

0101000
+893 0 -891 0 *
Ve
1e-07
8.01803588867188 -24.0080908203125 5
0 0

0101101
*
Ed
 1e-07 1 1 0
1  2579 0 0 0.0999991531336213
0

0101000
+891 0 -889 0 *
Ve
1e-07
6.89220275878906 -23.3580908203125 5
0 0

0101101
*
Ed
 1e-07 1 1 0
1  2580 0 0 1.30000009090066
0

0101000
+889 0 -887 0 *
Ve
1e-07
5.09220306396484 -26.47578125 5
0 0

0101101
*
Ed
 1e-07 1 1 0
1  2581 0 0 3.59999896065711
0

0101000
+887 0 -885 0 *
Ve
1e-07
5.35201049804687 -26.62578125 5
0 0

0101101
*
Ed
 1e-07 1 1 0
1  2582 0 0 0.299999838007104
0

0101000
+885 0 -883 0 *
Ve
1e-07
5.27701049804688 -26.7556860351563 5
0 0

0101101
*
Ed
 1e-07 1 1 0
1  2583 0 0 0.150000844019266
0

0101000
+883 0 -881 0 *
Ve
1e-07
5.36361328125 -26.8056860351562 5
0 0

0101101
*
Ed
 1e-07 1 1 0
1  2584 0 0 0.100000210292415
0

0101000
+881 0 -879 0 *
Ve
1e-07
5.43861328125 -26.67578125 5
0 0

0101101
*
Ed
 1e-07 1 1 0
1  2585 0 0 0.150000844019263
0

0101000
+879 0 -877 0 *
Ve
1e-07
11.1110791015625 -29.95078125 5
0 0

0101101
*
Ed
 1e-07 1 1 0
1  2586 0 0 6.54999950248957
0

0101000
+877 0 -875 0 *
Ve
1e-07
11.1610791015625 -29.8641796875 5
0 0

0101101
*
Ed
 1e-07 1 1 0
1  2587 0 0 0.0999991531336208
0

0101000
+875 0 -873 0 *
Ve
1e-07
11.550791015625 -30.0891796875 5
0 0

0101101
*
Ed
 1e-07 1 1 0
1  2588 0 0 0.450000417735647
0

0101000
+873 0 -871 0 *
Ve
1e-07
9.775791015625 -33.1635693359375 5
0 0

0101101
*
Ed
 1e-07 1 1 0
1  2589 0 0 3.5499995366788
0

0101000
+871 0 -869 0 *
Ve
1e-07
9.38607971191406 -32.9385693359375 5
0 0

0101101
*
Ed
 1e-07 1 1 0
1  2590 0 0 0.44999988915563
0

0101000
+869 0 -867 0 *
Ve
1e-07
9.46107971191406 -32.8086645507813 5
0 0

0101101
*
Ed
 1e-07 1 1 0
1  2591 0 0 0.150000844019263
0

0101000
+867 0 -865 0 *
Ve
1e-07
0.30852668762207 -27.5613525390625 5
0 0

0101101
*
Ed
 1e-07 1 1 0
1  2592 0 0 10.5500478771807
0

0101000
+865 0 -863 0 *
Ve
1e-07
1.25837516784668 -25.9161669921875 5
0 0

0101101
*
Ed
 1e-07 1 1 0
1  2593 0 0 1.89969671764506
0

0101000
+863 0 -861 0 *
Ve
1e-07
4.63587432861328 -27.8661669921875 5
0 0

0101101
*
Ed
 1e-07 1 1 0
1  2594 0 0 3.9000000744845
0

0101000
+861 0 -859 0 *
Ve
1e-07
4.56087432861328 -27.9960693359375 5
0 0

0101101
*
Ed
 1e-07 1 1 0
1  2595 0 0 0.149998729700432
0

0101000
+859 0 -857 0 *
Ve
1e-07
4.64747680664062 -28.0460693359375 5
0 0

0101101
*
Ed
 1e-07 1 1 0
1  2596 0 0 0.0999999460023662
0

0101000
+857 0 -855 0 *
Ve
1e-07
4.86361328125 -27.6717114257813 5
0 0

0101101
*
Ed
 1e-07 1 1 0
1  2597 0 0 0.432271697608256
0

0101000
+855 0 -853 0 *
Ve
1e-07
4.77701049804688 -27.6217114257812 5
0 0

0101101
*
Ed
 1e-07 1 1 0
1  2598 0 0 0.100000210292416
0

0101000
+853 0 -851 0 *
Ve
1e-07
4.68587432861328 -27.7795629882812 5
0 0

0101101
*
Ed
 1e-07 1 1 0
1  2599 0 0 0.182271547869436
0

0101000
+851 0 -849 0 *
Ve
1e-07
2.78061828613281 -26.6795629882813 5
0 0

0101101
*
Ed
 1e-07 1 1 0
1  2600 0 0 2.20000013350189
0

0101000
+849 0 -847 0 *
Ve
1e-07
4.23061828613281 -24.1680908203125 5
0 0

0101101
*
Ed
 1e-07 1 1 0
1  2601 0 0 2.89999869835861
0

0101000
+847 0 -845 0 *
Ve
1e-07
4.88013732910156 -24.5430908203125 5
0 0

0101101
*
Ed
 1e-07 1 1 0
1  2602 0 0 0.749999991452694
0

0101000
+845 0 -843 0 *
Ve
1e-07
4.93013732910156 -24.4564868164063 5
0 0

0101101
*
Ed
 1e-07 1 1 0
1  2603 0 0 0.100001267454936
0

0101000
+843 0 -841 0 *
Ve
1e-07
2.72177276611328 -23.1814868164062 5
0 0

0101101
*
Ed
 1e-07 1 1 0
1  2604 0 0 2.54999981236517
0

0101000
+841 0 -839 0 *
Ve
1e-07
2.59677276611328 -23.3979931640625 5
0 0

0101101
*
Ed
 1e-07 1 1 0
1  2605 0 0 0.249999997150901
0

0101000
+839 0 -837 0 *
Ve
1e-07
2.68337524414062 -23.4479931640625 5
0 0

0101101
*
Ed
 1e-07 1 1 0
1  2606 0 0 0.0999999460023666
0

0101000
+837 0 -835 0 *
Ve
1e-07
2.75837524414063 -23.3180908203125 5
0 0

0101101
*
Ed
 1e-07 1 1 0
1  2607 0 0 0.149998729700429
0

0101000
+835 0 -833 0 *
Ve
1e-07
4.14401580810547 -24.1180908203125 5
0 0

0101101
*
Ed
 1e-07 1 1 0
1  2608 0 0 1.59999992890775
0

0101000
+833 0 -831 0 *
Ve
1e-07
3.41901580810547 -25.373828125 5
0 0

0101101
*
Ed
 1e-07 1 1 0
1  2609 0 0 1.45000040633919
0

0101000
+831 0 -829 0 *
Ve
1e-07
2.69401580810547 -26.6295629882813 5
0 0

0101101
*
Ed
 1e-07 1 1 0
1  2610 0 0 1.44999829201968
0

0101000
+829 0 -827 0 *
Ve
1e-07
1.30837524414063 -25.8295629882812 5
0 0

0101101
*
Ed
 1e-07 1 1 0
1  2611 0 0 1.59999992890775
0

0101000
+827 0 -825 0 *
Ve
1e-07
2.18337524414062 -24.3140185546875 5
0 0

0101101
*
Ed
 1e-07 1 1 0
1  2612 0 0 1.74999998005629
0

0101000
+825 0 -823 0 *
Ve
1e-07
2.09677261352539 -24.2640185546875 5
0 0

0101101
*
Ed
 1e-07 1 1 0
1  2613 0 0 0.100000078147363
0

0101000
+823 0 -821 0 *
Ve
1e-07
1.78790893554688 -24.7989868164063 5
0 0

0101101
*
Ed
 1e-07 1 1 0
1  2614 0 0 0.617727943856193
0

0101000
+821 0 -819 0 *
Ve
1e-07
1.70130645751953 -24.7489868164063 5
0 0

0101101
*
Ed
 1e-07 1 1 0
1  2615 0 0 0.0999999460023686
0

0101000
+819 0 -817 0 *
Ve
1e-07
1.65130645751953 -24.8355883789063 5
0 0

0101101
*
Ed
 1e-07 1 1 0
1  2616 0 0 0.0999991531336214
0

0101000
+817 0 -815 0 *
Ve
1e-07
1.73790893554688 -24.8855883789062 5
0 0

0101101
*
Ed
 1e-07 1 1 0
1  2617 0 0 0.0999999460023668
0

0101000
+815 0 -813 0 *
Ve
1e-07
0.221772632598877 -27.5116137695313 5
0 0

0101101
*
Ed
 1e-07 1 1 0
1  2618 0 0 3.03227285073821
0

0101000
+813 0 -811 0 *
Ve
1e-07
-4.50632354736328 -24.80091796875 5
0 0

0101101
*
Ed
 1e-07 1 1 0
1  2619 0 0 5.45002433126182
0

0101000
+811 0 -809 0 *
Ve
1e-07
-4.38192932128906 -24.5854614257813 5
0 0

0101101
*
Ed
 1e-07 1 1 0
1  2620 0 0 0.248787952659786
0

0101000
+809 0 -807 0 *
Ve
1e-07
-4.72833953857422 -24.3854614257813 5
0 0

0101101
*
Ed
 1e-07 1 1 0
1  2621 0 0 0.400000048299434
0

0101000
+807 0 -805 0 *
Ve
1e-07
-4.87833953857422 -24.6452685546875 5
0 0

0101101
*
Ed
 1e-07 1 1 0
1  2622 0 0 0.299999573717211
0

0101000
+805 0 -803 0 *
Ve
1e-07
-5.18144836425781 -24.4702685546875 5
0 0

0101101
*
Ed
 1e-07 1 1 0
1  2623 0 0 0.349999943153264
0

0101000
+803 0 -801 0 *
Ed
 1e-07 1 1 0
1  2624 0 0 3.10000123326312
0

0101000
+801 0 -1518 0 *
Wi

0101100
+1516 0 +1514 0 +1512 0 +1510 0 +1508 0 +1506 0 +1504 0 +1502 0 +1500 0 +1498 0 
+1496 0 +1494 0 +1492 0 +1490 0 +1488 0 +1486 0 +1484 0 +1482 0 +1480 0 +1478 0 
+1476 0 +1474 0 +1472 0 +1470 0 +1468 0 +1466 0 +1464 0 +1462 0 +1460 0 +1458 0 
+1456 0 +1454 0 +1452 0 +1450 0 +1448 0 +1446 0 +1444 0 +1442 0 +1440 0 +1438 0 
+1436 0 +1434 0 +1432 0 +1430 0 +1428 0 +1426 0 +1424 0 +1422 0 +1420 0 +1418 0 
+1416 0 +1414 0 +1412 0 +1410 0 +1408 0 +1406 0 +1404 0 +1402 0 +1400 0 +1398 0 
+1396 0 +1394 0 +1392 0 +1390 0 +1388 0 +1386 0 +1384 0 +1382 0 +1380 0 +1378 0 
+1376 0 +1374 0 +1372 0 +1370 0 +1368 0 +1366 0 +1364 0 +1362 0 +1360 0 +1358 0 
+1356 0 +1354 0 +1352 0 +1350 0 +1348 0 +1346 0 +1344 0 +1342 0 +1340 0 +1338 0 
+1336 0 +1334 0 +1332 0 +1330 0 +1328 0 +1326 0 +1324 0 +1322 0 +1320 0 +1318 0 
+1316 0 +1314 0 +1312 0 +1310 0 +1308 0 +1306 0 +1304 0 +1302 0 +1300 0 +1298 0 
+1296 0 +1294 0 +1292 0 +1290 0 +1288 0 +1286 0 +1284 0 +1282 0 +1280 0 +1278 0 
+1276 0 +1274 0 +1272 0 +1270 0 +1268 0 +1266 0 +1264 0 +1262 0 +1260 0 +1258 0 
+1256 0 +1254 0 +1252 0 +1250 0 +1248 0 +1246 0 +1244 0 +1242 0 +1240 0 +1238 0 
+1236 0 +1234 0 +1232 0 +1230 0 +1228 0 +1226 0 +1224 0 +1222 0 +1220 0 +1218 0 
+1216 0 +1214 0 +1212 0 +1210 0 +1208 0 +1206 0 +1204 0 +1202 0 +1200 0 +1198 0 
+1196 0 +1194 0 +1192 0 +1190 0 +1188 0 +1186 0 +1184 0 +1182 0 +1180 0 +1178 0 
+1176 0 +1174 0 +1172 0 +1170 0 +1168 0 +1166 0 +1164 0 +1162 0 +1160 0 +1158 0 
+1156 0 +1154 0 +1152 0 +1150 0 +1148 0 +1146 0 +1144 0 +1142 0 +1140 0 +1138 0 
+1136 0 +1134 0 +1132 0 +1130 0 +1128 0 +1126 0 +1124 0 +1122 0 +1120 0 +1118 0 
+1116 0 +1114 0 +1112 0 +1110 0 +1108 0 +1106 0 +1104 0 +1102 0 +1100 0 +1098 0 
+1096 0 +1094 0 +1092 0 +1090 0 +1088 0 +1086 0 +1084 0 +1082 0 +1080 0 +1078 0 
+1076 0 +1074 0 +1072 0 +1070 0 +1068 0 +1066 0 +1064 0 +1062 0 +1060 0 +1058 0 
+1056 0 +1054 0 +1052 0 +1050 0 +1048 0 +1046 0 +1044 0 +1042 0 +1040 0 +1038 0 
+1036 0 +1034 0 +1032 0 +1030 0 +1028 0 +1026 0 +1024 0 +1022 0 +1020 0 +1018 0 
+1016 0 +1014 0 +1012 0 +1010 0 +1008 0 +1006 0 +1004 0 +1002 0 +1000 0 +998 0 
+996 0 +994 0 +992 0 +990 0 +988 0 +986 0 +984 0 +982 0 +980 0 +978 0 
+976 0 +974 0 +972 0 +970 0 +968 0 +966 0 +964 0 +962 0 +960 0 +958 0 
+956 0 +954 0 +952 0 +950 0 +948 0 +946 0 +944 0 +942 0 +940 0 +938 0 
+936 0 +934 0 +932 0 +930 0 +928 0 +926 0 +924 0 +922 0 +920 0 +918 0 
+916 0 +914 0 +912 0 +910 0 +908 0 +906 0 +904 0 +902 0 +900 0 +898 0 
+896 0 +894 0 +892 0 +890 0 +888 0 +886 0 +884 0 +882 0 +880 0 +878 0 
+876 0 +874 0 +872 0 +870 0 +868 0 +866 0 +864 0 +862 0 +860 0 +858 0 
+856 0 +854 0 +852 0 +850 0 +848 0 +846 0 +844 0 +842 0 +840 0 +838 0 
+836 0 +834 0 +832 0 +830 0 +828 0 +826 0 +824 0 +822 0 +820 0 +818 0 
+816 0 +814 0 +812 0 +810 0 +808 0 +806 0 +804 0 +802 0 +800 0 +799 0 
*
Ve
1.00000032862602e-07
19.2661767578125 -7.72573913574219 5
0 0

0101101
*
Ve
1.00000032862602e-07
19.1911767578125 -7.85564331054688 5
0 0

0101101
*
Ed
 1.00000032862602e-07 1 1 0
1  2625 0 0 0.150000315438624
2  199 32 0 0 0.150000315438624
2  200 33 0 0 0.150000315438624
2  201 34 0 0 0.150000315438624
0

0101000
+797 0 -796 0 *
Ve
1.00000032862602e-07
19.0612731933594 -7.78064331054687 5
0 0

0101101
*
Ed
 1.00000032862602e-07 1 1 0
1  2626 0 0 0.149999786858604
2  202 32 0 0 0.149999786858604
2  203 33 0 0 0.149999786858604
2  204 34 0 0 0.149999786858604
0

0101000
+796 0 -794 0 *
Ve
1.00000032862602e-07
19.0112731933594 -7.86724548339844 5
0 0

0101101
*
Ed
 1.00000032862602e-07 1 1 0
1  2627 0 0 0.0999996817125533
2  205 32 0 0 0.0999996817125533
2  206 33 0 0 0.0999996817125533
2  207 34 0 0 0.0999996817125533
0

0101000
+794 0 -792 0 *
Ve
1.00000032862602e-07
23.038291015625 -10.1922454833984 5
0 0

0101101
*
Ed
 1.00000032862602e-07 1 1 0
1  2628 0 0 4.64999973557472
2  208 32 0 0 4.64999973557472
2  209 33 0 0 4.64999973557472
2  210 34 0 0 4.64999973557472
0

0101000
+792 0 -790 0 *
Ve
1.00000032862602e-07
23.088291015625 -10.1056433105469 5
0 0

0101101
*
Ed
 1.00000032862602e-07 1 1 0
1  2629 0 0 0.0999996817125526
2  211 32 0 0 0.0999996817125526
2  212 33 0 0 0.0999996817125526
2  213 34 0 0 0.0999996817125526
0

0101000
+790 0 -788 0 *
Ve
1.00000032862602e-07
19.2777795410156 -7.90564331054687 5
0 0

0101101
*
Ed
 1.00000032862602e-07 1 1 0
1  2630 0 0 4.39999973842382
2  214 32 0 0 4.39999973842382
2  215 33 0 0 4.39999973842382
2  216 34 0 0 4.39999973842382
0

0101000
+788 0 -786 0 *
Ve
1.00000032862602e-07
19.3527795410156 -7.77573913574219 5
0 0

0101101
*
Ed
 1.00000032862602e-07 1 1 0
1  2631 0 0 0.150000315438624
2  217 32 0 0 0.150000315438624
2  218 33 0 0 0.150000315438624
2  219 34 0 0 0.150000315438624
0

0101000
+786 0 -784 0 *
Ed
 1.00000032862602e-07 1 1 0
1  2632 0 0 0.100000210292417
2  220 32 0 0 0.100000210292417
2  221 33 0 0 0.100000210292417
2  222 34 0 0 0.100000210292417
0

0101000
+784 0 -797 0 *
Wi

0101100
+795 0 +793 0 +791 0 +789 0 +787 0 +785 0 +783 0 +782 0 *
Ve
1.00000032862602e-07
12.7644165039063 1.51288131713867 5
0 0

0101101
*
Ve
1.00000032862602e-07
12.2015002441406 1.83788131713867 5
0 0

0101101
*
Ed
 1.00000032862602e-07 1 1 0
1  2633 0 0 0.649999781160364
2  223 35 0 0 0.649999781160364
2  224 36 0 0 0.649999781160364
2  225 37 0 0 0.649999781160364
0

0101000
+780 0 -779 0 *
Ve
1.00000032862602e-07
11.8765002441406 1.27496475219727 5
0 0

0101101
*
Ed
 1.00000032862602e-07 1 1 0
1  2634 0 0 0.650000045450331
2  226 35 0 0 0.650000045450331
2  227 36 0 0 0.650000045450331
2  228 37 0 0 0.650000045450331
0

0101000
+779 0 -777 0 *
Ve
1.00000032862602e-07
11.0537756347656 1.74996475219727 5
0 0

0101101
*
Ed
 1.00000032862602e-07 1 1 0
1  2635 0 0 0.95000041203741
2  229 35 0 0 0.95000041203741
2  230 36 0 0 0.95000041203741
2  231 37 0 0 0.95000041203741
0

0101000
+777 0 -775 0 *
Ve
1.00000032862602e-07
11.0037756347656 1.66336227416992 5
0 0

0101101
*
Ed
 1.00000032862602e-07 1 1 0
1  2636 0 0 0.0999999460023677
2  232 35 0 0 0.0999999460023677
2  233 36 0 0 0.0999999460023677
2  234 37 0 0 0.0999999460023677
0

0101000
+775 0 -773 0 *
Ve
1.00000032862602e-07
12.6925256347656 0.688362197875977 5
0 0

0101101
*
Ed
 1.00000032862602e-07 1 1 0
1  2637 0 0 1.95000043878795
2  235 35 0 0 1.95000043878795
2  236 36 0 0 1.95000043878795
2  237 37 0 0 1.95000043878795
0

0101000
+773 0 -771 0 *
Ve
1.00000032862602e-07
12.7425256347656 0.774964752197266 5
0 0

0101101
*
Ed
 1.00000032862602e-07 1 1 0
1  2638 0 0 0.100000012074859
2  238 35 0 0 0.100000012074859
2  239 36 0 0 0.100000012074859
2  240 37 0 0 0.100000012074859
0

0101000
+771 0 -769 0 *
Ve
1.00000032862602e-07
12.5260192871094 0.899964752197266 5
0 0

0101101
*
Ed
 1.00000032862602e-07 1 1 0
1  2639 0 0 0.249999997150897
2  241 35 0 0 0.249999997150897
2  242 36 0 0 0.249999997150897
2  243 37 0 0 0.249999997150897
0

0101000
+769 0 -767 0 *
Ve
1.00000032862602e-07
12.9260192871094 1.59278503417969 5
0 0

0101101
*
Ed
 1.00000032862602e-07 1 1 0
1  2640 0 0 0.799999964453875
2  244 35 0 0 0.799999964453875
2  245 36 0 0 0.799999964453875
2  246 37 0 0 0.799999964453875
0

0101000
+767 0 -765 0 *
Ve
1.00000032862602e-07
12.8394165039062 1.64278503417969 5
0 0

0101101
*
Ed
 1.00000032862602e-07 1 1 0
1  2641 0 0 0.100000210292416
2  247 35 0 0 0.100000210292416
2  248 36 0 0 0.100000210292416
2  249 37 0 0 0.100000210292416
0

0101000
+765 0 -763 0 *
Ed
 1.00000032862602e-07 1 1 0
1  2642 0 0 0.149999919003552
2  250 35 0 0 0.149999919003552
2  251 36 0 0 0.149999919003552
2  252 37 0 0 0.149999919003552
0

0101000
+763 0 -780 0 *
Wi

0101100
+778 0 +776 0 +774 0 +772 0 +770 0 +768 0 +766 0 +764 0 +762 0 +761 0 
*
Fa
0  1e-07 31 0

0111000
+798 0 +781 0 +760 0 *
Ve
1e-07
-16.5577331542969 -61.1745703125 5
0 0

0101101
*
Ve
1e-07
-18.8093981933594 -59.8745703125 5
0 0

0101101
*
Ed
 1e-07 1 1 0
1  2643 0 0 2.59999912464145
0

0101000
+758 0 -757 0 *
Ve
1e-07
-16.4343981933594 -55.760947265625 5
0 0

0101101
*
Ed
 1e-07 1 1 0
1  2644 0 0 4.75000206018704
0

0101000
+757 0 -755 0 *
Ve
1e-07
-15.221962890625 -56.460947265625 5
0 0

0101101
*
Ed
 1e-07 1 1 0
1  2645 0 0 1.39999977261305
0

0101000
+755 0 -753 0 *
Ve
1e-07
-14.846962890625 -55.8114306640625 5
0 0

0101101
*
Ed
 1e-07 1 1 0
1  2646 0 0 0.749997877133865
0

0101000
+753 0 -751 0 *
Ve
1e-07
-13.8077331542969 -56.4114306640625 5
0 0

0101101
*
Ed
 1e-07 1 1 0
1  2647 0 0 1.19999935202842
0

0101000
+751 0 -749 0 *
Ve
1e-07
-14.2577331542969 -57.1908544921875 5
0 0

0101101
*
Ed
 1e-07 1 1 0
1  2648 0 0 0.900000835471294
0

0101000
+749 0 -747 0 *
Ve
1e-07
-14.1711303710938 -57.2408544921875 5
0 0

0101101
*
Ed
 1e-07 1 1 0
1  2649 0 0 0.100000210292418
0

0101000
+747 0 -745 0 *
Ve
1e-07
-12.7961303710938 -54.8592822265625 5
0 0

0101101
*
Ed
 1e-07 1 1 0
1  2650 0 0 2.75000208297998
0

0101000
+745 0 -743 0 *
Ve
1e-07
-12.8827331542969 -54.8092822265625 5
0 0

0101101
*
Ed
 1e-07 1 1 0
1  2651 0 0 0.100000210292415
0

0101000
+743 0 -741 0 *
Ve
1e-07
-13.7577331542969 -56.3248291015625 5
0 0

0101101
*
Ed
 1e-07 1 1 0
1  2652 0 0 1.75000209437654
0

0101000
+741 0 -739 0 *
Ve
1e-07
-15.4897839355469 -55.3248291015625 5
0 0

0101101
*
Ed
 1e-07 1 1 0
1  2653 0 0 1.99999997720718
0

0101000
+739 0 -737 0 *
Ve
1e-07
-14.6397839355469 -53.8525830078125 5
0 0

0101101
*
Ed
 1e-07 1 1 0
1  2654 0 0 1.70000251781053
0

0101000
+737 0 -735 0 *
Ve
1e-07
-15.3759045410156 -53.4275830078125 5
0 0

0101101
*
Ed
 1e-07 1 1 0
1  2655 0 0 0.849999144585262
0

0101000
+735 0 -733 0 *
Ve
1e-07
-15.4259045410156 -53.514189453125 5
0 0

0101101
*
Ed
 1e-07 1 1 0
1  2656 0 0 0.100003381791151
0

0101000
+733 0 -731 0 *
Ve
1e-07
-14.7763854980469 -53.889189453125 5
0 0

0101101
*
Ed
 1e-07 1 1 0
1  2657 0 0 0.749999991452694
0

0101000
+731 0 -729 0 *
Ve
1e-07
-15.9513854980469 -55.924345703125 5
0 0

0101101
*
Ed
 1e-07 1 1 0
1  2658 0 0 2.34999701317131
0

0101000
+729 0 -727 0 *
Ve
1e-07
-16.4710009765625 -55.624345703125 5
0 0

0101101
*
Ed
 1e-07 1 1 0
1  2659 0 0 0.600000204594149
0

0101000
+727 0 -725 0 *
Ve
1e-07
-18.8960009765625 -59.8245703125 5
0 0

0101101
*
Ed
 1e-07 1 1 0
1  2660 0 0 4.85000121331937
0

0101000
+725 0 -723 0 *
Ve
1e-07
-23.9189477539063 -56.9245703125 5
0 0

0101101
*
Ed
 1e-07 1 1 0
1  2661 0 0 5.79999951103687
0

0101000
+723 0 -721 0 *
Ve
1e-07
-21.5689477539063 -52.8542529296875 5
0 0

0101101
*
Ed
 1e-07 1 1 0
1  2662 0 0 4.69999825498112
0

0101000
+721 0 -719 0 *
Ve
1e-07
-17.6718347167969 -55.1042529296875 5
0 0

0101101
*
Ed
 1e-07 1 1 0
1  2663 0 0 4.49999889155629
0

0101000
+719 0 -717 0 *
Ve
1e-07
-17.5468347167969 -54.887744140625 5
0 0

0101101
*
Ed
 1e-07 1 1 0
1  2664 0 0 0.250002111473705
0

0101000
+717 0 -715 0 *
Ve
1e-07
-17.6334362792969 -54.837744140625 5
0 0

0101101
*
Ed
 1e-07 1 1 0
1  2665 0 0 0.0999991531336235
0

0101000
+715 0 -713 0 *
Ve
1e-07
-17.7084362792969 -54.967646484375 5
0 0

0101101
*
Ed
 1e-07 1 1 0
1  2666 0 0 0.149998729700435
0

0101000
+713 0 -711 0 *
Ve
1e-07
-21.5189477539063 -52.767646484375 5
0 0

0101101
*
Ed
 1e-07 1 1 0
1  2667 0 0 4.39999973842382
0

0101000
+711 0 -709 0 *
Ve
1e-07
-20.4689489746094 -50.948994140625 5
0 0

0101101
*
Ed
 1e-07 1 1 0
1  2668 0 0 2.09999851998812
0

0101000
+709 0 -707 0 *
Ve
1e-07
-20.0792370605469 -51.173994140625 5
0 0

0101101
*
Ed
 1e-07 1 1 0
1  2669 0 0 0.450000417735644
0

0101000
+707 0 -705 0 *
Ve
1e-07
-20.1292370605469 -51.260595703125 5
0 0

0101101
*
Ed
 1e-07 1 1 0
1  2670 0 0 0.0999991531336199
0

0101000
+705 0 -703 0 *
Ve
1e-07
-16.7084362792969 -53.235595703125 5
0 0

0101101
*
Ed
 1e-07 1 1 0
1  2671 0 0 3.95000037784816
0

0101000
+703 0 -701 0 *
Ve
1e-07
-17.1334362792969 -53.97171875 5
0 0

0101101
*
Ed
 1e-07 1 1 0
1  2672 0 0 0.850001258905265
0

0101000
+701 0 -699 0 *
Ve
1e-07
-17.0468347167969 -54.02171875 5
0 0

0101101
*
Ed
 1e-07 1 1 0
1  2673 0 0 0.0999991531336199
0

0101000
+699 0 -697 0 *
Ve
1e-07
-16.4218347167969 -52.939189453125 5
0 0

0101101
*
Ed
 1e-07 1 1 0
1  2674 0 0 1.24999787143526
0

0101000
+697 0 -695 0 *
Ve
1e-07
-16.2919299316406 -53.014189453125 5
0 0

0101101
*
Ed
 1e-07 1 1 0
1  2675 0 0 0.150000844019264
0

0101000
+695 0 -693 0 *
Ve
1e-07
-16.2419299316406 -52.9275830078125 5
0 0

0101101
*
Ed
 1e-07 1 1 0
1  2676 0 0 0.100003381791149
0

0101000
+693 0 -691 0 *
Ve
1e-07
-16.3718347167969 -52.8525830078125 5
0 0

0101101
*
Ed
 1e-07 1 1 0
1  2677 0 0 0.150000844019264
0

0101000
+691 0 -689 0 *
Ve
1e-07
-15.2218347167969 -50.8607275390625 5
0 0

0101101
*
Ed
 1e-07 1 1 0
1  2678 0 0 2.29999743660493
0

0101000
+689 0 -687 0 *
Ve
1e-07
-15.3084362792969 -50.8107275390625 5
0 0

0101101
*
Ed
 1e-07 1 1 0
1  2679 0 0 0.0999991531336235
0

0101000
+687 0 -685 0 *
Ve
1e-07
-16.2584362792969 -52.4561767578125 5
0 0

0101101
*
Ed
 1e-07 1 1 0
1  2680 0 0 1.90000082407482
0

0101000
+685 0 -683 0 *
Ve
1e-07
-16.7780517578125 -52.1561767578125 5
0 0

0101101
*
Ed
 1e-07 1 1 0
1  2681 0 0 0.600000204594146
0

0101000
+683 0 -681 0 *
Ve
1e-07
-17.1280517578125 -52.762392578125 5
0 0

0101101
*
Ed
 1e-07 1 1 0
1  2682 0 0 0.699998300567335
0

0101000
+681 0 -679 0 *
Ve
1e-07
-20.4189489746094 -50.862392578125 5
0 0

0101101
*
Ed
 1e-07 1 1 0
1  2683 0 0 3.80000059098961
0

0101000
+679 0 -677 0 *
Ve
1e-07
-18.5439489746094 -47.614794921875 5
0 0

0101101
*
Ed
 1e-07 1 1 0
1  2684 0 0 3.75000207158349
0

0101000
+677 0 -675 0 *
Ve
1e-07
-14.7334362792969 -49.814794921875 5
0 0

0101101
*
Ed
 1e-07 1 1 0
1  2685 0 0 4.40000079558376
0

0101000
+675 0 -673 0 *
Ve
1e-07
-14.8084362792969 -49.9447021484375 5
0 0

0101101
*
Ed
 1e-07 1 1 0
1  2686 0 0 0.150002958348031
0

0101000
+673 0 -671 0 *
Ve
1e-07
-14.7218347167969 -49.9947021484375 5
0 0

0101101
*
Ed
 1e-07 1 1 0
1  2687 0 0 0.0999991531336235
0

0101000
+671 0 -669 0 *
Ve
1e-07
-14.6468347167969 -49.864794921875 5
0 0

0101101
*
Ed
 1e-07 1 1 0
1  2688 0 0 0.150002958348031
0

0101000
+669 0 -667 0 *
Ve
1e-07
-14.5169299316406 -49.939794921875 5
0 0

0101101
*
Ed
 1e-07 1 1 0
1  2689 0 0 0.150000844019261
0

0101000
+667 0 -665 0 *
Ve
1e-07
-14.4669299316406 -49.853193359375 5
0 0

0101101
*
Ed
 1e-07 1 1 0
1  2690 0 0 0.0999991531336217
0

0101000
+665 0 -663 0 *
Ve
1e-07
-18.4939489746094 -47.528193359375 5
0 0

0101101
*
Ed
 1e-07 1 1 0
1  2691 0 0 4.65000079273466
0

0101000
+663 0 -661 0 *
Ve
1e-07
-16.7189489746094 -44.4538037109375 5
0 0

0101101
*
Ed
 1e-07 1 1 0
1  2692 0 0 3.5499995366788
0

0101000
+661 0 -659 0 *
Ve
1e-07
-11.7393029785156 -47.3288037109375 5
0 0

0101101
*
Ed
 1e-07 1 1 0
1  2693 0 0 5.74999993447065
0

0101000
+659 0 -657 0 *
Ve
1e-07
-13.5143029785156 -50.403193359375 5
0 0

0101101
*
Ed
 1e-07 1 1 0
1  2694 0 0 3.5499995366788
0

0101000
+657 0 -655 0 *
Ve
1e-07
-13.6009045410156 -50.353193359375 5
0 0

0101101
*
Ed
 1e-07 1 1 0
1  2695 0 0 0.0999991531336235
0

0101000
+655 0 -653 0 *
Ve
1e-07
-13.6509045410156 -50.439794921875 5
0 0

0101101
*
Ed
 1e-07 1 1 0
1  2696 0 0 0.0999991531336217
0

0101000
+653 0 -651 0 *
Ve
1e-07
-13.5643029785156 -50.489794921875 5
0 0

0101101
*
Ed
 1e-07 1 1 0
1  2697 0 0 0.0999991531336235
0

0101000
+651 0 -649 0 *
Ve
1e-07
-14.0393029785156 -51.31251953125 5
0 0

0101101
*
Ed
 1e-07 1 1 0
1  2698 0 0 0.950000412037409
0

0101000
+649 0 -647 0 *
Ve
1e-07
-13.9527001953125 -51.36251953125 5
0 0

0101101
*
Ed
 1e-07 1 1 0
1  2699 0 0 0.100000210292415
0

0101000
+647 0 -645 0 *
Ve
1e-07
-13.0027001953125 -49.7170751953125 5
0 0

0101101
*
Ed
 1e-07 1 1 0
1  2700 0 0 1.89999659543611
0

0101000
+645 0 -643 0 *
Ve
1e-07
-12.9160974121094 -49.7670751953125 5
0 0

0101101
*
Ed
 1e-07 1 1 0
1  2701 0 0 0.100000210292415
0

0101000
+643 0 -641 0 *
Ve
1e-07
-11.4660974121094 -47.2556005859375 5
0 0

0101101
*
Ed
 1e-07 1 1 0
1  2702 0 0 2.90000081267839
0

0101000
+641 0 -639 0 *
Ve
1e-07
-16.6189489746094 -44.2806005859375 5
0 0

0101101
*
Ed
 1e-07 1 1 0
1  2703 0 0 5.95000035505534
0

0101000
+639 0 -637 0 *
Ve
1e-07
-15.5314489746094 -42.3969921875 5
0 0

0101101
*
Ed
 1e-07 1 1 0
1  2704 0 0 2.17500272382916
0

0101000
+637 0 -635 0 *
Ve
1e-07
-11.1580200195312 -44.9219921875 5
0 0

0101101
*
Ed
 1e-07 1 1 0
1  2705 0 0 5.0500005767441
0

0101000
+635 0 -633 0 *
Ve
1e-07
-8.80802001953125 -40.8516748046875 5
0 0

0101101
*
Ed
 1e-07 1 1 0
1  2706 0 0 4.69999825498113
0

0101000
+633 0 -631 0 *
Ve
1e-07
-6.72955932617188 -42.0516748046875 5
0 0

0101101
*
Ed
 1e-07 1 1 0
1  2707 0 0 2.39999976121664
0

0101000
+631 0 -629 0 *
Ve
1e-07
-6.65455932617188 -41.9217724609375 5
0 0

0101101
*
Ed
 1e-07 1 1 0
1  2708 0 0 0.149998729700429
0

0101000
+629 0 -627 0 *
Ve
1e-07
-7.56388610839844 -41.3967724609375 5
0 0

0101101
*
Ed
 1e-07 1 1 0
1  2709 0 0 1.05000009374977
0

0101000
+627 0 -625 0 *
Ve
1e-07
-7.51388610839844 -41.310166015625 5
0 0

0101101
*
Ed
 1e-07 1 1 0
1  2710 0 0 0.100003381791151
0

0101000
+625 0 -623 0 *
Ve
1e-07
-7.60048828125 -41.260166015625 5
0 0

0101101
*
Ed
 1e-07 1 1 0
1  2711 0 0 0.0999996817125516
0

0101000
+623 0 -621 0 *
Ve
1e-07
-7.65048828125 -41.3467724609375 5
0 0

0101101
*
Ed
 1e-07 1 1 0
1  2712 0 0 0.100003381791151
0

0101000
+621 0 -619 0 *
Ve
1e-07
-9.42584045410156 -40.3217700195313 5
0 0

0101101
*
Ed
 1e-07 1 1 0
1  2713 0 0 2.05000130305752
0

0101000
+619 0 -617 0 *
Ve
1e-07
-9.72584045410156 -40.84138671875 5
0 0

0101101
*
Ed
 1e-07 1 1 0
1  2714 0 0 0.600001261754499
0

0101000
+617 0 -615 0 *
Ve
1e-07
-9.16292419433594 -41.16638671875 5
0 0

0101101
*
Ed
 1e-07 1 1 0
1  2715 0 0 0.649999781160362
0

0101000
+615 0 -613 0 *
Ve
1e-07
-10.3879235839844 -43.2881494140625 5
0 0

0101101
*
Ed
 1e-07 1 1 0
1  2716 0 0 2.45000008976711
0

0101000
+613 0 -611 0 *
Ve
1e-07
-11.0374426269531 -42.9131494140625 5
0 0

0101101
*
Ed
 1e-07 1 1 0
1  2717 0 0 0.749999991452694
0

0101000
+611 0 -609 0 *
Ve
1e-07
-11.0874426269531 -42.9997509765625 5
0 0

0101101
*
Ed
 1e-07 1 1 0
1  2718 0 0 0.0999991531336217
0

0101000
+609 0 -607 0 *
Ve
1e-07
-10.4379235839844 -43.3747509765625 5
0 0

0101101
*
Ed
 1e-07 1 1 0
1  2719 0 0 0.749999991452694
0

0101000
+607 0 -605 0 *
Ve
1e-07
-10.9379235839844 -44.2407763671875 5
0 0

0101101
*
Ed
 1e-07 1 1 0
1  2720 0 0 0.99999998860359
0

0101000
+605 0 -603 0 *
Ve
1e-07
-11.7173474121094 -43.7907763671875 5
0 0

0101101
*
Ed
 1e-07 1 1 0
1  2721 0 0 0.900000835471296
0

0101000
+603 0 -601 0 *
Ve
1e-07
-11.9423474121094 -44.18048828125 5
0 0

0101101
*
Ed
 1e-07 1 1 0
1  2722 0 0 0.45000041773565
0

0101000
+601 0 -599 0 *
Ve
1e-07
-14.5837243652344 -42.65548828125 5
0 0

0101101
*
Ed
 1e-07 1 1 0
1  2723 0 0 3.049999542377
0

0101000
+599 0 -597 0 *
Ve
1e-07
-14.6337243652344 -42.74208984375 5
0 0

0101101
*
Ed
 1e-07 1 1 0
1  2724 0 0 0.0999991531336217
0

0101000
+597 0 -595 0 *
Ve
1e-07
-15.4564489746094 -42.26708984375 5
0 0

0101101
*
Ed
 1e-07 1 1 0
1  2725 0 0 0.950000412037409
0

0101000
+595 0 -593 0 *
Ve
1e-07
-13.4564489746094 -38.80298828125 5
0 0

0101101
*
Ed
 1e-07 1 1 0
1  2726 0 0 3.99999995441437
0

0101000
+593 0 -591 0 *
Ve
1e-07
-12.6337243652344 -39.27798828125 5
0 0

0101101
*
Ed
 1e-07 1 1 0
1  2727 0 0 0.950000412037409
0

0101000
+591 0 -589 0 *
Ve
1e-07
-13.1337243652344 -40.144013671875 5
0 0

0101101
*
Ed
 1e-07 1 1 0
1  2728 0 0 0.99999998860359
0

0101000
+589 0 -587 0 *
Ve
1e-07
-13.0471215820313 -40.194013671875 5
0 0

0101101
*
Ed
 1e-07 1 1 0
1  2729 0 0 0.100000210292415
0

0101000
+587 0 -585 0 *
Ve
1e-07
-13.1221215820312 -40.3239184570312 5
0 0

0101101
*
Ed
 1e-07 1 1 0
1  2730 0 0 0.150000844019263
0

0101000
+585 0 -583 0 *
Ve
1e-07
-13.2087243652344 -40.2739184570313 5
0 0

0101101
*
Ed
 1e-07 1 1 0
1  2731 0 0 0.100000210292415
0

0101000
+583 0 -581 0 *
Ve
1e-07
-13.8587243652344 -41.3997509765625 5
0 0

0101101
*
Ed
 1e-07 1 1 0
1  2732 0 0 1.29999956232073
0

0101000
+581 0 -579 0 *
Ve
1e-07
-11.9534680175781 -42.4997509765625 5
0 0

0101101
*
Ed
 1e-07 1 1 0
1  2733 0 0 2.20000039779188
0

0101000
+579 0 -577 0 *
Ve
1e-07
-11.9034680175781 -42.4131494140625 5
0 0

0101101
*
Ed
 1e-07 1 1 0
1  2734 0 0 0.0999991531336208
0

0101000
+577 0 -575 0 *
Ve
1e-07
-11.9900708007813 -42.3631494140625 5
0 0

0101101
*
Ed
 1e-07 1 1 0
1  2735 0 0 0.100000210292418
0

0101000
+575 0 -573 0 *
Ve
1e-07
-11.4400708007812 -41.4105224609375 5
0 0

0101101
*
Ed
 1e-07 1 1 0
1  2736 0 0 1.09999914173613
0

0101000
+573 0 -571 0 *
Ve
1e-07
-11.2668664550781 -41.5105224609375 5
0 0

0101101
*
Ed
 1e-07 1 1 0
1  2737 0 0 0.199999363425107
0

0101000
+571 0 -569 0 *
Ve
1e-07
-11.0918664550781 -41.207412109375 5
0 0

0101101
*
Ed
 1e-07 1 1 0
1  2738 0 0 0.35000126460392
0

0101000
+569 0 -567 0 *
Ve
1e-07
-12.9971215820312 -40.107412109375 5
0 0

0101101
*
Ed
 1e-07 1 1 0
1  2739 0 0 2.19999934063198
0

0101000
+567 0 -565 0 *
Ve
1e-07
-12.4971215820312 -39.24138671875 5
0 0

0101101
*
Ed
 1e-07 1 1 0
1  2740 0 0 0.99999998860359
0

0101000
+565 0 -563 0 *
Ve
1e-07
-13.4064489746094 -38.71638671875 5
0 0

0101101
*
Ed
 1e-07 1 1 0
1  2741 0 0 1.05000062232978
0

0101000
+563 0 -561 0 *
Ve
1e-07
-12.2814489746094 -36.7678295898437 5
0 0

0101101
*
Ed
 1e-07 1 1 0
1  2742 0 0 2.24999997435808
0

0101000
+561 0 -559 0 *
Ve
1e-07
-10.8525061035156 -37.5928295898438 5
0 0

0101101
*
Ed
 1e-07 1 1 0
1  2743 0 0 1.65000082692393
0

0101000
+559 0 -557 0 *
Ve
1e-07
-10.699775390625 -37.328291015625 5
0 0

0101101
*
Ed
 1e-07 1 1 0
1  2744 0 0 0.305462482000277
0

0101000
+557 0 -555 0 *
Ve
1e-07
-10.8141088867188 -37.3263232421875 5
0 0

0101101
*
Ed
 1e-07 1 1 0
1  2745 0 0 0.114350428339037
0

0101000
+555 0 -553 0 *
Ve
1e-07
-11.8100378417969 -36.7513232421875 5
0 0

0101101
*
Ed
 1e-07 1 1 0
1  2746 0 0 1.14999977546215
0

0101000
+553 0 -551 0 *
Ve
1e-07
-11.8850378417969 -36.8812255859375 5
0 0

0101101
*
Ed
 1e-07 1 1 0
1  2747 0 0 0.149998729700429
0

0101000
+551 0 -549 0 *
Ve
1e-07
-12.2747497558594 -36.6562255859375 5
0 0

0101101
*
Ed
 1e-07 1 1 0
1  2748 0 0 0.450000417735649
0

0101000
+549 0 -547 0 *
Ve
1e-07
-8.74974975585937 -30.5507470703125 5
0 0

0101101
*
Ed
 1e-07 1 1 0
1  2749 0 0 7.04999949679136
0

0101000
+547 0 -545 0 *
Ve
1e-07
-8.36003845214844 -30.7757470703125 5
0 0

0101101
*
Ed
 1e-07 1 1 0
1  2750 0 0 0.44999988915563
0

0101000
+545 0 -543 0 *
Ve
1e-07
-8.41003845214844 -30.8623510742188 5
0 0

0101101
*
Ed
 1e-07 1 1 0
1  2751 0 0 0.100001267454936
0

0101000
+543 0 -541 0 *
Ve
1e-07
-7.41410888671875 -31.4373510742187 5
0 0

0101101
*
Ed
 1e-07 1 1 0
1  2752 0 0 1.15000030404212
0

0101000
+541 0 -539 0 *
Ve
1e-07
-10.3180493164063 -36.4671215820313 5
0 0

0101101
*
Ed
 1e-07 1 1 0
1  2753 0 0 5.80787924981521
0

0101000
+539 0 -537 0 *
Ve
1e-07
-10.2314465332031 -36.5171215820313 5
0 0

0101101
*
Ed
 1e-07 1 1 0
1  2754 0 0 0.100000210292416
0

0101000
+537 0 -535 0 *
Ve
1e-07
-10.2025067138672 -36.4669970703125 5
0 0

0101101
*
Ed
 1e-07 1 1 0
1  2755 0 0 0.0578790101698338
0

0101000
+535 0 -533 0 *
Ve
1e-07
-6.17548828125 -38.7919970703125 5
0 0

0101101
*
Ed
 1e-07 1 1 0
1  2756 0 0 4.65000026415468
0

0101000
+533 0 -531 0 *
Ve
1e-07
-7.10048828125 -40.3941430664063 5
0 0

0101101
*
Ed
 1e-07 1 1 0
1  2757 0 0 1.84999913318878
0

0101000
+531 0 -529 0 *
Ve
1e-07
-7.01388610839844 -40.4441430664062 5
0 0

0101101
*
Ed
 1e-07 1 1 0
1  2758 0 0 0.0999996817125516
0

0101000
+529 0 -527 0 *
Ve
1e-07
-6.08888610839844 -38.8419970703125 5
0 0

0101101
*
Ed
 1e-07 1 1 0
1  2759 0 0 1.84999913318878
0

0101000
+527 0 -525 0 *
Ve
1e-07
-5.17955932617188 -39.3669970703125 5
0 0

0101101
*
Ed
 1e-07 1 1 0
1  2760 0 0 1.05000009374976
0

0101000
+525 0 -523 0 *
Ve
1e-07
-5.12955932617187 -39.2803930664062 5
0 0

0101101
*
Ed
 1e-07 1 1 0
1  2761 0 0 0.100001267454939
0

0101000
+523 0 -521 0 *
Ve
1e-07
-10.1525067138672 -36.3803930664062 5
0 0

0101101
*
Ed
 1e-07 1 1 0
1  2762 0 0 5.80000003961682
0

0101000
+521 0 -519 0 *
Ve
1e-07
-7.32750671386719 -31.4873510742188 5
0 0

0101101
*
Ed
 1e-07 1 1 0
1  2763 0 0 5.64999866701845
0

0101000
+519 0 -517 0 *
Ve
1e-07
-4.38302032470703 -33.1873510742188 5
0 0

0101101
*
Ed
 1e-07 1 1 0
1  2764 0 0 3.40000001411021
0

0101000
+517 0 -515 0 *
Ve
1e-07
-4.30802032470703 -33.0574462890625 5
0 0

0101101
*
Ed
 1e-07 1 1 0
1  2765 0 0 0.150000844019269
0

0101000
+515 0 -513 0 *
Ve
1e-07
-5.26064819335938 -32.5074462890625 5
0 0

0101101
*
Ed
 1e-07 1 1 0
1  2766 0 0 1.09999993460596
0

0101000
+513 0 -511 0 *
Ve
1e-07
-5.21064819335937 -32.4208447265625 5
0 0

0101101
*
Ed
 1e-07 1 1 0
1  2767 0 0 0.0999991531336217
0

0101000
+511 0 -509 0 *
Ve
1e-07
-5.2972509765625 -32.3708447265625 5
0 0

0101101
*
Ed
 1e-07 1 1 0
1  2768 0 0 0.100000210292415
0

0101000
+509 0 -507 0 *
Ve
1e-07
-5.3472509765625 -32.4574462890625 5
0 0

0101101
*
Ed
 1e-07 1 1 0
1  2769 0 0 0.0999991531336213
0

0101000
+507 0 -505 0 *
Ve
1e-07
-7.33910888671875 -31.3074462890625 5
0 0

0101101
*
Ed
 1e-07 1 1 0
1  2770 0 0 2.29999955092431
0

0101000
+505 0 -503 0 *
Ve
1e-07
-7.23910888671875 -31.1342407226563 5
0 0

0101101
*
Ed
 1e-07 1 1 0
1  2771 0 0 0.200000420584832
0

0101000
+503 0 -501 0 *
Ve
1e-07
-8.23503845214844 -30.5592407226563 5
0 0

0101101
*
Ed
 1e-07 1 1 0
1  2772 0 0 1.15000030404212
0

0101000
+501 0 -499 0 *
Ve
1e-07
-8.28503845214844 -30.6458447265625 5
0 0

0101101
*
Ed
 1e-07 1 1 0
1  2773 0 0 0.100001267454936
0

0101000
+499 0 -497 0 *
Ve
1e-07
-8.63144836425781 -30.4458447265625 5
0 0

0101101
*
Ed
 1e-07 1 1 0
1  2774 0 0 0.399999784009472
0

0101000
+497 0 -495 0 *
Ve
1e-07
-7.80644836425781 -29.0169018554687 5
0 0

0101101
*
Ed
 1e-07 1 1 0
1  2775 0 0 1.65000082692393
0

0101000
+495 0 -493 0 *
Ve
1e-07
-6.2043017578125 -29.9419018554687 5
0 0

0101101
*
Ed
 1e-07 1 1 0
1  2776 0 0 1.84999966176868
0

0101000
+493 0 -491 0 *
Ve
1e-07
-6.1543017578125 -29.8553002929687 5
0 0

0101101
*
Ed
 1e-07 1 1 0
1  2777 0 0 0.0999991531336213
0

0101000
+491 0 -489 0 *
Ve
1e-07
-7.75644836425781 -28.9303002929688 5
0 0

0101101
*
Ed
 1e-07 1 1 0
1  2778 0 0 1.84999966176868
0

0101000
+489 0 -487 0 *
Ve
1e-07
-7.05644836425781 -27.7178637695312 5
0 0

0101101
*
Ed
 1e-07 1 1 0
1  2779 0 0 1.40000082977305
0

0101000
+487 0 -485 0 *
Ve
1e-07
-6.66673706054688 -27.9428637695313 5
0 0

0101101
*
Ed
 1e-07 1 1 0
1  2780 0 0 0.44999988915563
0

0101000
+485 0 -483 0 *
Ve
1e-07
-6.71673706054688 -28.0294653320313 5
0 0

0101101
*
Ed
 1e-07 1 1 0
1  2781 0 0 0.0999991531336213
0

0101000
+483 0 -481 0 *
Ve
1e-07
-5.80741027832031 -28.5544653320312 5
0 0

0101101
*
Ed
 1e-07 1 1 0
1  2782 0 0 1.05000009374976
0

0101000
+481 0 -479 0 *
Ve
1e-07
-5.70741027832031 -28.3812622070313 5
0 0

0101101
*
Ed
 1e-07 1 1 0
1  2783 0 0 0.199998306267239
0

0101000
+479 0 -477 0 *
Ve
1e-07
-4.62487854003906 -29.0062622070313 5
0 0

0101101
*
Ed
 1e-07 1 1 0
1  2784 0 0 1.24999998575449
0

0101000
+477 0 -475 0 *
Ve
1e-07
-5.37487854003906 -30.3053002929688 5
0 0

0101101
*
Ed
 1e-07 1 1 0
1  2785 0 0 1.49999998290539
0

0101000
+475 0 -473 0 *
Ve
1e-07
-5.54808349609375 -30.2053002929688 5
0 0

0101101
*
Ed
 1e-07 1 1 0
1  2786 0 0 0.199999892004738
0

0101000
+473 0 -471 0 *
Ve
1e-07
-5.59808349609375 -30.2919018554688 5
0 0

0101101
*
Ed
 1e-07 1 1 0
1  2787 0 0 0.0999991531336213
0

0101000
+471 0 -469 0 *
Ve
1e-07
-5.16507080078125 -30.5419018554688 5
0 0

0101101
*
Ed
 1e-07 1 1 0
1  2788 0 0 0.499999994301796
0

0101000
+469 0 -467 0 *
Ve
1e-07
-5.11507110595703 -30.4553002929688 5
0 0

0101101
*
Ed
 1e-07 1 1 0
1  2789 0 0 0.099999000544788
0

0101000
+467 0 -465 0 *
Ve
1e-07
-5.2882763671875 -30.3553002929687 5
0 0

0101101
*
Ed
 1e-07 1 1 0
1  2790 0 0 0.200000156294727
0

0101000
+465 0 -463 0 *
Ve
1e-07
-4.53827606201172 -29.0562622070312 5
0 0

0101101
*
Ed
 1e-07 1 1 0
1  2791 0 0 1.5000001354933
0

0101000
+463 0 -461 0 *
Ve
1e-07
-3.67225067138672 -29.5562622070312 5
0 0

0101101
*
Ed
 1e-07 1 1 0
1  2792 0 0 0.999999988603592
0

0101000
+461 0 -459 0 *
Ve
1e-07
-4.42225067138672 -30.8553002929687 5
0 0

0101101
*
Ed
 1e-07 1 1 0
1  2793 0 0 1.49999998290539
0

0101000
+459 0 -457 0 *
Ve
1e-07
-4.50885314941406 -30.8053002929688 5
0 0

0101101
*
Ed
 1e-07 1 1 0
1  2794 0 0 0.099999946002367
0

0101000
+457 0 -455 0 *
Ve
1e-07
-4.55885314941406 -30.8919018554687 5
0 0

0101101
*
Ed
 1e-07 1 1 0
1  2795 0 0 0.0999991531336182
0

0101000
+455 0 -453 0 *
Ve
1e-07
-4.47225067138672 -30.9419018554687 5
0 0

0101101
*
Ed
 1e-07 1 1 0
1  2796 0 0 0.0999999460023688
0

0101000
+453 0 -451 0 *
Ve
1e-07
-4.79725067138672 -31.5048193359375 5
0 0

0101101
*
Ed
 1e-07 1 1 0
1  2797 0 0 0.65000083832045
0

0101000
+451 0 -449 0 *
Ve
1e-07
-4.71064819335937 -31.5548193359375 5
0 0

0101101
*
Ed
 1e-07 1 1 0
1  2798 0 0 0.0999999460023688
0

0101000
+449 0 -447 0 *
Ve
1e-07
-3.88564819335937 -30.1258764648437 5
0 0

0101101
*
Ed
 1e-07 1 1 0
1  2799 0 0 1.65000082692393
0

0101000
+447 0 -445 0 *
Ve
1e-07
-3.19282775878906 -30.5258764648438 5
0 0

0101101
*
Ed
 1e-07 1 1 0
1  2800 0 0 0.800000096598868
0

0101000
+445 0 -443 0 *
Ve
1e-07
-2.89282775878906 -30.0062622070313 5
0 0

0101101
*
Ed
 1e-07 1 1 0
1  2801 0 0 0.599999147434423
0

0101000
+443 0 -441 0 *
Ve
1e-07
-0.684463043212891 -31.2812622070313 5
0 0

0101101
*
Ed
 1e-07 1 1 0
1  2802 0 0 2.54999994451016
0

0101000
+441 0 -439 0 *
Ve
1e-07
-2.38446304321289 -34.2257470703125 5
0 0

0101101
*
Ed
 1e-07 1 1 0
1  2803 0 0 3.3999986926604
0

0101000
+439 0 -437 0 *
Ve
1e-07
-3.42369354248047 -33.6257470703125 5
0 0

0101101
*
Ed
 1e-07 1 1 0
1  2804 0 0 1.20000001275331
0

0101000
+437 0 -435 0 *
Ve
1e-07
-3.47369354248047 -33.7123510742188 5
0 0

0101101
*
Ed
 1e-07 1 1 0
1  2805 0 0 0.100001267454939
0

0101000
+435 0 -433 0 *
Ve
1e-07
-2.34786056518555 -34.3623510742188 5
0 0

0101101
*
Ed
 1e-07 1 1 0
1  2806 0 0 1.29999995875567
0

0101000
+433 0 -431 0 *
Ve
1e-07
-0.547860527038574 -31.244658203125 5
0 0

0101101
*
Ed
 1e-07 1 1 0
1  2807 0 0 3.60000124663838
0

0101000
+431 0 -429 0 *
Ve
1e-07
-0.807668151855469 -31.094658203125 5
0 0

0101101
*
Ed
 1e-07 1 1 0
1  2808 0 0 0.300000003188328
0

0101000
+429 0 -427 0 *
Ve
1e-07
-0.732668151855469 -30.964755859375 5
0 0

0101101
*
Ed
 1e-07 1 1 0
1  2809 0 0 0.149998729700432
0

0101000
+427 0 -425 0 *
Ve
1e-07
-0.819270706176758 -30.914755859375 5
0 0

0101101
*
Ed
 1e-07 1 1 0
1  2810 0 0 0.100000012074859
0

0101000
+425 0 -423 0 *
Ve
1e-07
-0.894270706176758 -31.044658203125 5
0 0

0101101
*
Ed
 1e-07 1 1 0
1  2811 0 0 0.149998729700432
0

0101000
+423 0 -421 0 *
Ve
1e-07
-6.56673706054687 -27.769658203125 5
0 0

0101101
*
Ed
 1e-07 1 1 0
1  2812 0 0 6.54999996499702
0

0101000
+421 0 -419 0 *
Ve
1e-07
-6.61673706054687 -27.8562622070312 5
0 0

0101101
*
Ed
 1e-07 1 1 0
1  2813 0 0 0.100001267454936
0

0101000
+419 0 -417 0 *
Ve
1e-07
-7.00644836425781 -27.6312622070313 5
0 0

0101101
*
Ed
 1e-07 1 1 0
1  2814 0 0 0.449999889155629
0

0101000
+417 0 -415 0 *
Ve
1e-07
-5.23144836425781 -24.5568701171875 5
0 0

0101101
*
Ed
 1e-07 1 1 0
1  2815 0 0 3.55000165099875
0

0101000
+415 0 -413 0 *
Ve
1e-07
-4.84173706054688 -24.7818701171875 5
0 0

0101101
*
Ed
 1e-07 1 1 0
1  2816 0 0 0.44999988915563
0

0101000
+413 0 -411 0 *
Ve
1e-07
-4.91673706054688 -24.9117749023438 5
0 0

0101101
*
Ed
 1e-07 1 1 0
1  2817 0 0 0.150000844019263
0

0101000
+411 0 -409 0 *
Ve
1e-07
4.23581573486328 -30.1590869140625 5
0 0

0101101
*
Ed
 1e-07 1 1 0
1  2818 0 0 10.5500476786173
0

0101000
+409 0 -407 0 *
Ve
1e-07
3.28596740722656 -31.8042749023437 5
0 0

0101101
*
Ed
 1e-07 1 1 0
1  2819 0 0 1.89969875567132
0

0101000
+407 0 -405 0 *
Ve
1e-07
-0.0915317821502686 -29.8542749023438 5
0 0

0101101
*
Ed
 1e-07 1 1 0
1  2820 0 0 3.90000009926168
0

0101000
+405 0 -403 0 *
Ve
1e-07
-0.0165317821502686 -29.7243701171875 5
0 0

0101101
*
Ed
 1e-07 1 1 0
1  2821 0 0 0.150000844019263
0

0101000
+403 0 -401 0 *
Ve
1e-07
-0.103134317398071 -29.6743701171875 5
0 0

0101101
*
Ed
 1e-07 1 1 0
1  2822 0 0 0.0999999955567348
0

0101000
+401 0 -399 0 *
Ve
1e-07
-0.319270687103271 -30.04873046875 5
0 0

0101101
*
Ed
 1e-07 1 1 0
1  2823 0 0 0.432273759475801
0

0101000
+399 0 -397 0 *
Ve
1e-07
-0.232668151855469 -30.09873046875 5
0 0

0101101
*
Ed
 1e-07 1 1 0
1  2824 0 0 0.0999999955567348
0

0101000
+397 0 -395 0 *
Ve
1e-07
-0.141531782150269 -29.9408764648438 5
0 0

0101101
*
Ed
 1e-07 1 1 0
1  2825 0 0 0.182273762325459
0

0101000
+395 0 -393 0 *
Ve
1e-07
1.76372406005859 -31.0408764648438 5
0 0

0101101
*
Ed
 1e-07 1 1 0
1  2826 0 0 2.19999996006159
0

0101000
+393 0 -391 0 *
Ve
1e-07
0.313724098205566 -33.5523510742187 5
0 0

0101101
*
Ed
 1e-07 1 1 0
1  2827 0 0 2.9000007936049
0

0101000
+391 0 -389 0 *
Ve
1e-07
-0.335794944763184 -33.1773510742187 5
0 0

0101101
*
Ed
 1e-07 1 1 0
1  2828 0 0 0.749999991452694
0

0101000
+389 0 -387 0 *
Ve
1e-07
-0.385794944763184 -33.2639526367187 5
0 0

0101101
*
Ed
 1e-07 1 1 0
1  2829 0 0 0.0999991531336214
0

0101000
+387 0 -385 0 *
Ve
1e-07
1.82256988525391 -34.5389526367188 5
0 0

0101101
*
Ed
 1e-07 1 1 0
1  2830 0 0 2.55000004361891
0

0101000
+385 0 -383 0 *
Ve
1e-07
1.94756988525391 -34.3224462890625 5
0 0

0101101
*
Ed
 1e-07 1 1 0
1  2831 0 0 0.249999997150904
0

0101000
+383 0 -381 0 *
Ve
1e-07
1.86096725463867 -34.2724462890625 5
0 0

0101101
*
Ed
 1e-07 1 1 0
1  2832 0 0 0.100000078147362
0

0101000
+381 0 -379 0 *
Ve
1e-07
1.78596725463867 -34.4023510742187 5
0 0

0101101
*
Ed
 1e-07 1 1 0
1  2833 0 0 0.150000844019263
0

0101000
+379 0 -377 0 *
Ve
1e-07
0.400326652526855 -33.6023510742188 5
0 0

0101101
*
Ed
 1e-07 1 1 0
1  2834 0 0 1.599999961944
0

0101000
+377 0 -375 0 *
Ve
1e-07
1.85032669067383 -31.0908764648437 5
0 0

0101101
*
Ed
 1e-07 1 1 0
1  2835 0 0 2.90000083175187
0

0101000
+375 0 -373 0 *
Ve
1e-07
3.23596740722656 -31.8908764648437 5
0 0

0101101
*
Ed
 1e-07 1 1 0
1  2836 0 0 1.60000006105274
0

0101000
+373 0 -371 0 *
Ve
1e-07
2.36096725463867 -33.4064208984375 5
0 0

0101101
*
Ed
 1e-07 1 1 0
1  2837 0 0 1.75000005635024
0

0101000
+371 0 -369 0 *
Ve
1e-07
2.44756988525391 -33.4564208984375 5
0 0

0101101
*
Ed
 1e-07 1 1 0
1  2838 0 0 0.100000078147362
0

0101000
+369 0 -367 0 *
Ve
1e-07
2.75643341064453 -32.9214526367187 5
0 0

0101101
*
Ed
 1e-07 1 1 0
1  2839 0 0 0.617727867562334
0

0101000
+367 0 -365 0 *
Ve
1e-07
2.84303588867188 -32.9714526367188 5
0 0

0101101
*
Ed
 1e-07 1 1 0
1  2840 0 0 0.0999999460023706
0

0101000
+365 0 -363 0 *
Ve
1e-07
2.89303588867188 -32.8848510742188 5
0 0

0101101
*
Ed
 1e-07 1 1 0
1  2841 0 0 0.0999991531336213
0

0101000
+363 0 -361 0 *
Ve
1e-07
2.80643341064453 -32.8348510742187 5
0 0

0101101
*
Ed
 1e-07 1 1 0
1  2842 0 0 0.0999999460023702
0

0101000
+361 0 -359 0 *
Ve
1e-07
4.32256988525391 -30.2088256835938 5
0 0

0101101
*
Ed
 1e-07 1 1 0
1  2843 0 0 3.03227293656889
0

0101000
+359 0 -357 0 *
Ve
1e-07
9.05066589355469 -32.9195239257812 5
0 0

0101101
*
Ed
 1e-07 1 1 0
1  2844 0 0 5.45002539662965
0

0101000
+357 0 -355 0 *
Ve
1e-07
8.92627197265625 -33.13498046875 5
0 0

0101101
*
Ed
 1e-07 1 1 0
1  2845 0 0 0.248787800071733
0

0101000
+355 0 -353 0 *
Ve
1e-07
9.27268188476562 -33.33498046875 5
0 0

0101101
*
Ed
 1e-07 1 1 0
1  2846 0 0 0.399999784009474
0

0101000
+353 0 -351 0 *
Ve
1e-07
9.42268188476563 -33.0751733398438 5
0 0

0101101
*
Ed
 1e-07 1 1 0
1  2847 0 0 0.299999573717215
0

0101000
+351 0 -349 0 *
Ve
1e-07
9.725791015625 -33.2501733398437 5
0 0

0101101
*
Ed
 1e-07 1 1 0
1  2848 0 0 0.35000020744326
0

0101000
+349 0 -347 0 *
Ve
1e-07
8.175791015625 -35.9348510742187 5
0 0

0101101
*
Ed
 1e-07 1 1 0
1  2849 0 0 3.09999911894324
0

0101000
+347 0 -345 0 *
Ve
1e-07
3.75906127929687 -33.3848510742188 5
0 0

0101101
*
Ed
 1e-07 1 1 0
1  2850 0 0 5.1000001533103
0

0101000
+345 0 -343 0 *
Ve
1e-07
3.70906127929688 -33.4714526367188 5
0 0

0101101
*
Ed
 1e-07 1 1 0
1  2851 0 0 0.0999991531336213
0

0101000
+343 0 -341 0 *
Ve
1e-07
3.7956640625 -33.5214526367187 5
0 0

0101101
*
Ed
 1e-07 1 1 0
1  2852 0 0 0.100000210292415
0

0101000
+341 0 -339 0 *
Ve
1e-07
2.8956640625 -35.0803002929688 5
0 0

0101101
*
Ed
 1e-07 1 1 0
1  2853 0 0 1.80000167094259
0

0101000
+339 0 -337 0 *
Ve
1e-07
2.98226654052734 -35.1303002929687 5
0 0

0101101
*
Ed
 1e-07 1 1 0
1  2854 0 0 0.099999946002367
0

0101000
+337 0 -335 0 *
Ve
1e-07
3.88226654052734 -33.5714526367188 5
0 0

0101101
*
Ed
 1e-07 1 1 0
1  2855 0 0 1.80000167094259
0

0101000
+335 0 -333 0 *
Ve
1e-07
8.125791015625 -36.0214526367187 5
0 0

0101101
*
Ed
 1e-07 1 1 0
1  2856 0 0 4.89999999701559
0

0101000
+333 0 -331 0 *
Ve
1e-07
6.650791015625 -38.5762280273438 5
0 0

0101101
*
Ed
 1e-07 1 1 0
1  2857 0 0 2.95000038924457
0

0101000
+331 0 -329 0 *
Ve
1e-07
2.40726654052734 -36.1262280273437 5
0 0

0101101
*
Ed
 1e-07 1 1 0
1  2858 0 0 4.8999999970156
0

0101000
+329 0 -327 0 *
Ve
1e-07
2.48226654052734 -35.9963256835938 5
0 0

0101101
*
Ed
 1e-07 1 1 0
1  2859 0 0 0.149998729700429
0

0101000
+327 0 -325 0 *
Ve
1e-07
2.39566390991211 -35.9463256835937 5
0 0

0101101
*
Ed
 1e-07 1 1 0
1  2860 0 0 0.100000078147365
0

0101000
+325 0 -323 0 *
Ve
1e-07
2.32066390991211 -36.0762280273438 5
0 0

0101101
*
Ed
 1e-07 1 1 0
1  2861 0 0 0.149998729700435
0

0101000
+323 0 -321 0 *
Ve
1e-07
-0.926931304931641 -34.2012280273438 5
0 0

0101101
*
Ed
 1e-07 1 1 0
1  2862 0 0 3.74999995726347
0

0101000
+321 0 -319 0 *
Ve
1e-07
-4.17693145751953 -39.8303930664063 5
0 0

0101101
*
Ed
 1e-07 1 1 0
1  2863 0 0 6.50000000221729
0

0101000
+319 0 -317 0 *
Ve
1e-07
-4.26353393554688 -39.7803930664062 5
0 0

0101101
*
Ed
 1e-07 1 1 0
1  2864 0 0 0.0999999460023706
0

0101000
+317 0 -315 0 *
Ve
1e-07
-4.31353393554688 -39.8669970703125 5
0 0

0101101
*
Ed
 1e-07 1 1 0
1  2865 0 0 0.100001267454939
0

0101000
+315 0 -313 0 *
Ve
1e-07
-4.22693145751953 -39.9169970703125 5
0 0

0101101
*
Ed
 1e-07 1 1 0
1  2866 0 0 0.099999946002367
0

0101000
+313 0 -311 0 *
Ve
1e-07
-5.70193115234375 -42.4717724609375 5
0 0

0101101
*
Ed
 1e-07 1 1 0
1  2867 0 0 2.95000023665672
0

0101000
+311 0 -309 0 *
Ve
1e-07
-5.78853393554687 -42.4217724609375 5
0 0

0101101
*
Ed
 1e-07 1 1 0
1  2868 0 0 0.100000210292415
0

0101000
+309 0 -307 0 *
Ve
1e-07
-5.86353393554687 -42.5516748046875 5
0 0

0101101
*
Ed
 1e-07 1 1 0
1  2869 0 0 0.149998729700429
0

0101000
+307 0 -305 0 *
Ve
1e-07
-5.08411102294922 -43.0016748046875 5
0 0

0101101
*
Ed
 1e-07 1 1 0
1  2870 0 0 0.90000004260123
0

0101000
+305 0 -303 0 *
Ve
1e-07
-5.38411071777344 -43.5212890625 5
0 0

0101101
*
Ed
 1e-07 1 1 0
1  2871 0 0 0.599998994846374
0

0101000
+303 0 -301 0 *
Ve
1e-07
-5.29750854492188 -43.5712890625 5
0 0

0101101
*
Ed
 1e-07 1 1 0
1  2872 0 0 0.0999996817125516
0

0101000
+301 0 -299 0 *
Ve
1e-07
-4.94750854492187 -42.9650732421875 5
0 0

0101101
*
Ed
 1e-07 1 1 0
1  2873 0 0 0.699998300567335
0

0101000
+299 0 -297 0 *
Ve
1e-07
-5.5104248046875 -42.6400732421875 5
0 0

0101101
*
Ed
 1e-07 1 1 0
1  2874 0 0 0.649999781160365
0

0101000
+297 0 -295 0 *
Ve
1e-07
-4.06042510986328 -40.1285986328125 5
0 0

0101101
*
Ed
 1e-07 1 1 0
1  2875 0 0 2.90000066009055
0

0101000
+295 0 -293 0 *
Ve
1e-07
-2.28507293701172 -41.1535986328125 5
0 0

0101101
*
Ed
 1e-07 1 1 0
1  2876 0 0 2.05000008235336
0

0101000
+293 0 -291 0 *
Ve
1e-07
-1.18507286071777 -39.2483422851562 5
0 0

0101101
*
Ed
 1e-07 1 1 0
1  2877 0 0 2.20000043593885
0

0101000
+291 0 -289 0 *
Ve
1e-07
-1.09847030639648 -39.2983422851563 5
0 0

0101101
*
Ed
 1e-07 1 1 0
1  2878 0 0 0.10000001207486
0

0101000
+289 0 -287 0 *
Ve
1e-07
-1.04847030639648 -39.2117407226563 5
0 0

0101101
*
Ed
 1e-07 1 1 0
1  2879 0 0 0.0999991531336214
0

0101000
+287 0 -285 0 *
Ve
1e-07
-1.13507286071777 -39.1617407226562 5
0 0

0101101
*
Ed
 1e-07 1 1 0
1  2880 0 0 0.10000001207486
0

0101000
+285 0 -283 0 *
Ve
1e-07
0.939927139282227 -35.567734375 5
0 0

0101101
*
Ed
 1e-07 1 1 0
1  2881 0 0 4.15000079843286
0

0101000
+283 0 -281 0 *
Ve
1e-07
6.525791015625 -38.792734375 5
0 0

0101101
*
Ed
 1e-07 1 1 0
1  2882 0 0 6.45000001899466
0

0101000
+281 0 -279 0 *
Ve
1e-07
4.875791015625 -41.6506201171875 5
0 0

0101101
*
Ed
 1e-07 1 1 0
1  2883 0 0 3.30000165384786
0

0101000
+279 0 -277 0 *
Ve
1e-07
0.329157600402832 -39.0256176757812 5
0 0

0101101
*
Ed
 1e-07 1 1 0
1  2884 0 0 5.25000125998114
0

0101000
+277 0 -275 0 *
Ve
1e-07
-0.095842399597168 -39.7617407226562 5
0 0

0101101
*
Ed
 1e-07 1 1 0
1  2885 0 0 0.850001258905265
0

0101000
+275 0 -273 0 *
Ve
1e-07
-0.182444934844971 -39.7117407226563 5
0 0

0101101
*
Ed
 1e-07 1 1 0
1  2886 0 0 0.0999999955567331
0

0101000
+273 0 -271 0 *
Ve
1e-07
-0.232444934844971 -39.7983422851563 5
0 0

0101101
*
Ed
 1e-07 1 1 0
1  2887 0 0 0.0999991531336214
0

0101000
+271 0 -269 0 *
Ve
1e-07
-0.145842399597168 -39.8483422851562 5
0 0

0101101
*
Ed
 1e-07 1 1 0
1  2888 0 0 0.0999999955567331
0

0101000
+269 0 -267 0 *
Ve
1e-07
-0.620842399597168 -40.6710668945313 5
0 0

0101101
*
Ed
 1e-07 1 1 0
1  2889 0 0 0.95000041203741
0

0101000
+267 0 -265 0 *
Ve
1e-07
-0.534239845275879 -40.7210668945312 5
0 0

0101101
*
Ed
 1e-07 1 1 0
1  2890 0 0 0.100000012074857
0

0101000
+265 0 -263 0 *
Ve
1e-07
0.365760154724121 -39.1622216796875 5
0 0

0101101
*
Ed
 1e-07 1 1 0
1  2891 0 0 1.79999955662252
0

0101000
+263 0 -261 0 *
Ve
1e-07
4.825791015625 -41.7372216796875 5
0 0

0101101
*
Ed
 1e-07 1 1 0
1  2892 0 0 5.15000002720274
0

0101000
+261 0 -259 0 *
Ve
1e-07
3.350791015625 -44.2919970703125 5
0 0

0101101
*
Ed
 1e-07 1 1 0
1  2893 0 0 2.95000038924457
0

0101000
+259 0 -257 0 *
Ve
1e-07
3.00438079833984 -44.0919970703125 5
0 0

0101101
*
Ed
 1e-07 1 1 0
1  2894 0 0 0.400000048299431
0

0101000
+257 0 -255 0 *
Ve
1e-07
3.07938079833984 -43.96208984375 5
0 0

0101101
*
Ed
 1e-07 1 1 0
1  2895 0 0 0.150002958348031
0

0101000
+255 0 -253 0 *
Ve
1e-07
2.1267529296875 -43.41208984375 5
0 0

0101101
*
Ed
 1e-07 1 1 0
1  2896 0 0 1.09999993460595
0

0101000
+253 0 -251 0 *
Ve
1e-07
2.0517529296875 -43.5419970703125 5
0 0

0101101
*
Ed
 1e-07 1 1 0
1  2897 0 0 0.150002958348025
0

0101000
+251 0 -249 0 *
Ve
1e-07
-1.10923988342285 -41.7169970703125 5
0 0

0101101
*
Ed
 1e-07 1 1 0
1  2898 0 0 3.6500000773336
0

0101000
+249 0 -247 0 *
Ve
1e-07
-1.03423988342285 -41.58708984375 5
0 0

0101101
*
Ed
 1e-07 1 1 0
1  2899 0 0 0.150002958348031
0

0101000
+247 0 -245 0 *
Ve
1e-07
-1.1208423614502 -41.53708984375 5
0 0

0101101
*
Ed
 1e-07 1 1 0
1  2900 0 0 0.0999999460023668
0

0101000
+245 0 -243 0 *
Ve
1e-07
-1.2458423614502 -41.7535986328125 5
0 0

0101101
*
Ed
 1e-07 1 1 0
1  2901 0 0 0.250002111473699
0

0101000
+243 0 -241 0 *
Ve
1e-07
1.91515029907227 -43.5785986328125 5
0 0

0101101
*
Ed
 1e-07 1 1 0
1  2902 0 0 3.64999994518861
0

0101000
+241 0 -239 0 *
Ve
1e-07
1.24015029907227 -44.747734375 5
0 0

0101101
*
Ed
 1e-07 1 1 0
1  2903 0 0 1.35000125320694
0

0101000
+239 0 -237 0 *
Ve
1e-07
1.3267529296875 -44.797734375 5
0 0

0101101
*
Ed
 1e-07 1 1 0
1  2904 0 0 0.100000078147362
0

0101000
+237 0 -235 0 *
Ve
1e-07
2.0017529296875 -43.6285986328125 5
0 0

0101101
*
Ed
 1e-07 1 1 0
1  2905 0 0 1.35000125320694
0

0101000
+235 0 -233 0 *
Ve
1e-07
3.300791015625 -44.3785986328125 5
0 0

0101101
*
Ed
 1e-07 1 1 0
1  2906 0 0 1.49999998290539
0

0101000
+233 0 -231 0 *
Ve
1e-07
0.950790939331055 -48.448916015625 5
0 0

0101101
*
Ed
 1e-07 1 1 0
1  2907 0 0 4.69999829312811
0

0101000
+231 0 -229 0 *
Ve
1e-07
-0.348247146606445 -47.698916015625 5
0 0

0101101
*
Ed
 1e-07 1 1 0
1  2908 0 0 1.49999998290539
0

0101000
+229 0 -227 0 *
Ve
1e-07
0.326752853393555 -46.52978515625 5
0 0

0101101
*
Ed
 1e-07 1 1 0
1  2909 0 0 1.34999702456818
0

0101000
+227 0 -225 0 *
Ve
1e-07
0.240150318145752 -46.47978515625 5
0 0

0101101
*
Ed
 1e-07 1 1 0
1  2910 0 0 0.0999999955567331
0

0101000
+225 0 -223 0 *
Ve
1e-07
-0.434849662780762 -47.648916015625 5
0 0

0101101
*
Ed
 1e-07 1 1 0
1  2911 0 0 1.34999701503141
0

0101000
+223 0 -221 0 *
Ve
1e-07
-2.16690048217773 -46.648916015625 5
0 0

0101101
*
Ed
 1e-07 1 1 0
1  2912 0 0 2.00000001024343
0

0101000
+221 0 -219 0 *
Ve
1e-07
-2.21690048217773 -46.7355224609375 5
0 0

0101101
*
Ed
 1e-07 1 1 0
1  2913 0 0 0.100003381791157
0

0101000
+219 0 -217 0 *
Ve
1e-07
-1.00446495056152 -47.4355224609375 5
0 0

0101101
*
Ed
 1e-07 1 1 0
1  2914 0 0 1.39999997083053
0

0101000
+217 0 -215 0 *
Ve
1e-07
-1.54196487426758 -48.3664990234375 5
0 0

0101101
*
Ed
 1e-07 1 1 0
1  2915 0 0 1.07499931530598
0

0101000
+215 0 -213 0 *
Ve
1e-07
-1.45536239624023 -48.4164990234375 5
0 0

0101101
*
Ed
 1e-07 1 1 0
1  2916 0 0 0.0999999460023704
0

0101000
+213 0 -211 0 *
Ve
1e-07
-0.917862396240234 -47.4855224609375 5
0 0

0101101
*
Ed
 1e-07 1 1 0
1  2917 0 0 1.07499935345298
0

0101000
+211 0 -209 0 *
Ve
1e-07
0.900790939331055 -48.5355224609375 5
0 0

0101101
*
Ed
 1e-07 1 1 0
1  2918 0 0 2.09999998928204
0

0101000
+209 0 -207 0 *
Ve
1e-07
-0.499209022521973 -50.960390625 5
0 0

0101101
*
Ed
 1e-07 1 1 0
1  2919 0 0 2.79999741183315
0

0101000
+207 0 -205 0 *
Ve
1e-07
-1.365234375 -50.460390625 5
0 0

0101101
*
Ed
 1e-07 1 1 0
1  2920 0 0 0.999999955567345
0

0101000
+205 0 -203 0 *
Ve
1e-07
-1.290234375 -50.33048828125 5
0 0

0101101
*
Ed
 1e-07 1 1 0
1  2921 0 0 0.149998729700435
0

0101000
+203 0 -201 0 *
Ve
1e-07
-2.24286239624023 -49.78048828125 5
0 0

0101101
*
Ed
 1e-07 1 1 0
1  2922 0 0 1.10000006675094
0

0101000
+201 0 -199 0 *
Ve
1e-07
-1.95536239624023 -49.2825244140625 5
0 0

0101101
*
Ed
 1e-07 1 1 0
1  2923 0 0 0.574999359151235
0

0101000
+199 0 -197 0 *
Ve
1e-07
-2.04196487426758 -49.2325244140625 5
0 0

0101101
*
Ed
 1e-07 1 1 0
1  2924 0 0 0.0999999460023666
0

0101000
+197 0 -195 0 *
Ve
1e-07
-2.32946487426758 -49.73048828125 5
0 0

0101101
*
Ed
 1e-07 1 1 0
1  2925 0 0 0.574999359151235
0

0101000
+195 0 -193 0 *
Ve
1e-07
-5.01414367675781 -48.18048828125 5
0 0

0101101
*
Ed
 1e-07 1 1 0
1  2926 0 0 3.10000004395813
0

0101000
+193 0 -191 0 *
Ve
1e-07
-3.68914367675781 -45.8855224609375 5
0 0

0101101
*
Ed
 1e-07 1 1 0
1  2927 0 0 2.64999870120772
0

0101000
+191 0 -189 0 *
Ve
1e-07
-3.08292602539063 -46.2355224609375 5
0 0

0101101
*
Ed
 1e-07 1 1 0
1  2928 0 0 0.699999886306526
0

0101000
+189 0 -187 0 *
Ve
1e-07
-3.03292602539062 -46.148916015625 5
0 0

0101101
*
Ed
 1e-07 1 1 0
1  2929 0 0 0.100003381791157
0

0101000
+187 0 -185 0 *
Ve
1e-07
-5.84750854492188 -44.523916015625 5
0 0

0101101
*
Ed
 1e-07 1 1 0
1  2930 0 0 3.24999996296167
0

0101000
+185 0 -183 0 *
Ve
1e-07
-5.79750854492188 -44.437314453125 5
0 0

0101101
*
Ed
 1e-07 1 1 0
1  2931 0 0 0.0999991531336213
0

0101000
+183 0 -181 0 *
Ve
1e-07
-5.88411071777344 -44.387314453125 5
0 0

0101101
*
Ed
 1e-07 1 1 0
1  2932 0 0 0.0999996817125516
0

0101000
+181 0 -179 0 *
Ve
1e-07
-5.93411071777344 -44.473916015625 5
0 0

0101101
*
Ed
 1e-07 1 1 0
1  2933 0 0 0.0999991531336213
0

0101000
+179 0 -177 0 *
Ve
1e-07
-8.40228332519531 -43.048916015625 5
0 0

0101101
*
Ed
 1e-07 1 1 0
1  2934 0 0 2.85000017895222
0

0101000
+177 0 -175 0 *
Ve
1e-07
-8.55228332519531 -43.3087255859375 5
0 0

0101101
*
Ed
 1e-07 1 1 0
1  2935 0 0 0.300001688038526
0

0101000
+175 0 -173 0 *
Ve
1e-07
-4.04895141601563 -45.9087255859375 5
0 0

0101101
*
Ed
 1e-07 1 1 0
1  2936 0 0 5.19999983502269
0

0101000
+173 0 -171 0 *
Ve
1e-07
-5.39895141601562 -48.2469921875 5
0 0

0101101
*
Ed
 1e-07 1 1 0
1  2937 0 0 2.69999827777401
0

0101000
+171 0 -169 0 *
Ve
1e-07
-2.58436859130859 -49.8719921875 5
0 0

0101101
*
Ed
 1e-07 1 1 0
1  2938 0 0 3.25000022725166
0

0101000
+169 0 -167 0 *
Ve
1e-07
-5.87186889648437 -55.56611328125 5
0 0

0101101
*
Ed
 1e-07 1 1 0
1  2939 0 0 6.57500367200047
0

0101000
+167 0 -165 0 *
Ve
1e-07
-7.300810546875 -54.74111328125 5
0 0

0101101
*
Ed
 1e-07 1 1 0
1  2940 0 0 1.64999976976395
0

0101000
+165 0 -163 0 *
Ve
1e-07
-6.975810546875 -54.178193359375 5
0 0

0101101
*
Ed
 1e-07 1 1 0
1  2941 0 0 0.650002952642337
0

0101000
+163 0 -161 0 *
Ve
1e-07
-12.3451684570312 -51.078193359375 5
0 0

0101101
*
Ed
 1e-07 1 1 0
1  2942 0 0 6.20000035220624
0

0101000
+161 0 -159 0 *
Ve
1e-07
-11.9201684570313 -50.3420751953125 5
0 0

0101101
*
Ed
 1e-07 1 1 0
1  2943 0 0 0.849997030267012
0

0101000
+159 0 -157 0 *
Ve
1e-07
-12.1799755859375 -50.1920751953125 5
0 0

0101101
*
Ed
 1e-07 1 1 0
1  2944 0 0 0.299999573717214
0

0101000
+157 0 -155 0 *
Ve
1e-07
-12.7549755859375 -51.1880029296875 5
0 0

0101101
*
Ed
 1e-07 1 1 0
1  2945 0 0 1.14999871830247
0

0101000
+155 0 -153 0 *
Ve
1e-07
-12.1054565429688 -51.5630029296875 5
0 0

0101101
*
Ed
 1e-07 1 1 0
1  2946 0 0 0.749999991452694
0

0101000
+153 0 -151 0 *
Ve
1e-07
-13.0054565429687 -53.121845703125 5
0 0

0101101
*
Ed
 1e-07 1 1 0
1  2947 0 0 1.79999744230327
0

0101000
+151 0 -149 0 *
Ve
1e-07
-14.4777001953125 -52.271845703125 5
0 0

0101101
*
Ed
 1e-07 1 1 0
1  2948 0 0 1.70000040349009
0

0101000
+149 0 -147 0 *
Ve
1e-07
-14.4027001953125 -52.141943359375 5
0 0

0101101
*
Ed
 1e-07 1 1 0
1  2949 0 0 0.149998729700436
0

0101000
+147 0 -145 0 *
Ve
1e-07
-14.4893029785156 -52.091943359375 5
0 0

0101101
*
Ed
 1e-07 1 1 0
1  2950 0 0 0.100000210292415
0

0101000
+145 0 -143 0 *
Ve
1e-07
-14.6143029785156 -52.3084521484375 5
0 0

0101101
*
Ed
 1e-07 1 1 0
1  2951 0 0 0.250002111473705
0

0101000
+143 0 -141 0 *
Ve
1e-07
-8.16241333007813 -56.0334521484375 5
0 0

0101101
*
Ed
 1e-07 1 1 0
1  2952 0 0 7.45000033796073
0

0101000
+141 0 -139 0 *
Ve
1e-07
-9.23741333007812 -57.8954052734375 5
0 0

0101101
*
Ed
 1e-07 1 1 0
1  2953 0 0 2.14999870690595
0

0101000
+139 0 -137 0 *
Ve
1e-07
-9.06420837402344 -57.9954052734375 5
0 0

0101101
*
Ed
 1e-07 1 1 0
1  2954 0 0 0.199999892004734
0

0101000
+137 0 -135 0 *
Ve
1e-07
-9.01420837402344 -57.9088037109375 5
0 0

0101101
*
Ed
 1e-07 1 1 0
1  2955 0 0 0.0999991531336208
0

0101000
+135 0 -133 0 *
Ve
1e-07
-9.100810546875 -57.8588037109375 5
0 0

0101101
*
Ed
 1e-07 1 1 0
1  2956 0 0 0.0999996817125508
0

0101000
+133 0 -131 0 *
Ve
1e-07
-7.950810546875 -55.866943359375 5
0 0

0101101
*
Ed
 1e-07 1 1 0
1  2957 0 0 2.30000166524433
0

0101000
+131 0 -129 0 *
Ve
1e-07
-8.03741333007813 -55.816943359375 5
0 0

0101101
*
Ed
 1e-07 1 1 0
1  2958 0 0 0.100000210292415
0

0101000
+129 0 -127 0 *
Ve
1e-07
-8.11241333007812 -55.946845703125 5
0 0

0101101
*
Ed
 1e-07 1 1 0
1  2959 0 0 0.149998729700429
0

0101000
+127 0 -125 0 *
Ve
1e-07
-9.58465637207031 -55.096845703125 5
0 0

0101101
*
Ed
 1e-07 1 1 0
1  2960 0 0 1.69999987491012
0

0101000
+125 0 -123 0 *
Ve
1e-07
-9.50965637207031 -54.966943359375 5
0 0

0101101
*
Ed
 1e-07 1 1 0
1  2961 0 0 0.14999872970043
0

0101000
+123 0 -121 0 *
Ve
1e-07
-9.59625915527344 -54.916943359375 5
0 0

0101101
*
Ed
 1e-07 1 1 0
1  2962 0 0 0.100000210292416
0

0101000
+121 0 -119 0 *
Ve
1e-07
-9.67125915527344 -55.046845703125 5
0 0

0101101
*
Ed
 1e-07 1 1 0
1  2963 0 0 0.149998729700429
0

0101000
+119 0 -117 0 *
Ve
1e-07
-11.5332141113281 -53.971845703125 5
0 0

0101101
*
Ed
 1e-07 1 1 0
1  2964 0 0 2.1500002926457
0

0101000
+117 0 -115 0 *
Ve
1e-07
-11.4582141113281 -53.841943359375 5
0 0

0101101
*
Ed
 1e-07 1 1 0
1  2965 0 0 0.149998729700429
0

0101000
+115 0 -113 0 *
Ve
1e-07
-11.5448156738281 -53.791943359375 5
0 0

0101101
*
Ed
 1e-07 1 1 0
1  2966 0 0 0.0999991531336199
0

0101000
+113 0 -111 0 *
Ve
1e-07
-11.6198156738281 -53.921845703125 5
0 0

0101101
*
Ed
 1e-07 1 1 0
1  2967 0 0 0.149998729700429
0

0101000
+111 0 -109 0 *
Ve
1e-07
-12.4858410644531 -53.421845703125 5
0 0

0101101
*
Ed
 1e-07 1 1 0
1  2968 0 0 0.999999988603593
0

0101000
+109 0 -107 0 *
Ve
1e-07
-11.5858410644531 -51.8630029296875 5
0 0

0101101
*
Ed
 1e-07 1 1 0
1  2969 0 0 1.79999744230327
0

0101000
+107 0 -105 0 *
Ve
1e-07
-10.7198156738281 -52.3630029296875 5
0 0

0101101
*
Ed
 1e-07 1 1 0
1  2970 0 0 0.999999988603593
0

0101000
+105 0 -103 0 *
Ve
1e-07
-11.0948156738281 -53.01251953125 5
0 0

0101101
*
Ed
 1e-07 1 1 0
1  2971 0 0 0.749997877133858
0

0101000
+103 0 -101 0 *
Ve
1e-07
-11.0082141113281 -53.06251953125 5
0 0

0101101
*
Ed
 1e-07 1 1 0
1  2972 0 0 0.099999153133622
0

0101000
+101 0 -99 0 *
Ve
1e-07
-10.6332141113281 -52.4130029296875 5
0 0

0101101
*
Ed
 1e-07 1 1 0
1  2973 0 0 0.749997877133865
0

0101000
+99 0 -97 0 *
Ve
1e-07
-8.77125915527344 -53.4880029296875 5
0 0

0101101
*
Ed
 1e-07 1 1 0
1  2974 0 0 2.15000029264571
0

0101000
+97 0 -95 0 *
Ve
1e-07
-9.14625915527344 -54.13751953125 5
0 0

0101101
*
Ed
 1e-07 1 1 0
1  2975 0 0 0.749997877133858
0

0101000
+95 0 -93 0 *
Ve
1e-07
-9.05965637207031 -54.18751953125 5
0 0

0101101
*
Ed
 1e-07 1 1 0
1  2976 0 0 0.100000210292418
0

0101000
+93 0 -91 0 *
Ve
1e-07
-8.68465637207031 -53.5380029296875 5
0 0

0101101
*
Ed
 1e-07 1 1 0
1  2977 0 0 0.749997877133865
0

0101000
+91 0 -89 0 *
Ve
1e-07
-7.21241333007813 -54.3880029296875 5
0 0

0101101
*
Ed
 1e-07 1 1 0
1  2978 0 0 1.69999987491012
0

0101000
+89 0 -87 0 *
Ve
1e-07
-7.58741333007813 -55.03751953125 5
0 0

0101101
*
Ed
 1e-07 1 1 0
1  2979 0 0 0.749997877133858
0

0101000
+87 0 -85 0 *
Ve
1e-07
-7.500810546875 -55.08751953125 5
0 0

0101101
*
Ed
 1e-07 1 1 0
1  2980 0 0 0.100000210292419
0

0101000
+85 0 -83 0 *
Ve
1e-07
-7.350810546875 -54.82771484375 5
0 0

0101101
*
Ed
 1e-07 1 1 0
1  2981 0 0 0.299997459400864
0

0101000
+83 0 -81 0 *
Ve
1e-07
-5.92186889648438 -55.65271484375 5
0 0

0101101
*
Ed
 1e-07 1 1 0
1  2982 0 0 1.64999976976395
0

0101000
+81 0 -79 0 *
Ve
1e-07
-6.27186889648438 -56.2589306640625 5
0 0

0101101
*
Ed
 1e-07 1 1 0
1  2983 0 0 0.699998300567334
0

0101000
+79 0 -77 0 *
Ve
1e-07
-6.09866394042969 -56.3589306640625 5
0 0

0101101
*
Ed
 1e-07 1 1 0
1  2984 0 0 0.199999892004733
0

0101000
+77 0 -75 0 *
Ve
1e-07
-5.92366394042969 -56.0558203125 5
0 0

0101101
*
Ed
 1e-07 1 1 0
1  2985 0 0 0.350001264603915
0

0101000
+75 0 -73 0 *
Ve
1e-07
-4.061708984375 -57.1308203125 5
0 0

0101101
*
Ed
 1e-07 1 1 0
1  2986 0 0 2.1500002926457
0

0101000
+73 0 -71 0 *
Ve
1e-07
-5.161708984375 -59.0360791015625 5
0 0

0101101
*
Ed
 1e-07 1 1 0
1  2987 0 0 2.20000251211218
0

0101000
+71 0 -69 0 *
Ve
1e-07
-5.98443298339844 -58.5610791015625 5
0 0

0101101
*
Ed
 1e-07 1 1 0
1  2988 0 0 0.949999883457423
0

0101000
+69 0 -67 0 *
Ve
1e-07
-6.03443298339844 -58.6476806640625 5
0 0

0101101
*
Ed
 1e-07 1 1 0
1  2989 0 0 0.0999991531336217
0

0101000
+67 0 -65 0 *
Ve
1e-07
-5.211708984375 -59.1226806640625 5
0 0

0101101
*
Ed
 1e-07 1 1 0
1  2990 0 0 0.949999883457424
0

0101000
+65 0 -63 0 *
Ve
1e-07
-7.111708984375 -62.4135791015625 5
0 0

0101101
*
Ed
 1e-07 1 1 0
1  2991 0 0 3.80000164814964
0

0101000
+63 0 -61 0 *
Ve
1e-07
-7.93443298339844 -61.9385791015625 5
0 0

0101101
*
Ed
 1e-07 1 1 0
1  2992 0 0 0.949999883457423
0

0101000
+61 0 -59 0 *
Ve
1e-07
-8.00943298339844 -62.0684814453125 5
0 0

0101101
*
Ed
 1e-07 1 1 0
1  2993 0 0 0.149998729700429
0

0101000
+59 0 -57 0 *
Ve
1e-07
-9.39507385253906 -61.2684814453125 5
0 0

0101101
*
Ed
 1e-07 1 1 0
1  2994 0 0 1.60000019319773
0

0101000
+57 0 -55 0 *
Ve
1e-07
-8.79507385253906 -60.2292529296875 5
0 0

0101101
*
Ed
 1e-07 1 1 0
1  2995 0 0 1.19999829486885
0

0101000
+55 0 -53 0 *
Ve
1e-07
-8.88167663574219 -60.1792529296875 5
0 0

0101101
*
Ed
 1e-07 1 1 0
1  2996 0 0 0.10000021029242
0

0101000
+53 0 -51 0 *
Ve
1e-07
-9.53167663574219 -61.3050830078125 5
0 0

0101101
*
Ed
 1e-07 1 1 0
1  2997 0 0 1.2999974480017
0

0101000
+51 0 -49 0 *
Ve
1e-07
-7.49651672363281 -62.4800830078125 5
0 0

0101101
*
Ed
 1e-07 1 1 0
1  2998 0 0 2.35000018465043
0

0101000
+49 0 -47 0 *
Ve
1e-07
-7.42151672363281 -62.3501806640625 5
0 0

0101101
*
Ed
 1e-07 1 1 0
1  2999 0 0 0.149998729700435
0

0101000
+47 0 -45 0 *
Ve
1e-07
-7.161708984375 -62.5001806640625 5
0 0

0101101
*
Ed
 1e-07 1 1 0
1  3000 0 0 0.300000102297078
0

0101000
+45 0 -43 0 *
Ve
1e-07
-8.936708984375 -65.5745703125 5
0 0

0101101
*
Ed
 1e-07 1 1 0
1  3001 0 0 3.54999953667879
0

0101000
+43 0 -41 0 *
Ve
1e-07
-12.400810546875 -63.5745703125 5
0 0

0101101
*
Ed
 1e-07 1 1 0
1  3002 0 0 3.99999995441437
0

0101000
+41 0 -39 0 *
Ve
1e-07
-10.375810546875 -60.06716796875 5
0 0

0101101
*
Ed
 1e-07 1 1 0
1  3003 0 0 4.04999953098059
0

0101000
+39 0 -37 0 *
Ve
1e-07
-10.4624133300781 -60.01716796875 5
0 0

0101101
*
Ed
 1e-07 1 1 0
1  3004 0 0 0.100000210292415
0

0101000
+37 0 -35 0 *
Ve
1e-07
-12.4874133300781 -63.5245703125 5
0 0

0101101
*
Ed
 1e-07 1 1 0
1  3005 0 0 4.04999953098059
0

0101000
+35 0 -33 0 *
Ve
1e-07
-16.4711303710938 -61.2245703125 5
0 0

0101101
*
Ed
 1e-07 1 1 0
1  3006 0 0 4.60000015900851
0

0101000
+33 0 -31 0 *
Ve
1e-07
-14.6961303710937 -58.1501806640625 5
0 0

0101101
*
Ed
 1e-07 1 1 0
1  3007 0 0 3.54999953667879
0

0101000
+31 0 -29 0 *
Ve
1e-07
-14.7827331542969 -58.1001806640625 5
0 0

0101101
*
Ed
 1e-07 1 1 0
1  3008 0 0 0.10000021029242
0

0101000
+29 0 -27 0 *
Ed
 1e-07 1 1 0
1  3009 0 0 3.5499995366788
0

0101000
+27 0 -758 0 *
Wi

0101100
+756 0 +754 0 +752 0 +750 0 +748 0 +746 0 +744 0 +742 0 +740 0 +738 0 
+736 0 +734 0 +732 0 +730 0 +728 0 +726 0 +724 0 +722 0 +720 0 +718 0 
+716 0 +714 0 +712 0 +710 0 +708 0 +706 0 +704 0 +702 0 +700 0 +698 0 
+696 0 +694 0 +692 0 +690 0 +688 0 +686 0 +684 0 +682 0 +680 0 +678 0 
+676 0 +674 0 +672 0 +670 0 +668 0 +666 0 +664 0 +662 0 +660 0 +658 0 
+656 0 +654 0 +652 0 +650 0 +648 0 +646 0 +644 0 +642 0 +640 0 +638 0 
+636 0 +634 0 +632 0 +630 0 +628 0 +626 0 +624 0 +622 0 +620 0 +618 0 
+616 0 +614 0 +612 0 +610 0 +608 0 +606 0 +604 0 +602 0 +600 0 +598 0 
+596 0 +594 0 +592 0 +590 0 +588 0 +586 0 +584 0 +582 0 +580 0 +578 0 
+576 0 +574 0 +572 0 +570 0 +568 0 +566 0 +564 0 +562 0 +560 0 +558 0 
+556 0 +554 0 +552 0 +550 0 +548 0 +546 0 +544 0 +542 0 +540 0 +538 0 
+536 0 +534 0 +532 0 +530 0 +528 0 +526 0 +524 0 +522 0 +520 0 +518 0 
+516 0 +514 0 +512 0 +510 0 +508 0 +506 0 +504 0 +502 0 +500 0 +498 0 
+496 0 +494 0 +492 0 +490 0 +488 0 +486 0 +484 0 +482 0 +480 0 +478 0 
+476 0 +474 0 +472 0 +470 0 +468 0 +466 0 +464 0 +462 0 +460 0 +458 0 
+456 0 +454 0 +452 0 +450 0 +448 0 +446 0 +444 0 +442 0 +440 0 +438 0 
+436 0 +434 0 +432 0 +430 0 +428 0 +426 0 +424 0 +422 0 +420 0 +418 0 
+416 0 +414 0 +412 0 +410 0 +408 0 +406 0 +404 0 +402 0 +400 0 +398 0 
+396 0 +394 0 +392 0 +390 0 +388 0 +386 0 +384 0 +382 0 +380 0 +378 0 
+376 0 +374 0 +372 0 +370 0 +368 0 +366 0 +364 0 +362 0 +360 0 +358 0 
+356 0 +354 0 +352 0 +350 0 +348 0 +346 0 +344 0 +342 0 +340 0 +338 0 
+336 0 +334 0 +332 0 +330 0 +328 0 +326 0 +324 0 +322 0 +320 0 +318 0 
+316 0 +314 0 +312 0 +310 0 +308 0 +306 0 +304 0 +302 0 +300 0 +298 0 
+296 0 +294 0 +292 0 +290 0 +288 0 +286 0 +284 0 +282 0 +280 0 +278 0 
+276 0 +274 0 +272 0 +270 0 +268 0 +266 0 +264 0 +262 0 +260 0 +258 0 
+256 0 +254 0 +252 0 +250 0 +248 0 +246 0 +244 0 +242 0 +240 0 +238 0 
+236 0 +234 0 +232 0 +230 0 +228 0 +226 0 +224 0 +222 0 +220 0 +218 0 
+216 0 +214 0 +212 0 +210 0 +208 0 +206 0 +204 0 +202 0 +200 0 +198 0 
+196 0 +194 0 +192 0 +190 0 +188 0 +186 0 +184 0 +182 0 +180 0 +178 0 
+176 0 +174 0 +172 0 +170 0 +168 0 +166 0 +164 0 +162 0 +160 0 +158 0 
+156 0 +154 0 +152 0 +150 0 +148 0 +146 0 +144 0 +142 0 +140 0 +138 0 
+136 0 +134 0 +132 0 +130 0 +128 0 +126 0 +124 0 +122 0 +120 0 +118 0 
+116 0 +114 0 +112 0 +110 0 +108 0 +106 0 +104 0 +102 0 +100 0 +98 0 
+96 0 +94 0 +92 0 +90 0 +88 0 +86 0 +84 0 +82 0 +80 0 +78 0 
+76 0 +74 0 +72 0 +70 0 +68 0 +66 0 +64 0 +62 0 +60 0 +58 0 
+56 0 +54 0 +52 0 +50 0 +48 0 +46 0 +44 0 +42 0 +40 0 +38 0 
+36 0 +34 0 +32 0 +30 0 +28 0 +26 0 +25 0 *
Ve
1.00000029309888e-07
-8.22007385253906 -59.2333203125 5
0 0

0101101
*
Ve
1.00000029309888e-07
-7.65715759277344 -59.5583203125 5
0 0

0101101
*
Ed
 1.00000029309888e-07 1 1 0
1  3010 0 0 0.649999781160365
2  253 39 0 0 0.649999781160365
2  254 40 0 0 0.649999781160365
2  255 41 0 0 0.649999781160365
0

0101000
+23 0 -22 0 *
Ve
1.00000029309888e-07
-7.33215759277344 -58.9954052734375 5
0 0

0101101
*
Ed
 1.00000029309888e-07 1 1 0
1  3011 0 0 0.649998724000854
2  256 39 0 0 0.649998724000854
2  257 40 0 0 0.649998724000854
2  258 41 0 0 0.649998724000854
0

0101000
+22 0 -20 0 *
Ve
1.00000029309888e-07
-6.50943298339844 -59.4704052734375 5
0 0

0101101
*
Ed
 1.00000029309888e-07 1 1 0
1  3012 0 0 0.95000041203741
2  259 39 0 0 0.95000041203741
2  260 40 0 0 0.95000041203741
2  261 41 0 0 0.95000041203741
0

0101000
+20 0 -18 0 *
Ve
1.00000029309888e-07
-6.45943298339844 -59.3838037109375 5
0 0

0101101
*
Ed
 1.00000029309888e-07 1 1 0
1  3013 0 0 0.0999991531336213
2  262 39 0 0 0.0999991531336213
2  263 40 0 0 0.0999991531336213
2  264 41 0 0 0.0999991531336213
0

0101000
+18 0 -16 0 *
Ve
1.00000029309888e-07
-8.14818298339844 -58.4088037109375 5
0 0

0101101
*
Ed
 1.00000029309888e-07 1 1 0
1  3014 0 0 1.95000040064099
2  265 39 0 0 1.95000040064099
2  266 40 0 0 1.95000040064099
2  267 41 0 0 1.95000040064099
0

0101000
+16 0 -14 0 *
Ve
1.00000029309888e-07
-8.19818298339844 -58.4954052734375 5
0 0

0101101
*
Ed
 1.00000029309888e-07 1 1 0
1  3015 0 0 0.0999991531336208
2  268 39 0 0 0.0999991531336208
2  269 40 0 0 0.0999991531336208
2  270 41 0 0 0.0999991531336208
0

0101000
+14 0 -12 0 *
Ve
1.00000029309888e-07
-7.98167663574219 -58.6204052734375 5
0 0

0101101
*
Ed
 1.00000029309888e-07 1 1 0
1  3016 0 0 0.249999997150897
2  271 39 0 0 0.249999997150897
2  272 40 0 0 0.249999997150897
2  273 41 0 0 0.249999997150897
0

0101000
+12 0 -10 0 *
Ve
1.00000029309888e-07
-8.38167663574219 -59.3132275390625 5
0 0

0101101
*
Ed
 1.00000029309888e-07 1 1 0
1  3017 0 0 0.800001682339334
2  274 39 0 0 0.800001682339334
2  275 40 0 0 0.800001682339334
2  276 41 0 0 0.800001682339334
0

0101000
+10 0 -8 0 *
Ve
1.00000029309888e-07
-8.29507385253906 -59.3632275390625 5
0 0

0101101
*
Ed
 1.00000029309888e-07 1 1 0
1  3018 0 0 0.100000210292416
2  277 39 0 0 0.100000210292416
2  278 40 0 0 0.100000210292416
2  279 41 0 0 0.100000210292416
0

0101000
+8 0 -6 0 *
Ed
 1.00000029309888e-07 1 1 0
1  3019 0 0 0.15000295834803
2  280 39 0 0 0.15000295834803
2  281 40 0 0 0.15000295834803
2  282 41 0 0 0.15000295834803
0

0101000
+6 0 -23 0 *
Wi

0101100
+21 0 +19 0 +17 0 +15 0 +13 0 +11 0 +9 0 +7 0 +5 0 +4 0 
*
Fa
0  1e-07 38 0

0111000
+24 0 +3 0 *
Co

1100000
+5323 0 +4558 0 +3810 0 +3036 0 +2279 0 +1519 0 +759 0 +2 0 *

+1 0 