# Rhino

g object_1
v 255.875 0 -1662.925048828125
v 255.875 0 -1421.949951171875
v 255.875 0 -1180.9749755859375
v 255.875 0 -940
v 255.875 0 -699.0250244140625
v 255.875 0 -458.04998779296875
v 255.875 0 -217.07499694824219
v 549.125 0 -1662.925048828125
v 549.125 0 -1421.949951171875
v 549.125 0 -1180.9749755859375
v 549.125 0 -940
v 549.125 0 -458.04998779296875
v 549.125 0 -217.07499694824219
v 842.375 0 -1662.925048828125
v 842.375 0 -1421.949951171875
v 842.375 0 -1180.9749755859375
v 842.375 0 -940
v 842.375 0 -217.07499694824219
v 1135.625 0 -1662.925048828125
v 1135.625 0 -1421.949951171875
v 1135.625 0 -1180.9749755859375
v 1135.625 0 -940
v 1135.625 0 -458.04998779296875
v 1135.625 0 -217.07499694824219
v 1428.875 0 -1662.925048828125
v 1428.875 0 -1421.949951171875
v 1428.875 0 -1180.9749755859375
v 1428.875 0 -940
v 1428.875 0 -699.0250244140625
v 1722.125 0 -1662.925048828125
v 1722.125 0 -1421.949951171875
v 1722.125 0 -940
v 1722.125 0 -699.0250244140625
v 1722.125 0 -217.07499694824219
v 2015.375 0 -1662.925048828125
v 2015.375 0 -1421.949951171875
v 2015.375 0 -1180.9749755859375
v 2015.375 0 -940
v 2015.375 0 -699.0250244140625
v 2015.375 0 -458.04998779296875
v 2308.625 0 -1662.925048828125
v 2308.625 0 -1421.949951171875
v 2308.625 0 -1180.9749755859375
v 2308.625 0 -940
v 2308.625 0 -699.0250244140625
v 2308.625 0 -458.04998779296875
v 2308.625 0 -217.07499694824219
v 2601.875 0 -1662.925048828125
v 2601.875 0 -1421.949951171875
v 2601.875 0 -1180.9749755859375
v 2601.875 0 -699.0250244140625
v 2601.875 0 -458.04998779296875
v 2601.875 0 -217.07499694824219
v 2895.125 0 -1662.925048828125
v 2895.125 0 -1421.949951171875
v 2895.125 0 -1180.9749755859375
v 2895.125 0 -699.0250244140625
v 2895.125 0 -458.04998779296875
v 2895.125 0 -217.07499694824219
v 3188.375 0 -1662.925048828125
v 3188.375 0 -1421.949951171875
v 3188.375 0 -1180.9749755859375
v 3188.375 0 -699.0250244140625
v 3188.375 0 -458.04998779296875
v 3188.375 0 -217.07499694824219
v 3481.625 0 -1662.925048828125
v 3481.625 0 -1421.949951171875
v 3481.625 0 -1180.9749755859375
v 3481.625 0 -699.0250244140625
v 3481.625 0 -458.04998779296875
v 3481.625 0 -217.07499694824219
v 1677.5 0 -1760
v 1677.5 0 -1740
v 1722.125 0 -1783.4124755859375
v 1575.5 0 -1662.925048828125
v 1575.5 0 -1783.4124755859375
v 1648.8125 0 -1662.925048828125
v 1575.5 0 -1723.168701171875
v 1648.8125 0 -1783.4124755859375
v 1648.8125 0 -1723.168701171875
v 1868.75 0 -1662.925048828125
v 1722.125 0 -1542.4375
v 1575.5 0 -1421.949951171875
v 1428.875 0 -1542.4375
v 1575.5 0 -1542.4375
v 1648.8125 0 -1753.2906494140625
v 1685.46875 0 -1783.4124755859375
v 1722.125 0 -1843.65625
v 1575.5 0 -1843.65625
v 1648.8125 0 -1843.65625
v 1795.4375 0 -1662.925048828125
v 2015.375 0 -1542.4375
v 1868.75 0 -1421.949951171875
v 1868.75 0 -1542.4375
v 1677.5 0 -1640
v 1677.5 0 -1493.3333740234375
v 1677.5 0 -1346.6666259765625
v 1677.5 0 -1200
v 1677.5 0 -1170
v 1722.125 0 -1301.4625244140625
v 1575.5 0 -1180.9749755859375
v 1428.875 0 -1301.4625244140625
v 1575.5 0 -1301.4625244140625
v 1722.125 0 -1241.21875
v 1648.8125 0 -1180.9749755859375
v 1575.5 0 -1241.21875
v 1648.8125 0 -1301.4625244140625
v 1648.8125 0 -1241.21875
v 2015.375 0 -1301.4625244140625
v 1868.75 0 -1301.4625244140625
v 1722.125 0 -1060.487548828125
v 1575.5 0 -940
v 1428.875 0 -1060.487548828125
v 1575.5 0 -1060.487548828125
v 1722.125 0 -1120.731201171875
v 1648.8125 0 -1060.487548828125
v 1575.5 0 -1120.731201171875
v 1648.8125 0 -1120.731201171875
v 2015.375 0 -1060.487548828125
v 1868.75 0 -940
v 1868.75 0 -1060.487548828125
v 1812.5 0 -1170
v 1947.5 0 -1170
v 1947.5 0 -996.66668701171875
v 1947.5 0 -823.33331298828125
v 1947.5 0 -650
v 1977.5 0 -650
v 2015.375 0 -578.5374755859375
v 1868.75 0 -458.04998779296875
v 1722.125 0 -578.5374755859375
v 1868.75 0 -699.0250244140625
v 1868.75 0 -578.5374755859375
v 2015.375 0 -638.78125
v 1942.0625 0 -578.5374755859375
v 1868.75 0 -638.78125
v 2015.375 0 -819.51251220703125
v 1722.125 0 -819.51251220703125
v 1868.75 0 -819.51251220703125
v 2308.625 0 -578.5374755859375
v 1977.5 0 -792.5
v 1977.5 0 -935
v 1987.5 0 -935
v 2015.375 0 -879.7562255859375
v 1868.75 0 -879.7562255859375
v 1942.0625 0 -940
v 1942.0625 0 -879.7562255859375
v 2308.625 0 -819.51251220703125
v 2162 0 -819.51251220703125
v 2015.375 0 -909.87811279296875
v 1942.0625 0 -909.87811279296875
v 2015.375 0 -1000.2437744140625
v 1868.75 0 -1000.2437744140625
v 2308.625 0 -1060.487548828125
v 2162 0 -1180.9749755859375
v 2162 0 -1060.487548828125
v 2088.6875 0 -819.51251220703125
v 2088.6875 0 -879.7562255859375
v 1942.0625 0 -924.9390869140625
v 1905.40625 0 -879.7562255859375
v 1868.75 0 -909.87811279296875
v 1905.40625 0 -940
v 1905.40625 0 -909.87811279296875
v 1795.4375 0 -819.51251220703125
v 1722.125 0 -879.7562255859375
v 1795.4375 0 -940
v 1795.4375 0 -879.7562255859375
v 1575.5 0 -699.0250244140625
v 1428.875 0 -819.51251220703125
v 1575.5 0 -819.51251220703125
v 2015.375 0 -970.12188720703125
v 1942.0625 0 -970.12188720703125
v 2162 0 -1000.2437744140625
v 2088.6875 0 -1060.487548828125
v 2088.6875 0 -1000.2437744140625
v 2015.375 0 -924.9390869140625
v 1997.046875 0 -909.87811279296875
v 1997.046875 0 -940
v 1997.046875 0 -924.9390869140625
v 2088.6875 0 -909.87811279296875
v 2052.03125 0 -879.7562255859375
v 2052.03125 0 -940
v 2052.03125 0 -909.87811279296875
v 1987.5 0 -945
v 2015.375 0 -955.0609130859375
v 1997.046875 0 -970.12188720703125
v 1997.046875 0 -955.0609130859375
v 2088.6875 0 -970.12188720703125
v 2052.03125 0 -1000.2437744140625
v 2052.03125 0 -970.12188720703125
v 1977.5 0 -945
v 1942.0625 0 -955.0609130859375
v 1868.75 0 -970.12188720703125
v 1905.40625 0 -1000.2437744140625
v 1905.40625 0 -970.12188720703125
v 1722.125 0 -1000.2437744140625
v 1795.4375 0 -1060.487548828125
v 1795.4375 0 -1000.2437744140625
v 1977.5 0 -1072.5
v 1977.5 0 -1200
v 1977.5 0 -1205
v 2015.375 0 -1241.21875
v 1868.75 0 -1241.21875
v 1942.0625 0 -1301.4625244140625
v 1942.0625 0 -1241.21875
v 2308.625 0 -1301.4625244140625
v 2162 0 -1421.949951171875
v 2162 0 -1301.4625244140625
v 2015.375 0 -1211.096923828125
v 1942.0625 0 -1211.096923828125
v 2162 0 -1241.21875
v 2088.6875 0 -1180.9749755859375
v 2088.6875 0 -1301.4625244140625
v 2088.6875 0 -1241.21875
v 2015.375 0 -1120.731201171875
v 1960.390625 0 -1211.096923828125
v 2015.375 0 -1150.8531494140625
v 2162 0 -1120.731201171875
v 2088.6875 0 -1120.731201171875
v 1868.75 0 -1211.096923828125
v 1905.40625 0 -1241.21875
v 1905.40625 0 -1211.096923828125
v 1795.4375 0 -1301.4625244140625
v 1795.4375 0 -1241.21875
v 1942.0625 0 -1226.1578369140625
v 1960.390625 0 -1241.21875
v 1960.390625 0 -1226.1578369140625
v 2015.375 0 -1271.340576171875
v 1942.0625 0 -1271.340576171875
v 1978.71875 0 -1301.4625244140625
v 2015.375 0 -1361.706298828125
v 1868.75 0 -1361.706298828125
v 1942.0625 0 -1421.949951171875
v 1942.0625 0 -1361.706298828125
v 2015.375 0 -1196.035888671875
v 1997.046875 0 -1180.9749755859375
v 1997.046875 0 -1211.096923828125
v 1997.046875 0 -1196.035888671875
v 2088.6875 0 -1211.096923828125
v 2052.03125 0 -1180.9749755859375
v 2052.03125 0 -1241.21875
v 2052.03125 0 -1211.096923828125
v 1977.5 0 -1270
v 1967.5 0 -1270
v 1942.0625 0 -1256.2796630859375
v 1960.390625 0 -1271.340576171875
v 1960.390625 0 -1256.2796630859375
v 1868.75 0 -1271.340576171875
v 1905.40625 0 -1301.4625244140625
v 1905.40625 0 -1271.340576171875
v 1967.5 0 -1200
v 1835 0 -1200
v 1702.5 0 -1200
v 1702.5 0 -1355
v 1702.5 0 -1510
v 1760 0 -1510
v 1760 0 -1520
v 1868.75 0 -1482.1937255859375
v 1795.4375 0 -1421.949951171875
v 1722.125 0 -1482.1937255859375
v 1795.4375 0 -1542.4375
v 1795.4375 0 -1482.1937255859375
v 1795.4375 0 -1512.315673828125
v 1758.78125 0 -1482.1937255859375
v 1758.78125 0 -1542.4375
v 1648.8125 0 -1421.949951171875
v 1575.5 0 -1482.1937255859375
v 1648.8125 0 -1542.4375
v 1648.8125 0 -1482.1937255859375
v 1868.75 0 -1602.6812744140625
v 1722.125 0 -1602.6812744140625
v 1795.4375 0 -1602.6812744140625
v 1795.4375 0 -1497.254638671875
v 1777.109375 0 -1482.1937255859375
v 1758.78125 0 -1497.254638671875
v 1777.109375 0 -1512.315673828125
v 1777.109375 0 -1497.254638671875
v 1832.09375 0 -1482.1937255859375
v 1832.09375 0 -1542.4375
v 1832.09375 0 -1512.315673828125
v 2015.375 0 -1482.1937255859375
v 1942.0625 0 -1542.4375
v 1942.0625 0 -1482.1937255859375
v 2308.625 0 -1542.4375
v 2162 0 -1662.925048828125
v 2162 0 -1542.4375
v 1795.4375 0 -1452.0718994140625
v 1758.78125 0 -1421.949951171875
v 1722.125 0 -1452.0718994140625
v 1758.78125 0 -1452.0718994140625
v 1795.4375 0 -1361.706298828125
v 1795.4375 0 -1527.3765869140625
v 1758.78125 0 -1527.3765869140625
v 1777.109375 0 -1542.4375
v 1777.109375 0 -1527.3765869140625
v 1795.4375 0 -1572.559326171875
v 1722.125 0 -1572.559326171875
v 1758.78125 0 -1602.6812744140625
v 1758.78125 0 -1572.559326171875
v 1575.5 0 -1602.6812744140625
v 1648.8125 0 -1602.6812744140625
v 1702.5 0 -1520
v 1702.5 0 -1630
v 1687.5 0 -1630
v 1722.125 0 -1632.8031005859375
v 1648.8125 0 -1632.8031005859375
v 1687.5 0 -1730
v 1827.5 0 -1730
v 1967.5 0 -1730
v 1967.5 0 -1630
v 1967.5 0 -1520
v 1860 0 -1520
v 1860 0 -1510
v 1868.75 0 -1527.3765869140625
v 1850.421875 0 -1512.315673828125
v 1832.09375 0 -1527.3765869140625
v 1850.421875 0 -1542.4375
v 1850.421875 0 -1527.3765869140625
v 1868.75 0 -1572.559326171875
v 1832.09375 0 -1602.6812744140625
v 1832.09375 0 -1572.559326171875
v 2015.375 0 -1602.6812744140625
v 1942.0625 0 -1662.925048828125
v 1942.0625 0 -1602.6812744140625
v 1905.40625 0 -1482.1937255859375
v 1905.40625 0 -1542.4375
v 1868.75 0 -1497.254638671875
v 1850.421875 0 -1482.1937255859375
v 1832.09375 0 -1497.254638671875
v 1850.421875 0 -1497.254638671875
v 1868.75 0 -1452.0718994140625
v 1832.09375 0 -1421.949951171875
v 1832.09375 0 -1452.0718994140625
v 1967.5 0 -1510
v 1967.5 0 -1370
v 1977.5 0 -1370
v 2015.375 0 -1391.828125
v 1978.71875 0 -1361.706298828125
v 1942.0625 0 -1391.828125
v 2162 0 -1361.706298828125
v 2088.6875 0 -1421.949951171875
v 2088.6875 0 -1361.706298828125
v 1960.390625 0 -1361.706298828125
v 1942.0625 0 -1376.7672119140625
v 1960.390625 0 -1391.828125
v 1960.390625 0 -1376.7672119140625
v 2015.375 0 -1331.5843505859375
v 1942.0625 0 -1331.5843505859375
v 1978.71875 0 -1331.5843505859375
v 1905.40625 0 -1361.706298828125
v 1868.75 0 -1391.828125
v 1905.40625 0 -1421.949951171875
v 1905.40625 0 -1391.828125
v 1977.5 0 -1570
v 2112.5 0 -1570
v 2112.5 0 -1580
v 2162 0 -1602.6812744140625
v 2088.6875 0 -1542.4375
v 2088.6875 0 -1662.925048828125
v 2088.6875 0 -1602.6812744140625
v 2162 0 -1572.559326171875
v 2125.34375 0 -1542.4375
v 2125.34375 0 -1602.6812744140625
v 2125.34375 0 -1572.559326171875
v 2308.625 0 -1602.6812744140625
v 2235.3125 0 -1542.4375
v 2235.3125 0 -1662.925048828125
v 2235.3125 0 -1602.6812744140625
v 2601.875 0 -1542.4375
v 2162 0 -1482.1937255859375
v 2088.6875 0 -1482.1937255859375
v 2125.34375 0 -1557.4984130859375
v 2107.015625 0 -1542.4375
v 2088.6875 0 -1557.4984130859375
v 2107.015625 0 -1557.4984130859375
v 2162 0 -1512.315673828125
v 2125.34375 0 -1482.1937255859375
v 2088.6875 0 -1512.315673828125
v 2125.34375 0 -1512.315673828125
v 2308.625 0 -1482.1937255859375
v 2235.3125 0 -1421.949951171875
v 2235.3125 0 -1482.1937255859375
v 2052.03125 0 -1542.4375
v 2052.03125 0 -1602.6812744140625
v 2125.34375 0 -1587.620361328125
v 2088.6875 0 -1587.620361328125
v 2107.015625 0 -1602.6812744140625
v 2107.015625 0 -1587.620361328125
v 2162 0 -1632.8031005859375
v 2088.6875 0 -1632.8031005859375
v 2125.34375 0 -1662.925048828125
v 2125.34375 0 -1632.8031005859375
v 1977.5 0 -1580
v 1977.5 0 -1630
v 1977.5 0 -1640
v 2015.375 0 -1632.8031005859375
v 1942.0625 0 -1632.8031005859375
v 1960.390625 0 -1602.6812744140625
v 1942.0625 0 -1617.7421875
v 1960.390625 0 -1632.8031005859375
v 1960.390625 0 -1617.7421875
v 1942.0625 0 -1572.559326171875
v 1905.40625 0 -1602.6812744140625
v 1868.75 0 -1632.8031005859375
v 1905.40625 0 -1662.925048828125
v 1905.40625 0 -1632.8031005859375
v 1942.0625 0 -1647.864013671875
v 1960.390625 0 -1662.925048828125
v 1960.390625 0 -1647.864013671875
v 1977.5 0 -1730
v 2134.166748046875 0 -1730
v 2290.833251953125 0 -1730
v 2447.5 0 -1730
v 2447.5 0 -1690
v 2381.9375 0 -1662.925048828125
v 2447.5 0 -1580
v 2312.5 0 -1580
v 2312.5 0 -1570
v 2381.9375 0 -1542.4375
v 2381.9375 0 -1602.6812744140625
v 2345.28125 0 -1542.4375
v 2345.28125 0 -1602.6812744140625
v 2381.9375 0 -1421.949951171875
v 2381.9375 0 -1482.1937255859375
v 2601.875 0 -1301.4625244140625
v 2455.25 0 -1180.9749755859375
v 2345.28125 0 -1587.620361328125
v 2308.625 0 -1587.620361328125
v 2326.953125 0 -1602.6812744140625
v 2326.953125 0 -1587.620361328125
v 2271.96875 0 -1542.4375
v 2235.3125 0 -1572.559326171875
v 2271.96875 0 -1602.6812744140625
v 2271.96875 0 -1572.559326171875
v 2381.9375 0 -1632.8031005859375
v 2308.625 0 -1632.8031005859375
v 2345.28125 0 -1662.925048828125
v 2345.28125 0 -1632.8031005859375
v 2345.28125 0 -1557.4984130859375
v 2326.953125 0 -1542.4375
v 2308.625 0 -1557.4984130859375
v 2326.953125 0 -1557.4984130859375
v 2381.9375 0 -1512.315673828125
v 2345.28125 0 -1482.1937255859375
v 2308.625 0 -1512.315673828125
v 2345.28125 0 -1512.315673828125
v 2447.5 0 -1570
v 2447.5 0 -1387.5
v 2447.5 0 -1205
v 2472.5 0 -1205
v 2381.9375 0 -1180.9749755859375
v 2308.625 0 -1241.21875
v 2381.9375 0 -1301.4625244140625
v 2381.9375 0 -1241.21875
v 2601.875 0 -1241.21875
v 2528.5625 0 -1180.9749755859375
v 2528.5625 0 -1301.4625244140625
v 2528.5625 0 -1241.21875
v 2895.125 0 -1301.4625244140625
v 2748.5 0 -1180.9749755859375
v 2472.5 0 -1215
v 2528.5625 0 -1211.096923828125
v 2491.90625 0 -1180.9749755859375
v 2491.90625 0 -1241.21875
v 2491.90625 0 -1211.096923828125
v 2601.875 0 -1120.731201171875
v 2455.25 0 -1120.731201171875
v 2528.5625 0 -1120.731201171875
v 2491.90625 0 -1196.035888671875
v 2473.578125 0 -1180.9749755859375
v 2455.25 0 -1196.035888671875
v 2473.578125 0 -1196.035888671875
v 2528.5625 0 -1150.8531494140625
v 2491.90625 0 -1120.731201171875
v 2455.25 0 -1150.8531494140625
v 2491.90625 0 -1150.8531494140625
v 2381.9375 0 -1060.487548828125
v 2308.625 0 -1120.731201171875
v 2381.9375 0 -1120.731201171875
v 2418.59375 0 -1180.9749755859375
v 2381.9375 0 -1211.096923828125
v 2418.59375 0 -1241.21875
v 2418.59375 0 -1211.096923828125
v 2491.90625 0 -1226.1578369140625
v 2473.578125 0 -1241.21875
v 2473.578125 0 -1226.1578369140625
v 2528.5625 0 -1271.340576171875
v 2491.90625 0 -1301.4625244140625
v 2491.90625 0 -1271.340576171875
v 2601.875 0 -1361.706298828125
v 2528.5625 0 -1421.949951171875
v 2528.5625 0 -1361.706298828125
v 2457.5 0 -1215
v 2457.5 0 -1397.5
v 2457.5 0 -1580
v 2472.5 0 -1580
v 2601.875 0 -1602.6812744140625
v 2528.5625 0 -1542.4375
v 2528.5625 0 -1662.925048828125
v 2528.5625 0 -1602.6812744140625
v 2895.125 0 -1542.4375
v 2528.5625 0 -1572.559326171875
v 2491.90625 0 -1542.4375
v 2491.90625 0 -1602.6812744140625
v 2491.90625 0 -1572.559326171875
v 2601.875 0 -1482.1937255859375
v 2528.5625 0 -1482.1937255859375
v 2472.5 0 -1690
v 2457.5 0 -1690
v 2528.5625 0 -1723.168701171875
v 2528.5625 0 -1693.046875
v 2491.90625 0 -1662.925048828125
v 2491.90625 0 -1723.168701171875
v 2491.90625 0 -1693.046875
v 2457.5 0 -1730
v 2605 0 -1730
v 2752.5 0 -1730
v 2752.5 0 -1558.3333740234375
v 2752.5 0 -1386.6666259765625
v 2752.5 0 -1215
v 2572.5 0 -1215
v 2572.5 0 -1205
v 2565.21875 0 -1180.9749755859375
v 2565.21875 0 -1241.21875
v 2565.21875 0 -1211.096923828125
v 2675.1875 0 -1180.9749755859375
v 2675.1875 0 -1301.4625244140625
v 2675.1875 0 -1241.21875
v 2601.875 0 -1226.1578369140625
v 2565.21875 0 -1226.1578369140625
v 2583.546875 0 -1241.21875
v 2583.546875 0 -1226.1578369140625
v 2601.875 0 -1271.340576171875
v 2565.21875 0 -1301.4625244140625
v 2565.21875 0 -1271.340576171875
v 2638.53125 0 -1180.9749755859375
v 2638.53125 0 -1241.21875
v 2748.5 0 -1120.731201171875
v 2675.1875 0 -1120.731201171875
v 2601.875 0 -1196.035888671875
v 2583.546875 0 -1180.9749755859375
v 2565.21875 0 -1196.035888671875
v 2583.546875 0 -1196.035888671875
v 2601.875 0 -1150.8531494140625
v 2565.21875 0 -1120.731201171875
v 2565.21875 0 -1150.8531494140625
v 2667.5 0 -1205
v 2667.5 0 -1195
v 2656.859375 0 -1180.9749755859375
v 2638.53125 0 -1196.035888671875
v 2656.859375 0 -1196.035888671875
v 2711.84375 0 -1180.9749755859375
v 2895.125 0 -1241.21875
v 2821.8125 0 -1180.9749755859375
v 2821.8125 0 -1301.4625244140625
v 2821.8125 0 -1241.21875
v 3188.375 0 -1301.4625244140625
v 3041.75 0 -1180.9749755859375
v 3041.75 0 -1421.949951171875
v 3041.75 0 -1301.4625244140625
v 2675.1875 0 -1150.8531494140625
v 2638.53125 0 -1120.731201171875
v 2638.53125 0 -1150.8531494140625
v 2677.5 0 -1195
v 2711.84375 0 -1196.035888671875
v 2693.515625 0 -1180.9749755859375
v 2693.515625 0 -1196.035888671875
v 2748.5 0 -1150.8531494140625
v 2711.84375 0 -1120.731201171875
v 2711.84375 0 -1150.8531494140625
v 2895.125 0 -1120.731201171875
v 2821.8125 0 -1120.731201171875
v 2677.5 0 -1205
v 2762.5 0 -1205
v 2762.5 0 -1380
v 2762.5 0 -1555
v 2762.5 0 -1730
v 2927.5 0 -1730
v 3092.5 0 -1730
v 3092.5 0 -1515
v 3092.5 0 -1300
v 3092.5 0 -1085
v 2885 0 -1085
v 2677.5 0 -1085
v 2677.5 0 -1095
v 2748.5 0 -1090.609375
v 2711.84375 0 -1090.609375
v 2895.125 0 -819.51251220703125
v 2748.5 0 -699.0250244140625
v 2601.875 0 -819.51251220703125
v 2748.5 0 -819.51251220703125
v 2693.515625 0 -1090.609375
v 2601.875 0 -1090.609375
v 2638.53125 0 -1090.609375
v 2711.84375 0 -1105.6702880859375
v 2675.1875 0 -1105.6702880859375
v 2693.515625 0 -1120.731201171875
v 2693.515625 0 -1105.6702880859375
v 2667.5 0 -1095
v 2656.859375 0 -1090.609375
v 2638.53125 0 -1105.6702880859375
v 2656.859375 0 -1120.731201171875
v 2656.859375 0 -1105.6702880859375
v 2667.5 0 -1085
v 2455.25 0 -819.51251220703125
v 2557.5 0 -1085
v 2447.5 0 -1085
v 2447.5 0 -880
v 2302.5 0 -880
v 2157.5 0 -880
v 2157.5 0 -945
v 2087.5 0 -945
v 2087.5 0 -935
v 2088.6875 0 -955.0609130859375
v 2070.359375 0 -940
v 2052.03125 0 -955.0609130859375
v 2070.359375 0 -970.12188720703125
v 2070.359375 0 -955.0609130859375
v 2162 0 -970.12188720703125
v 2125.34375 0 -1000.2437744140625
v 2125.34375 0 -970.12188720703125
v 2308.625 0 -1000.2437744140625
v 2235.3125 0 -940
v 2235.3125 0 -1060.487548828125
v 2235.3125 0 -1000.2437744140625
v 2088.6875 0 -924.9390869140625
v 2070.359375 0 -909.87811279296875
v 2052.03125 0 -924.9390869140625
v 2070.359375 0 -924.9390869140625
v 2125.34375 0 -879.7562255859375
v 2125.34375 0 -909.87811279296875
v 2235.3125 0 -819.51251220703125
v 2147.5 0 -935
v 2147.5 0 -880
v 2147.5 0 -845
v 2162.5 0 -845
v 2125.34375 0 -819.51251220703125
v 2088.6875 0 -849.6343994140625
v 2125.34375 0 -849.6343994140625
v 2162 0 -759.26873779296875
v 2088.6875 0 -699.0250244140625
v 2015.375 0 -759.26873779296875
v 2088.6875 0 -759.26873779296875
v 2235.3125 0 -849.6343994140625
v 2198.65625 0 -819.51251220703125
v 2198.65625 0 -849.6343994140625
v 2308.625 0 -759.26873779296875
v 2235.3125 0 -699.0250244140625
v 2235.3125 0 -759.26873779296875
v 2162.5 0 -855
v 2198.65625 0 -834.57342529296875
v 2180.328125 0 -819.51251220703125
v 2162 0 -834.57342529296875
v 2180.328125 0 -849.6343994140625
v 2180.328125 0 -834.57342529296875
v 2235.3125 0 -789.390625
v 2198.65625 0 -759.26873779296875
v 2162 0 -789.390625
v 2198.65625 0 -789.390625
v 2235.3125 0 -909.87811279296875
v 2198.65625 0 -940
v 2198.65625 0 -909.87811279296875
v 2310 0 -855
v 2457.5 0 -855
v 2457.5 0 -845
v 2528.5625 0 -819.51251220703125
v 2528.5625 0 -849.6343994140625
v 2491.90625 0 -819.51251220703125
v 2491.90625 0 -849.6343994140625
v 2601.875 0 -759.26873779296875
v 2528.5625 0 -699.0250244140625
v 2455.25 0 -759.26873779296875
v 2528.5625 0 -759.26873779296875
v 2601.875 0 -578.5374755859375
v 2381.9375 0 -819.51251220703125
v 2473.578125 0 -849.6343994140625
v 2418.59375 0 -819.51251220703125
v 2381.9375 0 -849.6343994140625
v 2418.59375 0 -849.6343994140625
v 2381.9375 0 -699.0250244140625
v 2381.9375 0 -759.26873779296875
v 2491.90625 0 -834.57342529296875
v 2473.578125 0 -819.51251220703125
v 2455.25 0 -834.57342529296875
v 2473.578125 0 -834.57342529296875
v 2528.5625 0 -789.390625
v 2491.90625 0 -759.26873779296875
v 2455.25 0 -789.390625
v 2491.90625 0 -789.390625
v 2467.5 0 -845
v 2467.5 0 -855
v 2655.833251953125 0 -855
v 2844.166748046875 0 -855
v 3032.5 0 -855
v 3117.5 0 -855
v 3188.375 0 -819.51251220703125
v 3041.75 0 -819.51251220703125
v 3117.5 0 -1042.5
v 3117.5 0 -1230
v 3132.5 0 -1230
v 3188.375 0 -1241.21875
v 3041.75 0 -1241.21875
v 3481.625 0 -1301.4625244140625
v 3335 0 -1180.9749755859375
v 3335 0 -1421.949951171875
v 3335 0 -1301.4625244140625
v 3188.375 0 -1211.096923828125
v 3151.71875 0 -1180.9749755859375
v 3151.71875 0 -1241.21875
v 3151.71875 0 -1211.096923828125
v 3261.6875 0 -1180.9749755859375
v 3261.6875 0 -1301.4625244140625
v 3481.625 0 -1060.487548828125
v 3335 0 -1060.487548828125
v 3188.375 0 -1120.731201171875
v 3132.5 0 -1240
v 3151.71875 0 -1226.1578369140625
v 3133.390625 0 -1211.096923828125
v 3133.390625 0 -1226.1578369140625
v 3078.40625 0 -1180.9749755859375
v 3041.75 0 -1211.096923828125
v 3078.40625 0 -1241.21875
v 3078.40625 0 -1211.096923828125
v 2968.4375 0 -1180.9749755859375
v 2968.4375 0 -1301.4625244140625
v 2968.4375 0 -1241.21875
v 3188.375 0 -1271.340576171875
v 3151.71875 0 -1301.4625244140625
v 3151.71875 0 -1271.340576171875
v 3188.375 0 -1361.706298828125
v 3041.75 0 -1361.706298828125
v 3188.375 0 -1542.4375
v 3041.75 0 -1662.925048828125
v 3041.75 0 -1542.4375
v 3117.5 0 -1240
v 3117.5 0 -1403.3333740234375
v 3117.5 0 -1566.6666259765625
v 3117.5 0 -1730
v 3265 0 -1730
v 3412.5 0 -1730
v 3412.5 0 -1566.6666259765625
v 3412.5 0 -1403.3333740234375
v 3412.5 0 -1240
v 3232.5 0 -1240
v 3232.5 0 -1230
v 3261.6875 0 -1211.096923828125
v 3225.03125 0 -1180.9749755859375
v 3225.03125 0 -1241.21875
v 3225.03125 0 -1211.096923828125
v 3335 0 -1120.731201171875
v 3261.6875 0 -1060.487548828125
v 3261.6875 0 -1120.731201171875
v 3261.6875 0 -1226.1578369140625
v 3243.359375 0 -1211.096923828125
v 3225.03125 0 -1226.1578369140625
v 3243.359375 0 -1226.1578369140625
v 3261.6875 0 -1271.340576171875
v 3225.03125 0 -1301.4625244140625
v 3225.03125 0 -1271.340576171875
v 3335 0 -1361.706298828125
v 3261.6875 0 -1421.949951171875
v 3261.6875 0 -1361.706298828125
v 3481.625 0 -1542.4375
v 3335 0 -1662.925048828125
v 3335 0 -1542.4375
v 3335 0 -1211.096923828125
v 3298.34375 0 -1180.9749755859375
v 3298.34375 0 -1211.096923828125
v 3481.625 0 -1241.21875
v 3408.3125 0 -1180.9749755859375
v 3628.25 0 -1180.9749755859375
v 3628.25 0 -1421.949951171875
v 3628.25 0 -1301.4625244140625
v 3412.5 0 -1230
v 3412.5 0 -1220
v 3481.625 0 -1211.096923828125
v 3444.96875 0 -1180.9749755859375
v 3408.3125 0 -1211.096923828125
v 3444.96875 0 -1241.21875
v 3444.96875 0 -1211.096923828125
v 3628.25 0 -1241.21875
v 3554.9375 0 -1180.9749755859375
v 3554.9375 0 -1301.4625244140625
v 3554.9375 0 -1241.21875
v 3481.625 0 -1120.731201171875
v 3408.3125 0 -1060.487548828125
v 3444.96875 0 -1226.1578369140625
v 3426.640625 0 -1211.096923828125
v 3426.640625 0 -1241.21875
v 3426.640625 0 -1226.1578369140625
v 3371.65625 0 -1180.9749755859375
v 3371.65625 0 -1211.096923828125
v 3481.625 0 -1271.340576171875
v 3444.96875 0 -1301.4625244140625
v 3444.96875 0 -1271.340576171875
v 3481.625 0 -1361.706298828125
v 3422.5 0 -1220
v 3422.5 0 -1390
v 3422.5 0 -1560
v 3422.5 0 -1730
v 3577.5 0 -1730
v 3732.5 0 -1730
v 3732.5 0 -1695
v 3628.25 0 -1662.925048828125
v 3628.25 0 -1723.168701171875
v 3701.5625 0 -1723.168701171875
v 3628.25 0 -1542.4375
v 3727.5 0 -1695
v 3701.5625 0 -1542.4375
v 3628.25 0 -1602.6812744140625
v 3701.5625 0 -1602.6812744140625
v 3701.5625 0 -1708.1077880859375
v 3719.890625 0 -1723.168701171875
v 3719.890625 0 -1708.1077880859375
v 3664.90625 0 -1662.925048828125
v 3628.25 0 -1693.046875
v 3664.90625 0 -1723.168701171875
v 3664.90625 0 -1693.046875
v 3554.9375 0 -1662.925048828125
v 3481.625 0 -1723.168701171875
v 3554.9375 0 -1723.168701171875
v 3719.890625 0 -1700.577392578125
v 3729.0546875 0 -1708.1077880859375
v 3729.0546875 0 -1700.577392578125
v 3702.5 0 -1695
v 3702.5 0 -1655
v 3727.37890625 0 -1655
v 3726.828369140625 0 -1473.3333740234375
v 3726.27783203125 0 -1291.6666259765625
v 3725.727294921875 0 -1110
v 3525.727294921875 0 -1110
v 3422.5 0 -1110
v 3422.5 0 -1120
v 3481.625 0 -1090.609375
v 3444.96875 0 -1060.487548828125
v 3408.3125 0 -1090.609375
v 3444.96875 0 -1120.731201171875
v 3444.96875 0 -1090.609375
v 3628.25 0 -1120.731201171875
v 3554.9375 0 -1120.731201171875
v 3481.625 0 -1000.2437744140625
v 3335 0 -1000.2437744140625
v 3408.3125 0 -1000.2437744140625
v 3481.625 0 -819.51251220703125
v 3335 0 -699.0250244140625
v 3335 0 -819.51251220703125
v 3426.640625 0 -1090.609375
v 3371.65625 0 -1060.487548828125
v 3335 0 -1090.609375
v 3371.65625 0 -1120.731201171875
v 3371.65625 0 -1090.609375
v 3481.625 0 -1150.8531494140625
v 3408.3125 0 -1150.8531494140625
v 3444.96875 0 -1150.8531494140625
v 3412.5 0 -1120
v 3412.5 0 -1110
v 3350.727294921875 0 -1110
v 3350.727294921875 0 -1100
v 3353.328125 0 -1090.609375
v 3335 0 -1105.6702880859375
v 3353.328125 0 -1120.731201171875
v 3298.34375 0 -1060.487548828125
v 3261.6875 0 -1090.609375
v 3298.34375 0 -1120.731201171875
v 3298.34375 0 -1090.609375
v 3261.6875 0 -1000.2437744140625
v 3335 0 -1150.8531494140625
v 3371.65625 0 -1150.8531494140625
v 3525.727294921875 0 -1100
v 3525.727294921875 0 -940
v 3380.727294921875 0 -940
v 3235.727294921875 0 -940
v 3235.727294921875 0 -1100
v 3250.727294921875 0 -1100
v 3225.03125 0 -1120.731201171875
v 3250.727294921875 0 -1110
v 3261.6875 0 -1105.6702880859375
v 3243.359375 0 -1120.731201171875
v 3261.6875 0 -1150.8531494140625
v 3188.375 0 -1150.8531494140625
v 3225.03125 0 -1150.8531494140625
v 3225.727294921875 0 -1110
v 3225.727294921875 0 -982.5
v 3225.727294921875 0 -855
v 3235.727294921875 0 -855
v 3335 0 -879.7562255859375
v 3261.6875 0 -819.51251220703125
v 3261.6875 0 -879.7562255859375
v 3261.6875 0 -849.6343994140625
v 3225.03125 0 -819.51251220703125
v 3188.375 0 -849.6343994140625
v 3225.03125 0 -849.6343994140625
v 3335 0 -759.26873779296875
v 3261.6875 0 -699.0250244140625
v 3188.375 0 -759.26873779296875
v 3261.6875 0 -759.26873779296875
v 3481.625 0 -578.5374755859375
v 3188.375 0 -578.5374755859375
v 3335 0 -578.5374755859375
v 3115.0625 0 -819.51251220703125
v 3261.6875 0 -864.6953125
v 3243.359375 0 -849.6343994140625
v 3243.359375 0 -879.7562255859375
v 3243.359375 0 -864.6953125
v 3335 0 -849.6343994140625
v 3298.34375 0 -819.51251220703125
v 3298.34375 0 -879.7562255859375
v 3298.34375 0 -849.6343994140625
v 3481.625 0 -879.7562255859375
v 3408.3125 0 -819.51251220703125
v 3408.3125 0 -879.7562255859375
v 3628.25 0 -699.0250244140625
v 3628.25 0 -819.51251220703125
v 3235.727294921875 0 -930
v 3380.727294921875 0 -930
v 3525.727294921875 0 -930
v 3525.727294921875 0 -820
v 3525.727294921875 0 -710
v 3507.5 0 -710
v 3628.25 0 -759.26873779296875
v 3481.625 0 -759.26873779296875
v 3554.9375 0 -759.26873779296875
v 3628.25 0 -458.04998779296875
v 3628.25 0 -578.5374755859375
v 3554.9375 0 -729.1468505859375
v 3481.625 0 -729.1468505859375
v 3518.28125 0 -759.26873779296875
v 3518.28125 0 -729.1468505859375
v 3628.25 0 -638.78125
v 3554.9375 0 -578.5374755859375
v 3481.625 0 -638.78125
v 3554.9375 0 -638.78125
v 3408.3125 0 -759.26873779296875
v 3507.5 0 -700
v 3518.28125 0 -714.0859375
v 3499.953125 0 -699.0250244140625
v 3481.625 0 -714.0859375
v 3499.953125 0 -729.1468505859375
v 3499.953125 0 -714.0859375
v 3554.9375 0 -668.90313720703125
v 3518.28125 0 -638.78125
v 3481.625 0 -668.90313720703125
v 3518.28125 0 -668.90313720703125
v 3335 0 -638.78125
v 3408.3125 0 -638.78125
v 3444.96875 0 -699.0250244140625
v 3408.3125 0 -729.1468505859375
v 3444.96875 0 -759.26873779296875
v 3444.96875 0 -729.1468505859375
v 3550.727294921875 0 -700
v 3550.727294921875 0 -710
v 3628.25 0 -729.1468505859375
v 3591.59375 0 -699.0250244140625
v 3591.59375 0 -759.26873779296875
v 3591.59375 0 -729.1468505859375
v 3701.5625 0 -819.51251220703125
v 3701.5625 0 -759.26873779296875
v 3535.727294921875 0 -710
v 3535.727294921875 0 -905
v 3535.727294921875 0 -1100
v 3725.697021484375 0 -1100
v 3725.0908203125 0 -900
v 3724.48486328125 0 -700
v 3724.48486328125 0 -710
v 3701.5625 0 -729.1468505859375
v 3701.5625 0 -578.5374755859375
v 3701.5625 0 -638.78125
v 3701.5625 0 -714.0859375
v 3719.890625 0 -729.1468505859375
v 3719.890625 0 -714.0859375
v 3701.5625 0 -668.90313720703125
v 3664.90625 0 -759.26873779296875
v 3664.90625 0 -729.1468505859375
v 3650.727294921875 0 -710
v 3650.727294921875 0 -700
v 3664.90625 0 -714.0859375
v 3628.25 0 -714.0859375
v 3646.578125 0 -729.1468505859375
v 3646.578125 0 -714.0859375
v 3664.90625 0 -638.78125
v 3628.25 0 -668.90313720703125
v 3664.90625 0 -668.90313720703125
v 3723.8232421875 0 -481.66665649414062
v 3723.16162109375 0 -263.33334350585938
v 3722.5 0 -45
v 3737.5 0 -45
v 3481.625 0 -96.587501525878906
v 3628.25 0 -217.07499694824219
v 3628.25 0 -96.587501525878906
v 3628.25 0 -36.34375
v 3701.5625 0 -96.587501525878906
v 3701.5625 0 -36.34375
v 3701.5625 0 -66.465621948242188
v 3628.25 0 -156.83125305175781
v 3701.5625 0 -217.07499694824219
v 3701.5625 0 -156.83125305175781
v 3481.625 0 -337.5625
v 3628.25 0 -337.5625
v 3737.5 0 0
v 3560 0 0
v 3382.5 0 0
v 3382.5 0 -45
v 3188.375 0 -96.587501525878906
v 3335 0 -217.07499694824219
v 3335 0 -96.587501525878906
v 3392.5 0 -45
v 3481.625 0 -36.34375
v 3335 0 -36.34375
v 3408.3125 0 -96.587501525878906
v 3408.3125 0 -36.34375
v 3408.3125 0 -66.465621948242188
v 3335 0 -66.465621948242188
v 3188.375 0 -36.34375
v 3261.6875 0 -96.587501525878906
v 3261.6875 0 -36.34375
v 2895.125 0 -96.587501525878906
v 3481.625 0 -156.83125305175781
v 3335 0 -156.83125305175781
v 3408.3125 0 -217.07499694824219
v 3408.3125 0 -156.83125305175781
v 3188.375 0 -337.5625
v 3335 0 -337.5625
v 3408.3125 0 -51.404685974121094
v 3481.625 0 -66.465621948242188
v 3444.96875 0 -36.34375
v 3444.96875 0 -96.587501525878906
v 3444.96875 0 -66.465621948242188
v 3554.9375 0 -96.587501525878906
v 3554.9375 0 -36.34375
v 3392.5 0 -255
v 3392.5 0 -465
v 3392.5 0 -475
v 3481.625 0 -518.29376220703125
v 3408.3125 0 -458.04998779296875
v 3335 0 -518.29376220703125
v 3408.3125 0 -518.29376220703125
v 3408.3125 0 -488.171875
v 3371.65625 0 -518.29376220703125
v 3371.65625 0 -488.171875
v 3481.625 0 -397.80624389648438
v 3408.3125 0 -337.5625
v 3408.3125 0 -397.80624389648438
v 3261.6875 0 -458.04998779296875
v 3188.375 0 -518.29376220703125
v 3261.6875 0 -578.5374755859375
v 3261.6875 0 -518.29376220703125
v 2895.125 0 -578.5374755859375
v 3041.75 0 -578.5374755859375
v 3408.3125 0 -473.11093139648438
v 3481.625 0 -488.171875
v 3444.96875 0 -458.04998779296875
v 3444.96875 0 -518.29376220703125
v 3444.96875 0 -488.171875
v 3628.25 0 -518.29376220703125
v 3554.9375 0 -458.04998779296875
v 3554.9375 0 -518.29376220703125
v 3408.3125 0 -427.92813110351562
v 3261.6875 0 -337.5625
v 2895.125 0 -337.5625
v 3392.5 0 -587.5
v 3392.5 0 -700
v 3407.5 0 -700
v 3371.65625 0 -699.0250244140625
v 3371.65625 0 -759.26873779296875
v 3407.5 0 -710
v 3371.65625 0 -638.78125
v 3335 0 -668.90313720703125
v 3371.65625 0 -668.90313720703125
v 3188.375 0 -638.78125
v 3261.6875 0 -638.78125
v 3392.5 0 -710
v 3392.5 0 -730
v 3392.5 0 -740
v 3408.3125 0 -744.20782470703125
v 3371.65625 0 -744.20782470703125
v 3389.984375 0 -759.26873779296875
v 3389.984375 0 -744.20782470703125
v 3408.3125 0 -789.390625
v 3335 0 -789.390625
v 3371.65625 0 -819.51251220703125
v 3371.65625 0 -789.390625
v 3212.5 0 -740
v 3032.5 0 -740
v 3032.5 0 -610
v 3042.5 0 -610
v 2968.4375 0 -578.5374755859375
v 2895.125 0 -638.78125
v 2968.4375 0 -699.0250244140625
v 2968.4375 0 -638.78125
v 2748.5 0 -458.04998779296875
v 2748.5 0 -578.5374755859375
v 3005.09375 0 -578.5374755859375
v 2968.4375 0 -608.65936279296875
v 3005.09375 0 -638.78125
v 3005.09375 0 -608.65936279296875
v 3115.0625 0 -578.5374755859375
v 3115.0625 0 -699.0250244140625
v 3115.0625 0 -638.78125
v 3041.75 0 -518.29376220703125
v 2968.4375 0 -458.04998779296875
v 2895.125 0 -518.29376220703125
v 2968.4375 0 -518.29376220703125
v 3023.421875 0 -608.65936279296875
v 3005.09375 0 -623.7203369140625
v 3023.421875 0 -638.78125
v 3023.421875 0 -623.7203369140625
v 2968.4375 0 -668.90313720703125
v 3005.09375 0 -699.0250244140625
v 3005.09375 0 -668.90313720703125
v 3041.75 0 -759.26873779296875
v 2895.125 0 -759.26873779296875
v 2968.4375 0 -819.51251220703125
v 2968.4375 0 -759.26873779296875
v 3115.0625 0 -608.65936279296875
v 3078.40625 0 -578.5374755859375
v 3078.40625 0 -638.78125
v 3078.40625 0 -608.65936279296875
v 3115.0625 0 -458.04998779296875
v 3115.0625 0 -518.29376220703125
v 3078.40625 0 -623.7203369140625
v 3060.078125 0 -608.65936279296875
v 3060.078125 0 -638.78125
v 3060.078125 0 -623.7203369140625
v 3115.0625 0 -668.90313720703125
v 3078.40625 0 -699.0250244140625
v 3078.40625 0 -668.90313720703125
v 3115.0625 0 -759.26873779296875
v 3042.5 0 -730
v 3212.5 0 -730
v 3382.5 0 -730
v 3382.5 0 -602.5
v 3382.5 0 -475
v 3322.5 0 -475
v 3322.5 0 -395
v 3157.5 0 -395
v 3157.5 0 -385
v 3115.0625 0 -337.5625
v 3115.0625 0 -397.80624389648438
v 3188.375 0 -367.68438720703125
v 3151.71875 0 -337.5625
v 3115.0625 0 -367.68438720703125
v 3151.71875 0 -397.80624389648438
v 3151.71875 0 -367.68438720703125
v 3188.375 0 -277.31875610351562
v 3115.0625 0 -217.07499694824219
v 3115.0625 0 -277.31875610351562
v 3188.375 0 -382.74530029296875
v 3170.046875 0 -367.68438720703125
v 3151.71875 0 -382.74530029296875
v 3170.046875 0 -382.74530029296875
v 3188.375 0 -427.92813110351562
v 3115.0625 0 -427.92813110351562
v 3151.71875 0 -458.04998779296875
v 3151.71875 0 -427.92813110351562
v 3261.6875 0 -367.68438720703125
v 3225.03125 0 -337.5625
v 3225.03125 0 -367.68438720703125
v 3261.6875 0 -217.07499694824219
v 3222.5 0 -385
v 3222.5 0 -375
v 3206.703125 0 -367.68438720703125
v 3206.703125 0 -382.74530029296875
v 3261.6875 0 -427.92813110351562
v 3225.03125 0 -458.04998779296875
v 3225.03125 0 -427.92813110351562
v 3232.5 0 -375
v 3261.6875 0 -382.74530029296875
v 3243.359375 0 -367.68438720703125
v 3243.359375 0 -382.74530029296875
v 3335 0 -367.68438720703125
v 3298.34375 0 -337.5625
v 3298.34375 0 -367.68438720703125
v 3232.5 0 -385
v 3382.5 0 -385
v 3382.5 0 -285
v 3232.5 0 -285
v 3232.5 0 -305
v 3261.6875 0 -307.44061279296875
v 3188.375 0 -307.44061279296875
v 3222.5 0 -305
v 3261.6875 0 -292.37969970703125
v 3243.359375 0 -307.44061279296875
v 3243.359375 0 -292.37969970703125
v 3335 0 -307.44061279296875
v 3298.34375 0 -307.44061279296875
v 3481.625 0 -277.31875610351562
v 3408.3125 0 -277.31875610351562
v 3261.6875 0 -247.19686889648438
v 3225.03125 0 -217.07499694824219
v 3188.375 0 -247.19686889648438
v 3225.03125 0 -247.19686889648438
v 3188.375 0 -156.83125305175781
v 3261.6875 0 -156.83125305175781
v 3206.703125 0 -277.31875610351562
v 3188.375 0 -292.37969970703125
v 3206.703125 0 -307.44061279296875
v 3206.703125 0 -292.37969970703125
v 3151.71875 0 -277.31875610351562
v 3115.0625 0 -307.44061279296875
v 3151.71875 0 -307.44061279296875
v 3222.5 0 -255
v 3232.5 0 -255
v 3206.703125 0 -247.19686889648438
v 3188.375 0 -262.2578125
v 3206.703125 0 -262.2578125
v 3151.71875 0 -217.07499694824219
v 3115.0625 0 -247.19686889648438
v 3151.71875 0 -247.19686889648438
v 3115.0625 0 -96.587501525878906
v 3115.0625 0 -156.83125305175781
v 3261.6875 0 -262.2578125
v 3243.359375 0 -247.19686889648438
v 3243.359375 0 -262.2578125
v 3335 0 -247.19686889648438
v 3298.34375 0 -217.07499694824219
v 3298.34375 0 -247.19686889648438
v 3232.5 0 -275
v 3382.5 0 -275
v 3382.5 0 -150
v 3372.5 0 -150
v 3408.3125 0 -126.70937347412109
v 3335 0 -126.70937347412109
v 3371.65625 0 -156.83125305175781
v 3408.3125 0 -141.77030944824219
v 3408.3125 0 -186.953125
v 3335 0 -186.953125
v 3371.65625 0 -217.07499694824219
v 3371.65625 0 -186.953125
v 3481.625 0 -126.70937347412109
v 3444.96875 0 -156.83125305175781
v 3444.96875 0 -126.70937347412109
v 3554.9375 0 -217.07499694824219
v 3554.9375 0 -156.83125305175781
v 3362.5 0 -150
v 3353.328125 0 -126.70937347412109
v 3335 0 -141.77030944824219
v 3353.328125 0 -156.83125305175781
v 3353.328125 0 -141.77030944824219
v 3298.34375 0 -96.587501525878906
v 3261.6875 0 -126.70937347412109
v 3298.34375 0 -156.83125305175781
v 3298.34375 0 -126.70937347412109
v 3362.5 0 -45
v 3372.5 0 -45
v 3353.328125 0 -36.34375
v 3335 0 -51.404685974121094
v 3353.328125 0 -66.465621948242188
v 3353.328125 0 -51.404685974121094
v 3298.34375 0 -36.34375
v 3261.6875 0 -66.465621948242188
v 3298.34375 0 -66.465621948242188
v 3372.5 0 0
v 3232.5 0 0
v 3232.5 0 -185
v 3222.5 0 -185
v 3261.6875 0 -186.953125
v 3188.375 0 -186.953125
v 3261.6875 0 -171.89218139648438
v 3243.359375 0 -156.83125305175781
v 3243.359375 0 -186.953125
v 3243.359375 0 -171.89218139648438
v 3298.34375 0 -186.953125
v 3188.375 0 -126.70937347412109
v 3206.703125 0 -156.83125305175781
v 3188.375 0 -171.89218139648438
v 3206.703125 0 -186.953125
v 3206.703125 0 -171.89218139648438
v 3151.71875 0 -156.83125305175781
v 3115.0625 0 -186.953125
v 3151.71875 0 -186.953125
v 3222.5 0 0
v 3057.5 0 0
v 3057.5 0 -40
v 3115.0625 0 -36.34375
v 3067.5 0 -40
v 3115.0625 0 -66.465621948242188
v 3078.40625 0 -36.34375
v 3078.40625 0 -96.587501525878906
v 3078.40625 0 -66.465621948242188
v 2895.125 0 -36.34375
v 2968.4375 0 -96.587501525878906
v 2968.4375 0 -36.34375
v 2601.875 0 -96.587501525878906
v 2748.5 0 -217.07499694824219
v 3078.40625 0 -51.404685974121094
v 3115.0625 0 -6.2218751907348633
v 3078.40625 0 -6.2218751907348633
v 3005.09375 0 -36.34375
v 2968.4375 0 -66.465621948242188
v 3005.09375 0 -96.587501525878906
v 3005.09375 0 -66.465621948242188
v 2968.4375 0 -217.07499694824219
v 3067.5 0 -155
v 3047.5 0 -155
v 3115.0625 0 -126.70937347412109
v 3078.40625 0 -156.83125305175781
v 3078.40625 0 -126.70937347412109
v 3047.5 0 -270
v 3047.5 0 -385
v 3057.5 0 -385
v 3078.40625 0 -337.5625
v 3078.40625 0 -397.80624389648438
v 3078.40625 0 -367.68438720703125
v 2968.4375 0 -337.5625
v 2895.125 0 -397.80624389648438
v 2968.4375 0 -397.80624389648438
v 2601.875 0 -337.5625
v 2748.5 0 -337.5625
v 3078.40625 0 -382.74530029296875
v 3060.078125 0 -367.68438720703125
v 3005.09375 0 -337.5625
v 2968.4375 0 -367.68438720703125
v 3005.09375 0 -397.80624389648438
v 3005.09375 0 -367.68438720703125
v 2895.125 0 -277.31875610351562
v 2968.4375 0 -277.31875610351562
v 3078.40625 0 -458.04998779296875
v 3078.40625 0 -427.92813110351562
v 3057.5 0 -395
v 3047.5 0 -395
v 3047.5 0 -505
v 3032.5 0 -505
v 3115.0625 0 -488.171875
v 3078.40625 0 -518.29376220703125
v 3078.40625 0 -488.171875
v 3005.09375 0 -458.04998779296875
v 2968.4375 0 -488.171875
v 3005.09375 0 -518.29376220703125
v 3005.09375 0 -488.171875
v 3032.5 0 -335
v 3032.5 0 -165
v 2844.166748046875 0 -165
v 2655.833251953125 0 -165
v 2467.5 0 -165
v 2467.5 0 -335
v 2467.5 0 -505
v 2467.5 0 -625
v 2467.5 0 -745
v 2457.5 0 -745
v 2528.5625 0 -729.1468505859375
v 2491.90625 0 -699.0250244140625
v 2491.90625 0 -729.1468505859375
v 2601.875 0 -638.78125
v 2528.5625 0 -578.5374755859375
v 2528.5625 0 -638.78125
v 2491.90625 0 -744.20782470703125
v 2473.578125 0 -729.1468505859375
v 2473.578125 0 -759.26873779296875
v 2473.578125 0 -744.20782470703125
v 2418.59375 0 -699.0250244140625
v 2381.9375 0 -729.1468505859375
v 2418.59375 0 -759.26873779296875
v 2418.59375 0 -729.1468505859375
v 2381.9375 0 -578.5374755859375
v 2457.5 0 -640
v 2272.5 0 -640
v 2272.5 0 -630
v 2235.3125 0 -578.5374755859375
v 2235.3125 0 -638.78125
v 2308.625 0 -668.90313720703125
v 2235.3125 0 -668.90313720703125
v 2271.96875 0 -699.0250244140625
v 2271.96875 0 -668.90313720703125
v 2308.625 0 -653.8421630859375
v 2271.96875 0 -653.8421630859375
v 2290.296875 0 -668.90313720703125
v 2290.296875 0 -653.8421630859375
v 2381.9375 0 -668.90313720703125
v 2345.28125 0 -699.0250244140625
v 2345.28125 0 -668.90313720703125
v 2308.625 0 -608.65936279296875
v 2271.96875 0 -578.5374755859375
v 2235.3125 0 -608.65936279296875
v 2271.96875 0 -608.65936279296875
v 2308.625 0 -518.29376220703125
v 2235.3125 0 -458.04998779296875
v 2235.3125 0 -518.29376220703125
v 2308.625 0 -337.5625
v 2162 0 -217.07499694824219
v 2015.375 0 -337.5625
v 2162 0 -337.5625
v 2308.625 0 -623.7203369140625
v 2290.296875 0 -608.65936279296875
v 2271.96875 0 -623.7203369140625
v 2290.296875 0 -623.7203369140625
v 2381.9375 0 -608.65936279296875
v 2345.28125 0 -578.5374755859375
v 2345.28125 0 -608.65936279296875
v 2381.9375 0 -458.04998779296875
v 2381.9375 0 -518.29376220703125
v 2457.5 0 -630
v 2457.5 0 -475
v 2457.5 0 -320
v 2457.5 0 -165
v 2451.712158203125 0 -165
v 2308.625 0 -96.587501525878906
v 2455.25 0 -96.587501525878906
v 2528.5625 0 -96.587501525878906
v 2528.5625 0 -217.07499694824219
v 2528.5625 0 -186.953125
v 2491.90625 0 -217.07499694824219
v 2491.90625 0 -186.953125
v 2381.9375 0 -96.587501525878906
v 2308.625 0 -156.83125305175781
v 2381.9375 0 -217.07499694824219
v 2381.9375 0 -156.83125305175781
v 2162 0 -96.587501525878906
v 2601.875 0 -277.31875610351562
v 2528.5625 0 -337.5625
v 2528.5625 0 -277.31875610351562
v 2491.90625 0 -171.89218139648438
v 2473.578125 0 -186.953125
v 2473.578125 0 -171.89218139648438
v 2528.5625 0 -126.70937347412109
v 2491.90625 0 -96.587501525878906
v 2455.25 0 -126.70937347412109
v 2491.90625 0 -126.70937347412109
v 2601.875 0 -36.34375
v 2455.25 0 -36.34375
v 2528.5625 0 -36.34375
v 2418.59375 0 -156.83125305175781
v 2381.9375 0 -186.953125
v 2418.59375 0 -217.07499694824219
v 2418.59375 0 -186.953125
v 2308.625 0 -277.31875610351562
v 2381.9375 0 -337.5625
v 2381.9375 0 -277.31875610351562
v 2436.921875 0 -156.83125305175781
v 2418.59375 0 -171.89218139648438
v 2436.921875 0 -186.953125
v 2436.921875 0 -171.89218139648438
v 2418.59375 0 -96.587501525878906
v 2381.9375 0 -126.70937347412109
v 2418.59375 0 -126.70937347412109
v 2308.625 0 -36.34375
v 2381.9375 0 -36.34375
v 2451.712158203125 0 -155
v 2455.25 0 -141.77030944824219
v 2436.921875 0 -126.70937347412109
v 2418.59375 0 -141.77030944824219
v 2436.921875 0 -141.77030944824219
v 2645.30810546875 0 -155
v 2838.904052734375 0 -155
v 3032.5 0 -155
v 3032.5 0 -40
v 3042.5 0 -40
v 3023.421875 0 -36.34375
v 3005.09375 0 -51.404685974121094
v 3023.421875 0 -66.465621948242188
v 3023.421875 0 -51.404685974121094
v 2968.4375 0 -6.2218751907348633
v 3005.09375 0 -6.2218751907348633
v 3042.5 0 5
v 2866.25 0 5
v 2690 0 5
v 2513.75 0 5
v 2337.5 0 5
v 2337.5 0 -40
v 2352.5 0 -40
v 2381.9375 0 -66.465621948242188
v 2308.625 0 -66.465621948242188
v 2162 0 -36.34375
v 2235.3125 0 -96.587501525878906
v 2235.3125 0 -36.34375
v 2352.5 0 -155
v 2358.046142578125 0 -155
v 2308.625 0 -126.70937347412109
v 2162 0 -156.83125305175781
v 2235.3125 0 -217.07499694824219
v 2235.3125 0 -156.83125305175781
v 2381.9375 0 -141.77030944824219
v 2363.609375 0 -126.70937347412109
v 2363.609375 0 -156.83125305175781
v 2363.609375 0 -141.77030944824219
v 2308.625 0 -186.953125
v 2345.28125 0 -217.07499694824219
v 2345.28125 0 -186.953125
v 2363.609375 0 -149.30078125
v 2354.4453125 0 -141.77030944824219
v 2354.4453125 0 -149.30078125
v 2308.625 0 -141.77030944824219
v 2271.96875 0 -96.587501525878906
v 2235.3125 0 -126.70937347412109
v 2271.96875 0 -156.83125305175781
v 2271.96875 0 -126.70937347412109
v 2381.9375 0 -171.89218139648438
v 2345.28125 0 -171.89218139648438
v 2363.609375 0 -186.953125
v 2363.609375 0 -171.89218139648438
v 2358.046142578125 0 -165
v 2352.5 0 -165
v 2363.609375 0 -164.36172485351562
v 2354.4453125 0 -171.89218139648438
v 2308.625 0 -171.89218139648438
v 2326.953125 0 -186.953125
v 2326.953125 0 -171.89218139648438
v 2235.3125 0 -186.953125
v 2271.96875 0 -217.07499694824219
v 2271.96875 0 -186.953125
v 2162 0 -277.31875610351562
v 2235.3125 0 -337.5625
v 2235.3125 0 -277.31875610351562
v 2327.5 0 -165
v 2327.5 0 0
v 2215 0 0
v 2102.5 0 0
v 2102.5 0 -105
v 2002.5 0 -105
v 2002.5 0 -215
v 2002.5 0 -325
v 1977.5 0 -325
v 1722.125 0 -337.5625
v 1868.75 0 -337.5625
v 2015.375 0 -277.31875610351562
v 1942.0625 0 -337.5625
v 1722.125 0 -96.587501525878906
v 1967.5 0 -325
v 2015.375 0 -307.44061279296875
v 1942.0625 0 -307.44061279296875
v 1978.71875 0 -337.5625
v 2015.375 0 -397.80624389648438
v 1868.75 0 -397.80624389648438
v 1942.0625 0 -458.04998779296875
v 1942.0625 0 -397.80624389648438
v 2088.6875 0 -217.07499694824219
v 2088.6875 0 -337.5625
v 2088.6875 0 -277.31875610351562
v 1942.0625 0 -322.50155639648438
v 1960.390625 0 -337.5625
v 1960.390625 0 -322.50155639648438
v 1905.40625 0 -337.5625
v 1795.4375 0 -217.07499694824219
v 1795.4375 0 -337.5625
v 1795.4375 0 -277.31875610351562
v 1575.5 0 -458.04998779296875
v 2015.375 0 -367.68438720703125
v 1942.0625 0 -367.68438720703125
v 1978.71875 0 -397.80624389648438
v 1978.71875 0 -367.68438720703125
v 2088.6875 0 -397.80624389648438
v 1967.5 0 -305
v 1857.5 0 -305
v 1857.5 0 -315
v 1832.09375 0 -277.31875610351562
v 1795.4375 0 -307.44061279296875
v 1832.09375 0 -337.5625
v 1832.09375 0 -307.44061279296875
v 1795.4375 0 -458.04998779296875
v 1795.4375 0 -397.80624389648438
v 1832.09375 0 -292.37969970703125
v 1832.09375 0 -217.07499694824219
v 1795.4375 0 -247.19686889648438
v 1832.09375 0 -247.19686889648438
v 1795.4375 0 -96.587501525878906
v 1722.125 0 -156.83125305175781
v 1795.4375 0 -156.83125305175781
v 1868.75 0 -322.50155639648438
v 1832.09375 0 -322.50155639648438
v 1850.421875 0 -337.5625
v 1850.421875 0 -322.50155639648438
v 1868.75 0 -367.68438720703125
v 1795.4375 0 -367.68438720703125
v 1832.09375 0 -397.80624389648438
v 1832.09375 0 -367.68438720703125
v 1847.5 0 -315
v 1847.5 0 -110
v 1847.5 0 -95
v 1832.09375 0 -96.587501525878906
v 1795.4375 0 -126.70937347412109
v 1832.09375 0 -156.83125305175781
v 1832.09375 0 -126.70937347412109
v 2015.375 0 -156.83125305175781
v 1868.75 0 -36.34375
v 1722.125 0 -36.34375
v 1795.4375 0 -36.34375
v 1868.75 0 -66.465621948242188
v 1832.09375 0 -36.34375
v 1795.4375 0 -66.465621948242188
v 1832.09375 0 -66.465621948242188
v 2015.375 0 -36.34375
v 1942.0625 0 -36.34375
v 1977.5 0 -95
v 1977.5 0 -105
v 2015.375 0 -66.465621948242188
v 1978.71875 0 -36.34375
v 1942.0625 0 -66.465621948242188
v 1978.71875 0 -66.465621948242188
v 1978.71875 0 -81.526565551757812
v 1960.390625 0 -66.465621948242188
v 1942.0625 0 -81.526565551757812
v 1960.390625 0 -81.526565551757812
v 1905.40625 0 -36.34375
v 1905.40625 0 -66.465621948242188
v 2015.375 0 -126.70937347412109
v 2088.6875 0 -156.83125305175781
v 1992.5 0 -105
v 1992.5 0 -95
v 2088.6875 0 -126.70937347412109
v 2052.03125 0 -156.83125305175781
v 2052.03125 0 -126.70937347412109
v 2015.375 0 -81.526565551757812
v 1997.046875 0 -66.465621948242188
v 1997.046875 0 -81.526565551757812
v 2052.03125 0 -36.34375
v 2052.03125 0 -66.465621948242188
v 2092.5 0 -95
v 2092.5 0 0
v 1892.5 0 0
v 1692.5 0 0
v 1692.5 0 -95
v 1702.5 0 -95
v 1722.125 0 -66.465621948242188
v 1722.125 0 -81.526565551757812
v 1703.796875 0 -66.465621948242188
v 1703.796875 0 -81.526565551757812
v 1722.125 0 -126.70937347412109
v 1758.78125 0 -36.34375
v 1758.78125 0 -96.587501525878906
v 1758.78125 0 -66.465621948242188
v 1702.5 0 -110
v 1702.5 0 -255
v 1702.5 0 -400
v 1747.5 0 -400
v 1747.5 0 -490
v 1847.5 0 -490
v 1847.5 0 -415
v 1857.5 0 -415
v 1868.75 0 -427.92813110351562
v 1795.4375 0 -427.92813110351562
v 1832.09375 0 -458.04998779296875
v 1832.09375 0 -427.92813110351562
v 1795.4375 0 -578.5374755859375
v 1795.4375 0 -518.29376220703125
v 1575.5 0 -578.5374755859375
v 1868.75 0 -412.8671875
v 1850.421875 0 -397.80624389648438
v 1832.09375 0 -412.8671875
v 1942.0625 0 -427.92813110351562
v 1905.40625 0 -397.80624389648438
v 1905.40625 0 -458.04998779296875
v 1905.40625 0 -427.92813110351562
v 1942.0625 0 -518.29376220703125
v 1857.5 0 -490
v 1980 0 -490
v 2102.5 0 -490
v 2102.5 0 -425
v 2162.5 0 -425
v 2162.5 0 -490
v 2162.5 0 -630
v 2172.5 0 -630
v 2198.65625 0 -578.5374755859375
v 2198.65625 0 -638.78125
v 2198.65625 0 -608.65936279296875
v 2088.6875 0 -578.5374755859375
v 2088.6875 0 -638.78125
v 2198.65625 0 -623.7203369140625
v 2180.328125 0 -608.65936279296875
v 2180.328125 0 -638.78125
v 2180.328125 0 -623.7203369140625
v 2125.34375 0 -578.5374755859375
v 2088.6875 0 -608.65936279296875
v 2125.34375 0 -638.78125
v 2125.34375 0 -608.65936279296875
v 2088.6875 0 -518.29376220703125
v 2198.65625 0 -699.0250244140625
v 2198.65625 0 -668.90313720703125
v 2172.5 0 -640
v 2198.65625 0 -653.8421630859375
v 2180.328125 0 -668.90313720703125
v 2180.328125 0 -653.8421630859375
v 2088.6875 0 -668.90313720703125
v 2125.34375 0 -699.0250244140625
v 2125.34375 0 -668.90313720703125
v 2162.5 0 -640
v 2162.5 0 -745
v 2147.5 0 -745
v 2235.3125 0 -729.1468505859375
v 2198.65625 0 -729.1468505859375
v 2088.6875 0 -729.1468505859375
v 2125.34375 0 -759.26873779296875
v 2125.34375 0 -729.1468505859375
v 2147.5 0 -625
v 2147.5 0 -505
v 2002.5 0 -505
v 1857.5 0 -505
v 1747.5 0 -505
v 1677.5 0 -505
v 1677.5 0 -385
v 1677.5 0 -265
v 1460 0 -265
v 1460 0 -430
v 1460 0 -595
v 1440 0 -595
v 1575.5 0 -638.78125
v 1502.1875 0 -578.5374755859375
v 1428.875 0 -638.78125
v 1502.1875 0 -699.0250244140625
v 1502.1875 0 -638.78125
v 1282.25 0 -458.04998779296875
v 1282.25 0 -699.0250244140625
v 1502.1875 0 -608.65936279296875
v 1428.875 0 -608.65936279296875
v 1465.53125 0 -638.78125
v 1465.53125 0 -608.65936279296875
v 1575.5 0 -518.29376220703125
v 1502.1875 0 -458.04998779296875
v 1502.1875 0 -518.29376220703125
v 1282.25 0 -638.78125
v 1355.5625 0 -699.0250244140625
v 1355.5625 0 -638.78125
v 1135.625 0 -819.51251220703125
v 1282.25 0 -940
v 1282.25 0 -819.51251220703125
v 1305 0 -595
v 1170 0 -595
v 1170 0 -599.36492919921875
v 1135.625 0 -638.78125
v 1208.9375 0 -699.0250244140625
v 1208.9375 0 -638.78125
v 989 0 -458.04998779296875
v 842.375 0 -578.5374755859375
v 989 0 -699.0250244140625
v 1208.9375 0 -608.65936279296875
v 1135.625 0 -608.65936279296875
v 1282.25 0 -518.29376220703125
v 1208.9375 0 -458.04998779296875
v 1135.625 0 -518.29376220703125
v 1208.9375 0 -518.29376220703125
v 1282.25 0 -217.07499694824219
v 1135.625 0 -337.5625
v 1282.25 0 -337.5625
v 989 0 -638.78125
v 1062.3125 0 -638.78125
v 989 0 -940
v 1208.9375 0 -548.4156494140625
v 1172.28125 0 -518.29376220703125
v 1135.625 0 -548.4156494140625
v 1172.28125 0 -548.4156494140625
v 1062.3125 0 -458.04998779296875
v 989 0 -518.29376220703125
v 1062.3125 0 -518.29376220703125
v 989 0 -217.07499694824219
v 842.375 0 -337.5625
v 989 0 -337.5625
v 1062.3125 0 -608.65936279296875
v 1098.96875 0 -638.78125
v 1098.96875 0 -608.65936279296875
v 1135.625 0 -623.7203369140625
v 1208.9375 0 -668.90313720703125
v 1282.25 0 -759.26873779296875
v 1135.625 0 -759.26873779296875
v 1208.9375 0 -819.51251220703125
v 1208.9375 0 -759.26873779296875
v 1282.25 0 -608.65936279296875
v 1245.59375 0 -638.78125
v 1245.59375 0 -608.65936279296875
v 1170 0 -710
v 1085 0 -710
v 1085 0 -916.66668701171875
v 1085 0 -1123.3333740234375
v 1085 0 -1330
v 1020 0 -1330
v 1135.625 0 -1301.4625244140625
v 989 0 -1180.9749755859375
v 842.375 0 -1301.4625244140625
v 989 0 -1421.949951171875
v 989 0 -1301.4625244140625
v 980 0 -1330
v 1135.625 0 -1361.706298828125
v 989 0 -1361.706298828125
v 1062.3125 0 -1421.949951171875
v 1062.3125 0 -1361.706298828125
v 842.375 0 -1542.4375
v 1282.25 0 -1180.9749755859375
v 1282.25 0 -1421.949951171875
v 1282.25 0 -1301.4625244140625
v 915.6875 0 -1301.4625244140625
v 842.375 0 -1361.706298828125
v 915.6875 0 -1421.949951171875
v 915.6875 0 -1361.706298828125
v 695.75 0 -1180.9749755859375
v 549.125 0 -1301.4625244140625
v 695.75 0 -1421.949951171875
v 695.75 0 -1301.4625244140625
v 980 0 -1320
v 952.34375 0 -1301.4625244140625
v 915.6875 0 -1331.5843505859375
v 952.34375 0 -1361.706298828125
v 952.34375 0 -1331.5843505859375
v 989 0 -1241.21875
v 915.6875 0 -1180.9749755859375
v 842.375 0 -1241.21875
v 915.6875 0 -1241.21875
v 1135.625 0 -1060.487548828125
v 842.375 0 -1060.487548828125
v 989 0 -1060.487548828125
v 970.671875 0 -1301.4625244140625
v 952.34375 0 -1316.5234375
v 970.671875 0 -1331.5843505859375
v 970.671875 0 -1316.5234375
v 1025.65625 0 -1361.706298828125
v 1135.625 0 -1241.21875
v 989 0 -1271.340576171875
v 952.34375 0 -1241.21875
v 915.6875 0 -1271.340576171875
v 952.34375 0 -1271.340576171875
v 1055 0 -1320
v 1055 0 -1150
v 980 0 -1150
v 980 0 -1140
v 989 0 -1120.731201171875
v 915.6875 0 -1060.487548828125
v 842.375 0 -1120.731201171875
v 915.6875 0 -1120.731201171875
v 695.75 0 -940
v 549.125 0 -1060.487548828125
v 695.75 0 -1060.487548828125
v 952.34375 0 -1120.731201171875
v 915.6875 0 -1150.8531494140625
v 952.34375 0 -1180.9749755859375
v 952.34375 0 -1150.8531494140625
v 1135.625 0 -1120.731201171875
v 1282.25 0 -1060.487548828125
v 989 0 -1135.792236328125
v 970.671875 0 -1120.731201171875
v 952.34375 0 -1135.792236328125
v 970.671875 0 -1150.8531494140625
v 970.671875 0 -1135.792236328125
v 989 0 -1090.609375
v 952.34375 0 -1060.487548828125
v 915.6875 0 -1090.609375
v 952.34375 0 -1090.609375
v 989 0 -1000.2437744140625
v 915.6875 0 -940
v 842.375 0 -1000.2437744140625
v 915.6875 0 -1000.2437744140625
v 1055 0 -1140
v 1055 0 -925
v 980 0 -925
v 980 0 -915
v 989 0 -879.7562255859375
v 842.375 0 -879.7562255859375
v 915.6875 0 -879.7562255859375
v 695.75 0 -699.0250244140625
v 695.75 0 -819.51251220703125
v 989 0 -909.87811279296875
v 952.34375 0 -879.7562255859375
v 915.6875 0 -909.87811279296875
v 952.34375 0 -940
v 952.34375 0 -909.87811279296875
v 1135.625 0 -879.7562255859375
v 970.671875 0 -909.87811279296875
v 952.34375 0 -924.9390869140625
v 970.671875 0 -940
v 970.671875 0 -924.9390869140625
v 989 0 -970.12188720703125
v 915.6875 0 -970.12188720703125
v 952.34375 0 -1000.2437744140625
v 952.34375 0 -970.12188720703125
v 1135.625 0 -1000.2437744140625
v 1025.65625 0 -879.7562255859375
v 1025.65625 0 -909.87811279296875
v 1055 0 -915
v 1055 0 -815
v 875 0 -815
v 875 0 -915
v 890 0 -915
v 842.375 0 -909.87811279296875
v 769.0625 0 -819.51251220703125
v 695.75 0 -879.7562255859375
v 769.0625 0 -940
v 769.0625 0 -879.7562255859375
v 890 0 -925
v 915.6875 0 -924.9390869140625
v 897.359375 0 -909.87811279296875
v 897.359375 0 -940
v 897.359375 0 -924.9390869140625
v 842.375 0 -970.12188720703125
v 695.75 0 -1000.2437744140625
v 769.0625 0 -1060.487548828125
v 769.0625 0 -1000.2437744140625
v 875 0 -925
v 875 0 -1140
v 890 0 -1140
v 879.03125 0 -1120.731201171875
v 842.375 0 -1150.8531494140625
v 695.75 0 -1120.731201171875
v 769.0625 0 -1180.9749755859375
v 769.0625 0 -1120.731201171875
v 890 0 -1150
v 915.6875 0 -1135.792236328125
v 897.359375 0 -1120.731201171875
v 897.359375 0 -1150.8531494140625
v 897.359375 0 -1135.792236328125
v 842.375 0 -1090.609375
v 875 0 -1150
v 875 0 -1320
v 890 0 -1320
v 879.03125 0 -1361.706298828125
v 769.0625 0 -1301.4625244140625
v 695.75 0 -1361.706298828125
v 769.0625 0 -1421.949951171875
v 769.0625 0 -1361.706298828125
v 549.125 0 -1542.4375
v 695.75 0 -1662.925048828125
v 695.75 0 -1542.4375
v 890 0 -1330
v 915.6875 0 -1316.5234375
v 897.359375 0 -1301.4625244140625
v 897.359375 0 -1331.5843505859375
v 897.359375 0 -1316.5234375
v 842.375 0 -1271.340576171875
v 695.75 0 -1241.21875
v 769.0625 0 -1241.21875
v 865 0 -1330
v 660 0 -1330
v 660 0 -1340
v 622.4375 0 -1301.4625244140625
v 549.125 0 -1361.706298828125
v 622.4375 0 -1421.949951171875
v 622.4375 0 -1361.706298828125
v 402.5 0 -1180.9749755859375
v 255.875 0 -1301.4625244140625
v 402.5 0 -1421.949951171875
v 402.5 0 -1301.4625244140625
v 659.09375 0 -1301.4625244140625
v 622.4375 0 -1331.5843505859375
v 659.09375 0 -1361.706298828125
v 622.4375 0 -1180.9749755859375
v 549.125 0 -1241.21875
v 622.4375 0 -1241.21875
v 695.75 0 -1316.5234375
v 677.421875 0 -1301.4625244140625
v 659.09375 0 -1316.5234375
v 677.421875 0 -1316.5234375
v 732.40625 0 -1301.4625244140625
v 732.40625 0 -1361.706298828125
v 695.75 0 -1271.340576171875
v 659.09375 0 -1241.21875
v 622.4375 0 -1271.340576171875
v 659.09375 0 -1271.340576171875
v 695.75 0 -1346.645263671875
v 659.09375 0 -1346.645263671875
v 677.421875 0 -1361.706298828125
v 677.421875 0 -1346.645263671875
v 695.75 0 -1391.828125
v 622.4375 0 -1391.828125
v 659.09375 0 -1421.949951171875
v 659.09375 0 -1391.828125
v 695.75 0 -1482.1937255859375
v 549.125 0 -1482.1937255859375
v 255.875 0 -1542.4375
v 402.5 0 -1662.925048828125
v 402.5 0 -1542.4375
v 650 0 -1340
v 640.765625 0 -1331.5843505859375
v 622.4375 0 -1346.645263671875
v 640.765625 0 -1361.706298828125
v 640.765625 0 -1346.645263671875
v 585.78125 0 -1301.4625244140625
v 549.125 0 -1331.5843505859375
v 585.78125 0 -1361.706298828125
v 585.78125 0 -1331.5843505859375
v 475.8125 0 -1301.4625244140625
v 402.5 0 -1361.706298828125
v 475.8125 0 -1421.949951171875
v 475.8125 0 -1361.706298828125
v 650 0 -1330
v 640.765625 0 -1301.4625244140625
v 622.4375 0 -1316.5234375
v 640.765625 0 -1316.5234375
v 650 0 -1320
v 865 0 -1320
v 865 0 -1163.3333740234375
v 865 0 -1006.6666870117188
v 865 0 -850
v 865 0 -712.5
v 865 0 -575
v 890 0 -575
v 915.6875 0 -458.04998779296875
v 842.375 0 -518.29376220703125
v 915.6875 0 -578.5374755859375
v 915.6875 0 -518.29376220703125
v 695.75 0 -458.04998779296875
v 549.125 0 -578.5374755859375
v 695.75 0 -578.5374755859375
v 890 0 -585
v 915.6875 0 -548.4156494140625
v 879.03125 0 -518.29376220703125
v 842.375 0 -548.4156494140625
v 879.03125 0 -548.4156494140625
v 769.0625 0 -458.04998779296875
v 695.75 0 -518.29376220703125
v 769.0625 0 -578.5374755859375
v 769.0625 0 -518.29376220703125
v 549.125 0 -337.5625
v 842.375 0 -638.78125
v 915.6875 0 -699.0250244140625
v 915.6875 0 -638.78125
v 915.6875 0 -563.4765625
v 897.359375 0 -548.4156494140625
v 879.03125 0 -563.4765625
v 897.359375 0 -578.5374755859375
v 897.359375 0 -563.4765625
v 915.6875 0 -608.65936279296875
v 842.375 0 -608.65936279296875
v 879.03125 0 -608.65936279296875
v 769.0625 0 -699.0250244140625
v 769.0625 0 -638.78125
v 989 0 -548.4156494140625
v 952.34375 0 -518.29376220703125
v 952.34375 0 -578.5374755859375
v 952.34375 0 -548.4156494140625
v 915.6875 0 -593.59844970703125
v 879.03125 0 -593.59844970703125
v 897.359375 0 -608.65936279296875
v 897.359375 0 -593.59844970703125
v 989 0 -608.65936279296875
v 952.34375 0 -638.78125
v 952.34375 0 -608.65936279296875
v 875 0 -585
v 875 0 -755
v 1055 0 -755
v 1055 0 -680
v 1155 0 -680
v 1155 0 -585
v 980 0 -585
v 980 0 -575
v 989 0 -593.59844970703125
v 970.671875 0 -578.5374755859375
v 952.34375 0 -593.59844970703125
v 970.671875 0 -608.65936279296875
v 970.671875 0 -593.59844970703125
v 1025.65625 0 -638.78125
v 1025.65625 0 -608.65936279296875
v 989 0 -563.4765625
v 970.671875 0 -548.4156494140625
v 952.34375 0 -563.4765625
v 970.671875 0 -563.4765625
v 1062.3125 0 -548.4156494140625
v 1025.65625 0 -518.29376220703125
v 1025.65625 0 -548.4156494140625
v 1075 0 -575
v 1075 0 -565
v 1098.96875 0 -518.29376220703125
v 1098.96875 0 -548.4156494140625
v 1080.640625 0 -548.4156494140625
v 1085 0 -565
v 1085 0 -575
v 1155 0 -575
v 1170 0 -575
v 1305 0 -575
v 1440 0 -575
v 1440 0 -383.33334350585938
v 1440 0 -191.66667175292969
v 1440 0 0
v 1262.5 0 0
v 1085 0 0
v 1085 0 -150
v 1085 0 -300
v 1085 0 -450
v 1085 0 -465
v 1135.625 0 -397.80624389648438
v 1062.3125 0 -337.5625
v 989 0 -397.80624389648438
v 1062.3125 0 -397.80624389648438
v 1135.625 0 -427.92813110351562
v 1098.96875 0 -397.80624389648438
v 1062.3125 0 -427.92813110351562
v 1098.96875 0 -458.04998779296875
v 1098.96875 0 -427.92813110351562
v 1282.25 0 -397.80624389648438
v 1208.9375 0 -337.5625
v 1208.9375 0 -397.80624389648438
v 1135.625 0 -488.171875
v 1062.3125 0 -488.171875
v 1098.96875 0 -488.171875
v 1075 0 -465
v 1098.96875 0 -473.11093139648438
v 1062.3125 0 -473.11093139648438
v 1080.640625 0 -488.171875
v 1080.640625 0 -473.11093139648438
v 1025.65625 0 -458.04998779296875
v 989 0 -488.171875
v 1025.65625 0 -488.171875
v 1075 0 -450
v 1060 0 -450
v 1025.65625 0 -397.80624389648438
v 989 0 -427.92813110351562
v 1025.65625 0 -427.92813110351562
v 915.6875 0 -337.5625
v 842.375 0 -397.80624389648438
v 915.6875 0 -397.80624389648438
v 1060 0 -440
v 1043.984375 0 -427.92813110351562
v 1025.65625 0 -442.98907470703125
v 1043.984375 0 -458.04998779296875
v 1043.984375 0 -442.98907470703125
v 1075 0 -440
v 1075 0 -293.33334350585938
v 1075 0 -146.66667175292969
v 1075 0 0
v 887.5 0 0
v 700 0 0
v 700 0 -190
v 700 0 -380
v 770 0 -380
v 770 0 -440
v 960 0 -440
v 960 0 -450
v 952.34375 0 -397.80624389648438
v 915.6875 0 -427.92813110351562
v 952.34375 0 -458.04998779296875
v 952.34375 0 -427.92813110351562
v 989 0 -442.98907470703125
v 970.671875 0 -427.92813110351562
v 970.671875 0 -458.04998779296875
v 970.671875 0 -442.98907470703125
v 915.6875 0 -488.171875
v 952.34375 0 -488.171875
v 845 0 -450
v 730 0 -450
v 730 0 -465
v 622.4375 0 -337.5625
v 549.125 0 -397.80624389648438
v 622.4375 0 -458.04998779296875
v 622.4375 0 -397.80624389648438
v 402.5 0 -217.07499694824219
v 255.875 0 -337.5625
v 402.5 0 -458.04998779296875
v 402.5 0 -337.5625
v 769.0625 0 -488.171875
v 695.75 0 -488.171875
v 732.40625 0 -518.29376220703125
v 732.40625 0 -488.171875
v 549.125 0 -518.29376220703125
v 622.4375 0 -578.5374755859375
v 622.4375 0 -518.29376220703125
v 402.5 0 -699.0250244140625
v 720 0 -465
v 732.40625 0 -473.11093139648438
v 714.078125 0 -458.04998779296875
v 695.75 0 -473.11093139648438
v 714.078125 0 -488.171875
v 714.078125 0 -473.11093139648438
v 659.09375 0 -458.04998779296875
v 622.4375 0 -488.171875
v 659.09375 0 -518.29376220703125
v 659.09375 0 -488.171875
v 720 0 -450
v 595 0 -450
v 595 0 -440
v 622.4375 0 -427.92813110351562
v 585.78125 0 -397.80624389648438
v 549.125 0 -427.92813110351562
v 585.78125 0 -458.04998779296875
v 585.78125 0 -427.92813110351562
v 402.5 0 -397.80624389648438
v 475.8125 0 -458.04998779296875
v 604.109375 0 -427.92813110351562
v 585.78125 0 -442.98907470703125
v 604.109375 0 -458.04998779296875
v 549.125 0 -488.171875
v 585.78125 0 -518.29376220703125
v 585.78125 0 -488.171875
v 402.5 0 -518.29376220703125
v 475.8125 0 -518.29376220703125
v 659.09375 0 -397.80624389648438
v 659.09375 0 -427.92813110351562
v 680 0 -440
v 680 0 -242.5
v 680 0 -45
v 690 0 -45
v 842.375 0 -96.587501525878906
v 549.125 0 -96.587501525878906
v 549.125 0 -36.34375
v 622.4375 0 -96.587501525878906
v 622.4375 0 -36.34375
v 255.875 0 -96.587501525878906
v 402.5 0 -96.587501525878906
v 659.09375 0 -36.34375
v 622.4375 0 -66.465621948242188
v 659.09375 0 -96.587501525878906
v 659.09375 0 -66.465621948242188
v 549.125 0 -156.83125305175781
v 622.4375 0 -217.07499694824219
v 622.4375 0 -156.83125305175781
v 842.375 0 -36.34375
v 769.0625 0 -96.587501525878906
v 769.0625 0 -36.34375
v 989 0 -96.587501525878906
v 659.09375 0 -51.404685974121094
v 677.421875 0 -66.465621948242188
v 677.421875 0 -51.404685974121094
v 769.0625 0 -66.465621948242188
v 732.40625 0 -36.34375
v 732.40625 0 -96.587501525878906
v 732.40625 0 -66.465621948242188
v 842.375 0 -156.83125305175781
v 769.0625 0 -217.07499694824219
v 769.0625 0 -156.83125305175781
v 622.4375 0 -6.2218751907348633
v 659.09375 0 -6.2218751907348633
v 690 0 0
v 480 0 0
v 480 0 -146.66667175292969
v 480 0 -293.33334350585938
v 480 0 -440
v 495 0 -440
v 512.46875 0 -397.80624389648438
v 512.46875 0 -458.04998779296875
v 512.46875 0 -427.92813110351562
v 495 0 -450
v 512.46875 0 -442.98907470703125
v 494.140625 0 -458.04998779296875
v 439.15625 0 -397.80624389648438
v 402.5 0 -427.92813110351562
v 439.15625 0 -458.04998779296875
v 439.15625 0 -427.92813110351562
v 329.1875 0 -337.5625
v 255.875 0 -397.80624389648438
v 329.1875 0 -458.04998779296875
v 329.1875 0 -397.80624389648438
v 109.25 0 -217.07499694824219
v 109.25 0 -458.04998779296875
v 109.25 0 -337.5625
v 475.8125 0 -488.171875
v 512.46875 0 -518.29376220703125
v 512.46875 0 -488.171875
v 470 0 -450
v 470 0 -300
v 470 0 -150
v 470 0 0
v 313.33334350585938 0 0
v 156.66667175292969 0 0
v 0 0 0
v 0 0 -193.33332824707031
v 0 0 -386.66665649414062
v 0 0 -580
v 161.66667175292969 0 -580
v 323.33334350585938 0 -580
v 485 0 -580
v 485 0 -640
v 602.5 0 -640
v 720 0 -640
v 720 0 -565
v 730 0 -565
v 769.0625 0 -548.4156494140625
v 695.75 0 -548.4156494140625
v 732.40625 0 -548.4156494140625
v 714.078125 0 -548.4156494140625
v 695.75 0 -563.4765625
v 714.078125 0 -578.5374755859375
v 714.078125 0 -563.4765625
v 622.4375 0 -548.4156494140625
v 659.09375 0 -578.5374755859375
v 659.09375 0 -548.4156494140625
v 769.0625 0 -608.65936279296875
v 730 0 -650
v 560 0 -650
v 560 0 -720
v 560 0 -850
v 735 0 -850
v 735 0 -860
v 769.0625 0 -849.6343994140625
v 732.40625 0 -819.51251220703125
v 732.40625 0 -879.7562255859375
v 695.75 0 -759.26873779296875
v 769.0625 0 -759.26873779296875
v 549.125 0 -879.7562255859375
v 622.4375 0 -940
v 622.4375 0 -879.7562255859375
v 255.875 0 -819.51251220703125
v 402.5 0 -940
v 402.5 0 -819.51251220703125
v 769.0625 0 -864.6953125
v 750.734375 0 -849.6343994140625
v 732.40625 0 -864.6953125
v 750.734375 0 -879.7562255859375
v 750.734375 0 -864.6953125
v 769.0625 0 -909.87811279296875
v 695.75 0 -909.87811279296875
v 732.40625 0 -940
v 732.40625 0 -909.87811279296875
v 842.375 0 -849.6343994140625
v 805.71875 0 -819.51251220703125
v 805.71875 0 -879.7562255859375
v 805.71875 0 -849.6343994140625
v 597.5 0 -860
v 460 0 -860
v 460 0 -850
v 475.8125 0 -819.51251220703125
v 402.5 0 -879.7562255859375
v 475.8125 0 -940
v 475.8125 0 -879.7562255859375
v 255.875 0 -1060.487548828125
v 402.5 0 -1060.487548828125
v 439.15625 0 -819.51251220703125
v 402.5 0 -849.6343994140625
v 439.15625 0 -879.7562255859375
v 439.15625 0 -849.6343994140625
v 402.5 0 -759.26873779296875
v 475.8125 0 -759.26873779296875
v 329.1875 0 -819.51251220703125
v 255.875 0 -879.7562255859375
v 329.1875 0 -940
v 329.1875 0 -879.7562255859375
v 109.25 0 -699.0250244140625
v 109.25 0 -940
v 109.25 0 -819.51251220703125
v 475.8125 0 -864.6953125
v 439.15625 0 -864.6953125
v 457.484375 0 -879.7562255859375
v 457.484375 0 -864.6953125
v 475.8125 0 -909.87811279296875
v 402.5 0 -909.87811279296875
v 439.15625 0 -940
v 439.15625 0 -909.87811279296875
v 549.125 0 -1000.2437744140625
v 402.5 0 -1000.2437744140625
v 475.8125 0 -1060.487548828125
v 475.8125 0 -1000.2437744140625
v 512.46875 0 -879.7562255859375
v 550 0 -850
v 550 0 -730
v 475 0 -730
v 475 0 -590
v 316.66665649414062 0 -590
v 158.33332824707031 0 -590
v 0 0 -590
v 0 0 -720
v 0 0 -850
v 177.5 0 -850
v 355 0 -850
v 355 0 -860
v 365.84375 0 -819.51251220703125
v 365.84375 0 -879.7562255859375
v 365.84375 0 -849.6343994140625
v 329.1875 0 -699.0250244140625
v 255.875 0 -759.26873779296875
v 329.1875 0 -759.26873779296875
v 365.84375 0 -864.6953125
v 329.1875 0 -864.6953125
v 347.515625 0 -879.7562255859375
v 347.515625 0 -864.6953125
v 292.53125 0 -819.51251220703125
v 292.53125 0 -879.7562255859375
v 182.5625 0 -819.51251220703125
v 109.25 0 -879.7562255859375
v 182.5625 0 -940
v 182.5625 0 -879.7562255859375
v 109.25 0 -1180.9749755859375
v 109.25 0 -1060.487548828125
v 329.1875 0 -909.87811279296875
v 365.84375 0 -940
v 365.84375 0 -909.87811279296875
v 255.875 0 -1000.2437744140625
v 329.1875 0 -1060.487548828125
v 329.1875 0 -1000.2437744140625
v 177.5 0 -860
v 0 0 -860
v 0 0 -1013.3333129882812
v 0 0 -1166.6666259765625
v 0 0 -1320
v 177.5 0 -1320
v 355 0 -1320
v 405 0 -1320
v 405 0 -1330
v 475.8125 0 -1331.5843505859375
v 439.15625 0 -1301.4625244140625
v 439.15625 0 -1361.706298828125
v 439.15625 0 -1331.5843505859375
v 475.8125 0 -1180.9749755859375
v 402.5 0 -1241.21875
v 475.8125 0 -1241.21875
v 329.1875 0 -1301.4625244140625
v 255.875 0 -1361.706298828125
v 329.1875 0 -1421.949951171875
v 329.1875 0 -1361.706298828125
v 109.25 0 -1421.949951171875
v 439.15625 0 -1316.5234375
v 420.828125 0 -1301.4625244140625
v 420.828125 0 -1331.5843505859375
v 420.828125 0 -1316.5234375
v 475.8125 0 -1271.340576171875
v 439.15625 0 -1241.21875
v 402.5 0 -1271.340576171875
v 439.15625 0 -1271.340576171875
v 329.1875 0 -1180.9749755859375
v 255.875 0 -1241.21875
v 329.1875 0 -1241.21875
v 365.84375 0 -1301.4625244140625
v 365.84375 0 -1361.706298828125
v 202.5 0 -1330
v 0 0 -1330
v 0 0 -1530
v 0 0 -1730
v 177.5 0 -1730
v 355 0 -1730
v 355 0 -1700
v 402.5 0 -1723.168701171875
v 329.1875 0 -1662.925048828125
v 255.875 0 -1723.168701171875
v 329.1875 0 -1723.168701171875
v 109.25 0 -1662.925048828125
v 340 0 -1700
v 402.5 0 -1693.046875
v 329.1875 0 -1693.046875
v 475.8125 0 -1662.925048828125
v 475.8125 0 -1723.168701171875
v 402.5 0 -1602.6812744140625
v 329.1875 0 -1542.4375
v 255.875 0 -1602.6812744140625
v 329.1875 0 -1602.6812744140625
v 109.25 0 -1542.4375
v 340 0 -1582.5
v 340 0 -1465
v 470 0 -1465
v 470 0 -1475
v 402.5 0 -1482.1937255859375
v 475.8125 0 -1542.4375
v 475.8125 0 -1482.1937255859375
v 475.8125 0 -1452.0718994140625
v 439.15625 0 -1421.949951171875
v 402.5 0 -1452.0718994140625
v 439.15625 0 -1482.1937255859375
v 439.15625 0 -1452.0718994140625
v 255.875 0 -1482.1937255859375
v 329.1875 0 -1482.1937255859375
v 475.8125 0 -1467.1328125
v 457.484375 0 -1452.0718994140625
v 457.484375 0 -1482.1937255859375
v 475.8125 0 -1512.315673828125
v 402.5 0 -1512.315673828125
v 439.15625 0 -1542.4375
v 439.15625 0 -1512.315673828125
v 549.125 0 -1602.6812744140625
v 475.8125 0 -1602.6812744140625
v 549.125 0 -1452.0718994140625
v 512.46875 0 -1421.949951171875
v 512.46875 0 -1482.1937255859375
v 512.46875 0 -1452.0718994140625
v 350 0 -1475
v 350 0 -1635
v 365 0 -1635
v 402.5 0 -1632.8031005859375
v 365.84375 0 -1602.6812744140625
v 329.1875 0 -1632.8031005859375
v 365 0 -1730
v 555 0 -1730
v 745 0 -1730
v 745 0 -1635
v 755 0 -1635
v 842.375 0 -1602.6812744140625
v 769.0625 0 -1542.4375
v 695.75 0 -1602.6812744140625
v 769.0625 0 -1662.925048828125
v 769.0625 0 -1602.6812744140625
v 769.0625 0 -1632.8031005859375
v 732.40625 0 -1602.6812744140625
v 695.75 0 -1632.8031005859375
v 732.40625 0 -1662.925048828125
v 732.40625 0 -1632.8031005859375
v 622.4375 0 -1662.925048828125
v 622.4375 0 -1602.6812744140625
v 695.75 0 -1723.168701171875
v 769.0625 0 -1647.864013671875
v 732.40625 0 -1647.864013671875
v 695.75 0 -1693.046875
v 732.40625 0 -1693.046875
v 622.4375 0 -1723.168701171875
v 842.375 0 -1632.8031005859375
v 805.71875 0 -1602.6812744140625
v 805.71875 0 -1662.925048828125
v 805.71875 0 -1632.8031005859375
v 915.6875 0 -1542.4375
v 915.6875 0 -1662.925048828125
v 915.6875 0 -1602.6812744140625
v 755 0 -1730
v 865 0 -1730
v 975 0 -1730
v 975 0 -1515
v 940 0 -1515
v 989 0 -1482.1937255859375
v 842.375 0 -1482.1937255859375
v 915.6875 0 -1482.1937255859375
v 940 0 -1495
v 952.34375 0 -1482.1937255859375
v 915.6875 0 -1512.315673828125
v 1135.625 0 -1482.1937255859375
v 1062.3125 0 -1482.1937255859375
v 1282.25 0 -1662.925048828125
v 1282.25 0 -1542.4375
v 1020 0 -1495
v 1181.6666259765625 0 -1495
v 1343.3333740234375 0 -1495
v 1505 0 -1495
v 1505 0 -1515
v 1502.1875 0 -1421.949951171875
v 1428.875 0 -1482.1937255859375
v 1502.1875 0 -1542.4375
v 1502.1875 0 -1482.1937255859375
v 1575.5 0 -1512.315673828125
v 1538.84375 0 -1482.1937255859375
v 1538.84375 0 -1542.4375
v 1538.84375 0 -1512.315673828125
v 1428.875 0 -1602.6812744140625
v 1502.1875 0 -1662.925048828125
v 1502.1875 0 -1602.6812744140625
v 1331.6666259765625 0 -1515
v 1158.3333740234375 0 -1515
v 985 0 -1515
v 985 0 -1730
v 1141.6666259765625 0 -1730
v 1298.3333740234375 0 -1730
v 1455 0 -1730
v 1455 0 -1740
v 1428.875 0 -1723.168701171875
v 1502.1875 0 -1783.4124755859375
v 1502.1875 0 -1723.168701171875
v 1502.1875 0 -1753.2906494140625
v 1465.53125 0 -1723.168701171875
v 1465.53125 0 -1783.4124755859375
v 1465.53125 0 -1753.2906494140625
v 1355.5625 0 -1662.925048828125
v 1355.5625 0 -1723.168701171875
v 1502.1875 0 -1843.65625
v 1465.53125 0 -1738.229736328125
v 1447.203125 0 -1723.168701171875
v 1502.1875 0 -1693.046875
v 1465.53125 0 -1662.925048828125
v 1428.875 0 -1693.046875
v 1465.53125 0 -1693.046875
v 1392.21875 0 -1723.168701171875
v 1455 0 -1885
v 1566.25 0 -1885
v 1677.5 0 -1885
v 1869 0 -1885
v 2060.5 0 -1885
v 2252 0 -1885
v 2443.5 0 -1885
v 2635 0 -1885
v 2635 0 -1760
v 2443.5 0 -1760
v 2252 0 -1760
v 2060.5 0 -1760
v 1869 0 -1760
v 650 0 -1635
v 650 0 -1540
v 585 0 -1540
v 585 0 -1475
v 570 0 -1475
v 622.4375 0 -1452.0718994140625
v 585.78125 0 -1421.949951171875
v 585.78125 0 -1452.0718994140625
v 570 0 -1465
v 567.453125 0 -1452.0718994140625
v 549.125 0 -1467.1328125
v 549.125 0 -1512.315673828125
v 650 0 -1465
v 650 0 -1440
v 660 0 -1440
v 695.75 0 -1452.0718994140625
v 769.0625 0 -1482.1937255859375
v 640.765625 0 -1421.949951171875
v 622.4375 0 -1437.010986328125
v 640.765625 0 -1452.0718994140625
v 640.765625 0 -1437.010986328125
v 695.75 0 -1437.010986328125
v 677.421875 0 -1421.949951171875
v 677.421875 0 -1452.0718994140625
v 677.421875 0 -1437.010986328125
v 769.0625 0 -1452.0718994140625
v 732.40625 0 -1421.949951171875
v 732.40625 0 -1482.1937255859375
v 732.40625 0 -1452.0718994140625
v 660 0 -1635
v 622.4375 0 -1632.8031005859375
v 659.09375 0 -1662.925048828125
v 695.75 0 -1647.864013671875
v 677.421875 0 -1632.8031005859375
v 659.09375 0 -1647.864013671875
v 677.421875 0 -1662.925048828125
v 677.421875 0 -1647.864013671875
v 622.4375 0 -1693.046875
v 659.09375 0 -1723.168701171875
v 659.09375 0 -1693.046875
v 640.765625 0 -1632.8031005859375
v 622.4375 0 -1647.864013671875
v 640.765625 0 -1662.925048828125
v 640.765625 0 -1647.864013671875
v 585.78125 0 -1602.6812744140625
v 549.125 0 -1632.8031005859375
v 585.78125 0 -1662.925048828125
v 585.78125 0 -1632.8031005859375
f 2427 2 2379
f 2414 1951 2427
f 2379 2414 2427
f 2412 1951 2414
f 2404 1 2412
f 2414 2404 2412
f 2356 4 2349
f 2349 2308 2352
f 2352 2295 2356
f 2356 2349 2352
f 2295 2352 2351
f 2347 2272 2339
f 2339 5 2307
f 2307 2309 2347
f 2347 2339 2307
f 2350 2348 2308
f 2304 2350 2349
f 7 2223 2225
f 2220 2128 2225
f 2224 6 2220
f 2225 2224 2220
f 8 2408 2409
f 2406 2400 2409
f 2408 1952 2406
f 2409 2408 2406
f 2407 2401 1
f 2402 2403 2407
f 1 2402 2407
f 9 2439 2441
f 2439 1965 2422
f 2429 2421 2440
f 2441 2422 2429
f 2440 2441 2429
f 2557 2438 2441
f 2440 1950 2557
f 2441 2440 2557
f 2430 2422 1965
f 2423 2426 2430
f 1965 2423 2430
f 2423 1923 2424
f 2431 2425 2435
f 2432 2421 2431
f 2435 2432 2431
f 2425 2419 2433
f 2435 2433 1953
f 2432 2435 2434
f 2432 2558 2440
f 2558 1950 2440
f 2440 2421 2432
f 2432 2420 1903
f 2428 2427 1951
f 2447 2413 2412
f 1 2401 2447
f 2412 1 2447
f 2445 2410 2446
f 1903 2420 2437
f 2434 1953 2410
f 2437 2420 2434
f 2410 2437 2434
f 2445 1952 2408
f 2437 2410 2445
f 2408 2437 2445
f 2592 2436 2437
f 2408 8 2592
f 2437 2408 2592
f 10 2372 2374
f 2385 2374 2372
f 1921 2373 2385
f 2372 1921 2385
f 2374 2385 2387
f 2385 2373 2386
f 2381 2369 2387
f 2386 1924 2381
f 2387 2386 2381
f 2384 2387 2369
f 2384 1963 1781
f 1929 2374 2384
f 1781 1929 2384
f 1921 2388 2390
f 2388 3 2389
f 2390 2389 1922
f 2391 1924 2386
f 2386 2373 2390
f 2390 2375 2391
f 2391 2386 2390
f 2378 2376 2
f 2392 2378 2377
f 1923 1964 2392
f 2377 1923 2392
f 1960 1781 1963
f 2368 1966 1918
f 2380 2371 2368
f 1963 2369 2380
f 2368 1963 2380
f 2369 2381 2383
f 2383 2381 1924
f 2380 2383 2382
f 2368 2371 2370
f 2370 1964 1923
f 2423 1965 1966
f 2439 9 1918
f 1966 1965 2439
f 1918 1966 2439
f 11 2293 2321
f 2316 2273 2319
f 2321 2293 2316
f 2319 2321 2316
f 2321 2319 2296
f 2318 2321 2320
f 2354 2305 2358
f 2319 2273 2354
f 2358 2319 2354
f 2305 4 2356
f 2358 2356 2295
f 2319 2358 2357
f 2357 2295 3
f 2388 1921 2296
f 2320 2296 1921
f 2372 10 1815
f 2297 2291 2302
f 2301 2274 2297
f 2302 2301 2297
f 2138 2338 2340
f 2338 5 2339
f 2345 2303 2340
f 2339 2272 2345
f 2340 2339 2345
f 2335 2274 2301
f 2340 2303 2335
f 2301 2340 2335
f 2274 2335 2337
f 2344 2342 2306
f 2341 2344 2343
f 2341 2336 2292
f 2298 2337 2341
f 2292 2298 2341
f 2353 2306 2346
f 2346 2304 4
f 4 2305 2353
f 2353 2346 4
f 2292 2336 2355
f 2343 2306 2353
f 2355 2336 2343
f 2353 2355 2343
f 2355 2353 2305
f 2315 2355 2354
f 2297 2274 2298
f 2311 2300 2298
f 2292 2299 2311
f 2298 2292 2311
f 2313 2311 2299
f 2310 2313 2312
f 2312 2299 2317
f 2314 2294 2312
f 2317 2314 2312
f 2299 2292 2315
f 2317 2315 2273
f 2314 2317 2316
f 2322 2294 2314
f 2314 2293 11
f 11 2269 2322
f 2322 2314 11
f 12 2210 2228
f 2214 2158 2226
f 2228 2210 2214
f 2226 2228 2214
f 2228 2226 2166
f 2162 2228 2227
f 2226 2158 2217
f 2217 2129 2165
f 2165 2166 2226
f 2226 2217 2165
f 2219 2130 2127
f 7 2128 2219
f 2127 7 2219
f 2130 2219 2222
f 2219 2128 2220
f 2222 2220 6
f 2216 2157 2222
f 2221 2129 2216
f 2222 2221 2216
f 2215 2157 2216
f 2218 2216 2129
f 2124 2209 2211
f 2213 2210 12
f 2154 2211 2213
f 12 2154 2213
f 2179 2178 7
f 2461 1904 2468
f 2469 2468 2465
f 2582 2578 2586
f 2468 1904 2582
f 2586 2468 2582
f 2589 2463 2584
f 2586 2578 2589
f 2584 2586 2589
f 2586 2584 2470
f 2468 2586 2585
f 2584 2463 2593
f 2470 2584 2593
f 2572 2563 2484
f 15 1901 2572
f 2484 15 2572
f 1901 2573 2575
f 2568 2562 2575
f 2573 1782 2568
f 2575 2573 2568
f 2575 2562 1949
f 2572 2575 2574
f 2574 1949 1905
f 2454 2563 2574
f 1905 2454 2574
f 2484 2563 2454
f 1782 2569 2571
f 2571 2569 1947
f 2568 2571 2570
f 2564 1919 2565
f 2567 2565 2552
f 2565 1919 2553
f 2554 2552 2565
f 2553 2554 2565
f 2556 2554 2553
f 9 2438 2556
f 2553 9 2556
f 2556 2438 2557
f 2464 2591 2594
f 2591 2436 2592
f 2594 2592 8
f 2588 2577 2594
f 2593 2463 2588
f 2594 2593 2588
f 2587 2577 2588
f 2590 2588 2463
f 2581 2590 2589
f 2460 2580 2583
f 2583 2581 2578
f 2579 2583 2582
f 2472 2453 1772
f 2454 2457 2472
f 1772 2454 2472
f 2459 2457 2454
f 1905 2455 2459
f 2454 1905 2459
f 2458 2457 2459
f 2459 2455 2460
f 2467 2462 2460
f 2579 1904 2461
f 2453 2472 2474
f 2472 2457 2458
f 2466 2456 2473
f 2474 2458 2466
f 2473 2474 2466
f 2471 2474 2473
f 16 1887 1913
f 1887 1780 1912
f 1937 1783 1935
f 1935 1899 1913
f 1913 1912 1937
f 1937 1935 1913
f 1911 1791 1913
f 1899 1764 1911
f 1913 1899 1911
f 1938 1912 1780
f 1928 1930 1938
f 1780 1928 1938
f 1928 10 1929
f 1959 1917 1939
f 1939 1930 1929
f 1929 1781 1959
f 1959 1939 1929
f 1912 1938 1940
f 1938 1930 1939
f 1968 1925 1940
f 1939 1917 1968
f 1940 1939 1968
f 1932 1783 1937
f 1940 1925 1932
f 1937 1940 1932
f 1783 1932 1934
f 1932 1925 1933
f 1968 1917 1969
f 1970 1969 1926
f 1955 1926 1956
f 1958 1956 1920
f 1942 1958 1957
f 1944 1942 1927
f 1941 1944 1943
f 1969 1917 1959
f 1962 1926 1969
f 1959 1962 1969
f 1959 1781 1960
f 1962 1960 1918
f 1956 1926 1962
f 1961 1920 1956
f 1962 1961 1956
f 1961 2553 1946
f 2553 1919 1946
f 1946 1920 1961
f 1961 1918 9
f 1943 1927 1948
f 1945 1900 1943
f 1948 1945 1943
f 1957 1920 1946
f 1948 1927 1957
f 1946 1948 1957
f 2564 1947 1948
f 1946 1919 2564
f 1948 1946 2564
f 2569 1782 1945
f 1948 1947 2569
f 1945 1948 2569
f 2573 1936 1945
f 1936 1900 1945
f 1945 1782 2573
f 2573 1901 1902
f 1777 1902 1901
f 1877 17 1870
f 1880 1834 1877
f 1870 1880 1877
f 2282 1814 1878
f 1880 1870 2282
f 1878 1880 2282
f 1880 1878 1816
f 1834 1880 1879
f 2318 1878 2270
f 1878 1814 2270
f 2270 11 2318
f 2318 1815 1816
f 1928 1780 1886
f 1886 1816 1815
f 1815 10 1928
f 1928 1886 1815
f 1894 1794 1879
f 1888 1812 1894
f 1879 1888 1894
f 1879 1816 1886
f 1888 1886 1780
f 1885 1812 1888
f 1887 16 1885
f 1888 1887 1885
f 2007 1843 2267
f 2265 1868 2268
f 2267 1844 2265
f 2268 2267 2265
f 2271 2269 11
f 2281 1869 2271
f 2270 1814 2281
f 2271 2270 2281
f 2285 2287 2284
f 2285 1868 2264
f 2275 1871 2286
f 2287 2264 2275
f 2286 2287 2275
f 2284 2287 2286
f 2264 2276 2279
f 2279 2277 2266
f 2275 2279 2278
f 2278 2266 2283
f 2280 1871 2278
f 2283 2280 2278
f 2266 1869 2281
f 2283 2281 1814
f 2280 2283 2282
f 2280 1867 2286
f 1867 1841 2286
f 2286 1871 2280
f 2280 1870 17
f 1991 2131 1980
f 2131 1994 1980
f 2141 1983 2142
f 2144 2142 2132
f 2140 2144 2143
f 2143 2132 1992
f 2133 2134 2143
f 1992 2133 2143
f 2131 2134 2133
f 1994 2133 2249
f 2250 2249 2133
f 1992 2248 2250
f 2133 1992 2250
f 2250 2248 2251
f 2253 2251 1985
f 1989 1980 1994
f 2247 1993 1720
f 2142 1983 2145
f 2148 2132 2142
f 2145 2148 2142
f 2145 2125 2146
f 2148 2146 2137
f 2132 2148 2147
f 2161 2155 2164
f 2146 2125 2161
f 2164 2146 2161
f 2155 12 2162
f 2164 2162 2135
f 2146 2164 2163
f 2254 2137 2163
f 2163 2135 1984
f 1984 2136 2254
f 2254 2163 1984
f 1992 2147 2256
f 2147 2137 2254
f 2256 2254 2136
f 2251 2248 2256
f 2255 1985 2251
f 2256 2255 2251
f 2005 1720 1993
f 2257 2008 1996
f 1996 2008 2007
f 2153 2126 2123
f 1995 2124 2153
f 2123 1995 2153
f 2159 2152 2126
f 2153 2156 2159
f 2126 2153 2159
f 2153 2124 2154
f 2160 2156 2154
f 12 2155 2160
f 2154 12 2160
f 2167 2126 2152
f 2189 2195 2197
f 2194 2197 2196
f 2194 2188 2173
f 2187 2189 2194
f 2173 2187 2194
f 2202 2201 2177
f 2181 2177 2175
f 2174 2176 2181
f 2175 2174 2181
f 2193 2191 2183
f 2191 2180 2177
f 2181 2183 2191
f 2177 2181 2191
f 2183 2181 2176
f 2176 2174 2184
f 2186 2184 13
f 2173 2188 2200
f 2198 2200 2199
f 20 1770 2490
f 2487 2483 1765
f 1778 2485 2487
f 1765 1778 2487
f 1778 15 2484
f 2488 2485 2484
f 1772 2475 2488
f 2484 1772 2488
f 2475 1772 2453
f 2471 14 2476
f 2477 2453 2471
f 2476 2477 2471
f 1819 1790 1792
f 1803 1789 1763
f 1789 1803 1805
f 1803 1792 1804
f 1805 1804 1776
f 1796 1766 1802
f 1805 1785 1796
f 1802 1805 1796
f 1796 1785 1797
f 1799 1797 1788
f 1797 1785 1776
f 1907 1786 1788
f 1788 1786 1779
f 1776 1908 1910
f 1907 1910 1909
f 1898 1777 15
f 1778 1779 1898
f 15 1778 1898
f 1787 1779 1778
f 1765 1769 1787
f 1778 1765 1787
f 1800 1769 1765
f 1770 1771 1800
f 1765 1770 1800
f 1768 1771 1770
f 1853 1848 1858
f 1855 1733 1853
f 1858 1855 1853
f 1848 1833 1856
f 1858 1856 1835
f 1855 1858 1857
f 1857 1835 1811
f 1829 1795 1832
f 1795 1829 1831
f 1829 1811 1830
f 1831 1830 1813
f 1824 1810 1828
f 1831 1817 1824
f 1828 1831 1824
f 1813 1891 1893
f 1893 1891 1884
f 1890 1893 1892
f 1810 1824 1827
f 1824 1817 1825
f 1827 1825 1820
f 1825 1817 1813
f 1890 1818 1820
f 1820 1818 1790
f 1847 1874 1876
f 1873 1876 1875
f 1851 1845 1840
f 1846 1849 1851
f 1840 1846 1851
f 1846 1842 1847
f 1852 1849 1847
f 1873 1833 1848
f 1851 1849 1852
f 1854 1852 1848
f 1860 1840 1845
f 2078 2076 2074
f 23 2069 2078
f 2074 23 2078
f 2081 2079 2075
f 2078 2081 2080
f 2080 2075 1740
f 2044 2076 2080
f 1740 2044 2080
f 2074 2076 2044
f 2079 1738 2096
f 2096 2082 2084
f 2084 2075 2079
f 2079 2096 2084
f 2082 1719 2083
f 2084 2083 1739
f 2075 2084 2040
f 1740 2040 2041
f 2040 1739 2009
f 1726 2044 2045
f 2046 2045 2044
f 1740 2039 2046
f 2044 1740 2046
f 2116 2112 2119
f 2083 1719 2116
f 2119 2083 2116
f 2112 1979 2118
f 2119 2118 1982
f 2083 2119 2010
f 1988 1982 2118
f 1980 1988 1979
f 2000 1987 1982
f 1988 1990 2000
f 1982 1988 2000
f 1988 1980 1989
f 1987 2000 2003
f 2000 1990 2001
f 1999 2003 2002
f 2036 2009 1739
f 2010 2012 2036
f 1739 2010 2036
f 2010 1982 1987
f 2037 2012 1987
f 1999 1981 2011
f 2009 2036 2038
f 2036 2012 2037
f 2038 2037 2011
f 2029 2011 2030
f 2032 2030 2019
f 2028 2032 2031
f 2030 2011 1981
f 2013 2004 2019
f 2019 2004 1998
f 2031 2019 2018
f 1731 2017 2031
f 2018 1731 2031
f 1981 2002 2016
f 2016 2014 2006
f 2013 2016 2015
f 2018 1998 1997
f 1721 1731 2018
f 1997 1721 2018
f 1746 1744 1732
f 1747 1723 1746
f 1745 1716 1747
f 1746 1745 1747
f 2034 2017 1731
f 1744 2034 2033
f 2090 1743 1741
f 18 1742 2090
f 1741 18 2090
f 2110 2064 1743
f 2090 2092 2110
f 1743 2090 2110
f 2090 1742 2091
f 2115 2088 2064
f 2110 2113 2115
f 2064 2110 2115
f 2110 2092 2111
f 2088 2115 2117
f 2114 2117 2116
f 2087 2065 2063
f 1743 2064 2087
f 2063 1743 2087
f 2094 2068 2065
f 2087 2089 2094
f 2065 2087 2094
f 2087 2064 2088
f 2095 2089 2088
f 2114 1719 2082
f 2094 2089 2095
f 2097 2095 2082
f 2062 2067 2070
f 2066 2070 2069
f 2198 18 1741
f 2190 2173 2198
f 1741 2190 2198
f 2533 2517 2531
f 2531 25 2524
f 2524 2525 2533
f 2533 2531 2524
f 2525 2524 2491
f 19 2491 2492
f 27 1773 1775
f 1801 1762 1775
f 1773 21 1801
f 1775 1773 1801
f 1768 20 1774
f 1775 1762 1768
f 1774 1775 1768
f 102 1775 1774
f 28 1711 1822
f 1859 1793 1822
f 1711 22 1859
f 1822 1711 1859
f 1821 21 1773
f 1822 1793 1821
f 1773 1822 1821
f 113 1822 1773
f 1708 1699 1749
f 1749 1712 168
f 168 29 1708
f 1708 1749 168
f 1699 1717 1752
f 1752 1750 1710
f 1749 1752 1751
f 1751 1710 1850
f 1850 22 1711
f 1711 1712 1751
f 1751 1850 1711
f 168 1712 1711
f 1698 1725 1727
f 2074 1726 1735
f 1735 1727 1725
f 1725 23 2074
f 2074 1735 1725
f 1727 1735 1737
f 1735 1726 1736
f 1755 1722 1718
f 1753 1755 1754
f 1754 1718 1748
f 1748 1717 1699
f 1699 1707 1754
f 1754 1748 1699
f 1709 1707 1699
f 1695 1709 1708
f 2072 1730 1728
f 24 1729 2072
f 1728 24 2072
f 1730 2072 2073
f 2072 1729 2062
f 2066 23 1725
f 2073 2062 2066
f 1725 2073 2066
f 2071 2073 1725
f 77 75 78
f 86 80 78
f 76 79 86
f 78 76 86
f 2529 2519 78
f 75 2507 2529
f 78 75 2529
f 2507 2530 2532
f 2530 25 2531
f 2528 2521 2532
f 2531 2517 2528
f 2532 2531 2528
f 2529 2532 2521
f 2527 2523 2520
f 2519 2521 2527
f 2520 2519 2527
f 2520 2523 2522
f 2520 2518 76
f 78 2519 2520
f 76 78 2520
f 76 2518 2526
f 87 79 90
f 88 74 87
f 90 88 87
f 79 76 89
f 265 83 266
f 2502 85 267
f 268 266 2502
f 267 268 2502
f 2503 266 83
f 2498 2501 2503
f 83 2498 2503
f 2498 26 2499
f 266 2503 2505
f 2502 2505 2504
f 2504 2500 2508
f 299 85 2504
f 2508 299 2504
f 2500 84 2506
f 2530 2507 2508
f 2506 25 2530
f 2508 2506 2530
f 299 2508 2507
f 267 85 299
f 305 300 299
f 75 77 305
f 299 75 305
f 105 101 106
f 108 106 103
f 106 101 27
f 102 103 106
f 27 102 106
f 2498 83 103
f 102 26 2498
f 103 102 2498
f 116 111 195
f 195 32 112
f 112 114 116
f 116 195 112
f 112 28 113
f 117 114 113
f 27 101 117
f 113 27 117
f 111 116 118
f 116 114 117
f 118 117 101
f 33 167 169
f 1696 29 168
f 169 167 1696
f 168 169 1696
f 169 168 28
f 164 137 169
f 112 32 164
f 169 112 164
f 1534 1705 1706
f 1704 1706 1694
f 1700 1697 1693
f 1633 1694 1700
f 1693 1633 1700
f 1703 1701 1695
f 1700 1703 1702
f 1702 1695 29
f 1696 1697 1702
f 29 1696 1702
f 1693 1697 1696
f 1693 167 33
f 130 1633 1693
f 33 130 1693
f 1611 1613 1614
f 324 351 330
f 351 93 330
f 330 257 324
f 324 282 232
f 93 331 332
f 331 258 286
f 332 286 261
f 327 257 330
f 332 277 327
f 330 332 327
f 258 287 289
f 287 31 288
f 289 288 259
f 273 261 286
f 289 263 273
f 286 289 273
f 261 273 276
f 273 263 274
f 272 276 275
f 262 275 294
f 294 292 264
f 291 294 293
f 257 327 329
f 327 277 328
f 329 328 279
f 328 277 261
f 272 262 279
f 315 279 262
f 291 260 278
f 314 279 315
f 317 315 278
f 313 317 316
f 316 278 320
f 318 94 316
f 320 318 316
f 278 260 295
f 320 295 271
f 318 320 319
f 293 264 298
f 295 260 293
f 298 295 293
f 264 82 296
f 298 296 270
f 295 298 297
f 297 270 304
f 304 30 91
f 91 271 297
f 297 304 91
f 403 269 319
f 319 271 91
f 91 81 403
f 403 319 91
f 401 325 402
f 401 281 325
f 325 94 318
f 318 269 402
f 402 323 401
f 398 323 402
f 405 396 398
f 402 405 398
f 402 269 403
f 405 403 81
f 406 396 405
f 404 322 406
f 405 404 406
f 397 323 398
f 400 398 396
f 399 396 406
f 408 406 322
f 37 235 237
f 234 237 236
f 215 209 224
f 226 224 204
f 221 219 202
f 224 209 221
f 220 204 224
f 221 220 224
f 244 204 220
f 249 228 244
f 220 249 244
f 220 202 247
f 249 247 110
f 228 249 248
f 225 204 244
f 246 244 228
f 228 203 229
f 229 109 227
f 223 104 100
f 247 202 223
f 222 110 247
f 223 222 247
f 110 222 290
f 290 222 100
f 31 287 290
f 287 258 290
f 331 93 350
f 350 231 290
f 290 258 331
f 331 350 290
f 109 229 348
f 229 203 347
f 342 337 348
f 347 233 342
f 348 347 342
f 346 348 337
f 248 349 347
f 349 233 347
f 347 203 248
f 248 110 231
f 343 233 349
f 352 338 343
f 349 352 343
f 349 231 350
f 352 350 93
f 338 352 351
f 342 233 343
f 345 343 338
f 38 177 186
f 184 186 185
f 191 145 161
f 194 171 191
f 161 194 191
f 161 120 192
f 194 192 152
f 171 194 193
f 192 120 165
f 197 152 192
f 165 197 192
f 165 32 195
f 197 195 111
f 152 197 196
f 163 138 131
f 33 137 163
f 131 33 163
f 138 163 166
f 163 137 164
f 166 164 32
f 160 144 166
f 165 120 160
f 166 165 160
f 146 159 162
f 159 144 160
f 162 160 120
f 158 150 162
f 161 145 158
f 162 161 158
f 149 176 178
f 175 178 177
f 132 134 1641
f 1641 134 128
f 1632 1631 132
f 135 132 1631
f 1631 130 33
f 33 131 135
f 135 1631 33
f 134 132 135
f 1518 1527 1529
f 1529 1527 1514
f 1550 1531 1551
f 1552 1551 1533
f 1533 1551 34
f 1551 1531 34
f 1511 1532 1544
f 1544 1533 1511
f 1549 1543 1533
f 1544 1546 1549
f 1533 1544 1549
f 1557 1546 1544
f 1532 1545 1557
f 1544 1532 1557
f 1559 1557 1545
f 1556 1559 1558
f 1558 1545 1563
f 1560 1512 1558
f 1563 1560 1558
f 1545 1532 1561
f 1563 1561 1548
f 1635 1521 1560
f 1563 1562 1635
f 1560 1563 1635
f 1635 1562 1636
f 1636 1562 1548
f 1628 1630 1636
f 1548 1628 1636
f 1630 1628 1547
f 1379 1519 1538
f 1528 1514 1536
f 1538 1519 1528
f 1536 1538 1528
f 1538 1536 1523
f 1535 1538 1537
f 1536 1530 1638
f 1536 1514 1530
f 1530 1512 1560
f 1560 1521 1638
f 1638 1523 1536
f 1523 1638 1640
f 1634 1627 1640
f 1638 1521 1634
f 1640 1638 1634
f 1640 1627 129
f 1637 1640 1639
f 1537 1523 1637
f 1637 1522 40
f 40 1520 1537
f 1537 1637 40
f 1580 1591 1592
f 1591 1572 1575
f 1601 1583 1579
f 1584 1586 1601
f 1579 1584 1601
f 1588 1586 1584
f 1580 1585 1588
f 1584 1580 1588
f 1586 1588 1590
f 1588 1585 1589
f 1583 1601 1602
f 1601 1586 1587
f 1574 1616 1618
f 1616 1573 1611
f 1612 1515 1617
f 1618 1611 1612
f 1617 1618 1612
f 1577 1618 1617
f 1572 1576 1578
f 1576 1574 1577
f 1578 1577 1553
f 1567 1553 1568
f 1570 1568 1555
f 1615 1568 1617
f 1568 1553 1617
f 1617 1515 1615
f 1615 1554 1555
f 1555 1554 34
f 42 380 381
f 380 206 369
f 375 285 365
f 381 369 375
f 365 381 375
f 430 283 444
f 444 379 381
f 381 365 430
f 430 444 381
f 376 369 206
f 340 370 376
f 206 340 376
f 340 36 280
f 382 357 377
f 377 370 280
f 280 92 382
f 382 377 280
f 369 376 378
f 376 370 377
f 372 361 378
f 377 357 372
f 378 377 372
f 375 378 361
f 371 363 360
f 285 361 371
f 360 285 371
f 361 372 374
f 372 357 373
f 387 385 359
f 384 387 386
f 384 362 356
f 360 363 384
f 356 360 384
f 395 389 383
f 389 359 383
f 383 321 395
f 395 35 358
f 356 362 391
f 386 359 389
f 391 362 386
f 389 391 386
f 391 389 358
f 388 391 390
f 430 365 431
f 433 431 367
f 431 365 285
f 360 356 367
f 388 284 366
f 367 356 388
f 366 367 388
f 435 364 432
f 432 367 366
f 366 41 435
f 435 432 366
f 451 43 154
f 210 207 205
f 238 213 210
f 154 211 238
f 210 154 238
f 211 239 241
f 234 208 241
f 239 37 234
f 241 239 234
f 241 208 201
f 238 241 240
f 240 201 227
f 227 109 212
f 212 213 240
f 240 227 212
f 210 213 212
f 207 212 341
f 346 230 341
f 212 109 346
f 341 212 346
f 336 36 340
f 341 230 336
f 340 341 336
f 339 341 340
f 339 206 380
f 380 42 205
f 205 207 339
f 339 380 205
f 44 622 624
f 624 172 155
f 621 624 623
f 620 187 174
f 618 620 619
f 614 181 615
f 617 615 189
f 613 617 616
f 615 181 38
f 184 170 189
f 189 170 151
f 616 189 188
f 174 187 616
f 188 174 616
f 188 151 119
f 173 174 188
f 119 173 188
f 619 174 173
f 155 172 619
f 173 155 619
f 155 173 218
f 173 119 214
f 216 37 239
f 239 211 218
f 218 214 216
f 216 239 218
f 217 218 211
f 217 477 623
f 477 153 623
f 623 155 217
f 217 154 43
f 1361 647 1676
f 1676 648 646
f 646 45 1361
f 1361 1676 646
f 647 1664 1677
f 1676 1677 656
f 648 656 658
f 656 639 657
f 651 644 658
f 657 148 651
f 658 657 651
f 655 658 644
f 655 631 147
f 646 648 655
f 147 646 655
f 1671 640 1678
f 1680 1678 642
f 1678 640 39
f 641 642 1678
f 39 641 1678
f 642 641 136
f 1679 636 657
f 636 148 657
f 657 639 1679
f 1679 642 156
f 636 156 637
f 638 637 157
f 180 157 637
f 637 156 136
f 136 143 180
f 180 637 136
f 626 179 157
f 180 182 626
f 157 180 626
f 180 143 149
f 627 182 149
f 175 38 181
f 179 626 628
f 626 182 627
f 628 627 181
f 629 157 179
f 650 645 643
f 631 644 650
f 643 631 650
f 644 651 654
f 651 148 652
f 650 654 653
f 659 661 660
f 46 1375 1376
f 1371 139 1374
f 1376 1357 1371
f 1374 1376 1371
f 128 1653 1663
f 1659 1653 1660
f 1662 1660 1654
f 1660 1653 128
f 133 1654 1660
f 128 133 1660
f 1670 1654 133
f 39 640 1670
f 133 39 1670
f 1661 1654 1670
f 1672 1670 640
f 1382 1370 139
f 1371 1373 1382
f 139 1371 1382
f 1371 1357 1372
f 1370 1382 1384
f 1382 1373 1383
f 1357 1650 1652
f 1652 1656 1658
f 1655 1658 1657
f 1655 1651 1358
f 1372 1652 1655
f 1358 1372 1655
f 1667 1665 1360
f 1358 1651 1667
f 1360 1358 1667
f 1651 1657 1669
f 1667 1669 1668
f 1360 1665 1664
f 1366 1364 1362
f 1363 1366 1365
f 1362 1360 647
f 1365 1362 1361
f 45 1359 1365
f 1361 45 1365
f 1497 1468 1501
f 1424 47 1497
f 1501 1424 1497
f 1468 1378 1499
f 1501 1499 1380
f 1424 1501 1500
f 1378 1524 1526
f 1513 1526 1524
f 1517 1379 1525
f 1526 1513 1517
f 1525 1526 1517
f 1499 1526 1525
f 1380 1525 1539
f 1535 1520 1539
f 1525 1379 1535
f 1539 1525 1535
f 1463 1461 1406
f 1481 1395 1460
f 1460 1434 1463
f 1463 1462 1481
f 1481 1460 1463
f 1603 1579 1583
f 1599 1593 1571
f 1597 1599 1598
f 1524 1594 1598
f 1598 1571 1524
f 1467 1594 1524
f 1395 1481 1484
f 1481 1462 1482
f 1484 1482 1469
f 1480 1466 1484
f 1483 1403 1480
f 1484 1483 1480
f 1482 1462 1406
f 1467 1469 1482
f 1406 1467 1482
f 1496 1469 1467
f 1378 1468 1496
f 1467 1378 1496
f 1493 1403 1483
f 1498 1474 1493
f 1483 1498 1493
f 1483 1469 1496
f 1498 1496 1468
f 1474 1498 1497
f 498 511 513
f 510 513 512
f 49 490 506
f 505 506 497
f 443 423 422
f 42 379 443
f 422 42 443
f 423 443 445
f 443 379 444
f 439 420 445
f 444 283 439
f 445 444 439
f 442 445 420
f 420 439 441
f 439 283 440
f 429 427 364
f 426 429 428
f 419 421 437
f 428 364 435
f 437 421 428
f 435 437 428
f 437 435 41
f 434 437 436
f 501 499 496
f 368 497 501
f 496 368 501
f 497 502 504
f 501 504 503
f 496 499 498
f 50 540 542
f 540 522 541
f 541 522 455
f 461 524 541
f 455 461 541
f 529 524 461
f 457 523 529
f 461 457 529
f 531 529 523
f 528 531 530
f 468 464 461
f 455 462 468
f 461 455 468
f 462 469 471
f 469 425 470
f 483 485 484
f 483 463 457
f 461 464 483
f 457 461 483
f 457 463 488
f 486 488 487
f 530 523 534
f 532 454 530
f 534 532 530
f 523 457 486
f 534 486 456
f 532 534 533
f 479 450 480
f 482 480 453
f 480 450 43
f 451 453 480
f 43 451 480
f 453 451 205
f 533 456 491
f 489 424 533
f 491 489 533
f 489 491 490
f 476 153 477
f 478 477 43
f 479 425 474
f 474 466 478
f 478 450 479
f 479 474 478
f 467 473 475
f 473 466 474
f 469 462 475
f 474 425 469
f 475 474 469
f 472 475 462
f 465 544 545
f 544 467 472
f 545 472 455
f 540 50 543
f 545 522 540
f 543 545 540
f 1339 672 669
f 51 670 1339
f 669 51 1339
f 670 1340 1341
f 1341 1346 1348
f 1345 1348 1347
f 1345 686 672
f 1339 1341 1345
f 672 1339 1345
f 672 686 688
f 1347 671 687
f 688 686 1347
f 687 688 1347
f 682 667 688
f 687 604 682
f 688 687 682
f 685 688 667
f 685 665 589
f 669 672 685
f 589 669 685
f 1349 679 1350
f 1352 1350 680
f 1350 679 1368
f 1368 45 646
f 646 680 1350
f 1350 1368 646
f 680 646 147
f 1351 676 687
f 676 604 687
f 687 671 1351
f 1351 680 674
f 676 674 677
f 681 668 666
f 665 667 681
f 666 665 681
f 667 682 684
f 682 604 683
f 681 684 675
f 1388 46 1374
f 1386 1353 1389
f 1374 139 1386
f 1389 1374 1386
f 1353 1386 1387
f 1386 139 1370
f 1369 1359 45
f 1367 1369 1368
f 673 1343 1344
f 1342 1344 670
f 53 1398 1409
f 1407 1409 1408
f 1475 47 1424
f 1426 1404 1475
f 1424 1426 1475
f 1426 1424 1377
f 1414 1397 1419
f 1418 1396 1414
f 1419 1418 1414
f 1417 1419 1397
f 1459 1402 1431
f 1431 1396 1418
f 1418 1435 1459
f 1459 1431 1418
f 1438 1415 1396
f 1431 1433 1438
f 1396 1431 1438
f 1431 1402 1432
f 1439 1433 1432
f 1470 1405 1420
f 1415 1438 1440
f 1438 1433 1439
f 1440 1439 1420
f 1432 1471 1473
f 1473 1478 1479
f 1477 1472 1405
f 1470 1473 1477
f 1405 1470 1477
f 1491 1488 1485
f 1405 1472 1491
f 1485 1405 1491
f 1492 1486 1476
f 1487 1488 1492
f 1476 1487 1492
f 1485 1488 1487
f 1495 1493 1474
f 1486 1495 1494
f 1494 1474 47
f 1475 1476 1494
f 47 1475 1494
f 1487 1476 1475
f 1404 1421 1487
f 1475 1404 1487
f 1427 1420 1428
f 1430 1428 1423
f 1428 1420 1405
f 1485 1421 1423
f 1423 1421 1404
f 1397 1414 1416
f 1414 1396 1415
f 1410 1412 1411
f 1399 1401 1400
f 56 553 555
f 552 555 554
f 551 565 566
f 548 535 549
f 536 454 532
f 532 424 526
f 526 527 536
f 536 532 526
f 586 591 597
f 597 595 538
f 594 597 596
f 594 568 537
f 585 586 594
f 537 585 594
f 600 593 592
f 465 561 600
f 592 465 600
f 599 593 600
f 602 600 561
f 595 602 601
f 601 561 562
f 560 538 601
f 562 560 601
f 561 465 543
f 562 543 50
f 548 525 560
f 562 535 548
f 560 562 548
f 537 568 569
f 596 538 560
f 569 568 596
f 560 569 596
f 565 551 569
f 560 525 565
f 569 560 565
f 567 569 551
f 567 459 553
f 571 537 567
f 553 571 567
f 570 571 553
f 1110 57 588
f 590 587 1110
f 588 590 1110
f 669 589 590
f 588 51 669
f 590 588 669
f 1100 58 1089
f 1090 1046 1100
f 1089 1090 1100
f 1089 52 673
f 1342 51 588
f 1090 673 1342
f 588 1090 1342
f 1086 1046 1090
f 588 57 1086
f 1090 588 1086
f 1314 59 1283
f 1307 1058 1314
f 1283 1307 1314
f 1407 1306 1307
f 1283 53 1407
f 1307 1283 1407
f 1307 1306 52
f 1304 1058 1307
f 1089 58 1304
f 1307 1089 1304
f 558 55 500
f 733 500 54
f 62 707 709
f 709 717 718
f 716 708 700
f 706 709 716
f 700 706 716
f 719 557 720
f 722 720 701
f 700 708 728
f 726 728 727
f 720 557 723
f 725 701 720
f 723 725 720
f 723 56 552
f 725 552 458
f 701 725 724
f 730 559 724
f 724 458 55
f 55 558 730
f 730 724 55
f 1126 1109 696
f 894 1126 899
f 1087 57 1110
f 1112 1110 587
f 1109 1112 1111
f 1152 1117 1322
f 1322 1118 1043
f 1043 64 1152
f 1152 1322 1043
f 1117 1316 1324
f 1322 1324 1323
f 1323 1098 1047
f 1114 1095 1118
f 1043 1118 1095
f 1325 1099 1326
f 1328 1326 1101
f 1326 1099 58
f 1100 1101 1326
f 58 1100 1326
f 1101 1100 1046
f 1327 1101 1085
f 1091 1047 1098
f 1091 1085 1092
f 1103 1094 1092
f 1088 1093 1103
f 1092 1088 1103
f 1102 1094 1103
f 1105 1103 1093
f 1092 1085 1046
f 1086 1088 1092
f 1046 1086 1092
f 1106 1088 1086
f 57 1087 1106
f 1086 57 1106
f 1093 1088 1106
f 1108 1106 1087
f 1113 1097 1068
f 897 1095 1113
f 1068 897 1113
f 1095 1114 1116
f 1116 1120 1122
f 1119 1122 1121
f 1119 1115 1097
f 1113 1116 1119
f 1097 1113 1119
f 1097 1115 1125
f 1123 1125 1124
f 1123 1096 63
f 1068 1097 1123
f 63 1068 1123
f 65 1205 1207
f 1205 1144 1206
f 1207 1206 1145
f 1203 1189 1207
f 1197 1143 1203
f 1207 1197 1203
f 1194 1143 1197
f 1199 1178 1194
f 1197 1199 1194
f 1197 1145 1198
f 1199 1198 1136
f 1178 1199 1139
f 1291 59 1314
f 1315 1314 1058
f 1310 1303 1311
f 1313 1311 1305
f 1311 1303 1058
f 1304 1305 1311
f 1058 1304 1311
f 1305 1304 58
f 1147 1138 1020
f 1139 1142 1147
f 1020 1139 1147
f 1139 1136 1140
f 1148 1142 1140
f 1137 1141 1148
f 1140 1137 1148
f 1138 1147 1149
f 1136 1300 1302
f 1308 1302 1309
f 1308 1301 1137
f 1140 1302 1308
f 1137 1140 1308
f 1137 1301 1317
f 1151 1317 1316
f 1141 1137 1151
f 1153 1151 1117
f 1150 1153 1152
f 1285 1286 1276
f 1284 1278 1275
f 1273 1276 1284
f 1275 1273 1284
f 1275 1278 1277
f 1275 1208 1002
f 1012 1273 1275
f 1002 1012 1275
f 1451 1450 1281
f 1288 1281 1279
f 1015 1280 1288
f 1279 1015 1288
f 1446 1287 1447
f 1449 1447 1290
f 1447 1287 1281
f 1288 1290 1447
f 1281 1288 1447
f 1290 1288 1280
f 1262 1294 1267
f 1294 1209 1267
f 1267 1191 1262
f 1262 1002 1208
f 1208 1277 1296
f 1294 1296 1295
f 1264 1191 1267
f 1269 1256 1264
f 1267 1269 1264
f 1267 1209 1268
f 1269 1268 1144
f 1256 1269 1205
f 760 61 731
f 764 704 760
f 731 764 760
f 764 731 60
f 68 776 779
f 787 779 776
f 769 777 787
f 776 769 787
f 786 789 788
f 786 778 768
f 775 779 786
f 768 775 786
f 769 790 791
f 790 703 765
f 768 778 794
f 792 794 793
f 703 766 767
f 766 710 745
f 753 745 710
f 746 748 753
f 710 746 753
f 746 62 706
f 754 748 706
f 700 747 754
f 706 700 754
f 745 753 755
f 753 748 754
f 747 700 726
f 758 726 556
f 756 758 757
f 705 711 761
f 757 556 729
f 761 711 757
f 729 761 757
f 761 729 61
f 759 761 760
f 847 785 842
f 841 713 847
f 842 841 847
f 834 712 840
f 842 785 834
f 840 842 834
f 861 713 841
f 865 750 861
f 841 865 861
f 713 861 864
f 861 750 862
f 876 751 863
f 864 862 876
f 863 864 876
f 859 848 864
f 863 749 859
f 864 863 859
f 877 874 880
f 878 751 877
f 880 878 877
f 874 714 879
f 880 879 62
f 878 880 746
f 866 863 766
f 866 749 863
f 863 751 878
f 878 710 766
f 766 703 866
f 712 834 837
f 846 837 834
f 785 835 846
f 834 785 846
f 785 847 850
f 858 850 847
f 713 848 858
f 847 713 858
f 849 867 852
f 860 749 866
f 867 849 860
f 866 867 860
f 867 866 703
f 852 867 790
f 784 836 853
f 852 853 836
f 853 852 769
f 851 853 776
f 936 69 945
f 948 925 936
f 945 948 936
f 946 948 945
f 1073 932 947
f 948 946 1073
f 947 948 1073
f 925 948 947
f 1076 1074 1063
f 1073 1076 1075
f 1075 1063 1080
f 1077 932 1075
f 1080 1077 1075
f 1063 892 1078
f 1080 1078 845
f 1077 1080 1079
f 947 932 1077
f 1077 909 843
f 843 920 947
f 947 1077 843
f 889 886 895
f 894 695 889
f 895 894 889
f 905 845 1078
f 1078 892 895
f 895 886 905
f 905 1078 895
f 845 905 907
f 905 886 888
f 900 887 906
f 907 888 900
f 906 907 900
f 904 907 906
f 901 888 886
f 889 891 901
f 886 889 901
f 889 695 890
f 888 901 903
f 900 903 902
f 843 909 910
f 1079 845 904
f 904 885 910
f 910 909 1079
f 1079 904 910
f 70 1050 1052
f 1048 1036 1052
f 1050 1033 1048
f 1052 1050 1048
f 1052 1036 1035
f 1049 1052 1051
f 1034 1037 1038
f 896 1032 1051
f 1051 1035 896
f 1163 64 1043
f 1045 1042 1163
f 1043 1045 1163
f 1045 1043 897
f 1034 1045 1044
f 898 1044 1069
f 1044 897 1068
f 1069 1068 63
f 1066 943 1069
f 893 844 1066
f 1069 893 1066
f 944 930 896
f 1065 943 1066
f 1067 1066 844
f 69 941 944
f 941 930 944
f 1185 1186 1040
f 1003 1214 1215
f 1214 1157 1187
f 1211 1187 1157
f 1188 1190 1211
f 1157 1188 1211
f 1202 1190 1188
f 65 1189 1202
f 1188 65 1202
f 1202 1189 1203
f 1204 1203 1143
f 1187 1211 1212
f 1180 1182 1181
f 1193 1143 1194
f 1196 1194 1178
f 1184 1177 1057
f 1183 1184 1170
f 1021 1170 1171
f 1170 1057 1154
f 1167 1154 1057
f 1155 1156 1167
f 1057 1155 1167
f 1160 1156 1155
f 1020 1138 1160
f 1155 1020 1160
f 1160 1138 1146
f 1154 1167 1168
f 1164 1150 64
f 1162 1164 1163
f 996 1040 1041
f 1056 1033 1050
f 1050 70 1039
f 1039 1041 1056
f 1056 1050 1039
f 1244 1007 1245
f 1247 1245 1011
f 1006 1024 1026
f 1022 1010 1026
f 1024 1009 1022
f 1026 1024 1022
f 1026 1010 1008
f 1023 1026 1025
f 1245 1007 1248
f 1250 1011 1245
f 1248 1250 1245
f 1248 1014 1249
f 1250 1249 1013
f 1011 1250 1238
f 1004 1238 1241
f 1238 1013 1239
f 1241 1239 1192
f 1235 1221 1241
f 1240 1017 1235
f 1241 1240 1235
f 1192 1258 1260
f 1257 1260 1259
f 1263 1191 1264
f 1266 1264 1256
f 1017 1240 1261
f 1257 1255 1261
f 1240 1192 1257
f 1261 1240 1257
f 1261 1255 1157
f 1225 1261 1214
f 986 1025 1230
f 1025 1008 1220
f 1223 1019 1229
f 1230 1220 1223
f 1229 1230 1223
f 1228 1230 1229
f 1234 1221 1235
f 1237 1235 1017
f 1236 1017 1225
f 1227 1222 1236
f 1225 1227 1236
f 1227 1225 1003
f 1229 1019 1224
f 1224 1018 71
f 71 1016 1229
f 1229 1224 71
f 823 821 813
f 813 811 805
f 814 803 815
f 817 815 804
f 818 66 819
f 771 67 762
f 818 803 809
f 809 806 762
f 762 66 818
f 818 809 762
f 808 806 809
f 770 781 783
f 775 768 783
f 781 68 775
f 783 781 775
f 792 702 782
f 783 768 792
f 782 783 792
f 780 783 782
f 782 702 795
f 795 67 771
f 771 772 782
f 782 795 771
f 838 839 781
f 969 967 964
f 978 976 951
f 975 978 977
f 977 951 919
f 971 972 977
f 919 971 977
f 964 972 971
f 971 919 912
f 955 956 971
f 912 955 971
f 976 911 952
f 954 951 976
f 952 954 976
f 924 954 952
f 954 924 921
f 951 954 953
f 935 69 936
f 938 936 925
f 934 938 937
f 937 925 920
f 926 927 937
f 920 926 937
f 912 919 953
f 953 921 912
f 922 1054 1055
f 1049 1032 1055
f 1054 70 1049
f 1055 1054 1049
f 1055 1032 896
f 1053 1055 929
f 923 929 931
f 940 931 929
f 896 930 940
f 929 896 940
f 931 940 942
f 940 930 941
f 911 980 931
f 980 928 931
f 979 966 965
f 923 928 979
f 965 923 979
f 966 979 981
f 979 928 980
f 1231 71 1185
f 1185 996 997
f 997 987 1231
f 1231 1185 997
f 1039 70 1054
f 1054 922 997
f 997 996 1039
f 1039 1054 997
f 992 991 989
f 988 990 992
f 989 988 992
f 1023 986 1027
f 1028 1006 1023
f 1027 1028 1023
f 989 1028 1027
f 988 1027 1232
f 1228 1016 1232
f 1027 986 1228
f 1232 1027 1228
f 1232 1016 71
f 993 1232 1231
f 990 988 993
f 995 993 987
f 2404 2396 2397
f 2397 1 2404
f 2395 2396 2404
f 2402 2398 2403
f 2401 2407 2405
f 2403 2405 2407
f 2405 2403 2398
f 2402 1 2397
f 2398 2402 2397
f 2447 2401 2405
f 2412 2413 2415
f 2415 2413 2447
f 2447 2405 2415
f 2412 2415 1951
f 2448 2400 2406
f 2400 2448 2409
f 2449 2409 2448
f 8 2409 2449
f 2444 2448 2406
f 2446 2442 2443
f 2443 2444 2446
f 2444 2445 2446
f 2445 2444 1952
f 2410 1953 2446
f 2442 2446 1953
f 2591 1903 2436
f 2398 2399 2405
f 2379 2395 2414
f 2433 2442 1953
f 2415 2416 2411
f 2411 1951 2415
f 2416 2427 2428
f 2393 2379 2
f 2416 2377 2
f 2418 2419 2425
f 2433 2419 2442
f 2377 2416 2424
f 2418 2442 2419
f 2431 2418 2425
f 2427 2416 2
f 1923 2377 2424
f 2394 2395 2379
f 2421 2418 2431
f 2558 2551 1950
f 2421 2429 2418
f 2557 1950 2551
f 2426 2424 2417
f 2426 2417 2430
f 2430 2417 2422
f 2555 2556 2557
f 2417 2429 2422
f 1903 2549 2558
f 2424 2416 2417
f 2449 2470 8
f 2585 2470 2449
f 2450 2469 2465
f 2450 2451 2469
f 2465 2585 2450
f 2547 2590 2581
f 2587 2590 2547
f 2547 2464 2587
f 2464 2577 2587
f 2580 2576 2583
f 2581 2576 2547
f 2455 2580 2460
f 2576 2455 1905
f 2581 2583 2576
f 2580 2455 2576
f 2473 2456 2478
f 14 2473 2479
f 2511 2512 19
f 2476 2479 2480
f 2478 2479 2473
f 2462 2467 2451
f 2467 2461 2451
f 2451 2452 2459
f 2462 2451 2459
f 2479 2476 14
f 2452 2466 2458
f 2452 2456 2466
f 2458 2459 2452
f 2476 2480 2477
f 2452 2478 2456
f 2585 2449 2450
f 2550 2558 2549
f 2550 2551 2558
f 2548 2549 2464
f 2464 2547 2548
f 2549 1903 2591
f 2554 2555 2552
f 2560 2567 2566
f 2566 2552 2559
f 2567 2560 2564
f 2566 2559 2560
f 2560 2561 1947
f 2564 2560 1947
f 2555 2559 2552
f 2556 2555 2554
f 1949 2561 1905
f 2481 2475 2477
f 2475 2481 2482
f 2481 2477 2480
f 2482 2488 2475
f 2562 2570 1949
f 2570 2561 1949
f 2561 2570 2571
f 2485 2488 2486
f 2486 2487 2485
f 1947 2561 2571
f 2561 2576 1905
f 2487 2486 2483
f 2367 2378 2392
f 2382 1964 2370
f 2382 2383 2366
f 2370 2371 2382
f 2367 2392 1964
f 2367 1964 2382
f 2394 2379 2393
f 2351 2363 2364
f 2393 2376 2378
f 2365 2366 2391
f 2367 2393 2378
f 2365 2375 1922
f 2393 2 2376
f 1954 1958 1942
f 1941 1936 1902
f 1936 1941 1900
f 1902 1914 1941
f 1967 1955 1954
f 1958 1954 1955
f 1967 1971 1955
f 1944 1941 1915
f 1944 1915 1916
f 1942 1916 1954
f 1916 1942 1944
f 1941 1914 1915
f 1902 1777 1914
f 2364 2365 1922
f 2391 2375 2365
f 1968 1970 1933
f 2383 1924 2366
f 2361 2362 2352
f 2362 2363 2351
f 2361 2352 2308
f 2389 3 2351
f 2364 2389 2351
f 2360 2361 2308
f 2389 2364 1922
f 1934 1933 1971
f 1935 1783 1931
f 1934 1971 1931
f 1931 1971 1972
f 1972 1791 1911
f 1764 1972 1911
f 1812 1885 1973
f 1794 1894 1974
f 1885 16 1973
f 1935 1931 1899
f 1933 1970 1971
f 1931 1972 1899
f 1777 1898 1914
f 1898 1906 1914
f 1786 1909 1779
f 1898 1909 1906
f 1897 1906 1909
f 1779 1909 1898
f 16 1791 1973
f 1792 1896 1908
f 1895 1792 1790
f 1908 1897 1910
f 1892 1889 1790
f 1804 1792 1908
f 1897 1908 1896
f 1889 1895 1790
f 1798 1788 1787
f 1767 1784 1798
f 1798 1769 1767
f 1766 1796 1799
f 1787 1769 1798
f 1896 1792 1895
f 1892 1790 1818
f 1973 1791 1972
f 1763 1808 1826
f 1819 1826 1820
f 1826 1819 1763
f 1908 1776 1804
f 1884 1830 1811
f 1834 1794 1974
f 1883 1884 1882
f 1812 1973 1894
f 1883 1889 1892
f 1883 1893 1884
f 1894 1973 1974
f 1877 1834 1974
f 1974 1975 17
f 1877 1974 17
f 1881 1875 1872
f 1876 1866 1872
f 1865 1866 1874
f 1884 1891 1830
f 1881 1882 1884
f 1811 1835 1884
f 1881 1884 1835
f 1827 1826 1809
f 1856 1881 1835
f 1833 1875 1856
f 1875 1881 1856
f 1872 1875 1876
f 1854 1853 1838
f 1853 1733 1838
f 1838 1839 1854
f 1866 1876 1874
f 1823 1827 1809
f 1813 1830 1891
f 1851 1854 1839
f 1799 1784 1766
f 1899 1972 1764
f 2516 2534 2522
f 2513 2514 2491
f 2516 2522 2523
f 2516 2527 2515
f 2527 2516 2523
f 2522 2534 2526
f 2517 2515 2528
f 2514 2525 2491
f 2514 2515 2533
f 2515 2517 2533
f 2492 2491 2524
f 2528 2515 2521
f 2534 2535 2526
f 90 89 2535
f 80 86 73
f 2515 2527 2521
f 2546 72 74
f 79 72 86
f 303 306 30
f 74 72 87
f 86 72 73
f 79 87 72
f 88 90 2536
f 2526 2518 2522
f 77 80 73
f 2510 19 2492
f 2509 2510 2492
f 19 2510 2511
f 2492 2506 2509
f 2509 84 2497
f 2506 84 2509
f 2506 2492 2524
f 25 2506 2524
f 2490 2483 2493
f 2493 2483 2486
f 2490 1770 1765
f 20 2489 2494
f 2499 26 2495
f 2494 2495 1774
f 2490 2493 2489
f 2493 2494 2489
f 2497 2500 2504
f 301 302 296
f 77 95 305
f 267 300 95
f 95 300 305
f 2496 2497 2505
f 2505 2497 2504
f 2496 2503 2501
f 2496 2501 2499
f 2503 2496 2505
f 2499 2495 2496
f 268 267 96
f 95 96 267
f 253 254 31
f 296 82 301
f 2500 2497 84
f 2513 19 2512
f 2546 74 88
f 306 307 30
f 30 302 303
f 307 308 404
f 307 81 91
f 2546 88 2537
f 2537 88 2536
f 270 302 304
f 304 302 30
f 308 322 404
f 2546 2537 2538
f 407 308 309
f 407 309 408
f 395 394 35
f 394 409 35
f 408 309 399
f 397 400 309
f 397 401 323
f 392 393 321
f 309 400 399
f 383 392 321
f 393 394 395
f 308 407 322
f 397 309 310
f 82 256 301
f 264 292 82
f 256 292 294
f 294 275 256
f 82 292 256
f 259 254 274
f 255 274 254
f 274 263 259
f 259 288 254
f 274 255 276
f 275 276 255
f 314 317 311
f 313 94 325
f 310 313 325
f 317 313 311
f 310 401 397
f 310 325 281
f 281 401 310
f 385 392 383
f 280 353 92
f 314 312 329
f 311 313 310
f 312 326 329
f 324 257 326
f 312 333 324
f 326 312 324
f 335 353 280
f 355 392 385
f 1769 1800 1761
f 268 96 265
f 1760 1771 1768
f 1761 1800 1771
f 1806 1802 1766
f 1771 1760 1761
f 1801 1760 1762
f 1762 1760 1768
f 1784 1806 1766
f 1759 1760 1801
f 26 1774 2495
f 97 83 265
f 100 31 290
f 97 107 103
f 97 98 107
f 252 253 100
f 97 103 83
f 253 31 100
f 265 96 97
f 1806 1807 1789
f 1807 1808 1763
f 1836 1810 1823
f 1806 1789 1802
f 1828 1810 1836
f 1859 1759 1793
f 1809 1836 1823
f 1828 1836 1795
f 1837 1855 1832
f 1839 1861 1845
f 1855 1837 1733
f 1795 1837 1832
f 1837 1838 1733
f 1836 1837 1795
f 1821 1759 21
f 99 105 98
f 118 105 99
f 251 252 223
f 121 196 122
f 202 251 223
f 115 99 122
f 1759 1821 1793
f 1859 22 1758
f 1859 1758 1759
f 99 115 118
f 115 196 111
f 196 115 122
f 1850 1758 22
f 251 219 221
f 105 108 98
f 344 232 333
f 344 338 232
f 344 333 334
f 229 245 228
f 342 345 334
f 232 282 333
f 221 250 251
f 251 202 219
f 243 246 245
f 246 243 225
f 221 209 250
f 337 334 335
f 345 344 334
f 230 337 335
f 335 336 230
f 336 335 36
f 236 242 201
f 229 242 243
f 250 226 225
f 242 227 201
f 208 236 201
f 200 242 236
f 227 242 229
f 243 245 229
f 243 250 225
f 342 334 337
f 250 209 215
f 121 193 152
f 121 122 123
f 250 215 226
f 199 235 198
f 199 200 237
f 121 123 124
f 124 171 193
f 145 191 124
f 171 124 191
f 140 176 143
f 150 158 124
f 158 145 124
f 121 124 193
f 198 151 185
f 236 237 200
f 214 235 216
f 235 37 216
f 214 119 198
f 198 235 214
f 119 151 198
f 190 186 183
f 183 177 142
f 177 183 186
f 186 190 185
f 142 177 178
f 151 170 185
f 198 185 190
f 141 142 178
f 237 235 199
f 1839 1862 1861
f 176 141 178
f 2350 2359 2348
f 2304 2359 2350
f 2342 2346 2306
f 2342 2344 2334
f 2334 2344 2341
f 2359 2342 2334
f 2342 2304 2346
f 2348 2359 2360
f 2330 2331 2309
f 2347 2309 2332
f 2359 2304 2342
f 2333 2334 2337
f 2332 2309 2331
f 2333 2303 2345
f 2289 2311 2313
f 2310 2269 2288
f 2322 2310 2294
f 2271 2288 2269
f 2289 2290 2300
f 2288 2289 2310
f 2337 2335 2333
f 2297 2300 2290
f 2269 2310 2322
f 2291 2290 2323
f 2271 1869 2288
f 2289 2313 2310
f 2260 2261 2267
f 2329 2330 2307
f 2332 2333 2272
f 2272 2347 2332
f 2307 5 2328
f 2328 2329 2307
f 2239 2240 6
f 2138 2327 2338
f 5 2338 2327
f 2238 2239 2224
f 2301 2302 2325
f 2324 2302 2291
f 2302 2324 2325
f 2291 2323 2324
f 2291 2297 2290
f 2138 2301 2325
f 2138 2325 2326
f 2241 2242 1984
f 2327 2138 2326
f 2260 1843 2259
f 2136 1984 2243
f 2243 1984 2242
f 2259 1843 2258
f 2240 2241 2165
f 2335 2303 2333
f 1984 2227 2241
f 2263 2288 1869
f 2277 1869 2266
f 1869 2277 2263
f 2279 2276 2263
f 2277 2279 2263
f 2265 2262 2276
f 2261 2262 1844
f 2267 1843 2260
f 2265 2276 1868
f 2262 2265 1844
f 1843 2007 2258
f 2276 2264 1868
f 1864 1865 1842
f 2284 1841 1975
f 1975 1841 1867
f 1874 1847 1842
f 1846 1864 1842
f 2285 2284 1996
f 2268 2285 1996
f 2285 2268 1868
f 1996 2284 1976
f 1996 2007 2268
f 2006 2021 1997
f 1997 2021 1721
f 2258 2007 2008
f 1863 1864 1846
f 1997 1998 2006
f 2136 2243 2255
f 2243 2244 2255
f 2257 2258 2008
f 2246 2257 1993
f 1976 1977 1996
f 2257 2246 2258
f 2244 2252 1985
f 2245 2250 2253
f 2253 2252 2245
f 2252 2244 2245
f 2245 2246 2249
f 2246 2247 2249
f 2246 1993 2247
f 2250 2245 2249
f 1998 2015 2006
f 1998 2004 2015
f 2006 2014 2020
f 2014 2016 1986
f 2005 1977 1720
f 1996 1977 2005
f 1989 1720 1977
f 1977 1978 2001
f 1978 1986 2002
f 2016 2002 1986
f 2001 1978 2003
f 2002 2003 1978
f 1977 2001 1989
f 2021 2006 2020
f 1842 1865 1874
f 2221 6 2240
f 2221 2165 2129
f 2240 2165 2221
f 2229 2218 2217
f 2158 2214 2212
f 2212 2214 2210
f 2229 2217 2158
f 2229 2215 2218
f 2135 2227 1984
f 2210 2213 2212
f 2150 2155 2161
f 2125 2145 2150
f 2125 2150 2161
f 2150 2160 2155
f 2207 2208 2211
f 2213 2211 2208
f 2213 2208 2212
f 2159 2156 2151
f 2160 2151 2156
f 2151 2152 2159
f 2151 2160 2150
f 2207 2211 2209
f 2145 2149 2150
f 2166 2241 2227
f 2236 2237 2225
f 2225 2237 2224
f 2230 2130 2215
f 2230 2127 2130
f 2157 2215 2130
f 2178 2223 7
f 2236 2223 2234
f 2234 2223 2178
f 2236 2234 2235
f 2234 2178 2233
f 2179 2127 2231
f 2232 2233 2179
f 2229 2230 2215
f 1995 2206 2209
f 2124 1995 2209
f 2123 2185 13
f 2123 2126 2167
f 2206 1995 13
f 2231 2127 2230
f 2184 2205 13
f 2231 2232 2179
f 2174 2205 2184
f 2204 2205 2174
f 2186 2185 2170
f 2201 2204 2175
f 2185 2123 2170
f 2205 2206 13
f 2206 2207 2209
f 2238 2224 2237
f 2144 2140 2139
f 2144 2139 2141
f 2131 2140 2134
f 2122 1991 2121
f 2140 1991 2122
f 2167 2168 2169
f 2167 2169 2170
f 2149 1983 2141
f 2139 2149 2141
f 2151 2169 2152
f 2145 1983 2149
f 2140 2131 1991
f 2120 1991 1980
f 1990 1989 2001
f 1979 2120 1980
f 2109 1979 2112
f 2092 2091 2111
f 2111 2091 2107
f 2120 1979 2109
f 2111 2107 2108
f 2109 2117 2108
f 2113 2111 2108
f 2109 2112 2116
f 1991 2120 2121
f 2091 2106 2107
f 2186 2182 2176
f 2192 2183 2182
f 2192 2182 2170
f 2170 2182 2186
f 2170 2123 2167
f 2203 2201 2202
f 2202 2180 2203
f 2175 2177 2201
f 2180 2171 2203
f 2193 2192 2171
f 2171 2172 2203
f 2192 2170 2171
f 2171 2180 2191
f 2191 2193 2171
f 2204 2201 2203
f 2199 2105 2106
f 2200 2196 2104
f 2199 2200 2104
f 2197 2103 2196
f 2199 1742 18
f 2091 1742 2106
f 2188 2196 2200
f 1742 2199 2106
f 2105 2199 2104
f 2189 2103 2195
f 2103 2197 2195
f 2189 2187 2102
f 2187 2190 2102
f 2173 2190 2187
f 2103 2189 2102
f 2196 2103 2104
f 2115 2113 2108
f 2022 1721 2021
f 1860 1861 1862
f 1860 1863 1840
f 2023 1721 2022
f 2034 2028 2017
f 2032 2028 2026
f 1732 2033 2023
f 1721 2033 1731
f 1745 1732 2023
f 2033 1721 2023
f 2034 1744 2026
f 1860 1862 1863
f 1710 1750 1757
f 1757 1758 1710
f 1756 1750 1752
f 1748 1756 1717
f 1750 1756 1757
f 2023 2024 1745
f 2025 1744 1746
f 1716 2025 1747
f 1747 2025 1723
f 1715 1722 1714
f 1716 2024 2025
f 1746 1723 2025
f 2025 2026 1744
f 1714 1722 1755
f 1710 1758 1850
f 2027 2038 2029
f 2026 2029 2032
f 2026 2027 2029
f 2026 2028 2034
f 2035 2041 2009
f 2035 2042 2041
f 2027 2035 2038
f 1738 2085 2086
f 1738 2086 2096
f 2077 1738 2079
f 2043 2039 2041
f 2086 2097 2096
f 2041 2042 2043
f 2047 2046 2043
f 2047 2048 2045
f 2046 2047 2045
f 2048 2049 1736
f 2027 2042 2035
f 2050 1737 2049
f 2078 2061 2081
f 2081 2077 2079
f 2081 2061 2077
f 2049 1737 1736
f 2061 2078 2069
f 2085 1738 2077
f 1734 1737 2050
f 2043 2046 2039
f 2061 2069 2060
f 1756 1752 1717
f 1715 1756 1748
f 1695 1701 1709
f 1713 1707 1709
f 1715 1718 1722
f 1713 1755 1753
f 1713 1753 1707
f 1755 1713 1714
f 1701 1703 1692
f 1691 1703 1700
f 1713 1701 1692
f 1713 1709 1701
f 1734 2050 2051
f 159 138 144
f 159 146 125
f 125 146 150
f 125 150 124
f 176 140 141
f 125 138 159
f 131 138 125
f 1691 1700 1694
f 131 126 135
f 135 126 134
f 127 140 39
f 126 127 134
f 128 134 127
f 1706 1691 1694
f 1727 1734 1724
f 2051 1724 1734
f 1690 1691 1706
f 1724 2051 2052
f 130 1686 1633
f 1724 2052 1698
f 1633 1686 1704
f 1685 1632 1684
f 1704 1686 1534
f 1686 130 1685
f 1685 130 1632
f 1684 1632 132
f 130 1631 1632
f 1684 1641 1683
f 1641 128 1683
f 1684 132 1641
f 129 1627 1626
f 1622 1623 1547
f 1624 1629 1547
f 1626 1642 129
f 1624 1547 1623
f 129 1642 1639
f 1642 1643 1639
f 1522 1643 40
f 1534 1690 1705
f 2108 2117 2115
f 2093 2094 2097
f 2070 2067 2060
f 2086 2093 2097
f 2098 2068 2093
f 2093 2068 2094
f 2098 2065 2068
f 2099 1743 2063
f 2063 2065 2098
f 2059 2060 2067
f 2099 2063 2098
f 2060 2069 2070
f 1729 2067 2062
f 1686 1687 1534
f 1698 2052 2053
f 1689 1690 1687
f 1622 1628 1548
f 2071 1698 2053
f 1622 1511 1621
f 1534 1687 1690
f 24 2059 1729
f 2053 1730 2071
f 1622 1561 1511
f 1561 1532 1511
f 1511 1620 1621
f 1548 1561 1622
f 2067 1729 2059
f 1743 2099 1741
f 2058 2059 24
f 2058 24 1728
f 1728 1730 2054
f 1728 2054 2056
f 2099 2100 1741
f 2102 2190 2101
f 2100 2101 2190
f 1741 2100 2190
f 2057 2058 2056
f 2054 2055 2056
f 2056 2058 1728
f 1533 34 1620
f 1619 1620 1554
f 1619 1615 1515
f 1619 1554 1615
f 1610 1619 1515
f 1609 1614 1613
f 1612 1614 1610
f 1573 1608 1613
f 1613 1608 1609
f 1609 1610 1614
f 1608 1573 1616
f 1613 1611 1573
f 1612 1610 1515
f 1574 1608 1616
f 1533 1620 1511
f 1625 1636 1630
f 1625 1630 1629
f 1626 1521 1635
f 1625 1626 1635
f 1636 1625 1635
f 1549 1546 1564
f 1543 1549 1564
f 1542 1564 1559
f 1557 1564 1546
f 1542 1556 1541
f 1556 1542 1559
f 1564 1557 1559
f 1552 1543 1564
f 1626 1627 1634
f 1626 1634 1521
f 1527 1530 1514
f 1528 1519 1516
f 1556 1512 1530
f 1556 1530 1518
f 1518 1530 1527
f 1540 1518 1529
f 1541 1556 1518
f 1509 1510 1519
f 1529 1516 1540
f 1528 1516 1529
f 1540 1541 1518
f 1509 1519 1379
f 1555 1531 1550
f 1569 1550 1565
f 1569 1565 1570
f 1564 1565 1550
f 1565 1567 1570
f 1566 1578 1567
f 1607 1574 1576
f 1566 1592 1575
f 1576 1572 1607
f 1572 1591 1607
f 1566 1575 1578
f 1566 1567 1565
f 1608 1574 1607
f 1564 1550 1552
f 1589 1566 1581
f 1581 1582 1595
f 1590 1589 1581
f 1600 1602 1596
f 1507 1508 1571
f 1592 1566 1589
f 1581 1596 1587
f 1585 1592 1589
f 1607 1591 1580
f 1581 1587 1590
f 1607 1580 1584
f 1606 1607 1584
f 1513 1509 1517
f 1624 1625 1629
f 143 176 149
f 2109 2116 2117
f 1845 1851 1839
f 409 410 358
f 2545 2538 2539
f 358 35 409
f 2544 2539 2540
f 410 284 390
f 358 410 390
f 385 383 359
f 410 366 284
f 355 387 384
f 355 385 387
f 410 411 366
f 382 92 353
f 41 411 436
f 411 414 436
f 414 411 412
f 2541 2542 2543
f 413 414 412
f 427 432 364
f 416 427 429
f 413 434 414
f 415 419 434
f 419 426 421
f 415 434 413
f 411 41 366
f 433 432 427
f 354 374 373
f 373 382 353
f 373 353 354
f 384 363 355
f 374 354 371
f 363 371 354
f 355 363 354
f 357 382 373
f 430 440 283
f 205 42 422
f 433 440 430
f 416 429 426
f 440 427 417
f 426 419 415
f 417 446 438
f 438 418 420
f 441 417 438
f 446 442 418
f 446 447 423
f 442 446 423
f 481 453 452
f 448 481 447
f 481 452 447
f 422 447 452
f 418 438 446
f 440 417 441
f 416 426 415
f 511 503 495
f 508 514 507
f 512 507 514
f 507 512 513
f 503 511 498
f 507 513 511
f 502 494 495
f 502 506 493
f 502 495 504
f 503 504 495
f 493 494 502
f 487 493 491
f 515 510 509
f 48 498 510
f 514 515 509
f 526 519 527
f 515 516 48
f 510 515 48
f 496 48 517
f 512 514 509
f 493 506 490
f 502 497 506
f 505 368 517
f 489 49 518
f 505 518 49
f 490 491 493
f 517 368 496
f 492 484 485
f 484 488 463
f 493 487 484
f 460 485 483
f 448 449 470
f 485 460 492
f 479 482 448
f 482 481 448
f 468 449 464
f 460 464 449
f 449 468 471
f 464 460 483
f 491 456 487
f 484 492 493
f 526 424 489
f 527 519 528
f 528 454 536
f 518 526 489
f 524 529 520
f 531 520 529
f 520 521 524
f 519 520 528
f 539 542 521
f 527 528 536
f 521 546 539
f 528 520 531
f 521 541 524
f 484 487 488
f 470 479 448
f 614 617 611
f 613 611 617
f 611 612 614
f 613 187 620
f 613 620 611
f 610 611 620
f 610 620 618
f 625 628 612
f 614 612 628
f 630 625 612
f 179 625 630
f 632 630 612
f 632 633 630
f 609 610 661
f 618 172 624
f 606 476 478
f 607 44 621
f 476 621 153
f 476 607 621
f 660 618 624
f 609 661 659
f 660 610 618
f 659 622 44
f 622 660 624
f 609 659 608
f 44 608 659
f 608 44 607
f 643 645 649
f 143 136 140
f 633 634 638
f 636 638 634
f 634 635 652
f 634 652 636
f 1679 639 1675
f 1675 1680 1679
f 1675 639 1674
f 148 636 652
f 140 136 641
f 653 654 635
f 649 653 635
f 662 147 643
f 649 645 653
f 662 677 147
f 649 662 643
f 639 656 1674
f 1680 1675 1671
f 656 1677 1674
f 674 147 677
f 631 643 147
f 676 678 683
f 635 654 652
f 662 663 677
f 1677 1664 1674
f 470 425 479
f 521 542 541
f 50 539 549
f 550 549 546
f 473 606 466
f 467 605 473
f 544 465 592
f 605 467 544
f 605 544 592
f 478 466 606
f 525 548 547
f 550 547 548
f 563 525 547
f 572 564 566
f 525 563 565
f 566 565 563
f 546 547 550
f 598 602 595
f 598 599 602
f 595 584 598
f 584 595 597
f 564 459 551
f 591 584 597
f 564 572 573
f 563 572 566
f 678 663 664
f 689 690 675
f 690 668 675
f 683 664 689
f 689 675 684
f 678 664 683
f 1351 1338 1352
f 1347 1337 671
f 671 1337 1338
f 1351 671 1338
f 684 683 689
f 1337 1346 1336
f 607 476 606
f 603 605 592
f 473 605 606
f 599 603 593
f 583 585 582
f 583 591 586
f 599 598 603
f 583 584 591
f 690 666 668
f 1337 1347 1348
f 583 586 585
f 691 589 666
f 589 665 666
f 589 691 590
f 666 690 691
f 1346 1337 1348
f 585 537 571
f 575 576 54
f 517 518 505
f 732 54 577
f 577 54 576
f 55 554 574
f 526 518 519
f 554 55 458
f 574 575 55
f 578 579 732
f 573 574 554
f 763 60 738
f 737 738 60
f 763 738 739
f 736 60 731
f 735 736 731
f 579 580 558
f 579 558 733
f 559 730 580
f 61 729 735
f 735 729 727
f 764 763 740
f 60 736 737
f 721 701 559
f 734 727 728
f 727 734 735
f 715 734 728
f 559 580 721
f 717 707 697
f 721 580 722
f 717 697 698
f 716 718 699
f 718 717 698
f 699 715 708
f 699 718 698
f 722 580 719
f 728 708 715
f 756 743 758
f 742 756 705
f 743 747 758
f 756 742 743
f 743 744 747
f 754 744 755
f 752 767 745
f 744 752 755
f 711 705 756
f 556 727 729
f 707 717 709
f 459 564 573
f 798 799 66
f 799 800 819
f 819 66 799
f 800 818 820
f 800 816 804
f 816 800 801
f 804 815 800
f 740 763 739
f 803 814 809
f 818 815 803
f 818 800 815
f 817 816 811
f 801 812 805
f 811 824 817
f 813 812 822
f 801 822 812
f 822 801 802
f 811 813 821
f 801 805 816
f 824 811 821
f 824 825 814
f 826 810 825
f 814 825 810
f 809 814 810
f 802 807 823
f 821 807 824
f 802 823 822
f 807 821 823
f 808 810 826
f 805 811 816
f 741 759 704
f 741 705 759
f 704 764 741
f 705 741 742
f 793 794 788
f 797 798 67
f 797 793 788
f 788 796 797
f 765 767 752
f 773 765 752
f 791 774 777
f 773 791 765
f 787 777 774
f 787 796 789
f 791 773 774
f 788 789 796
f 752 744 773
f 67 795 797
f 797 795 793
f 827 806 808
f 828 771 827
f 806 827 771
f 827 808 826
f 788 794 778
f 770 780 828
f 772 828 780
f 828 772 771
f 702 793 795
f 786 779 787
f 573 555 553
f 581 723 557
f 719 580 581
f 581 557 719
f 570 56 723
f 582 571 570
f 581 582 570
f 707 714 697
f 879 714 707
f 723 581 570
f 62 879 707
f 582 585 571
f 881 714 874
f 874 877 881
f 875 877 751
f 875 751 876
f 876 873 875
f 872 873 862
f 876 862 873
f 750 872 862
f 857 848 859
f 913 902 884
f 841 871 865
f 859 749 856
f 872 750 865
f 871 872 865
f 587 590 692
f 692 590 691
f 1111 587 692
f 696 1111 693
f 890 899 694
f 693 694 696
f 694 697 890
f 692 693 1111
f 1109 1126 1082
f 1112 1109 1082
f 1082 1107 1112
f 890 695 899
f 1081 1082 1126
f 890 714 882
f 882 714 881
f 913 887 902
f 906 887 913
f 882 883 890
f 903 884 902
f 895 1081 894
f 63 1096 1128
f 1074 1081 895
f 901 891 884
f 901 884 903
f 890 883 891
f 1127 1124 1125
f 459 573 553
f 849 856 860
f 749 860 856
f 855 856 849
f 836 832 852
f 854 855 849
f 852 832 854
f 836 831 832
f 849 852 854
f 858 857 850
f 846 835 857
f 846 857 837
f 857 835 850
f 857 858 848
f 781 839 851
f 851 830 784
f 830 831 784
f 837 868 833
f 839 838 830
f 868 837 857
f 958 959 960
f 829 838 770
f 829 830 838
f 830 851 839
f 829 770 828
f 913 914 906
f 842 870 841
f 841 870 871
f 842 840 870
f 885 914 910
f 908 910 914
f 1074 892 1063
f 1072 1081 1074
f 1076 1072 1074
f 892 1074 895
f 1072 1076 1073
f 1071 1072 946
f 1128 1129 893
f 712 868 840
f 840 869 870
f 914 915 908
f 915 916 908
f 868 869 840
f 712 833 868
f 961 912 958
f 926 843 916
f 843 926 920
f 921 958 912
f 921 924 957
f 968 956 955
f 921 957 958
f 912 961 955
f 968 955 961
f 961 958 960
f 856 857 859
f 1127 1128 1096
f 516 517 48
f 1673 1668 1669
f 1669 1666 1673
f 1666 1669 1657
f 1675 1681 1671
f 1674 1668 1673
f 1672 1681 1661
f 1681 1662 1661
f 1648 1649 1658
f 1657 1658 1649
f 1647 1648 1656
f 1658 1656 1648
f 127 39 133
f 1668 1664 1665
f 1363 1359 1369
f 1367 1354 1363
f 1364 1360 1362
f 1358 1364 1355
f 1366 1355 1364
f 1358 1356 1383
f 1356 1358 1355
f 1360 1364 1358
f 1363 1354 1355
f 1383 1356 1384
f 1355 1366 1363
f 1369 1367 1363
f 1664 1668 1674
f 1372 1358 1383
f 1659 1663 1653
f 1663 1682 1683
f 1659 1682 1663
f 1662 1681 1659
f 1643 1644 40
f 1645 1520 40
f 1645 1646 1539
f 1644 1645 40
f 1539 1646 1380
f 1520 1645 1539
f 1681 1682 1659
f 128 1663 1683
f 1650 1656 1652
f 1381 1387 1370
f 1381 1384 1356
f 1376 1650 1357
f 1646 1647 1375
f 1375 1647 1376
f 1647 1650 1376
f 46 1377 1500
f 1377 46 1388
f 1646 1375 1500
f 1380 1646 1500
f 1650 1647 1656
f 127 133 128
f 1367 1349 1354
f 679 1349 1367
f 1340 1336 1346
f 1346 1341 1340
f 670 1344 1340
f 1087 1112 1107
f 1390 1353 1385
f 1385 1387 1381
f 1385 1381 1390
f 1352 1338 1349
f 1344 1343 1336
f 1336 1340 1344
f 1343 1335 1336
f 1381 1356 1390
f 1107 1082 1104
f 1104 1093 1108
f 1104 1108 1107
f 1122 1084 1121
f 1121 1125 1115
f 1084 1127 1121
f 1121 1127 1125
f 1102 1105 1083
f 1105 1104 1083
f 1047 1102 1083
f 1084 1047 1083
f 1122 1120 1084
f 1120 1114 1047
f 1104 1082 1083
f 1102 1091 1094
f 1084 1120 1047
f 1388 1389 1391
f 1389 1353 1391
f 52 1408 1335
f 1343 52 1335
f 1391 1353 1390
f 1343 673 52
f 1425 1388 1391
f 1335 1408 1334
f 1409 1334 1408
f 1408 52 1306
f 1305 1099 1325
f 1325 1328 1321
f 1321 1312 1325
f 1327 1321 1328
f 1098 1320 1321
f 1098 1323 1320
f 1321 1327 1098
f 1315 1303 1310
f 1313 1329 1310
f 1321 1329 1312
f 1298 1299 1309
f 1299 1308 1309
f 1319 1320 1316
f 1298 1309 1297
f 1317 1318 1319
f 1329 1313 1312
f 1299 1318 1308
f 1047 1091 1102
f 1300 1297 1309
f 1338 1354 1349
f 1513 1571 1508
f 1502 1493 1495
f 1490 1502 1486
f 1502 1403 1493
f 1467 1597 1594
f 1478 1464 1479
f 1502 1480 1403
f 1490 1486 1492
f 1524 1571 1513
f 1489 1492 1488
f 1426 1422 1404
f 1422 1429 1423
f 1422 1426 1392
f 1464 1465 1479
f 1465 1489 1472
f 1478 1458 1464
f 1477 1479 1465
f 1488 1491 1489
f 1465 1472 1477
f 1430 1429 1394
f 1492 1489 1490
f 1466 1480 1502
f 1506 1507 1599
f 1593 1599 1507
f 1605 1604 1600
f 1506 1597 1467
f 1600 1596 1605
f 1461 1506 1406
f 1467 1406 1506
f 1505 1506 1461
f 1600 1604 1583
f 1606 1579 1603
f 1604 1605 1603
f 1504 1505 1461
f 1605 1606 1603
f 1463 1504 1461
f 1395 1466 1502
f 1471 1458 1478
f 1471 1432 1402
f 1471 1402 1458
f 1458 1402 1459
f 1503 1460 1395
f 1463 1434 1503
f 1434 1460 1503
f 1457 1458 1456
f 1435 1458 1459
f 1418 1456 1435
f 1458 1435 1456
f 1502 1503 1395
f 1463 1503 1504
f 1471 1478 1473
f 1571 1593 1507
f 1392 1429 1422
f 1411 1333 1334
f 1333 1411 1412
f 1398 1400 1409
f 1334 1400 1411
f 1399 1410 1401
f 1411 1400 1401
f 1400 1334 1409
f 1436 1440 1427
f 1427 1430 1394
f 1393 1429 1392
f 1393 1394 1429
f 1440 1436 1437
f 1412 1410 1333
f 1333 1410 1332
f 1332 1399 53
f 1398 53 1399
f 53 1283 1332
f 1329 1330 1315
f 1329 1315 1310
f 59 1331 1283
f 1331 59 1291
f 1283 1331 1332
f 1413 1416 1436
f 1436 1441 1413
f 1291 1330 1331
f 1448 1289 1443
f 1144 1292 1293
f 1442 1280 1015
f 1442 1443 1280
f 1442 1454 1441
f 1144 1293 1297
f 1410 1399 1332
f 1415 1437 1416
f 1437 1436 1416
f 1282 1397 1413
f 1282 1441 1454
f 1441 1282 1413
f 1454 1442 1015
f 1455 1418 1419
f 1454 1455 1417
f 1419 1417 1455
f 1456 1418 1455
f 1450 1453 1279
f 1282 1454 1417
f 1279 1453 1454
f 1454 1015 1279
f 1290 1289 1448
f 1449 1448 1444
f 1444 1448 1443
f 1446 1444 1445
f 1444 1446 1449
f 1452 1450 1451
f 1451 1287 1446
f 1279 1281 1450
f 1270 1271 1285
f 1445 1452 1446
f 1286 1272 1274
f 1451 1446 1452
f 1272 1286 1271
f 1453 1450 1452
f 1280 1443 1289
f 1292 1296 1277
f 1426 1425 1392
f 1509 1379 1517
f 1120 1116 1114
f 1127 1096 1124
f 63 1128 893
f 1320 1323 1324
f 1318 1317 1301
f 1134 1141 1153
f 1133 1134 1164
f 1134 1153 1150
f 1320 1324 1316
f 1130 898 943
f 943 1065 1130
f 1129 1130 1067
f 1067 1062 1129
f 844 1129 1062
f 1037 898 1130
f 1042 1045 1132
f 1034 1132 1045
f 1132 1162 1042
f 1133 1162 1132
f 898 1037 1034
f 1038 1131 1132
f 1131 1038 1037
f 1034 1038 1132
f 1133 1164 1162
f 1148 1141 1134
f 1142 1148 1135
f 1149 1135 1146
f 1164 1134 1150
f 1149 1147 1135
f 1198 1300 1136
f 1309 1302 1300
f 1135 1147 1142
f 1160 1161 1159
f 1146 1158 1161
f 1168 1167 1165
f 1173 1166 1172
f 1158 1146 1135
f 1156 1159 1165
f 1165 1167 1156
f 1171 1166 1169
f 1173 1021 1169
f 1171 1154 1166
f 1181 1155 1057
f 1166 1173 1169
f 1159 1156 1160
f 1166 1168 1172
f 1195 1020 1155
f 1064 1070 946
f 946 945 1064
f 917 918 934
f 934 927 917
f 935 938 918
f 1060 944 1059
f 945 1061 1064
f 945 944 1061
f 917 927 926
f 1061 944 1060
f 978 911 976
f 952 950 924
f 975 972 964
f 968 964 956
f 973 978 975
f 973 911 978
f 952 935 949
f 950 952 949
f 967 973 975
f 967 969 963
f 981 974 970
f 962 963 961
f 963 969 968
f 973 967 963
f 974 911 973
f 963 968 961
f 957 924 950
f 926 916 917
f 970 974 962
f 896 1035 1059
f 944 896 1059
f 1035 1036 1031
f 69 944 945
f 942 941 935
f 941 69 935
f 1131 1037 1130
f 1030 1031 1048
f 1036 1048 1031
f 1030 1056 1041
f 1033 1030 1048
f 1030 1033 1056
f 1029 1030 1040
f 1059 1035 1031
f 935 939 942
f 911 931 939
f 980 911 974
f 981 980 974
f 952 911 939
f 982 922 1053
f 1053 923 965
f 965 982 1053
f 965 966 962
f 983 997 982
f 982 997 922
f 966 970 962
f 962 982 965
f 935 952 939
f 1206 1297 1145
f 1196 1195 1179
f 1179 1195 1155
f 1179 1193 1196
f 1193 1179 1200
f 1195 1178 1020
f 1292 1144 1268
f 1295 1292 1268
f 1202 1204 1200
f 1200 1204 1193
f 1190 1202 1200
f 1144 1297 1206
f 1175 1176 1182
f 1175 1182 1180
f 1057 1177 1181
f 1180 1174 1175
f 1180 1177 1184
f 1176 1179 1155
f 1201 1211 1190
f 1216 1212 1201
f 1211 1201 1212
f 1201 1190 1200
f 1187 1210 1215
f 1210 1212 1216
f 1188 1265 65
f 1184 1183 1180
f 1155 1181 1176
f 1157 1259 1188
f 1292 1295 1296
f 1277 1274 1292
f 1268 1209 1295
f 1263 1262 1191
f 1278 1284 1274
f 1274 1276 1286
f 1274 1284 1276
f 1270 1285 1012
f 1273 1012 1285
f 1262 1263 1002
f 1254 1270 1263
f 1277 1278 1274
f 1266 1265 1254
f 1254 1265 1188
f 1157 1255 1259
f 1260 1258 1253
f 1259 1260 1253
f 1188 1253 1254
f 1188 1259 1253
f 1253 1258 1252
f 1002 1263 1270
f 1266 1254 1263
f 1270 1012 1002
f 1013 1258 1239
f 1258 1192 1239
f 1249 1252 1013
f 1252 1258 1013
f 1014 1252 1249
f 1265 1256 65
f 1286 1285 1271
f 1145 1297 1198
f 1183 1174 1180
f 1216 1217 1210
f 1226 1003 1213
f 1226 1218 1227
f 1226 1213 1217
f 1215 1210 1217
f 1233 1237 1236
f 1219 1233 1222
f 1236 1222 1233
f 1234 1237 1233
f 1218 1219 1222
f 1004 1221 1234
f 1183 1021 1174
f 1018 1224 1029
f 1215 1217 1213
f 1018 1186 1185
f 1186 1029 1040
f 1174 1021 1173
f 1029 1186 1018
f 1019 1029 1224
f 1226 1217 1218
f 1218 1222 1227
f 1223 1005 1019
f 1029 1019 1005
f 983 995 994
f 994 987 983
f 1220 1005 1223
f 997 983 987
f 1011 1004 1246
f 1233 1242 1234
f 1244 1242 1243
f 1242 1247 1246
f 1004 1234 1246
f 1244 1247 1242
f 1005 1220 1008
f 1251 1252 1248
f 1251 1007 1244
f 1009 1000 1001
f 1009 1001 1005
f 1243 1251 1244
f 1014 1248 1252
f 1008 1010 1005
f 1005 1010 1022
f 995 984 990
f 998 984 985
f 984 992 990
f 995 983 984
f 984 991 992
f 1024 1006 1000
f 999 1006 1028
f 1000 1006 999
f 998 989 991
f 989 998 999
f 998 991 984
f 1028 989 999
f 1009 1024 1000
f 1005 1022 1009
f 1297 1300 1198
f 1071 946 1070
f 2295 2351 3
f 2350 2308 2349
f 2304 2349 4
f 7 2225 2128
f 9 2441 2438
f 2439 2422 2441
f 2423 2424 2426
f 2425 2433 2435
f 2435 1953 2434
f 2432 2434 2420
f 2432 1903 2558
f 2428 1951 2411
f 1903 2437 2436
f 10 2374 1929
f 2374 2387 2384
f 2385 2386 2387
f 2384 2369 1963
f 1921 2390 2373
f 2388 2389 2390
f 2390 1922 2375
f 2378 2 2377
f 1960 1963 2368
f 2368 1918 1960
f 2369 2383 2380
f 2380 2382 2371
f 2368 2370 1966
f 2370 1923 2423
f 2423 1966 2370
f 11 2321 2318
f 2321 2296 2320
f 2318 2320 1815
f 2305 2356 2358
f 2358 2295 2357
f 2319 2357 2296
f 2357 3 2388
f 2388 2296 2357
f 2320 1921 2372
f 2372 1815 2320
f 2138 2340 2301
f 2338 2339 2340
f 2274 2337 2298
f 2344 2306 2343
f 2341 2343 2336
f 2292 2355 2315
f 2355 2305 2354
f 2315 2354 2273
f 2297 2298 2300
f 2313 2299 2312
f 2310 2312 2294
f 2299 2315 2317
f 2317 2273 2316
f 2314 2316 2293
f 12 2228 2162
f 2228 2166 2227
f 2162 2227 2135
f 2130 2222 2157
f 2219 2220 2222
f 2222 6 2221
f 2215 2216 2218
f 2218 2129 2217
f 2124 2211 2154
f 2179 7 2127
f 2461 2468 2469
f 2586 2470 2585
f 2468 2585 2465
f 2470 2593 8
f 1901 2575 2572
f 2575 1949 2574
f 2572 2574 2563
f 2484 2454 1772
f 1782 2571 2568
f 2568 2570 2562
f 2564 2565 2567
f 2567 2552 2566
f 2464 2594 2577
f 2591 2592 2594
f 2594 8 2593
f 2587 2588 2590
f 2590 2463 2589
f 2581 2589 2578
f 2460 2583 2579
f 2583 2578 2582
f 2579 2582 1904
f 2459 2460 2462
f 2467 2460 2579
f 2579 2461 2467
f 2453 2474 2471
f 2472 2458 2474
f 2471 2473 14
f 16 1913 1791
f 1887 1912 1913
f 1928 1929 1930
f 1912 1940 1937
f 1938 1939 1940
f 1783 1934 1931
f 1932 1933 1934
f 1968 1969 1970
f 1970 1926 1955
f 1955 1956 1958
f 1958 1920 1957
f 1942 1957 1927
f 1944 1927 1943
f 1941 1943 1900
f 1959 1960 1962
f 1962 1918 1961
f 1961 9 2553
f 2573 1902 1936
f 1777 1901 15
f 1880 1816 1879
f 1834 1879 1794
f 2318 1816 1878
f 1879 1886 1888
f 1888 1780 1887
f 2007 2267 2268
f 2271 11 2270
f 2285 2264 2287
f 2284 2286 1841
f 2264 2279 2275
f 2279 2266 2278
f 2275 2278 1871
f 2266 2281 2283
f 2283 1814 2282
f 2280 2282 1870
f 2280 17 1867
f 2141 2142 2144
f 2144 2132 2143
f 2140 2143 2134
f 2131 2133 1994
f 1994 2249 2247
f 2250 2251 2253
f 2253 1985 2252
f 1989 1994 2247
f 2247 1720 1989
f 2145 2146 2148
f 2148 2137 2147
f 2132 2147 1992
f 2155 2162 2164
f 2164 2135 2163
f 2146 2163 2137
f 1992 2256 2248
f 2147 2254 2256
f 2256 2136 2255
f 2005 1993 2257
f 2257 1996 2005
f 2153 2154 2156
f 2167 2152 2168
f 2189 2197 2194
f 2194 2196 2188
f 2202 2177 2180
f 2193 2183 2192
f 2183 2176 2182
f 2176 2184 2186
f 2186 13 2185
f 2173 2200 2198
f 2198 2199 18
f 20 2490 2489
f 1778 2484 2485
f 2475 2453 2477
f 1819 1792 1803
f 1803 1763 1819
f 1789 1805 1802
f 1803 1804 1805
f 1805 1776 1785
f 1796 1797 1799
f 1799 1788 1798
f 1797 1776 1907
f 1907 1788 1797
f 1788 1779 1787
f 1776 1910 1907
f 1907 1909 1786
f 1768 1770 20
f 1848 1856 1858
f 1858 1835 1857
f 1855 1857 1832
f 1857 1811 1829
f 1829 1832 1857
f 1795 1831 1828
f 1829 1830 1831
f 1831 1813 1817
f 1813 1893 1890
f 1890 1892 1818
f 1810 1827 1823
f 1824 1825 1827
f 1827 1820 1826
f 1825 1813 1890
f 1890 1820 1825
f 1820 1790 1819
f 1847 1876 1873
f 1873 1875 1833
f 1846 1847 1849
f 1852 1847 1873
f 1873 1848 1852
f 1851 1852 1854
f 1854 1848 1853
f 1860 1845 1861
f 2081 2075 2080
f 2078 2080 2076
f 2074 2044 1726
f 2082 2083 2084
f 2084 1739 2040
f 2075 2040 1740
f 1740 2041 2039
f 2040 2009 2041
f 1726 2045 1736
f 2112 2118 2119
f 2119 1982 2010
f 2083 2010 1739
f 1988 2118 1979
f 1988 1989 1990
f 1987 2003 1999
f 2000 2001 2003
f 1999 2002 1981
f 2010 1987 2012
f 2037 1987 1999
f 1999 2011 2037
f 2009 2038 2035
f 2036 2037 2038
f 2038 2011 2029
f 2029 2030 2032
f 2032 2019 2031
f 2028 2031 2017
f 2030 1981 2013
f 2013 2019 2030
f 2019 1998 2018
f 1981 2016 2013
f 2016 2006 2015
f 2013 2015 2004
f 1746 1732 1745
f 2034 1731 2033
f 1744 2033 1732
f 2090 2091 2092
f 2110 2111 2113
f 2088 2117 2114
f 2114 2116 1719
f 2087 2088 2089
f 2095 2088 2114
f 2114 2082 2095
f 2094 2095 2097
f 2097 2082 2096
f 2062 2070 2066
f 2066 2069 23
f 27 1775 102
f 102 1774 26
f 28 1822 113
f 113 1773 27
f 1699 1752 1749
f 1752 1710 1751
f 1749 1751 1712
f 168 1711 28
f 1698 1727 1724
f 1727 1737 1734
f 1735 1736 1737
f 1755 1718 1754
f 1753 1754 1707
f 1709 1699 1708
f 1695 1708 29
f 1730 2073 2071
f 2072 2062 2073
f 2071 1725 1698
f 77 78 80
f 2507 2532 2529
f 2530 2531 2532
f 2529 2521 2519
f 2520 2522 2518
f 76 2526 89
f 79 89 90
f 265 266 268
f 2498 2499 2501
f 266 2505 2502
f 2502 2504 85
f 2500 2506 2508
f 299 2507 75
f 267 299 300
f 105 106 108
f 108 103 107
f 112 113 114
f 111 118 115
f 116 117 118
f 118 101 105
f 33 169 137
f 169 28 112
f 1534 1706 1704
f 1704 1694 1633
f 1703 1695 1702
f 1700 1702 1697
f 1693 1696 167
f 1611 1614 1612
f 324 232 351
f 93 332 330
f 331 286 332
f 332 261 277
f 258 289 286
f 287 288 289
f 289 259 263
f 261 276 272
f 273 274 276
f 272 275 262
f 262 294 291
f 294 264 293
f 291 293 260
f 257 329 326
f 327 328 329
f 329 279 314
f 328 261 272
f 272 279 328
f 315 262 291
f 291 278 315
f 314 315 317
f 317 278 316
f 313 316 94
f 278 295 320
f 320 271 319
f 318 319 269
f 264 296 298
f 298 270 297
f 295 297 271
f 325 318 402
f 402 403 405
f 405 81 404
f 397 398 400
f 400 396 399
f 399 406 408
f 408 322 407
f 37 237 234
f 234 236 208
f 215 224 226
f 226 204 225
f 221 202 220
f 220 247 249
f 249 110 248
f 228 248 203
f 225 244 246
f 246 228 245
f 223 100 222
f 110 290 231
f 109 348 346
f 229 347 348
f 346 337 230
f 248 231 349
f 349 350 352
f 352 93 351
f 338 351 232
f 342 343 345
f 345 338 344
f 38 186 184
f 184 185 170
f 161 192 194
f 194 152 193
f 165 195 197
f 197 111 196
f 152 196 121
f 138 166 144
f 163 164 166
f 166 32 165
f 146 162 150
f 159 160 162
f 162 120 161
f 149 178 175
f 175 177 38
f 1529 1514 1528
f 1550 1551 1552
f 1552 1533 1543
f 1559 1545 1558
f 1556 1558 1512
f 1545 1561 1563
f 1563 1548 1562
f 1630 1547 1629
f 1379 1538 1535
f 1538 1523 1537
f 1535 1537 1520
f 1530 1560 1638
f 1523 1640 1637
f 1640 129 1639
f 1637 1639 1522
f 1580 1592 1585
f 1591 1575 1592
f 1586 1590 1587
f 1588 1589 1590
f 1583 1602 1600
f 1601 1587 1602
f 1574 1618 1577
f 1616 1611 1618
f 1577 1617 1553
f 1572 1578 1575
f 1576 1577 1578
f 1578 1553 1567
f 1567 1568 1570
f 1570 1555 1569
f 1615 1555 1568
f 1555 34 1531
f 42 381 379
f 380 369 381
f 340 280 370
f 369 378 375
f 376 377 378
f 375 361 285
f 361 374 371
f 372 373 374
f 387 359 386
f 384 386 362
f 395 358 389
f 356 391 388
f 391 358 390
f 388 390 284
f 430 431 433
f 433 367 432
f 431 285 360
f 360 367 431
f 451 154 210
f 210 205 451
f 211 241 238
f 241 201 240
f 238 240 213
f 210 212 207
f 207 341 339
f 339 340 206
f 44 624 621
f 624 155 623
f 621 623 153
f 620 174 619
f 618 619 172
f 614 615 617
f 617 189 616
f 613 616 187
f 615 38 184
f 184 189 615
f 189 151 188
f 155 218 217
f 173 214 218
f 217 211 154
f 217 43 477
f 647 1677 1676
f 1676 656 648
f 648 658 655
f 656 657 658
f 655 644 631
f 1671 1678 1680
f 1680 642 1679
f 642 136 156
f 1679 156 636
f 636 637 638
f 638 157 629
f 180 149 182
f 627 149 175
f 175 181 627
f 179 628 625
f 626 627 628
f 628 181 614
f 629 179 630
f 644 654 650
f 651 652 654
f 650 653 645
f 659 660 622
f 46 1376 1374
f 1659 1660 1662
f 1662 1654 1661
f 1661 1670 1672
f 1672 640 1671
f 1371 1372 1373
f 1370 1384 1381
f 1382 1383 1384
f 1357 1652 1372
f 1652 1658 1655
f 1655 1657 1651
f 1651 1669 1667
f 1667 1668 1665
f 1360 1664 647
f 1366 1362 1365
f 1363 1365 1359
f 1362 647 1361
f 1468 1499 1501
f 1501 1380 1500
f 1424 1500 1377
f 1378 1526 1499
f 1499 1525 1380
f 1463 1406 1462
f 1603 1583 1604
f 1599 1571 1598
f 1597 1598 1594
f 1467 1524 1378
f 1395 1484 1466
f 1481 1482 1484
f 1484 1469 1483
f 1483 1496 1498
f 1498 1468 1497
f 1474 1497 47
f 498 513 510
f 510 512 509
f 49 506 505
f 505 497 368
f 423 445 442
f 443 444 445
f 442 420 418
f 420 441 438
f 439 440 441
f 429 364 428
f 426 428 421
f 419 437 434
f 437 41 436
f 434 436 414
f 497 504 501
f 501 503 499
f 496 498 48
f 50 542 539
f 540 541 542
f 531 523 530
f 528 530 454
f 462 471 468
f 469 470 471
f 483 484 463
f 457 488 486
f 486 487 456
f 523 486 534
f 534 456 533
f 532 533 424
f 479 480 482
f 482 453 481
f 453 205 452
f 489 490 49
f 476 477 478
f 478 43 450
f 467 475 472
f 473 474 475
f 472 462 455
f 465 545 543
f 544 472 545
f 545 455 522
f 670 1341 1339
f 1341 1348 1345
f 1345 1347 686
f 672 688 685
f 685 667 665
f 1349 1350 1352
f 1352 680 1351
f 680 147 674
f 1351 674 676
f 676 677 678
f 667 684 681
f 682 683 684
f 681 675 668
f 1388 1374 1389
f 1353 1387 1385
f 1386 1370 1387
f 1369 45 1368
f 1367 1368 679
f 673 1344 1342
f 1342 670 51
f 53 1409 1407
f 1407 1408 1306
f 1426 1377 1425
f 1417 1397 1282
f 1431 1432 1433
f 1439 1432 1470
f 1470 1420 1439
f 1415 1440 1437
f 1438 1439 1440
f 1440 1420 1427
f 1432 1473 1470
f 1473 1479 1477
f 1485 1487 1421
f 1495 1474 1494
f 1486 1494 1476
f 1427 1428 1430
f 1430 1423 1429
f 1428 1405 1485
f 1485 1423 1428
f 1423 1404 1422
f 1397 1416 1413
f 1414 1415 1416
f 1410 1411 1401
f 1399 1400 1398
f 56 555 552
f 552 554 458
f 551 566 564
f 548 549 550
f 586 597 594
f 597 538 596
f 594 596 568
f 599 600 602
f 602 561 601
f 595 601 538
f 561 543 562
f 562 50 535
f 537 569 567
f 567 551 459
f 570 553 56
f 1089 673 1090
f 1307 52 1089
f 558 500 733
f 733 54 732
f 62 709 706
f 709 718 716
f 719 720 722
f 722 701 721
f 700 728 726
f 726 727 556
f 723 552 725
f 725 458 724
f 701 724 559
f 1126 696 899
f 894 899 695
f 1087 1110 1112
f 1112 587 1111
f 1109 1111 696
f 1117 1324 1322
f 1322 1323 1118
f 1323 1047 1114
f 1114 1118 1323
f 1043 1095 897
f 1325 1326 1328
f 1328 1101 1327
f 1101 1046 1085
f 1327 1085 1091
f 1091 1098 1327
f 1091 1092 1094
f 1102 1103 1105
f 1105 1093 1104
f 1093 1106 1108
f 1108 1087 1107
f 1095 1116 1113
f 1116 1122 1119
f 1119 1121 1115
f 1097 1125 1123
f 1123 1124 1096
f 65 1207 1189
f 1205 1206 1207
f 1207 1145 1197
f 1197 1198 1199
f 1199 1136 1139
f 1178 1139 1020
f 1291 1314 1315
f 1315 1058 1303
f 1310 1311 1313
f 1313 1305 1312
f 1305 58 1099
f 1139 1140 1142
f 1138 1149 1146
f 1136 1302 1140
f 1137 1317 1151
f 1151 1316 1117
f 1141 1151 1153
f 1153 1117 1152
f 1150 1152 64
f 1285 1276 1273
f 1275 1277 1208
f 1451 1281 1287
f 1446 1447 1449
f 1449 1290 1448
f 1290 1280 1289
f 1262 1208 1294
f 1208 1296 1294
f 1294 1295 1209
f 1267 1268 1269
f 1269 1144 1205
f 1256 1205 65
f 764 60 763
f 68 779 775
f 786 788 778
f 769 791 777
f 790 765 791
f 768 794 792
f 792 793 702
f 703 767 765
f 766 745 767
f 746 706 748
f 745 755 752
f 753 754 755
f 747 726 758
f 758 556 757
f 756 757 711
f 705 761 759
f 761 61 760
f 759 760 704
f 713 864 848
f 861 862 864
f 874 879 880
f 880 62 746
f 878 746 710
f 863 878 766
f 712 837 833
f 785 850 835
f 867 703 790
f 852 790 769
f 784 853 851
f 853 769 776
f 851 776 68
f 925 947 920
f 1076 1063 1075
f 1073 1075 932
f 1063 1078 1080
f 1080 845 1079
f 1077 1079 909
f 845 907 904
f 905 888 907
f 904 906 885
f 889 890 891
f 888 903 900
f 900 902 887
f 843 910 908
f 70 1052 1049
f 1052 1035 1051
f 1049 1051 1032
f 1045 897 1044
f 1034 1044 898
f 898 1069 943
f 1044 1068 1069
f 1069 63 893
f 1065 1066 1067
f 1067 844 1062
f 1185 1040 996
f 1003 1215 1213
f 1214 1187 1215
f 1202 1203 1204
f 1204 1143 1193
f 1187 1212 1210
f 1180 1181 1177
f 1193 1194 1196
f 1196 1178 1195
f 1184 1057 1170
f 1183 1170 1021
f 1021 1171 1169
f 1170 1154 1171
f 1160 1146 1161
f 1154 1168 1166
f 1164 64 1163
f 1162 1163 1042
f 996 1041 1039
f 1244 1245 1247
f 1247 1011 1246
f 1006 1026 1023
f 1026 1008 1025
f 1023 1025 986
f 1248 1249 1250
f 1250 1013 1238
f 1011 1238 1004
f 1004 1241 1221
f 1238 1239 1241
f 1241 1192 1240
f 1192 1260 1257
f 1257 1259 1255
f 1263 1264 1266
f 1266 1256 1265
f 1017 1261 1225
f 1261 1157 1214
f 1225 1214 1003
f 986 1230 1228
f 1025 1220 1230
f 1228 1229 1016
f 1234 1235 1237
f 1237 1017 1236
f 1227 1003 1226
f 823 813 822
f 813 805 812
f 814 815 817
f 817 804 816
f 818 819 820
f 771 762 806
f 808 809 810
f 770 783 780
f 780 782 772
f 838 781 770
f 969 964 968
f 978 951 977
f 975 977 972
f 964 971 956
f 954 921 953
f 951 953 919
f 935 936 938
f 938 925 937
f 934 937 927
f 922 1055 1053
f 1055 896 929
f 1053 929 923
f 923 931 928
f 931 942 939
f 940 941 942
f 966 981 970
f 979 980 981
f 989 1027 988
f 988 1232 993
f 1232 71 1231
f 993 1231 987
f 990 993 995
f 995 987 994
f 2395 2404 2414
f 2444 2406 1952
f 2416 2428 2411
f 2429 2417 2418
f 2557 2551 2555
f 2451 2461 2469
f 2549 2591 2464
f 2488 2482 2486
f 2382 2366 2367
f 2366 1924 2391
f 1971 1970 1955
f 1968 1933 1925
f 2362 2351 2352
f 2360 2308 2348
f 1897 1909 1910
f 1784 1799 1798
f 1883 1892 1893
f 1975 1867 17
f 1826 1808 1809
f 2513 2491 19
f 2514 2533 2525
f 2535 89 2526
f 90 2535 2536
f 77 73 95
f 2490 1765 2483
f 2494 1774 20
f 302 270 296
f 254 288 31
f 307 91 30
f 307 404 81
f 2546 2538 2545
f 393 395 321
f 275 255 256
f 314 311 312
f 333 282 324
f 335 280 36
f 1769 1761 1767
f 1759 1801 21
f 98 108 107
f 252 100 104
f 1807 1763 1789
f 252 104 223
f 2330 2309 2307
f 2334 2341 2337
f 2289 2300 2311
f 2261 1844 2267
f 2333 2345 2272
f 5 2327 2328
f 2239 6 2224
f 2241 2166 2165
f 2276 2262 2263
f 2284 1975 1976
f 1863 1846 1840
f 2244 1985 2255
f 2014 1986 2020
f 2158 2212 2229
f 2236 2225 2223
f 2233 2178 2179
f 2123 13 1995
f 2204 2174 2175
f 2140 2122 2139
f 2169 2168 2152
f 2024 1716 1745
f 2048 1736 2045
f 1715 1748 1718
f 1703 1691 1692
f 131 125 126
f 140 641 39
f 1690 1706 1705
f 1622 1547 1628
f 1643 1522 1639
f 1689 1687 1688
f 1730 2053 2054
f 1620 34 1554
f 1519 1510 1516
f 1555 1550 1569
f 1581 1595 1596
f 1596 1602 1587
f 1606 1584 1579
f 2545 2539 2544
f 2544 2540 2543
f 2541 2543 2540
f 433 427 440
f 205 422 452
f 427 416 417
f 447 422 423
f 511 495 507
f 503 498 499
f 449 471 470
f 546 549 539
f 633 629 630
f 610 660 661
f 633 638 629
f 676 683 604
f 663 678 677
f 50 549 535
f 603 592 593
f 575 54 500
f 732 577 578
f 575 500 55
f 579 733 732
f 573 554 555
f 735 731 61
f 580 730 558
f 699 708 716
f 744 754 747
f 798 66 762
f 800 820 819
f 824 814 817
f 764 740 741
f 798 762 67
f 787 774 796
f 786 787 789
f 877 875 881
f 694 899 696
f 697 714 890
f 1081 1126 894
f 891 883 884
f 781 851 68
f 831 836 784
f 914 885 906
f 1072 1073 946
f 1129 844 893
f 916 843 908
f 1681 1672 1671
f 1657 1649 1666
f 1372 1383 1373
f 46 1500 1375
f 1377 1388 1425
f 1425 1391 1392
f 1305 1325 1312
f 1319 1316 1317
f 1318 1301 1308
f 1513 1508 1509
f 1502 1495 1486
f 1489 1491 1472
f 1506 1599 1597
f 1427 1394 1436
f 1330 1291 1315
f 1130 1065 1067
f 1148 1134 1135
f 1161 1158 1159
f 1168 1165 1172
f 918 938 934
f 935 918 933
f 975 964 967
f 935 933 949
f 1030 1041 1040
f 1176 1181 1182
f 1018 1185 71
f 1242 1246 1234
f 1251 1248 1007
g object_2
v 3997.6904296875 0 -1672.3375244140625
v 3997.6904296875 0 -1430.7249755859375
v 3997.6904296875 0 -1189.112548828125
v 3997.6904296875 0 -947.5
v 3997.6904296875 0 -705.88751220703125
v 3997.6904296875 0 -464.27499389648438
v 3997.6904296875 0 -222.66250610351562
v 4290.15576171875 0 -1672.3375244140625
v 4290.15576171875 0 -1430.7249755859375
v 4290.15576171875 0 -1189.112548828125
v 4290.15576171875 0 -947.5
v 4290.15576171875 0 -464.27499389648438
v 4582.62109375 0 -1672.3375244140625
v 4582.62109375 0 -1430.7249755859375
v 4582.62109375 0 -1189.112548828125
v 4582.62109375 0 -947.5
v 4582.62109375 0 -464.27499389648438
v 4582.62109375 0 -222.66250610351562
v 4875.08642578125 0 -1672.3375244140625
v 4875.08642578125 0 -1430.7249755859375
v 4875.08642578125 0 -1189.112548828125
v 4875.08642578125 0 -947.5
v 4875.08642578125 0 -464.27499389648438
v 4875.08642578125 0 -222.66250610351562
v 5167.5517578125 0 -1672.3375244140625
v 5167.5517578125 0 -1430.7249755859375
v 5167.5517578125 0 -1189.112548828125
v 5167.5517578125 0 -947.5
v 5167.5517578125 0 -705.88751220703125
v 5167.5517578125 0 -464.27499389648438
v 5167.5517578125 0 -222.66250610351562
v 5460.01708984375 0 -1672.3375244140625
v 5460.01708984375 0 -1430.7249755859375
v 5460.01708984375 0 -1189.112548828125
v 5460.01708984375 0 -947.5
v 5460.01708984375 0 -705.88751220703125
v 5460.01708984375 0 -464.27499389648438
v 5460.01708984375 0 -222.66250610351562
v 5752.48291015625 0 -1672.3375244140625
v 5752.48291015625 0 -1430.7249755859375
v 5752.48291015625 0 -1189.112548828125
v 5752.48291015625 0 -947.5
v 5752.48291015625 0 -705.88751220703125
v 5752.48291015625 0 -464.27499389648438
v 6044.9482421875 0 -947.5
v 6044.9482421875 0 -705.88751220703125
v 6044.9482421875 0 -464.27499389648438
v 6337.41357421875 0 -1672.3375244140625
v 6337.41357421875 0 -1430.7249755859375
v 6337.41357421875 0 -1189.112548828125
v 6337.41357421875 0 -947.5
v 6337.41357421875 0 -705.88751220703125
v 6337.41357421875 0 -464.27499389648438
v 6629.87890625 0 -1672.3375244140625
v 6629.87890625 0 -1430.7249755859375
v 6629.87890625 0 -1189.112548828125
v 6629.87890625 0 -947.5
v 6629.87890625 0 -705.88751220703125
v 6629.87890625 0 -464.27499389648438
v 6629.87890625 0 -222.66250610351562
v 6922.34423828125 0 -1672.3375244140625
v 6922.34423828125 0 -1430.7249755859375
v 6922.34423828125 0 -1189.112548828125
v 6922.34423828125 0 -705.88751220703125
v 6922.34423828125 0 -464.27499389648438
v 6922.34423828125 0 -222.66250610351562
v 7214.8095703125 0 -1672.3375244140625
v 7214.8095703125 0 -1430.7249755859375
v 7214.8095703125 0 -1189.112548828125
v 7214.8095703125 0 -947.5
v 7214.8095703125 0 -705.88751220703125
v 7214.8095703125 0 -464.27499389648438
v 7214.8095703125 0 -222.66250610351562
v 4087.5 0 -1685
v 4087.5 0 -1475
v 4087.5 0 -1265
v 4087.5 0 -1255
v 4290.15576171875 0 -1309.918701171875
v 4143.9228515625 0 -1189.112548828125
v 3997.6904296875 0 -1309.918701171875
v 4143.9228515625 0 -1430.7249755859375
v 4070.806640625 0 -1189.112548828125
v 3997.6904296875 0 -1249.515625
v 4070.806640625 0 -1309.918701171875
v 4070.806640625 0 -1249.515625
v 4290.15576171875 0 -1068.3062744140625
v 4143.9228515625 0 -947.5
v 3997.6904296875 0 -1068.3062744140625
v 4143.9228515625 0 -1068.3062744140625
v 3851.457763671875 0 -1189.112548828125
v 3851.457763671875 0 -1430.7249755859375
v 3851.457763671875 0 -1309.918701171875
v 4107.36474609375 0 -1249.515625
v 4070.806640625 0 -1279.7171630859375
v 4143.9228515625 0 -1370.3218994140625
v 3997.6904296875 0 -1370.3218994140625
v 4070.806640625 0 -1430.7249755859375
v 4070.806640625 0 -1370.3218994140625
v 4290.15576171875 0 -1551.53125
v 3997.6904296875 0 -1551.53125
v 4143.9228515625 0 -1672.3375244140625
v 4143.9228515625 0 -1551.53125
v 4290.15576171875 0 -1249.515625
v 4217.03955078125 0 -1189.112548828125
v 4217.03955078125 0 -1309.918701171875
v 4217.03955078125 0 -1249.515625
v 4582.62109375 0 -1309.918701171875
v 4436.388671875 0 -1189.112548828125
v 4070.806640625 0 -1264.616455078125
v 4143.9228515625 0 -1219.3140869140625
v 4107.36474609375 0 -1189.112548828125
v 4070.806640625 0 -1219.3140869140625
v 4107.36474609375 0 -1219.3140869140625
v 4143.9228515625 0 -1128.7093505859375
v 4070.806640625 0 -1068.3062744140625
v 3997.6904296875 0 -1128.7093505859375
v 3851.457763671875 0 -947.5
v 3851.457763671875 0 -1068.3062744140625
v 4034.24853515625 0 -1249.515625
v 3997.6904296875 0 -1279.7171630859375
v 4034.24853515625 0 -1309.918701171875
v 4034.24853515625 0 -1279.7171630859375
v 3924.573974609375 0 -1189.112548828125
v 3851.457763671875 0 -1249.515625
v 3924.573974609375 0 -1309.918701171875
v 3924.573974609375 0 -1249.515625
v 4087.5 0 -1142.5
v 4087.5 0 -1030
v 4072.5 0 -1030
v 4143.9228515625 0 -1007.9031372070312
v 4070.806640625 0 -947.5
v 3997.6904296875 0 -1007.9031372070312
v 4070.806640625 0 -1007.9031372070312
v 4290.15576171875 0 -826.6937255859375
v 4143.9228515625 0 -705.88751220703125
v 3997.6904296875 0 -826.6937255859375
v 4143.9228515625 0 -826.6937255859375
v 4143.9228515625 0 -1038.104736328125
v 4107.36474609375 0 -1007.9031372070312
v 4070.806640625 0 -1038.104736328125
v 4107.36474609375 0 -1068.3062744140625
v 4107.36474609375 0 -1038.104736328125
v 4290.15576171875 0 -1007.9031372070312
v 4217.03955078125 0 -947.5
v 4217.03955078125 0 -1068.3062744140625
v 4217.03955078125 0 -1007.9031372070312
v 4582.62109375 0 -1068.3062744140625
v 4436.388671875 0 -947.5
v 4072.5 0 -1020
v 4107.36474609375 0 -1023.00390625
v 4143.9228515625 0 -977.7015380859375
v 4107.36474609375 0 -947.5
v 4070.806640625 0 -977.7015380859375
v 4107.36474609375 0 -977.7015380859375
v 4143.9228515625 0 -887.09686279296875
v 4070.806640625 0 -826.6937255859375
v 3997.6904296875 0 -887.09686279296875
v 4070.806640625 0 -887.09686279296875
v 3851.457763671875 0 -705.88751220703125
v 3851.457763671875 0 -826.6937255859375
v 4034.24853515625 0 -1007.9031372070312
v 3997.6904296875 0 -1038.104736328125
v 4034.24853515625 0 -1068.3062744140625
v 4034.24853515625 0 -1038.104736328125
v 3924.573974609375 0 -947.5
v 3851.457763671875 0 -1007.9031372070312
v 3924.573974609375 0 -1068.3062744140625
v 3924.573974609375 0 -1007.9031372070312
v 4087.5 0 -1020
v 4087.5 0 -1000
v 4087.5 0 -990
v 4089.0859375 0 -977.7015380859375
v 4070.806640625 0 -992.8023681640625
v 4034.24853515625 0 -947.5
v 3997.6904296875 0 -977.7015380859375
v 4034.24853515625 0 -977.7015380859375
v 4267.5 0 -990
v 4447.5 0 -990
v 4447.5 0 -1120
v 4437.5 0 -1120
v 4582.62109375 0 -1128.7093505859375
v 4509.5048828125 0 -1068.3062744140625
v 4436.388671875 0 -1128.7093505859375
v 4509.5048828125 0 -1189.112548828125
v 4509.5048828125 0 -1128.7093505859375
v 4875.08642578125 0 -1068.3062744140625
v 4728.85400390625 0 -947.5
v 4728.85400390625 0 -1189.112548828125
v 4728.85400390625 0 -1068.3062744140625
v 4509.5048828125 0 -1098.5078125
v 4472.94677734375 0 -1068.3062744140625
v 4472.94677734375 0 -1128.7093505859375
v 4472.94677734375 0 -1098.5078125
v 4582.62109375 0 -1007.9031372070312
v 4509.5048828125 0 -947.5
v 4509.5048828125 0 -1007.9031372070312
v 4363.27197265625 0 -1068.3062744140625
v 4290.15576171875 0 -1128.7093505859375
v 4363.27197265625 0 -1189.112548828125
v 4363.27197265625 0 -1128.7093505859375
v 4472.94677734375 0 -1113.608642578125
v 4454.66748046875 0 -1098.5078125
v 4454.66748046875 0 -1128.7093505859375
v 4454.66748046875 0 -1113.608642578125
v 4399.830078125 0 -1068.3062744140625
v 4363.27197265625 0 -1098.5078125
v 4399.830078125 0 -1128.7093505859375
v 4399.830078125 0 -1098.5078125
v 4363.27197265625 0 -947.5
v 4363.27197265625 0 -1007.9031372070312
v 4509.5048828125 0 -1158.910888671875
v 4436.388671875 0 -1158.910888671875
v 4472.94677734375 0 -1189.112548828125
v 4472.94677734375 0 -1158.910888671875
v 4582.62109375 0 -1249.515625
v 4509.5048828125 0 -1309.918701171875
v 4509.5048828125 0 -1249.515625
v 4875.08642578125 0 -1309.918701171875
v 4728.85400390625 0 -1430.7249755859375
v 4728.85400390625 0 -1309.918701171875
v 4437.5 0 -1000
v 4267.5 0 -1000
v 4097.5 0 -1000
v 4097.5 0 -1127.5
v 4097.5 0 -1255
v 4157.5 0 -1255
v 4157.5 0 -1335
v 4322.5 0 -1335
v 4322.5 0 -1345
v 4363.27197265625 0 -1309.918701171875
v 4290.15576171875 0 -1370.3218994140625
v 4363.27197265625 0 -1430.7249755859375
v 4363.27197265625 0 -1370.3218994140625
v 4363.27197265625 0 -1340.120361328125
v 4326.7138671875 0 -1309.918701171875
v 4326.7138671875 0 -1370.3218994140625
v 4363.27197265625 0 -1249.515625
v 4217.03955078125 0 -1430.7249755859375
v 4217.03955078125 0 -1370.3218994140625
v 4326.7138671875 0 -1325.01953125
v 4308.43505859375 0 -1309.918701171875
v 4290.15576171875 0 -1325.01953125
v 4308.43505859375 0 -1325.01953125
v 4363.27197265625 0 -1279.7171630859375
v 4326.7138671875 0 -1249.515625
v 4290.15576171875 0 -1279.7171630859375
v 4326.7138671875 0 -1279.7171630859375
v 4253.59765625 0 -1309.918701171875
v 4253.59765625 0 -1370.3218994140625
v 4326.7138671875 0 -1355.2210693359375
v 4290.15576171875 0 -1355.2210693359375
v 4308.43505859375 0 -1370.3218994140625
v 4308.43505859375 0 -1355.2210693359375
v 4363.27197265625 0 -1400.5234375
v 4290.15576171875 0 -1400.5234375
v 4326.7138671875 0 -1430.7249755859375
v 4326.7138671875 0 -1400.5234375
v 4290.15576171875 0 -1491.128173828125
v 4363.27197265625 0 -1551.53125
v 4363.27197265625 0 -1491.128173828125
v 4257.5 0 -1345
v 4257.5 0 -1355
v 4271.87646484375 0 -1370.3218994140625
v 4271.87646484375 0 -1355.2210693359375
v 4217.03955078125 0 -1400.5234375
v 4253.59765625 0 -1400.5234375
v 4143.9228515625 0 -1491.128173828125
v 4217.03955078125 0 -1551.53125
v 4217.03955078125 0 -1491.128173828125
v 4247.5 0 -1355
v 4217.03955078125 0 -1355.2210693359375
v 4235.318359375 0 -1370.3218994140625
v 4235.318359375 0 -1355.2210693359375
v 4180.4814453125 0 -1370.3218994140625
v 4247.5 0 -1345
v 4097.5 0 -1345
v 4097.5 0 -1445
v 4247.5 0 -1445
v 4247.5 0 -1425
v 4290.15576171875 0 -1460.926513671875
v 4217.03955078125 0 -1460.926513671875
v 4253.59765625 0 -1491.128173828125
v 4257.5 0 -1425
v 4253.59765625 0 -1415.624267578125
v 4235.318359375 0 -1400.5234375
v 4217.03955078125 0 -1415.624267578125
v 4235.318359375 0 -1430.7249755859375
v 4235.318359375 0 -1415.624267578125
v 4143.9228515625 0 -1400.5234375
v 4180.4814453125 0 -1430.7249755859375
v 4180.4814453125 0 -1400.5234375
v 4290.15576171875 0 -1415.624267578125
v 4271.87646484375 0 -1400.5234375
v 4271.87646484375 0 -1430.7249755859375
v 4271.87646484375 0 -1415.624267578125
v 4257.5 0 -1475
v 4247.5 0 -1475
v 4290.15576171875 0 -1476.02734375
v 4271.87646484375 0 -1460.926513671875
v 4271.87646484375 0 -1491.128173828125
v 4271.87646484375 0 -1476.02734375
v 4290.15576171875 0 -1521.3297119140625
v 4217.03955078125 0 -1521.3297119140625
v 4253.59765625 0 -1521.3297119140625
v 4290.15576171875 0 -1611.934326171875
v 4143.9228515625 0 -1611.934326171875
v 4217.03955078125 0 -1672.3375244140625
v 4217.03955078125 0 -1611.934326171875
v 4363.27197265625 0 -1460.926513671875
v 4326.7138671875 0 -1491.128173828125
v 4326.7138671875 0 -1460.926513671875
v 4235.318359375 0 -1460.926513671875
v 4217.03955078125 0 -1476.02734375
v 4235.318359375 0 -1491.128173828125
v 4235.318359375 0 -1476.02734375
v 4143.9228515625 0 -1460.926513671875
v 4180.4814453125 0 -1491.128173828125
v 4180.4814453125 0 -1460.926513671875
v 3997.6904296875 0 -1491.128173828125
v 4070.806640625 0 -1551.53125
v 4070.806640625 0 -1491.128173828125
v 3851.457763671875 0 -1672.3375244140625
v 3851.457763671875 0 -1551.53125
v 4247.5 0 -1455
v 4097.5 0 -1455
v 4097.5 0 -1580
v 4107.5 0 -1580
v 3997.6904296875 0 -1611.934326171875
v 4070.806640625 0 -1672.3375244140625
v 4070.806640625 0 -1611.934326171875
v 4143.9228515625 0 -1581.7327880859375
v 4107.36474609375 0 -1551.53125
v 4070.806640625 0 -1581.7327880859375
v 4107.36474609375 0 -1566.632080078125
v 4070.806640625 0 -1566.632080078125
v 4143.9228515625 0 -1521.3297119140625
v 4107.36474609375 0 -1491.128173828125
v 4070.806640625 0 -1521.3297119140625
v 4107.36474609375 0 -1521.3297119140625
v 4034.24853515625 0 -1551.53125
v 3997.6904296875 0 -1581.7327880859375
v 4034.24853515625 0 -1611.934326171875
v 4034.24853515625 0 -1581.7327880859375
v 3924.573974609375 0 -1551.53125
v 3851.457763671875 0 -1611.934326171875
v 3924.573974609375 0 -1672.3375244140625
v 3924.573974609375 0 -1611.934326171875
v 4143.9228515625 0 -1566.632080078125
v 4125.64404296875 0 -1551.53125
v 4125.64404296875 0 -1581.7327880859375
v 4125.64404296875 0 -1566.632080078125
v 4217.03955078125 0 -1581.7327880859375
v 4180.4814453125 0 -1551.53125
v 4180.4814453125 0 -1611.934326171875
v 4180.4814453125 0 -1581.7327880859375
v 4117.5 0 -1580
v 4117.5 0 -1685
v 4107.5 0 -1685
v 4143.9228515625 0 -1702.5390625
v 4070.806640625 0 -1702.5390625
v 4143.9228515625 0 -1687.438232421875
v 4125.64404296875 0 -1672.3375244140625
v 4125.64404296875 0 -1702.5390625
v 4125.64404296875 0 -1687.438232421875
v 4217.03955078125 0 -1702.5390625
v 4180.4814453125 0 -1672.3375244140625
v 4180.4814453125 0 -1702.5390625
v 4143.9228515625 0 -1642.135986328125
v 4070.806640625 0 -1642.135986328125
v 4107.5 0 -1730
v 4247.5 0 -1730
v 4247.5 0 -1545
v 4257.5 0 -1545
v 4253.59765625 0 -1536.430419921875
v 4235.318359375 0 -1521.3297119140625
v 4217.03955078125 0 -1536.430419921875
v 4235.318359375 0 -1551.53125
v 4235.318359375 0 -1536.430419921875
v 4180.4814453125 0 -1521.3297119140625
v 4290.15576171875 0 -1581.7327880859375
v 4363.27197265625 0 -1672.3375244140625
v 4363.27197265625 0 -1611.934326171875
v 4290.15576171875 0 -1536.430419921875
v 4271.87646484375 0 -1521.3297119140625
v 4271.87646484375 0 -1551.53125
v 4271.87646484375 0 -1536.430419921875
v 4363.27197265625 0 -1521.3297119140625
v 4326.7138671875 0 -1551.53125
v 4326.7138671875 0 -1521.3297119140625
v 4257.5 0 -1730
v 4422.5 0 -1730
v 4422.5 0 -1690
v 4412.5 0 -1690
v 4399.830078125 0 -1672.3375244140625
v 4363.27197265625 0 -1702.5390625
v 4399.830078125 0 -1702.5390625
v 4509.5048828125 0 -1672.3375244140625
v 4509.5048828125 0 -1732.7406005859375
v 4399.830078125 0 -1687.438232421875
v 4509.5048828125 0 -1702.5390625
v 4472.94677734375 0 -1672.3375244140625
v 4472.94677734375 0 -1732.7406005859375
v 4472.94677734375 0 -1702.5390625
v 4582.62109375 0 -1611.934326171875
v 4509.5048828125 0 -1611.934326171875
v 4875.08642578125 0 -1551.53125
v 4399.830078125 0 -1611.934326171875
v 4363.27197265625 0 -1642.135986328125
v 4399.830078125 0 -1642.135986328125
v 4412.5 0 -1575
v 4432.5 0 -1575
v 4399.830078125 0 -1551.53125
v 4363.27197265625 0 -1581.7327880859375
v 4399.830078125 0 -1581.7327880859375
v 4432.5 0 -1460
v 4432.5 0 -1345
v 4422.5 0 -1345
v 4399.830078125 0 -1309.918701171875
v 4399.830078125 0 -1370.3218994140625
v 4399.830078125 0 -1340.120361328125
v 4582.62109375 0 -1370.3218994140625
v 4509.5048828125 0 -1430.7249755859375
v 4509.5048828125 0 -1370.3218994140625
v 4399.830078125 0 -1355.2210693359375
v 4418.109375 0 -1370.3218994140625
v 4418.109375 0 -1355.2210693359375
v 4399.830078125 0 -1430.7249755859375
v 4399.830078125 0 -1400.5234375
v 4509.5048828125 0 -1340.120361328125
v 4472.94677734375 0 -1309.918701171875
v 4472.94677734375 0 -1370.3218994140625
v 4472.94677734375 0 -1340.120361328125
v 4422.5 0 -1335
v 4418.109375 0 -1309.918701171875
v 4399.830078125 0 -1325.01953125
v 4418.109375 0 -1325.01953125
v 4399.830078125 0 -1249.515625
v 4399.830078125 0 -1279.7171630859375
v 4432.5 0 -1335
v 4432.5 0 -1225
v 4447.5 0 -1225
v 4399.830078125 0 -1189.112548828125
v 4363.27197265625 0 -1219.3140869140625
v 4399.830078125 0 -1219.3140869140625
v 4509.5048828125 0 -1219.3140869140625
v 4472.94677734375 0 -1249.515625
v 4472.94677734375 0 -1219.3140869140625
v 4447.5 0 -1395
v 4447.5 0 -1565
v 4635.83349609375 0 -1565
v 4824.16650390625 0 -1565
v 5012.5 0 -1565
v 5012.5 0 -1395
v 5012.5 0 -1225
v 5012.5 0 -1105
v 5012.5 0 -985
v 5022.5 0 -985
v 5167.5517578125 0 -1068.3062744140625
v 5021.3193359375 0 -947.5
v 4948.203125 0 -947.5
v 4875.08642578125 0 -1007.9031372070312
v 4948.203125 0 -1068.3062744140625
v 4948.203125 0 -1007.9031372070312
v 5167.5517578125 0 -826.6937255859375
v 5021.3193359375 0 -977.7015380859375
v 4984.76123046875 0 -947.5
v 4948.203125 0 -977.7015380859375
v 4984.76123046875 0 -1007.9031372070312
v 4984.76123046875 0 -977.7015380859375
v 5167.5517578125 0 -1007.9031372070312
v 5094.435546875 0 -947.5
v 5094.435546875 0 -1068.3062744140625
v 5094.435546875 0 -1007.9031372070312
v 5460.01708984375 0 -1068.3062744140625
v 5313.78466796875 0 -947.5
v 5313.78466796875 0 -1068.3062744140625
v 4875.08642578125 0 -887.09686279296875
v 4948.203125 0 -887.09686279296875
v 5003.0400390625 0 -977.7015380859375
v 4984.76123046875 0 -992.8023681640625
v 5003.0400390625 0 -1007.9031372070312
v 5003.0400390625 0 -992.8023681640625
v 4948.203125 0 -1038.104736328125
v 4984.76123046875 0 -1068.3062744140625
v 4984.76123046875 0 -1038.104736328125
v 4875.08642578125 0 -1128.7093505859375
v 4948.203125 0 -1189.112548828125
v 4948.203125 0 -1128.7093505859375
v 5167.5517578125 0 -1309.918701171875
v 5094.435546875 0 -977.7015380859375
v 5057.87744140625 0 -947.5
v 5057.87744140625 0 -1007.9031372070312
v 5057.87744140625 0 -977.7015380859375
v 5094.435546875 0 -826.6937255859375
v 5094.435546875 0 -887.09686279296875
v 5460.01708984375 0 -826.6937255859375
v 5313.78466796875 0 -705.88751220703125
v 5057.87744140625 0 -992.8023681640625
v 5039.59814453125 0 -977.7015380859375
v 5039.59814453125 0 -1007.9031372070312
v 5039.59814453125 0 -992.8023681640625
v 5094.435546875 0 -1038.104736328125
v 5057.87744140625 0 -1068.3062744140625
v 5057.87744140625 0 -1038.104736328125
v 5167.5517578125 0 -1128.7093505859375
v 5094.435546875 0 -1189.112548828125
v 5094.435546875 0 -1128.7093505859375
v 5022.5 0 -1090
v 5207.5 0 -1090
v 5207.5 0 -1100
v 5313.78466796875 0 -1128.7093505859375
v 5240.66845703125 0 -1068.3062744140625
v 5240.66845703125 0 -1189.112548828125
v 5240.66845703125 0 -1128.7093505859375
v 5460.01708984375 0 -1309.918701171875
v 5313.78466796875 0 -1430.7249755859375
v 5240.66845703125 0 -1098.5078125
v 5204.10986328125 0 -1068.3062744140625
v 5204.10986328125 0 -1128.7093505859375
v 5240.66845703125 0 -947.5
v 5240.66845703125 0 -1007.9031372070312
v 5240.66845703125 0 -1083.406982421875
v 5222.38916015625 0 -1068.3062744140625
v 5204.10986328125 0 -1083.406982421875
v 5222.38916015625 0 -1098.5078125
v 5222.38916015625 0 -1083.406982421875
v 5277.2265625 0 -1068.3062744140625
v 5277.2265625 0 -1128.7093505859375
v 5277.2265625 0 -1098.5078125
v 5460.01708984375 0 -1128.7093505859375
v 5386.90087890625 0 -1068.3062744140625
v 5386.90087890625 0 -1189.112548828125
v 5386.90087890625 0 -1128.7093505859375
v 5752.48291015625 0 -1068.3062744140625
v 5606.25 0 -947.5
v 5606.25 0 -1189.112548828125
v 5606.25 0 -1068.3062744140625
v 5240.66845703125 0 -1038.104736328125
v 5204.10986328125 0 -1007.9031372070312
v 5167.5517578125 0 -1038.104736328125
v 5204.10986328125 0 -1038.104736328125
v 5240.66845703125 0 -1113.608642578125
v 5204.10986328125 0 -1113.608642578125
v 5222.38916015625 0 -1128.7093505859375
v 5222.38916015625 0 -1113.608642578125
v 5240.66845703125 0 -1158.910888671875
v 5167.5517578125 0 -1158.910888671875
v 5204.10986328125 0 -1189.112548828125
v 5204.10986328125 0 -1158.910888671875
v 5167.5517578125 0 -1249.515625
v 5240.66845703125 0 -1309.918701171875
v 5240.66845703125 0 -1249.515625
v 5022.5 0 -1100
v 5022.5 0 -1255
v 5022.5 0 -1410
v 5022.5 0 -1565
v 5028.2880859375 0 -1565
v 5167.5517578125 0 -1551.53125
v 5021.3193359375 0 -1672.3375244140625
v 5167.5517578125 0 -1611.934326171875
v 5094.435546875 0 -1551.53125
v 5021.3193359375 0 -1611.934326171875
v 5094.435546875 0 -1672.3375244140625
v 5094.435546875 0 -1611.934326171875
v 5460.01708984375 0 -1551.53125
v 5313.78466796875 0 -1672.3375244140625
v 5313.78466796875 0 -1551.53125
v 5094.435546875 0 -1581.7327880859375
v 5057.87744140625 0 -1551.53125
v 5021.3193359375 0 -1581.7327880859375
v 5057.87744140625 0 -1611.934326171875
v 5057.87744140625 0 -1581.7327880859375
v 5167.5517578125 0 -1491.128173828125
v 5094.435546875 0 -1430.7249755859375
v 5094.435546875 0 -1491.128173828125
v 4948.203125 0 -1551.53125
v 4875.08642578125 0 -1611.934326171875
v 4948.203125 0 -1672.3375244140625
v 4948.203125 0 -1611.934326171875
v 5057.87744140625 0 -1566.632080078125
v 5039.59814453125 0 -1551.53125
v 5039.59814453125 0 -1581.7327880859375
v 5039.59814453125 0 -1566.632080078125
v 5094.435546875 0 -1521.3297119140625
v 5057.87744140625 0 -1491.128173828125
v 5057.87744140625 0 -1521.3297119140625
v 4948.203125 0 -1430.7249755859375
v 4875.08642578125 0 -1491.128173828125
v 4948.203125 0 -1491.128173828125
v 4948.203125 0 -1581.7327880859375
v 4984.76123046875 0 -1611.934326171875
v 4984.76123046875 0 -1581.7327880859375
v 5028.2880859375 0 -1575
v 4834.69189453125 0 -1575
v 4641.09619140625 0 -1575
v 4447.5 0 -1575
v 4447.5 0 -1690
v 4437.5 0 -1690
v 4472.94677734375 0 -1687.438232421875
v 4454.66748046875 0 -1672.3375244140625
v 4454.66748046875 0 -1702.5390625
v 4454.66748046875 0 -1687.438232421875
v 4509.5048828125 0 -1642.135986328125
v 4472.94677734375 0 -1611.934326171875
v 4472.94677734375 0 -1642.135986328125
v 4437.5 0 -1735
v 4613.75 0 -1735
v 4790 0 -1735
v 4966.25 0 -1735
v 5142.5 0 -1735
v 5142.5 0 -1690
v 5127.5 0 -1690
v 5240.66845703125 0 -1672.3375244140625
v 5127.5 0 -1575
v 5121.95361328125 0 -1575
v 5167.5517578125 0 -1581.7327880859375
v 5130.99365234375 0 -1551.53125
v 5313.78466796875 0 -1611.934326171875
v 5240.66845703125 0 -1551.53125
v 5240.66845703125 0 -1611.934326171875
v 5112.71484375 0 -1551.53125
v 5094.435546875 0 -1566.632080078125
v 5112.71484375 0 -1581.7327880859375
v 5112.71484375 0 -1566.632080078125
v 5167.5517578125 0 -1521.3297119140625
v 5130.99365234375 0 -1491.128173828125
v 5130.99365234375 0 -1521.3297119140625
v 5313.78466796875 0 -1491.128173828125
v 5240.66845703125 0 -1430.7249755859375
v 5240.66845703125 0 -1491.128173828125
v 5112.71484375 0 -1574.182373046875
v 5094.435546875 0 -1596.8336181640625
v 5112.71484375 0 -1611.934326171875
v 5112.71484375 0 -1596.8336181640625
v 5167.5517578125 0 -1642.135986328125
v 5094.435546875 0 -1642.135986328125
v 5167.5517578125 0 -1566.632080078125
v 5149.27294921875 0 -1551.53125
v 5240.66845703125 0 -1581.7327880859375
v 5204.10986328125 0 -1551.53125
v 5204.10986328125 0 -1611.934326171875
v 5204.10986328125 0 -1581.7327880859375
v 5121.95361328125 0 -1565
v 5127.5 0 -1565
v 5130.99365234375 0 -1559.0816650390625
v 5121.85400390625 0 -1551.53125
v 5112.71484375 0 -1559.0816650390625
v 5121.85400390625 0 -1559.0816650390625
v 5130.99365234375 0 -1536.430419921875
v 5112.71484375 0 -1521.3297119140625
v 5094.435546875 0 -1536.430419921875
v 5112.71484375 0 -1536.430419921875
v 5152.5 0 -1565
v 5152.5 0 -1730
v 5265 0 -1730
v 5377.5 0 -1730
v 5377.5 0 -1625
v 5477.5 0 -1625
v 5477.5 0 -1515
v 5477.5 0 -1405
v 5502.5 0 -1405
v 5606.25 0 -1309.918701171875
v 5606.25 0 -1370.3218994140625
v 5533.1337890625 0 -1309.918701171875
v 5460.01708984375 0 -1370.3218994140625
v 5533.1337890625 0 -1370.3218994140625
v 5752.48291015625 0 -1551.53125
v 5606.25 0 -1672.3375244140625
v 5512.5 0 -1405
v 5533.1337890625 0 -1400.5234375
v 5496.57568359375 0 -1370.3218994140625
v 5460.01708984375 0 -1400.5234375
v 5496.57568359375 0 -1400.5234375
v 5313.78466796875 0 -1370.3218994140625
v 5386.90087890625 0 -1430.7249755859375
v 5386.90087890625 0 -1370.3218994140625
v 5460.01708984375 0 -1491.128173828125
v 5514.8544921875 0 -1400.5234375
v 5460.01708984375 0 -1460.926513671875
v 5386.90087890625 0 -1551.53125
v 5386.90087890625 0 -1491.128173828125
v 5606.25 0 -1400.5234375
v 5569.69189453125 0 -1370.3218994140625
v 5569.69189453125 0 -1400.5234375
v 5752.48291015625 0 -1370.3218994140625
v 5679.3662109375 0 -1309.918701171875
v 5679.3662109375 0 -1430.7249755859375
v 5679.3662109375 0 -1370.3218994140625
v 5898.71533203125 0 -1189.112548828125
v 5898.71533203125 0 -1430.7249755859375
v 5898.71533203125 0 -1309.918701171875
v 5512.5 0 -1425
v 5622.5 0 -1425
v 5622.5 0 -1415
v 5679.3662109375 0 -1400.5234375
v 5642.80810546875 0 -1370.3218994140625
v 5642.80810546875 0 -1430.7249755859375
v 5642.80810546875 0 -1400.5234375
v 5752.48291015625 0 -1491.128173828125
v 5679.3662109375 0 -1551.53125
v 5679.3662109375 0 -1491.128173828125
v 5898.71533203125 0 -1672.3375244140625
v 5898.71533203125 0 -1551.53125
v 5642.80810546875 0 -1415.624267578125
v 5624.529296875 0 -1400.5234375
v 5679.3662109375 0 -1460.926513671875
v 5642.80810546875 0 -1491.128173828125
v 5642.80810546875 0 -1460.926513671875
v 5632.5 0 -1415
v 5632.5 0 -1620
v 5632.5 0 -1635
v 5752.48291015625 0 -1611.934326171875
v 5679.3662109375 0 -1672.3375244140625
v 5679.3662109375 0 -1611.934326171875
v 5752.48291015625 0 -1793.143798828125
v 5606.25 0 -1793.143798828125
v 5679.3662109375 0 -1642.135986328125
v 5642.80810546875 0 -1611.934326171875
v 5606.25 0 -1642.135986328125
v 5642.80810546875 0 -1672.3375244140625
v 5642.80810546875 0 -1642.135986328125
v 5460.01708984375 0 -1611.934326171875
v 5533.1337890625 0 -1672.3375244140625
v 5679.3662109375 0 -1793.143798828125
v 5898.71533203125 0 -1793.143798828125
v 5502.5 0 -1635
v 5502.5 0 -1625
v 5533.1337890625 0 -1642.135986328125
v 5460.01708984375 0 -1642.135986328125
v 5496.57568359375 0 -1672.3375244140625
v 5496.57568359375 0 -1642.135986328125
v 5514.8544921875 0 -1642.135986328125
v 5569.69189453125 0 -1672.3375244140625
v 5569.69189453125 0 -1642.135986328125
v 5460.01708984375 0 -1581.7327880859375
v 5487.5 0 -1625
v 5487.5 0 -1635
v 5478.29638671875 0 -1642.135986328125
v 5423.458984375 0 -1672.3375244140625
v 5423.458984375 0 -1642.135986328125
v 5387.5 0 -1635
v 5387.5 0 -1730
v 5587.5 0 -1730
v 5787.5 0 -1730
v 5787.5 0 -1635
v 5777.5 0 -1635
v 5898.71533203125 0 -1611.934326171875
v 5825.59912109375 0 -1551.53125
v 5825.59912109375 0 -1672.3375244140625
v 5825.59912109375 0 -1611.934326171875
v 5825.59912109375 0 -1642.135986328125
v 5752.48291015625 0 -1642.135986328125
v 5898.71533203125 0 -1732.7406005859375
v 5825.59912109375 0 -1793.143798828125
v 5825.59912109375 0 -1732.7406005859375
v 5770.76171875 0 -1611.934326171875
v 5752.48291015625 0 -1627.03515625
v 5770.76171875 0 -1642.135986328125
v 5770.76171875 0 -1627.03515625
v 5825.59912109375 0 -1581.7327880859375
v 5752.48291015625 0 -1581.7327880859375
v 5898.71533203125 0 -1491.128173828125
v 5825.59912109375 0 -1430.7249755859375
v 5825.59912109375 0 -1491.128173828125
v 5715.92431640625 0 -1611.934326171875
v 5715.92431640625 0 -1672.3375244140625
v 5715.92431640625 0 -1642.135986328125
v 5777.5 0 -1620
v 5777.5 0 -1475
v 5777.5 0 -1330
v 5732.5 0 -1330
v 5732.5 0 -1240
v 5632.5 0 -1240
v 5632.5 0 -1315
v 5622.5 0 -1315
v 5679.3662109375 0 -1340.120361328125
v 5642.80810546875 0 -1309.918701171875
v 5606.25 0 -1340.120361328125
v 5642.80810546875 0 -1340.120361328125
v 5679.3662109375 0 -1189.112548828125
v 5679.3662109375 0 -1249.515625
v 5642.80810546875 0 -1325.01953125
v 5606.25 0 -1325.01953125
v 5624.529296875 0 -1340.120361328125
v 5624.529296875 0 -1325.01953125
v 5679.3662109375 0 -1279.7171630859375
v 5642.80810546875 0 -1279.7171630859375
v 5533.1337890625 0 -1189.112548828125
v 5533.1337890625 0 -1249.515625
v 5569.69189453125 0 -1309.918701171875
v 5533.1337890625 0 -1340.120361328125
v 5569.69189453125 0 -1340.120361328125
v 5622.5 0 -1240
v 5500 0 -1240
v 5377.5 0 -1240
v 5377.5 0 -1305
v 5317.5 0 -1305
v 5317.5 0 -1240
v 5317.5 0 -1100
v 5307.5 0 -1100
v 5386.90087890625 0 -1098.5078125
v 5350.3427734375 0 -1068.3062744140625
v 5350.3427734375 0 -1128.7093505859375
v 5350.3427734375 0 -1098.5078125
v 5460.01708984375 0 -1007.9031372070312
v 5386.90087890625 0 -947.5
v 5386.90087890625 0 -1007.9031372070312
v 5350.3427734375 0 -1113.608642578125
v 5313.78466796875 0 -1113.608642578125
v 5386.90087890625 0 -1158.910888671875
v 5350.3427734375 0 -1189.112548828125
v 5350.3427734375 0 -1158.910888671875
v 5295.50537109375 0 -1098.5078125
v 5277.2265625 0 -1113.608642578125
v 5295.50537109375 0 -1128.7093505859375
v 5295.50537109375 0 -1113.608642578125
v 5277.2265625 0 -1189.112548828125
v 5277.2265625 0 -1158.910888671875
v 5307.5 0 -1090
v 5313.78466796875 0 -1083.406982421875
v 5295.50537109375 0 -1068.3062744140625
v 5277.2265625 0 -1083.406982421875
v 5295.50537109375 0 -1083.406982421875
v 5277.2265625 0 -1007.9031372070312
v 5277.2265625 0 -1038.104736328125
v 5317.5 0 -1090
v 5350.3427734375 0 -1083.406982421875
v 5386.90087890625 0 -1038.104736328125
v 5350.3427734375 0 -1007.9031372070312
v 5350.3427734375 0 -1038.104736328125
v 5317.5 0 -985
v 5332.5 0 -985
v 5386.90087890625 0 -977.7015380859375
v 5350.3427734375 0 -947.5
v 5350.3427734375 0 -977.7015380859375
v 5460.01708984375 0 -887.09686279296875
v 5386.90087890625 0 -826.6937255859375
v 5386.90087890625 0 -887.09686279296875
v 5752.48291015625 0 -826.6937255859375
v 5606.25 0 -705.88751220703125
v 5606.25 0 -826.6937255859375
v 5332.5 0 -1105
v 5332.5 0 -1225
v 5477.5 0 -1225
v 5622.5 0 -1225
v 5732.5 0 -1225
v 5802.5 0 -1225
v 5802.5 0 -1398.3333740234375
v 5802.5 0 -1571.6666259765625
v 5802.5 0 -1745
v 5802.5 0 -1765
v 5825.59912109375 0 -1762.942138671875
v 5789.041015625 0 -1793.143798828125
v 5898.71533203125 0 -1853.546875
v 5752.48291015625 0 -1853.546875
v 5825.59912109375 0 -1853.546875
v 5610 0 -1765
v 5417.5 0 -1765
v 5225 0 -1765
v 5032.5 0 -1765
v 4840 0 -1765
v 4840 0 -1890
v 5032.5 0 -1890
v 5225 0 -1890
v 5417.5 0 -1890
v 5610 0 -1890
v 5802.5 0 -1890
v 5802.5 0 -1895
v 5825.59912109375 0 -1883.7484130859375
v 5789.041015625 0 -1853.546875
v 5752.48291015625 0 -1883.7484130859375
v 5789.041015625 0 -1883.7484130859375
v 5606.25 0 -1853.546875
v 5679.3662109375 0 -1853.546875
v 5807.31982421875 0 -1883.7484130859375
v 5898.71533203125 0 -1883.7484130859375
v 5862.1572265625 0 -1853.546875
v 5862.1572265625 0 -1883.7484130859375
v 5971.83154296875 0 -1793.143798828125
v 5971.83154296875 0 -1853.546875
v 6191.1806640625 0 -1672.3375244140625
v 5798.18017578125 0 -1883.7484130859375
v 5825.59912109375 0 -1868.647705078125
v 5807.31982421875 0 -1853.546875
v 5789.041015625 0 -1868.647705078125
v 5807.31982421875 0 -1868.647705078125
v 5825.59912109375 0 -1823.3453369140625
v 5752.48291015625 0 -1823.3453369140625
v 5789.041015625 0 -1823.3453369140625
v 5770.76171875 0 -1883.7484130859375
v 5715.92431640625 0 -1853.546875
v 5679.3662109375 0 -1883.7484130859375
v 5715.92431640625 0 -1883.7484130859375
v 6020 0 -1895
v 6020 0 -1745
v 6020 0 -1541.6666259765625
v 6020 0 -1338.3333740234375
v 6020 0 -1135
v 6040 0 -1135
v 6044.9482421875 0 -1068.3062744140625
v 5898.71533203125 0 -947.5
v 5898.71533203125 0 -1068.3062744140625
v 5971.83154296875 0 -1068.3062744140625
v 5898.71533203125 0 -1128.7093505859375
v 5971.83154296875 0 -1189.112548828125
v 5971.83154296875 0 -1128.7093505859375
v 6337.41357421875 0 -1068.3062744140625
v 6191.1806640625 0 -947.5
v 6191.1806640625 0 -1189.112548828125
v 6191.1806640625 0 -1068.3062744140625
v 6008.39013671875 0 -1128.7093505859375
v 5971.83154296875 0 -1158.910888671875
v 6008.39013671875 0 -1189.112548828125
v 6008.39013671875 0 -1158.910888671875
v 5898.71533203125 0 -1249.515625
v 5971.83154296875 0 -1309.918701171875
v 5971.83154296875 0 -1249.515625
v 6337.41357421875 0 -1309.918701171875
v 6191.1806640625 0 -1430.7249755859375
v 6191.1806640625 0 -1309.918701171875
v 6118.064453125 0 -1068.3062744140625
v 6175 0 -1135
v 6310 0 -1135
v 6310 0 -1130.6351318359375
v 6337.41357421875 0 -1128.7093505859375
v 6264.296875 0 -1068.3062744140625
v 6264.296875 0 -1189.112548828125
v 6264.296875 0 -1128.7093505859375
v 6629.87890625 0 -1068.3062744140625
v 6483.64599609375 0 -1189.112548828125
v 6483.64599609375 0 -1068.3062744140625
v 6337.41357421875 0 -1158.910888671875
v 6300.85546875 0 -1128.7093505859375
v 6264.296875 0 -1158.910888671875
v 6300.85546875 0 -1189.112548828125
v 6300.85546875 0 -1158.910888671875
v 6337.41357421875 0 -1249.515625
v 6191.1806640625 0 -1249.515625
v 6264.296875 0 -1309.918701171875
v 6264.296875 0 -1249.515625
v 6629.87890625 0 -1309.918701171875
v 6483.64599609375 0 -1430.7249755859375
v 6483.64599609375 0 -1309.918701171875
v 6483.64599609375 0 -1128.7093505859375
v 6410.52978515625 0 -1068.3062744140625
v 6410.52978515625 0 -1189.112548828125
v 6410.52978515625 0 -1128.7093505859375
v 6319.13427734375 0 -1128.7093505859375
v 6319.13427734375 0 -1158.910888671875
v 6410.52978515625 0 -1158.910888671875
v 6373.9716796875 0 -1128.7093505859375
v 6373.9716796875 0 -1189.112548828125
v 6373.9716796875 0 -1158.910888671875
v 6483.64599609375 0 -1249.515625
v 6410.52978515625 0 -1309.918701171875
v 6410.52978515625 0 -1249.515625
v 6337.41357421875 0 -1098.5078125
v 6300.85546875 0 -1068.3062744140625
v 6264.296875 0 -1098.5078125
v 6300.85546875 0 -1098.5078125
v 6264.296875 0 -947.5
v 6191.1806640625 0 -1007.9031372070312
v 6264.296875 0 -1007.9031372070312
v 6337.41357421875 0 -826.6937255859375
v 6191.1806640625 0 -705.88751220703125
v 6044.9482421875 0 -826.6937255859375
v 6191.1806640625 0 -826.6937255859375
v 6337.41357421875 0 -1113.608642578125
v 6319.13427734375 0 -1098.5078125
v 6300.85546875 0 -1113.608642578125
v 6319.13427734375 0 -1113.608642578125
v 6410.52978515625 0 -1098.5078125
v 6373.9716796875 0 -1068.3062744140625
v 6373.9716796875 0 -1098.5078125
v 6483.64599609375 0 -1007.9031372070312
v 6629.87890625 0 -826.6937255859375
v 6483.64599609375 0 -705.88751220703125
v 6483.64599609375 0 -826.6937255859375
v 6282.576171875 0 -1128.7093505859375
v 6282.576171875 0 -1158.910888671875
v 6191.1806640625 0 -1158.910888671875
v 6227.73876953125 0 -1189.112548828125
v 6227.73876953125 0 -1158.910888671875
v 6310 0 -1020
v 6395 0 -1020
v 6395 0 -813.33331298828125
v 6395 0 -606.66668701171875
v 6395 0 -400
v 6460 0 -400
v 6629.87890625 0 -343.46875
v 6337.41357421875 0 -343.46875
v 6483.64599609375 0 -464.27499389648438
v 6483.64599609375 0 -343.46875
v 6490 0 -400
v 6410.52978515625 0 -343.46875
v 6337.41357421875 0 -403.87188720703125
v 6044.9482421875 0 -343.46875
v 6191.1806640625 0 -464.27499389648438
v 6191.1806640625 0 -343.46875
v 6629.87890625 0 -585.08123779296875
v 6337.41357421875 0 -585.08123779296875
v 6556.7626953125 0 -343.46875
v 6556.7626953125 0 -464.27499389648438
v 6556.7626953125 0 -403.87188720703125
v 6922.34423828125 0 -343.46875
v 6776.111328125 0 -222.66250610351562
v 6776.111328125 0 -464.27499389648438
v 6776.111328125 0 -343.46875
v 6490 0 -410
v 6556.7626953125 0 -373.67031860351562
v 6520.2041015625 0 -343.46875
v 6483.64599609375 0 -373.67031860351562
v 6520.2041015625 0 -403.87188720703125
v 6520.2041015625 0 -373.67031860351562
v 6629.87890625 0 -283.06561279296875
v 6556.7626953125 0 -222.66250610351562
v 6483.64599609375 0 -283.06561279296875
v 6556.7626953125 0 -283.06561279296875
v 6629.87890625 0 -101.85624694824219
v 6520.2041015625 0 -388.77108764648438
v 6501.92529296875 0 -373.67031860351562
v 6483.64599609375 0 -388.77108764648438
v 6501.92529296875 0 -403.87188720703125
v 6501.92529296875 0 -388.77108764648438
v 6447.087890625 0 -343.46875
v 6410.52978515625 0 -373.67031860351562
v 6447.087890625 0 -373.67031860351562
v 6337.41357421875 0 -283.06561279296875
v 6410.52978515625 0 -283.06561279296875
v 6556.7626953125 0 -434.07342529296875
v 6483.64599609375 0 -434.07342529296875
v 6520.2041015625 0 -464.27499389648438
v 6520.2041015625 0 -434.07342529296875
v 6629.87890625 0 -524.6781005859375
v 6483.64599609375 0 -524.6781005859375
v 6556.7626953125 0 -585.08123779296875
v 6556.7626953125 0 -524.6781005859375
v 6922.34423828125 0 -585.08123779296875
v 6776.111328125 0 -705.88751220703125
v 6776.111328125 0 -585.08123779296875
v 6520.2041015625 0 -418.97265625
v 6483.64599609375 0 -418.97265625
v 6501.92529296875 0 -434.07342529296875
v 6501.92529296875 0 -418.97265625
v 6447.087890625 0 -464.27499389648438
v 6447.087890625 0 -434.07342529296875
v 6337.41357421875 0 -524.6781005859375
v 6044.9482421875 0 -585.08123779296875
v 6191.1806640625 0 -585.08123779296875
v 6415 0 -410
v 6415 0 -580
v 6490 0 -580
v 6490 0 -590
v 6556.7626953125 0 -554.87969970703125
v 6520.2041015625 0 -524.6781005859375
v 6483.64599609375 0 -554.87969970703125
v 6520.2041015625 0 -585.08123779296875
v 6520.2041015625 0 -554.87969970703125
v 6629.87890625 0 -645.484375
v 6483.64599609375 0 -645.484375
v 6556.7626953125 0 -705.88751220703125
v 6556.7626953125 0 -645.484375
v 6520.2041015625 0 -569.98046875
v 6501.92529296875 0 -554.87969970703125
v 6483.64599609375 0 -569.98046875
v 6501.92529296875 0 -585.08123779296875
v 6501.92529296875 0 -569.98046875
v 6447.087890625 0 -524.6781005859375
v 6447.087890625 0 -554.87969970703125
v 6337.41357421875 0 -645.484375
v 6556.7626953125 0 -615.2828369140625
v 6483.64599609375 0 -615.2828369140625
v 6520.2041015625 0 -645.484375
v 6520.2041015625 0 -615.2828369140625
v 6520.2041015625 0 -600.1820068359375
v 6483.64599609375 0 -600.1820068359375
v 6501.92529296875 0 -615.2828369140625
v 6501.92529296875 0 -600.1820068359375
v 6447.087890625 0 -645.484375
v 6447.087890625 0 -615.2828369140625
v 6415 0 -590
v 6415 0 -805
v 6490 0 -805
v 6490 0 -815
v 6629.87890625 0 -766.2906494140625
v 6483.64599609375 0 -766.2906494140625
v 6556.7626953125 0 -826.6937255859375
v 6556.7626953125 0 -766.2906494140625
v 6922.34423828125 0 -826.6937255859375
v 6776.111328125 0 -947.5
v 6776.111328125 0 -826.6937255859375
v 6556.7626953125 0 -796.4921875
v 6520.2041015625 0 -766.2906494140625
v 6483.64599609375 0 -796.4921875
v 6520.2041015625 0 -826.6937255859375
v 6520.2041015625 0 -796.4921875
v 6337.41357421875 0 -766.2906494140625
v 6629.87890625 0 -887.09686279296875
v 6483.64599609375 0 -887.09686279296875
v 6556.7626953125 0 -887.09686279296875
v 6520.2041015625 0 -811.59295654296875
v 6501.92529296875 0 -796.4921875
v 6501.92529296875 0 -826.6937255859375
v 6501.92529296875 0 -811.59295654296875
v 6447.087890625 0 -766.2906494140625
v 6447.087890625 0 -796.4921875
v 6337.41357421875 0 -887.09686279296875
v 6556.7626953125 0 -856.89532470703125
v 6483.64599609375 0 -856.89532470703125
v 6520.2041015625 0 -887.09686279296875
v 6520.2041015625 0 -856.89532470703125
v 6415 0 -815
v 6415 0 -915
v 6595 0 -915
v 6595 0 -815
v 6580 0 -815
v 6629.87890625 0 -796.4921875
v 6776.111328125 0 -766.2906494140625
v 6702.9951171875 0 -705.88751220703125
v 6702.9951171875 0 -826.6937255859375
v 6702.9951171875 0 -766.2906494140625
v 6580 0 -805
v 6575.04150390625 0 -796.4921875
v 6556.7626953125 0 -811.59295654296875
v 6575.04150390625 0 -826.6937255859375
v 6575.04150390625 0 -811.59295654296875
v 6629.87890625 0 -856.89532470703125
v 6776.111328125 0 -887.09686279296875
v 6702.9951171875 0 -947.5
v 6702.9951171875 0 -887.09686279296875
v 6776.111328125 0 -1189.112548828125
v 6595 0 -805
v 6595 0 -590
v 6580 0 -590
v 6629.87890625 0 -615.2828369140625
v 6776.111328125 0 -645.484375
v 6702.9951171875 0 -585.08123779296875
v 6702.9951171875 0 -645.484375
v 6580 0 -580
v 6575.04150390625 0 -585.08123779296875
v 6556.7626953125 0 -600.1820068359375
v 6575.04150390625 0 -615.2828369140625
v 6575.04150390625 0 -600.1820068359375
v 6629.87890625 0 -554.87969970703125
v 6776.111328125 0 -524.6781005859375
v 6702.9951171875 0 -464.27499389648438
v 6702.9951171875 0 -524.6781005859375
v 6575.04150390625 0 -554.87969970703125
v 6556.7626953125 0 -569.98046875
v 6575.04150390625 0 -569.98046875
v 6595 0 -580
v 6595 0 -410
v 6580 0 -410
v 6702.9951171875 0 -343.46875
v 6580 0 -400
v 6575.04150390625 0 -403.87188720703125
v 6556.7626953125 0 -418.97265625
v 6575.04150390625 0 -434.07342529296875
v 6575.04150390625 0 -418.97265625
v 6629.87890625 0 -373.67031860351562
v 6593.32080078125 0 -343.46875
v 6593.32080078125 0 -373.67031860351562
v 6593.32080078125 0 -388.77108764648438
v 6575.04150390625 0 -373.67031860351562
v 6556.7626953125 0 -388.77108764648438
v 6575.04150390625 0 -388.77108764648438
v 6605 0 -400
v 6810 0 -400
v 6810 0 -390
v 6922.34423828125 0 -403.87188720703125
v 6849.22802734375 0 -343.46875
v 6849.22802734375 0 -464.27499389648438
v 6849.22802734375 0 -403.87188720703125
v 7214.8095703125 0 -343.46875
v 7068.5771484375 0 -222.66250610351562
v 7068.5771484375 0 -464.27499389648438
v 7068.5771484375 0 -343.46875
v 6849.22802734375 0 -373.67031860351562
v 6812.669921875 0 -343.46875
v 6776.111328125 0 -373.67031860351562
v 6812.669921875 0 -373.67031860351562
v 6922.34423828125 0 -283.06561279296875
v 6776.111328125 0 -283.06561279296875
v 6849.22802734375 0 -283.06561279296875
v 6922.34423828125 0 -101.85624694824219
v 6776.111328125 0 -101.85624694824219
v 6794.390625 0 -373.67031860351562
v 6776.111328125 0 -388.77108764648438
v 6794.390625 0 -388.77108764648438
v 6739.55322265625 0 -343.46875
v 6702.9951171875 0 -373.67031860351562
v 6739.55322265625 0 -373.67031860351562
v 6702.9951171875 0 -222.66250610351562
v 6702.9951171875 0 -283.06561279296875
v 6849.22802734375 0 -434.07342529296875
v 6776.111328125 0 -434.07342529296875
v 6812.669921875 0 -464.27499389648438
v 6812.669921875 0 -434.07342529296875
v 6922.34423828125 0 -524.6781005859375
v 6849.22802734375 0 -585.08123779296875
v 6849.22802734375 0 -524.6781005859375
v 7214.8095703125 0 -585.08123779296875
v 7068.5771484375 0 -705.88751220703125
v 7068.5771484375 0 -585.08123779296875
v 6820 0 -390
v 6849.22802734375 0 -388.77108764648438
v 6830.94873046875 0 -373.67031860351562
v 6830.94873046875 0 -403.87188720703125
v 6830.94873046875 0 -388.77108764648438
v 6922.34423828125 0 -373.67031860351562
v 6885.7861328125 0 -343.46875
v 6885.7861328125 0 -403.87188720703125
v 6885.7861328125 0 -373.67031860351562
v 6995.46044921875 0 -343.46875
v 6995.46044921875 0 -464.27499389648438
v 6995.46044921875 0 -403.87188720703125
v 6820 0 -400
v 6820 0 -410
v 6849.22802734375 0 -418.97265625
v 6812.669921875 0 -418.97265625
v 6830.94873046875 0 -434.07342529296875
v 6830.94873046875 0 -418.97265625
v 6922.34423828125 0 -434.07342529296875
v 6885.7861328125 0 -464.27499389648438
v 6885.7861328125 0 -434.07342529296875
v 6605 0 -410
v 6605 0 -566.66668701171875
v 6605 0 -723.33331298828125
v 6605 0 -880
v 6605 0 -1017.5
v 6605 0 -1155
v 6580 0 -1155
v 6629.87890625 0 -1128.7093505859375
v 6556.7626953125 0 -1068.3062744140625
v 6556.7626953125 0 -1189.112548828125
v 6556.7626953125 0 -1128.7093505859375
v 6580 0 -1145
v 6629.87890625 0 -1158.910888671875
v 6556.7626953125 0 -1158.910888671875
v 6593.32080078125 0 -1189.112548828125
v 6593.32080078125 0 -1158.910888671875
v 6629.87890625 0 -1249.515625
v 6556.7626953125 0 -1309.918701171875
v 6556.7626953125 0 -1249.515625
v 6922.34423828125 0 -1309.918701171875
v 6776.111328125 0 -1128.7093505859375
v 6702.9951171875 0 -1068.3062744140625
v 6702.9951171875 0 -1189.112548828125
v 6702.9951171875 0 -1128.7093505859375
v 6575.04150390625 0 -1128.7093505859375
v 6556.7626953125 0 -1143.8101806640625
v 6575.04150390625 0 -1158.910888671875
v 6575.04150390625 0 -1143.8101806640625
v 6629.87890625 0 -1098.5078125
v 6556.7626953125 0 -1098.5078125
v 6629.87890625 0 -1007.9031372070312
v 6556.7626953125 0 -1007.9031372070312
v 6520.2041015625 0 -1128.7093505859375
v 6483.64599609375 0 -1158.910888671875
v 6520.2041015625 0 -1189.112548828125
v 6520.2041015625 0 -1158.910888671875
v 6595 0 -1145
v 6595 0 -975
v 6415 0 -975
v 6415 0 -1050
v 6315 0 -1050
v 6315 0 -1145
v 6490 0 -1145
v 6490 0 -1155
v 6520.2041015625 0 -1143.8101806640625
v 6501.92529296875 0 -1128.7093505859375
v 6501.92529296875 0 -1158.910888671875
v 6501.92529296875 0 -1143.8101806640625
v 6520.2041015625 0 -1068.3062744140625
v 6483.64599609375 0 -1098.5078125
v 6520.2041015625 0 -1098.5078125
v 6447.087890625 0 -1128.7093505859375
v 6447.087890625 0 -1189.112548828125
v 6447.087890625 0 -1158.910888671875
v 6395 0 -1155
v 6395 0 -1165
v 6392.25048828125 0 -1128.7093505859375
v 6410.52978515625 0 -1174.01171875
v 6373.9716796875 0 -1174.01171875
v 6392.25048828125 0 -1189.112548828125
v 6392.25048828125 0 -1174.01171875
v 6410.52978515625 0 -1219.3140869140625
v 6337.41357421875 0 -1219.3140869140625
v 6373.9716796875 0 -1249.515625
v 6373.9716796875 0 -1219.3140869140625
v 6385 0 -1165
v 6385 0 -1155
v 6315 0 -1155
v 6300 0 -1155
v 6165 0 -1155
v 6030 0 -1155
v 6030 0 -1346.6666259765625
v 6030 0 -1538.3333740234375
v 6030 0 -1730
v 6207.5 0 -1730
v 6385 0 -1730
v 6385 0 -1580
v 6385 0 -1430
v 6385 0 -1280
v 6385 0 -1265
v 6337.41357421875 0 -1279.7171630859375
v 6373.9716796875 0 -1309.918701171875
v 6373.9716796875 0 -1279.7171630859375
v 6483.64599609375 0 -1370.3218994140625
v 6337.41357421875 0 -1370.3218994140625
v 6410.52978515625 0 -1370.3218994140625
v 6629.87890625 0 -1551.53125
v 6337.41357421875 0 -1551.53125
v 6483.64599609375 0 -1672.3375244140625
v 6483.64599609375 0 -1551.53125
v 6395 0 -1265
v 6410.52978515625 0 -1264.616455078125
v 6392.25048828125 0 -1249.515625
v 6373.9716796875 0 -1264.616455078125
v 6483.64599609375 0 -1279.7171630859375
v 6447.087890625 0 -1249.515625
v 6447.087890625 0 -1309.918701171875
v 6447.087890625 0 -1279.7171630859375
v 6395 0 -1280
v 6410 0 -1280
v 6410 0 -1290
v 6373.9716796875 0 -1294.8179931640625
v 6410.52978515625 0 -1340.120361328125
v 6337.41357421875 0 -1340.120361328125
v 6373.9716796875 0 -1370.3218994140625
v 6373.9716796875 0 -1340.120361328125
v 6191.1806640625 0 -1370.3218994140625
v 6264.296875 0 -1430.7249755859375
v 6264.296875 0 -1370.3218994140625
v 6191.1806640625 0 -1551.53125
v 6395 0 -1290
v 6395 0 -1436.6666259765625
v 6395 0 -1583.3333740234375
v 6395 0 -1730
v 6582.5 0 -1730
v 6770 0 -1730
v 6770 0 -1540
v 6770 0 -1350
v 6700 0 -1350
v 6700 0 -1290
v 6510 0 -1290
v 6510 0 -1280
v 6520.2041015625 0 -1249.515625
v 6520.2041015625 0 -1309.918701171875
v 6629.87890625 0 -1370.3218994140625
v 6556.7626953125 0 -1430.7249755859375
v 6556.7626953125 0 -1370.3218994140625
v 6520.2041015625 0 -1294.8179931640625
v 6501.92529296875 0 -1279.7171630859375
v 6483.64599609375 0 -1294.8179931640625
v 6501.92529296875 0 -1309.918701171875
v 6501.92529296875 0 -1294.8179931640625
v 6556.7626953125 0 -1340.120361328125
v 6483.64599609375 0 -1340.120361328125
v 6520.2041015625 0 -1370.3218994140625
v 6520.2041015625 0 -1340.120361328125
v 6625 0 -1280
v 6740 0 -1280
v 6740 0 -1265
v 6776.111328125 0 -1249.515625
v 6702.9951171875 0 -1249.515625
v 6739.55322265625 0 -1249.515625
v 6702.9951171875 0 -1430.7249755859375
v 6702.9951171875 0 -1370.3218994140625
v 6922.34423828125 0 -1551.53125
v 6922.34423828125 0 -1249.515625
v 6849.22802734375 0 -1189.112548828125
v 6849.22802734375 0 -1309.918701171875
v 6849.22802734375 0 -1249.515625
v 7214.8095703125 0 -1309.918701171875
v 7068.5771484375 0 -1189.112548828125
v 7068.5771484375 0 -1430.7249755859375
v 7068.5771484375 0 -1309.918701171875
v 6750 0 -1265
v 6776.111328125 0 -1264.616455078125
v 6757.83251953125 0 -1249.515625
v 6757.83251953125 0 -1264.616455078125
v 6812.669921875 0 -1249.515625
v 6922.34423828125 0 -1370.3218994140625
v 6849.22802734375 0 -1430.7249755859375
v 6849.22802734375 0 -1370.3218994140625
v 6776.111328125 0 -1219.3140869140625
v 6739.55322265625 0 -1189.112548828125
v 6702.9951171875 0 -1219.3140869140625
v 6739.55322265625 0 -1219.3140869140625
v 6750 0 -1280
v 6875 0 -1280
v 6875 0 -1290
v 6922.34423828125 0 -1279.7171630859375
v 6885.7861328125 0 -1249.515625
v 6885.7861328125 0 -1309.918701171875
v 6885.7861328125 0 -1279.7171630859375
v 7068.5771484375 0 -1249.515625
v 6995.46044921875 0 -1189.112548828125
v 6995.46044921875 0 -1249.515625
v 7214.8095703125 0 -1068.3062744140625
v 7068.5771484375 0 -947.5
v 7068.5771484375 0 -1068.3062744140625
v 6885.7861328125 0 -1294.8179931640625
v 6849.22802734375 0 -1294.8179931640625
v 6867.5068359375 0 -1309.918701171875
v 6867.5068359375 0 -1294.8179931640625
v 6922.34423828125 0 -1340.120361328125
v 6849.22802734375 0 -1340.120361328125
v 6885.7861328125 0 -1370.3218994140625
v 6885.7861328125 0 -1340.120361328125
v 7068.5771484375 0 -1370.3218994140625
v 7214.8095703125 0 -1551.53125
v 7068.5771484375 0 -1672.3375244140625
v 7068.5771484375 0 -1551.53125
v 6790 0 -1290
v 6790 0 -1487.5
v 6790 0 -1685
v 6780 0 -1685
v 6849.22802734375 0 -1672.3375244140625
v 6849.22802734375 0 -1702.5390625
v 6812.669921875 0 -1672.3375244140625
v 6812.669921875 0 -1702.5390625
v 6922.34423828125 0 -1611.934326171875
v 6849.22802734375 0 -1551.53125
v 6849.22802734375 0 -1611.934326171875
v 6702.9951171875 0 -1672.3375244140625
v 6812.669921875 0 -1687.438232421875
v 6794.390625 0 -1672.3375244140625
v 6794.390625 0 -1702.5390625
v 6849.22802734375 0 -1642.135986328125
v 6812.669921875 0 -1611.934326171875
v 6812.669921875 0 -1642.135986328125
v 6702.9951171875 0 -1551.53125
v 6629.87890625 0 -1611.934326171875
v 6702.9951171875 0 -1611.934326171875
v 6739.55322265625 0 -1672.3375244140625
v 6702.9951171875 0 -1702.5390625
v 6739.55322265625 0 -1702.5390625
v 6780 0 -1730
v 6990 0 -1730
v 6990 0 -1583.3333740234375
v 6990 0 -1436.6666259765625
v 6990 0 -1290
v 6975 0 -1290
v 6958.90234375 0 -1249.515625
v 6958.90234375 0 -1309.918701171875
v 6958.90234375 0 -1279.7171630859375
v 6975 0 -1280
v 6958.90234375 0 -1294.8179931640625
v 6977.181640625 0 -1309.918701171875
v 6977.181640625 0 -1294.8179931640625
v 6958.90234375 0 -1370.3218994140625
v 6958.90234375 0 -1340.120361328125
v 7068.5771484375 0 -1279.7171630859375
v 7032.0185546875 0 -1249.515625
v 7032.0185546875 0 -1309.918701171875
v 7032.0185546875 0 -1279.7171630859375
v 7214.8095703125 0 -1249.515625
v 7141.693359375 0 -1189.112548828125
v 7141.693359375 0 -1309.918701171875
v 7141.693359375 0 -1249.515625
v 7361.04248046875 0 -1189.112548828125
v 7361.04248046875 0 -1430.7249755859375
v 7361.04248046875 0 -1309.918701171875
v 7000 0 -1280
v 7000 0 -1430
v 7000 0 -1580
v 7000 0 -1730
v 7156.66650390625 0 -1730
v 7313.33349609375 0 -1730
v 7470 0 -1730
v 7470 0 -1536.6666259765625
v 7470 0 -1343.3333740234375
v 7470 0 -1150
v 7308.33349609375 0 -1150
v 7146.66650390625 0 -1150
v 6985 0 -1150
v 6985 0 -1090
v 6867.5 0 -1090
v 6750 0 -1090
v 6750 0 -1165
v 6740 0 -1165
v 6776.111328125 0 -1158.910888671875
v 6702.9951171875 0 -1158.910888671875
v 6922.34423828125 0 -1128.7093505859375
v 6849.22802734375 0 -1128.7093505859375
v 6776.111328125 0 -1174.01171875
v 6757.83251953125 0 -1158.910888671875
v 6739.55322265625 0 -1174.01171875
v 6757.83251953125 0 -1189.112548828125
v 6757.83251953125 0 -1174.01171875
v 6849.22802734375 0 -1158.910888671875
v 6812.669921875 0 -1128.7093505859375
v 6812.669921875 0 -1189.112548828125
v 6812.669921875 0 -1158.910888671875
v 6740 0 -1080
v 6910 0 -1080
v 6910 0 -1010
v 6910 0 -880
v 6735 0 -880
v 6735 0 -870
v 6776.111328125 0 -856.89532470703125
v 6739.55322265625 0 -826.6937255859375
v 6702.9951171875 0 -856.89532470703125
v 6739.55322265625 0 -887.09686279296875
v 6739.55322265625 0 -856.89532470703125
v 6849.22802734375 0 -826.6937255859375
v 7214.8095703125 0 -826.6937255859375
v 7068.5771484375 0 -826.6937255859375
v 6721.2744140625 0 -856.89532470703125
v 6702.9951171875 0 -871.99609375
v 6721.2744140625 0 -887.09686279296875
v 6721.2744140625 0 -871.99609375
v 6666.43701171875 0 -826.6937255859375
v 6666.43701171875 0 -887.09686279296875
v 6666.43701171875 0 -856.89532470703125
v 6776.111328125 0 -917.2984619140625
v 6702.9951171875 0 -917.2984619140625
v 6739.55322265625 0 -947.5
v 6739.55322265625 0 -917.2984619140625
v 6776.111328125 0 -1007.9031372070312
v 6702.9951171875 0 -1007.9031372070312
v 6872.5 0 -870
v 7010 0 -870
v 7010 0 -880
v 7068.5771484375 0 -887.09686279296875
v 6995.46044921875 0 -826.6937255859375
v 6995.46044921875 0 -947.5
v 6995.46044921875 0 -887.09686279296875
v 7068.5771484375 0 -856.89532470703125
v 7032.0185546875 0 -826.6937255859375
v 6995.46044921875 0 -856.89532470703125
v 7032.0185546875 0 -887.09686279296875
v 7032.0185546875 0 -856.89532470703125
v 7141.693359375 0 -826.6937255859375
v 7141.693359375 0 -947.5
v 7141.693359375 0 -887.09686279296875
v 7361.04248046875 0 -705.88751220703125
v 7361.04248046875 0 -947.5
v 7361.04248046875 0 -826.6937255859375
v 7068.5771484375 0 -766.2906494140625
v 6995.46044921875 0 -705.88751220703125
v 6922.34423828125 0 -766.2906494140625
v 6995.46044921875 0 -766.2906494140625
v 7032.0185546875 0 -871.99609375
v 7013.73974609375 0 -856.89532470703125
v 7013.73974609375 0 -887.09686279296875
v 6958.90234375 0 -826.6937255859375
v 6922.34423828125 0 -856.89532470703125
v 6958.90234375 0 -856.89532470703125
v 7068.5771484375 0 -917.2984619140625
v 6995.46044921875 0 -917.2984619140625
v 7032.0185546875 0 -947.5
v 7032.0185546875 0 -917.2984619140625
v 7068.5771484375 0 -1007.9031372070312
v 6920 0 -880
v 6920 0 -1000
v 6995 0 -1000
v 6995 0 -1140
v 7153.33349609375 0 -1140
v 7311.66650390625 0 -1140
v 7470 0 -1140
v 7470 0 -1010
v 7470 0 -880
v 7292.5 0 -880
v 7115 0 -880
v 7115 0 -870
v 7141.693359375 0 -856.89532470703125
v 7105.13525390625 0 -826.6937255859375
v 7105.13525390625 0 -887.09686279296875
v 7105.13525390625 0 -856.89532470703125
v 7214.8095703125 0 -766.2906494140625
v 7141.693359375 0 -705.88751220703125
v 7141.693359375 0 -766.2906494140625
v 7123.4140625 0 -856.89532470703125
v 7105.13525390625 0 -871.99609375
v 7123.4140625 0 -887.09686279296875
v 7141.693359375 0 -917.2984619140625
v 7105.13525390625 0 -947.5
v 7105.13525390625 0 -917.2984619140625
v 7214.8095703125 0 -1007.9031372070312
v 7141.693359375 0 -1068.3062744140625
v 7141.693359375 0 -1007.9031372070312
v 7361.04248046875 0 -1068.3062744140625
v 7214.8095703125 0 -856.89532470703125
v 7178.25146484375 0 -826.6937255859375
v 7178.25146484375 0 -856.89532470703125
v 7287.92578125 0 -826.6937255859375
v 7287.92578125 0 -947.5
v 7292.5 0 -870
v 7470 0 -870
v 7470 0 -716.66668701171875
v 7470 0 -563.33331298828125
v 7470 0 -410
v 7292.5 0 -410
v 7115 0 -410
v 7065 0 -410
v 7065 0 -400
v 7068.5771484375 0 -434.07342529296875
v 7032.0185546875 0 -403.87188720703125
v 6995.46044921875 0 -434.07342529296875
v 7032.0185546875 0 -464.27499389648438
v 7032.0185546875 0 -434.07342529296875
v 7068.5771484375 0 -524.6781005859375
v 6995.46044921875 0 -585.08123779296875
v 6995.46044921875 0 -524.6781005859375
v 7141.693359375 0 -343.46875
v 7141.693359375 0 -464.27499389648438
v 7361.04248046875 0 -222.66250610351562
v 7361.04248046875 0 -464.27499389648438
v 7361.04248046875 0 -343.46875
v 7068.5771484375 0 -418.97265625
v 7050.2978515625 0 -403.87188720703125
v 7032.0185546875 0 -418.97265625
v 7050.2978515625 0 -434.07342529296875
v 7050.2978515625 0 -418.97265625
v 7141.693359375 0 -434.07342529296875
v 7105.13525390625 0 -464.27499389648438
v 7105.13525390625 0 -434.07342529296875
v 7214.8095703125 0 -524.6781005859375
v 7141.693359375 0 -585.08123779296875
v 7141.693359375 0 -524.6781005859375
v 7361.04248046875 0 -585.08123779296875
v 7068.5771484375 0 -373.67031860351562
v 7032.0185546875 0 -343.46875
v 6995.46044921875 0 -373.67031860351562
v 7032.0185546875 0 -373.67031860351562
v 7068.5771484375 0 -283.06561279296875
v 6995.46044921875 0 -222.66250610351562
v 6995.46044921875 0 -283.06561279296875
v 7214.8095703125 0 -101.85624694824219
v 7068.5771484375 0 -101.85624694824219
v 7068.5771484375 0 -388.77108764648438
v 7050.2978515625 0 -373.67031860351562
v 7032.0185546875 0 -388.77108764648438
v 7050.2978515625 0 -388.77108764648438
v 7141.693359375 0 -373.67031860351562
v 7105.13525390625 0 -343.46875
v 7105.13525390625 0 -373.67031860351562
v 7214.8095703125 0 -283.06561279296875
v 7141.693359375 0 -222.66250610351562
v 7141.693359375 0 -283.06561279296875
v 7267.5 0 -400
v 7470 0 -400
v 7470 0 -200
v 7470 0 0
v 7292.5 0 0
v 7115 0 0
v 6925 0 0
v 6735 0 0
v 6735 0 -95
v 6715 0 -95
v 6776.111328125 0 -41.453125
v 6629.87890625 0 -41.453125
v 6702.9951171875 0 -101.85624694824219
v 6702.9951171875 0 -41.453125
v 6776.111328125 0 -71.654685974121094
v 6702.9951171875 0 -71.654685974121094
v 6776.111328125 0 -162.25936889648438
v 6629.87890625 0 -162.25936889648438
v 6702.9951171875 0 -162.25936889648438
v 6922.34423828125 0 -41.453125
v 6849.22802734375 0 -101.85624694824219
v 6849.22802734375 0 -41.453125
v 6715 0 0
v 6605 0 0
v 6495 0 0
v 6495 0 -215
v 6530 0 -215
v 6556.7626953125 0 -101.85624694824219
v 6556.7626953125 0 -162.25936889648438
v 6530 0 -235
v 6556.7626953125 0 -192.4609375
v 6520.2041015625 0 -162.25936889648438
v 6520.2041015625 0 -192.4609375
v 6556.7626953125 0 -252.86405944824219
v 6483.64599609375 0 -252.86405944824219
v 6520.2041015625 0 -283.06561279296875
v 6520.2041015625 0 -252.86405944824219
v 6460 0 -235
v 6298.33349609375 0 -235
v 6136.66650390625 0 -235
v 5975 0 -235
v 5802.5 0 -235
v 5802.5 0 -382.5
v 5802.5 0 -530
v 5802.5 0 -560
v 5898.71533203125 0 -464.27499389648438
v 5752.48291015625 0 -585.08123779296875
v 5898.71533203125 0 -705.88751220703125
v 5898.71533203125 0 -585.08123779296875
v 5898.71533203125 0 -524.6781005859375
v 5825.59912109375 0 -464.27499389648438
v 5825.59912109375 0 -585.08123779296875
v 5825.59912109375 0 -524.6781005859375
v 5752.48291015625 0 -343.46875
v 5898.71533203125 0 -343.46875
v 5606.25 0 -464.27499389648438
v 5460.01708984375 0 -585.08123779296875
v 5606.25 0 -585.08123779296875
v 5667.5 0 -560
v 5532.5 0 -560
v 5532.5 0 -733.33331298828125
v 5532.5 0 -906.66668701171875
v 5532.5 0 -1080
v 5502.5 0 -1080
v 5606.25 0 -1128.7093505859375
v 5533.1337890625 0 -1128.7093505859375
v 5502.5 0 -937.5
v 5502.5 0 -795
v 5492.5 0 -795
v 5606.25 0 -766.2906494140625
v 5460.01708984375 0 -766.2906494140625
v 5496.57568359375 0 -766.2906494140625
v 5460.01708984375 0 -796.4921875
v 5386.90087890625 0 -705.88751220703125
v 5313.78466796875 0 -766.2906494140625
v 5386.90087890625 0 -766.2906494140625
v 5313.78466796875 0 -464.27499389648438
v 5167.5517578125 0 -585.08123779296875
v 5313.78466796875 0 -585.08123779296875
v 5606.25 0 -887.09686279296875
v 5606.25 0 -796.4921875
v 5569.69189453125 0 -766.2906494140625
v 5569.69189453125 0 -826.6937255859375
v 5569.69189453125 0 -796.4921875
v 5752.48291015625 0 -766.2906494140625
v 5679.3662109375 0 -705.88751220703125
v 5679.3662109375 0 -826.6937255859375
v 5679.3662109375 0 -766.2906494140625
v 5898.71533203125 0 -826.6937255859375
v 5496.57568359375 0 -705.88751220703125
v 5460.01708984375 0 -736.08905029296875
v 5496.57568359375 0 -736.08905029296875
v 5606.25 0 -645.484375
v 5460.01708984375 0 -645.484375
v 5478.29638671875 0 -766.2906494140625
v 5460.01708984375 0 -781.39141845703125
v 5478.29638671875 0 -796.4921875
v 5478.29638671875 0 -781.39141845703125
v 5423.458984375 0 -766.2906494140625
v 5423.458984375 0 -826.6937255859375
v 5423.458984375 0 -796.4921875
v 5492.5 0 -785
v 5502.5 0 -785
v 5502.5 0 -657.5
v 5502.5 0 -530
v 5502.5 0 -525
v 5606.25 0 -524.6781005859375
v 5533.1337890625 0 -464.27499389648438
v 5460.01708984375 0 -524.6781005859375
v 5533.1337890625 0 -524.6781005859375
v 5460.01708984375 0 -343.46875
v 5606.25 0 -343.46875
v 5496.57568359375 0 -524.6781005859375
v 5460.01708984375 0 -554.87969970703125
v 5496.57568359375 0 -585.08123779296875
v 5496.57568359375 0 -554.87969970703125
v 5386.90087890625 0 -464.27499389648438
v 5313.78466796875 0 -524.6781005859375
v 5386.90087890625 0 -585.08123779296875
v 5386.90087890625 0 -524.6781005859375
v 5313.78466796875 0 -222.66250610351562
v 5167.5517578125 0 -343.46875
v 5313.78466796875 0 -343.46875
v 5514.8544921875 0 -524.6781005859375
v 5496.57568359375 0 -539.7789306640625
v 5569.69189453125 0 -524.6781005859375
v 5679.3662109375 0 -464.27499389648438
v 5679.3662109375 0 -585.08123779296875
v 5533.1337890625 0 -494.4765625
v 5496.57568359375 0 -464.27499389648438
v 5460.01708984375 0 -494.4765625
v 5496.57568359375 0 -494.4765625
v 5606.25 0 -403.87188720703125
v 5533.1337890625 0 -343.46875
v 5460.01708984375 0 -403.87188720703125
v 5533.1337890625 0 -403.87188720703125
v 5496.57568359375 0 -532.228515625
v 5533.1337890625 0 -509.57733154296875
v 5514.8544921875 0 -494.4765625
v 5496.57568359375 0 -509.57733154296875
v 5514.8544921875 0 -509.57733154296875
v 5606.25 0 -494.4765625
v 5569.69189453125 0 -464.27499389648438
v 5569.69189453125 0 -494.4765625
v 5478.29638671875 0 -524.6781005859375
v 5460.01708984375 0 -539.7789306640625
v 5478.29638671875 0 -554.87969970703125
v 5478.29638671875 0 -539.7789306640625
v 5423.458984375 0 -524.6781005859375
v 5386.90087890625 0 -554.87969970703125
v 5423.458984375 0 -585.08123779296875
v 5423.458984375 0 -554.87969970703125
v 5313.78466796875 0 -645.484375
v 5386.90087890625 0 -645.484375
v 5502.5 0 -460
v 5512.5 0 -460
v 5533.1337890625 0 -434.07342529296875
v 5496.57568359375 0 -403.87188720703125
v 5460.01708984375 0 -434.07342529296875
v 5496.57568359375 0 -434.07342529296875
v 5386.90087890625 0 -343.46875
v 5313.78466796875 0 -403.87188720703125
v 5386.90087890625 0 -403.87188720703125
v 5533.1337890625 0 -449.17422485351562
v 5514.8544921875 0 -434.07342529296875
v 5496.57568359375 0 -449.17422485351562
v 5514.8544921875 0 -449.17422485351562
v 5606.25 0 -434.07342529296875
v 5569.69189453125 0 -403.87188720703125
v 5569.69189453125 0 -434.07342529296875
v 5679.3662109375 0 -343.46875
v 5679.3662109375 0 -403.87188720703125
v 5512.5 0 -530
v 5645 0 -530
v 5777.5 0 -530
v 5777.5 0 -375
v 5777.5 0 -220
v 5720 0 -220
v 5752.48291015625 0 -101.85624694824219
v 5460.01708984375 0 -101.85624694824219
v 5606.25 0 -101.85624694824219
v 5720 0 -210
v 5752.48291015625 0 -162.25936889648438
v 5679.3662109375 0 -101.85624694824219
v 5606.25 0 -162.25936889648438
v 5679.3662109375 0 -222.66250610351562
v 5679.3662109375 0 -162.25936889648438
v 5752.48291015625 0 -192.4609375
v 5715.92431640625 0 -162.25936889648438
v 5679.3662109375 0 -192.4609375
v 5715.92431640625 0 -192.4609375
v 5752.48291015625 0 -283.06561279296875
v 5606.25 0 -283.06561279296875
v 5679.3662109375 0 -283.06561279296875
v 5752.48291015625 0 -207.56172180175781
v 5734.20361328125 0 -192.4609375
v 5734.20361328125 0 -207.56172180175781
v 5752.48291015625 0 -252.86405944824219
v 5679.3662109375 0 -252.86405944824219
v 5715.92431640625 0 -283.06561279296875
v 5715.92431640625 0 -252.86405944824219
v 5898.71533203125 0 -283.06561279296875
v 5825.59912109375 0 -343.46875
v 5825.59912109375 0 -283.06561279296875
v 5777.5 0 -210
v 5777.5 0 -100
v 5792.5 0 -100
v 5752.48291015625 0 -41.453125
v 5752.48291015625 0 -71.654685974121094
v 5606.25 0 -41.453125
v 5679.3662109375 0 -41.453125
v 5792.5 0 0
v 5652.5 0 0
v 5512.5 0 0
v 5512.5 0 -100
v 5512.5 0 -210
v 5620 0 -210
v 5620 0 -220
v 5642.80810546875 0 -162.25936889648438
v 5606.25 0 -192.4609375
v 5642.80810546875 0 -222.66250610351562
v 5642.80810546875 0 -192.4609375
v 5533.1337890625 0 -101.85624694824219
v 5533.1337890625 0 -162.25936889648438
v 5167.5517578125 0 -101.85624694824219
v 5313.78466796875 0 -101.85624694824219
v 5642.80810546875 0 -207.56172180175781
v 5624.529296875 0 -192.4609375
v 5606.25 0 -207.56172180175781
v 5569.69189453125 0 -162.25936889648438
v 5533.1337890625 0 -192.4609375
v 5569.69189453125 0 -192.4609375
v 5460.01708984375 0 -283.06561279296875
v 5533.1337890625 0 -283.06561279296875
v 5606.25 0 -252.86405944824219
v 5642.80810546875 0 -283.06561279296875
v 5642.80810546875 0 -252.86405944824219
v 5512.5 0 -220
v 5512.5 0 -360
v 5502.5 0 -360
v 5533.1337890625 0 -373.67031860351562
v 5496.57568359375 0 -343.46875
v 5460.01708984375 0 -373.67031860351562
v 5496.57568359375 0 -373.67031860351562
v 5533.1337890625 0 -358.56951904296875
v 5514.8544921875 0 -343.46875
v 5496.57568359375 0 -358.56951904296875
v 5514.8544921875 0 -373.67031860351562
v 5606.25 0 -373.67031860351562
v 5569.69189453125 0 -343.46875
v 5569.69189453125 0 -373.67031860351562
v 5533.1337890625 0 -313.26718139648438
v 5496.57568359375 0 -283.06561279296875
v 5460.01708984375 0 -313.26718139648438
v 5496.57568359375 0 -313.26718139648438
v 5386.90087890625 0 -222.66250610351562
v 5313.78466796875 0 -283.06561279296875
v 5386.90087890625 0 -283.06561279296875
v 5502.5 0 -160
v 5367.5 0 -160
v 5367.5 0 -150
v 5386.90087890625 0 -101.85624694824219
v 5313.78466796875 0 -162.25936889648438
v 5386.90087890625 0 -132.05781555175781
v 5350.3427734375 0 -101.85624694824219
v 5313.78466796875 0 -132.05781555175781
v 5350.3427734375 0 -162.25936889648438
v 5350.3427734375 0 -132.05781555175781
v 5460.01708984375 0 -41.453125
v 5313.78466796875 0 -41.453125
v 5386.90087890625 0 -41.453125
v 5240.66845703125 0 -101.85624694824219
v 5240.66845703125 0 -222.66250610351562
v 5240.66845703125 0 -162.25936889648438
v 4875.08642578125 0 -101.85624694824219
v 5386.90087890625 0 -147.15859985351562
v 5368.6220703125 0 -132.05781555175781
v 5350.3427734375 0 -147.15859985351562
v 5386.90087890625 0 -192.4609375
v 5313.78466796875 0 -192.4609375
v 5350.3427734375 0 -222.66250610351562
v 5350.3427734375 0 -192.4609375
v 5460.01708984375 0 -132.05781555175781
v 5423.458984375 0 -101.85624694824219
v 5423.458984375 0 -132.05781555175781
v 5502.5 0 -150
v 5502.5 0 -100
v 5502.5 0 -90
v 5533.1337890625 0 -41.453125
v 5533.1337890625 0 -71.654685974121094
v 5496.57568359375 0 -41.453125
v 5460.01708984375 0 -71.654685974121094
v 5496.57568359375 0 -101.85624694824219
v 5496.57568359375 0 -71.654685974121094
v 5533.1337890625 0 -86.755470275878906
v 5514.8544921875 0 -71.654685974121094
v 5496.57568359375 0 -86.755470275878906
v 5514.8544921875 0 -86.755470275878906
v 5533.1337890625 0 -132.05781555175781
v 5496.57568359375 0 -132.05781555175781
v 5606.25 0 -71.654685974121094
v 5569.69189453125 0 -41.453125
v 5569.69189453125 0 -101.85624694824219
v 5569.69189453125 0 -71.654685974121094
v 5502.5 0 0
v 5345.83349609375 0 0
v 5189.16650390625 0 0
v 5032.5 0 0
v 5032.5 0 -40
v 5167.5517578125 0 -41.453125
v 5094.435546875 0 -101.85624694824219
v 5094.435546875 0 -41.453125
v 5032.5 0 -150
v 5167.5 0 -150
v 5167.5 0 -160
v 5094.435546875 0 -222.66250610351562
v 4875.08642578125 0 -343.46875
v 5167.5517578125 0 -132.05781555175781
v 5130.99365234375 0 -101.85624694824219
v 5094.435546875 0 -132.05781555175781
v 5130.99365234375 0 -132.05781555175781
v 5149.27294921875 0 -132.05781555175781
v 5130.99365234375 0 -147.15859985351562
v 5149.27294921875 0 -147.15859985351562
v 5167.5517578125 0 -192.4609375
v 5094.435546875 0 -192.4609375
v 5130.99365234375 0 -222.66250610351562
v 5130.99365234375 0 -192.4609375
v 5167.5517578125 0 -283.06561279296875
v 5094.435546875 0 -343.46875
v 5094.435546875 0 -283.06561279296875
v 5240.66845703125 0 -132.05781555175781
v 5204.10986328125 0 -101.85624694824219
v 5204.10986328125 0 -162.25936889648438
v 5204.10986328125 0 -132.05781555175781
v 5240.66845703125 0 -41.453125
v 5032.5 0 -160
v 5032.5 0 -342.5
v 5032.5 0 -525
v 5007.5 0 -525
v 4875.08642578125 0 -585.08123779296875
v 5021.3193359375 0 -585.08123779296875
v 5167.5517578125 0 -524.6781005859375
v 5094.435546875 0 -464.27499389648438
v 5094.435546875 0 -585.08123779296875
v 5094.435546875 0 -524.6781005859375
v 4948.203125 0 -464.27499389648438
v 4948.203125 0 -585.08123779296875
v 4948.203125 0 -524.6781005859375
v 4582.62109375 0 -585.08123779296875
v 4728.85400390625 0 -585.08123779296875
v 5007.5 0 -515
v 5021.3193359375 0 -554.87969970703125
v 4984.76123046875 0 -524.6781005859375
v 4948.203125 0 -554.87969970703125
v 4984.76123046875 0 -585.08123779296875
v 4984.76123046875 0 -554.87969970703125
v 5021.3193359375 0 -539.7789306640625
v 4984.76123046875 0 -539.7789306640625
v 5003.0400390625 0 -554.87969970703125
v 5003.0400390625 0 -539.7789306640625
v 5094.435546875 0 -554.87969970703125
v 5057.87744140625 0 -524.6781005859375
v 5057.87744140625 0 -585.08123779296875
v 5057.87744140625 0 -554.87969970703125
v 5167.5517578125 0 -645.484375
v 5094.435546875 0 -705.88751220703125
v 5094.435546875 0 -645.484375
v 4984.76123046875 0 -464.27499389648438
v 4948.203125 0 -494.4765625
v 4984.76123046875 0 -494.4765625
v 4948.203125 0 -343.46875
v 4875.08642578125 0 -403.87188720703125
v 4948.203125 0 -403.87188720703125
v 4582.62109375 0 -343.46875
v 5003.0400390625 0 -494.4765625
v 4984.76123046875 0 -509.57733154296875
v 5003.0400390625 0 -509.57733154296875
v 5094.435546875 0 -494.4765625
v 5057.87744140625 0 -464.27499389648438
v 5057.87744140625 0 -494.4765625
v 5167.5517578125 0 -403.87188720703125
v 5094.435546875 0 -403.87188720703125
v 5022.5 0 -515
v 5022.5 0 -332.5
v 5022.5 0 -150
v 5007.5 0 -150
v 5057.87744140625 0 -101.85624694824219
v 5057.87744140625 0 -132.05781555175781
v 4948.203125 0 -101.85624694824219
v 4875.08642578125 0 -162.25936889648438
v 4948.203125 0 -222.66250610351562
v 4948.203125 0 -162.25936889648438
v 4984.76123046875 0 -101.85624694824219
v 4948.203125 0 -132.05781555175781
v 4984.76123046875 0 -162.25936889648438
v 4984.76123046875 0 -132.05781555175781
v 4875.08642578125 0 -41.453125
v 4948.203125 0 -41.453125
v 5007.5 0 -40
v 5022.5 0 -40
v 4948.203125 0 -11.251562118530273
v 4984.76123046875 0 -41.453125
v 4984.76123046875 0 -11.251562118530273
v 5094.435546875 0 -11.251562118530273
v 5057.87744140625 0 -41.453125
v 5057.87744140625 0 -11.251562118530273
v 5022.5 0 0
v 4875 0 0
v 4727.5 0 0
v 4727.5 0 -171.66667175292969
v 4727.5 0 -343.33334350585938
v 4727.5 0 -515
v 4907.5 0 -515
v 4907.5 0 -525
v 4911.64453125 0 -464.27499389648438
v 4875.08642578125 0 -494.4765625
v 4911.64453125 0 -494.4765625
v 4801.97021484375 0 -464.27499389648438
v 4801.97021484375 0 -585.08123779296875
v 4911.64453125 0 -509.57733154296875
v 4893.36572265625 0 -494.4765625
v 4875.08642578125 0 -509.57733154296875
v 4893.36572265625 0 -509.57733154296875
v 4838.5283203125 0 -464.27499389648438
v 4801.97021484375 0 -494.4765625
v 4838.5283203125 0 -494.4765625
v 4801.97021484375 0 -343.46875
v 4801.97021484375 0 -403.87188720703125
v 4875.08642578125 0 -554.87969970703125
v 4911.64453125 0 -585.08123779296875
v 4911.64453125 0 -554.87969970703125
v 4911.64453125 0 -539.7789306640625
v 4875.08642578125 0 -539.7789306640625
v 4893.36572265625 0 -554.87969970703125
v 4893.36572265625 0 -539.7789306640625
v 4801.97021484375 0 -554.87969970703125
v 4838.5283203125 0 -585.08123779296875
v 4838.5283203125 0 -554.87969970703125
v 4812.5 0 -525
v 4812.5 0 -535
v 4838.5283203125 0 -539.7789306640625
v 4801.97021484375 0 -539.7789306640625
v 4820.24951171875 0 -554.87969970703125
v 4820.24951171875 0 -539.7789306640625
v 4728.85400390625 0 -554.87969970703125
v 4765.412109375 0 -585.08123779296875
v 4765.412109375 0 -554.87969970703125
v 4655.7373046875 0 -464.27499389648438
v 4582.62109375 0 -524.6781005859375
v 4655.7373046875 0 -585.08123779296875
v 4655.7373046875 0 -524.6781005859375
v 4436.388671875 0 -464.27499389648438
v 4290.15576171875 0 -585.08123779296875
v 4436.388671875 0 -585.08123779296875
v 4802.5 0 -535
v 4802.5 0 -525
v 4717.5 0 -525
v 4717.5 0 -350
v 4717.5 0 -175
v 4717.5 0 0
v 4552.5 0 0
v 4387.5 0 0
v 4387.5 0 -215
v 4387.5 0 -430
v 4387.5 0 -645
v 4595 0 -645
v 4802.5 0 -645
v 4802.5 0 -635
v 4875.08642578125 0 -615.2828369140625
v 4801.97021484375 0 -615.2828369140625
v 4838.5283203125 0 -615.2828369140625
v 4838.5283203125 0 -630.38360595703125
v 4820.24951171875 0 -615.2828369140625
v 4801.97021484375 0 -630.38360595703125
v 4820.24951171875 0 -630.38360595703125
v 4728.85400390625 0 -615.2828369140625
v 4765.412109375 0 -615.2828369140625
v 4812.5 0 -635
v 4812.5 0 -645
v 4922.5 0 -645
v 5032.5 0 -645
v 5032.5 0 -850
v 5177.5 0 -850
v 5322.5 0 -850
v 5322.5 0 -785
v 5392.5 0 -785
v 5392.5 0 -795
v 5423.458984375 0 -781.39141845703125
v 5405.18017578125 0 -766.2906494140625
v 5405.18017578125 0 -796.4921875
v 5405.18017578125 0 -781.39141845703125
v 5423.458984375 0 -705.88751220703125
v 5386.90087890625 0 -736.08905029296875
v 5423.458984375 0 -736.08905029296875
v 5350.3427734375 0 -766.2906494140625
v 5350.3427734375 0 -826.6937255859375
v 5240.66845703125 0 -705.88751220703125
v 5167.5517578125 0 -766.2906494140625
v 5240.66845703125 0 -826.6937255859375
v 5240.66845703125 0 -766.2906494140625
v 5332.5 0 -795
v 5332.5 0 -850
v 5332.5 0 -885
v 5317.5 0 -885
v 5386.90087890625 0 -856.89532470703125
v 5350.3427734375 0 -887.09686279296875
v 5350.3427734375 0 -856.89532470703125
v 5240.66845703125 0 -887.09686279296875
v 5317.5 0 -875
v 5350.3427734375 0 -871.99609375
v 5386.90087890625 0 -917.2984619140625
v 5313.78466796875 0 -917.2984619140625
v 5350.3427734375 0 -917.2984619140625
v 5170 0 -875
v 5022.5 0 -875
v 5022.5 0 -885
v 5057.87744140625 0 -887.09686279296875
v 5094.435546875 0 -766.2906494140625
v 4984.76123046875 0 -887.09686279296875
v 5094.435546875 0 -917.2984619140625
v 5021.3193359375 0 -917.2984619140625
v 5057.87744140625 0 -917.2984619140625
v 5012.5 0 -885
v 4948.203125 0 -917.2984619140625
v 4984.76123046875 0 -917.2984619140625
v 5012.5 0 -875
v 4824.16650390625 0 -875
v 4635.83349609375 0 -875
v 4447.5 0 -875
v 4362.5 0 -875
v 4362.5 0 -687.5
v 4362.5 0 -500
v 4347.5 0 -500
v 4436.388671875 0 -524.6781005859375
v 4290.15576171875 0 -524.6781005859375
v 4290.15576171875 0 -343.46875
v 4436.388671875 0 -343.46875
v 4143.9228515625 0 -464.27499389648438
v 3997.6904296875 0 -585.08123779296875
v 4143.9228515625 0 -585.08123779296875
v 4326.7138671875 0 -464.27499389648438
v 4290.15576171875 0 -494.4765625
v 4326.7138671875 0 -524.6781005859375
v 4326.7138671875 0 -494.4765625
v 4436.388671875 0 -403.87188720703125
v 4290.15576171875 0 -403.87188720703125
v 4143.9228515625 0 -222.66250610351562
v 3997.6904296875 0 -343.46875
v 4143.9228515625 0 -343.46875
v 4217.03955078125 0 -464.27499389648438
v 4143.9228515625 0 -524.6781005859375
v 4217.03955078125 0 -585.08123779296875
v 4217.03955078125 0 -524.6781005859375
v 4347.5 0 -490
v 4326.7138671875 0 -509.57733154296875
v 4344.9931640625 0 -524.6781005859375
v 4344.9931640625 0 -509.57733154296875
v 4290.15576171875 0 -554.87969970703125
v 4326.7138671875 0 -585.08123779296875
v 4326.7138671875 0 -554.87969970703125
v 4436.388671875 0 -494.4765625
v 4399.830078125 0 -464.27499389648438
v 4399.830078125 0 -524.6781005859375
v 4399.830078125 0 -494.4765625
v 4509.5048828125 0 -464.27499389648438
v 4509.5048828125 0 -585.08123779296875
v 4509.5048828125 0 -524.6781005859375
v 4344.9931640625 0 -464.27499389648438
v 4326.7138671875 0 -479.37579345703125
v 4344.9931640625 0 -479.37579345703125
v 4326.7138671875 0 -403.87188720703125
v 4290.15576171875 0 -434.07342529296875
v 4326.7138671875 0 -434.07342529296875
v 4217.03955078125 0 -343.46875
v 4143.9228515625 0 -403.87188720703125
v 4217.03955078125 0 -403.87188720703125
v 4362.5 0 -490
v 4362.5 0 -326.66665649414062
v 4362.5 0 -163.33332824707031
v 4362.5 0 0
v 4215 0 0
v 4067.5 0 0
v 4067.5 0 -163.33332824707031
v 4067.5 0 -326.66665649414062
v 4067.5 0 -490
v 4247.5 0 -490
v 4247.5 0 -500
v 4253.59765625 0 -464.27499389648438
v 4253.59765625 0 -524.6781005859375
v 4253.59765625 0 -494.4765625
v 4253.59765625 0 -479.37579345703125
v 4235.318359375 0 -464.27499389648438
v 4217.03955078125 0 -479.37579345703125
v 4235.318359375 0 -479.37579345703125
v 4253.59765625 0 -403.87188720703125
v 4217.03955078125 0 -434.07342529296875
v 4253.59765625 0 -434.07342529296875
v 4180.4814453125 0 -464.27499389648438
v 4180.4814453125 0 -524.6781005859375
v 3997.6904296875 0 -524.6781005859375
v 4070.806640625 0 -585.08123779296875
v 4070.806640625 0 -524.6781005859375
v 3851.457763671875 0 -464.27499389648438
v 3851.457763671875 0 -585.08123779296875
v 4253.59765625 0 -509.57733154296875
v 4217.03955078125 0 -509.57733154296875
v 4235.318359375 0 -524.6781005859375
v 4235.318359375 0 -509.57733154296875
v 4217.03955078125 0 -554.87969970703125
v 4253.59765625 0 -585.08123779296875
v 4253.59765625 0 -554.87969970703125
v 4143.9228515625 0 -645.484375
v 4217.03955078125 0 -705.88751220703125
v 4217.03955078125 0 -645.484375
v 4067.5 0 -500
v 4067.5 0 -510
v 4034.24853515625 0 -464.27499389648438
v 3997.6904296875 0 -494.4765625
v 4034.24853515625 0 -524.6781005859375
v 4034.24853515625 0 -494.4765625
v 3997.6904296875 0 -403.87188720703125
v 3851.457763671875 0 -222.66250610351562
v 3851.457763671875 0 -343.46875
v 3924.573974609375 0 -464.27499389648438
v 3851.457763671875 0 -524.6781005859375
v 3924.573974609375 0 -585.08123779296875
v 3924.573974609375 0 -524.6781005859375
v 4052.527587890625 0 -494.4765625
v 4034.24853515625 0 -509.57733154296875
v 4052.527587890625 0 -524.6781005859375
v 4052.527587890625 0 -509.57733154296875
v 4070.806640625 0 -554.87969970703125
v 3997.6904296875 0 -554.87969970703125
v 4034.24853515625 0 -585.08123779296875
v 4034.24853515625 0 -554.87969970703125
v 3997.6904296875 0 -645.484375
v 4070.806640625 0 -705.88751220703125
v 4070.806640625 0 -645.484375
v 4107.36474609375 0 -524.6781005859375
v 4057.5 0 -510
v 4057.5 0 -340
v 4057.5 0 -170
v 4057.5 0 0
v 3902.5 0 0
v 3747.5 0 0
v 3747.5 0 -35
v 3997.6904296875 0 -101.85624694824219
v 3851.457763671875 0 -101.85624694824219
v 3851.457763671875 0 -41.453125
v 3778.34130859375 0 -101.85624694824219
v 3778.34130859375 0 -41.453125
v 3752.5 0 -35
v 3778.34130859375 0 -11.251562118530273
v 3778.34130859375 0 -26.352344512939453
v 3760.062255859375 0 -11.251562118530273
v 3760.062255859375 0 -26.352344512939453
v 3851.457763671875 0 -162.25936889648438
v 3778.34130859375 0 -222.66250610351562
v 3778.34130859375 0 -162.25936889648438
v 3851.457763671875 0 -11.251562118530273
v 3814.8994140625 0 -41.453125
v 3814.8994140625 0 -11.251562118530273
v 3997.6904296875 0 -41.453125
v 3924.573974609375 0 -101.85624694824219
v 3924.573974609375 0 -41.453125
v 4290.15576171875 0 -101.85624694824219
v 4143.9228515625 0 -101.85624694824219
v 3760.062255859375 0 -33.902732849121094
v 3750.922607421875 0 -26.352344512939453
v 3851.457763671875 0 -71.654685974121094
v 3814.8994140625 0 -101.85624694824219
v 3814.8994140625 0 -71.654685974121094
v 3777.5 0 -35
v 3777.5 0 -75
v 3752.62109375 0 -75
v 3753.171630859375 0 -256.66665649414062
v 3753.72216796875 0 -438.33334350585938
v 3754.272705078125 0 -620
v 3954.272705078125 0 -620
v 4057.5 0 -620
v 4057.5 0 -610
v 3997.6904296875 0 -615.2828369140625
v 4034.24853515625 0 -645.484375
v 4034.24853515625 0 -615.2828369140625
v 3851.457763671875 0 -645.484375
v 3924.573974609375 0 -705.88751220703125
v 3924.573974609375 0 -645.484375
v 4052.527587890625 0 -615.2828369140625
v 4052.527587890625 0 -645.484375
v 4070.806640625 0 -675.6859130859375
v 3997.6904296875 0 -675.6859130859375
v 4034.24853515625 0 -705.88751220703125
v 4034.24853515625 0 -675.6859130859375
v 4143.9228515625 0 -766.2906494140625
v 3997.6904296875 0 -766.2906494140625
v 4070.806640625 0 -766.2906494140625
v 4143.9228515625 0 -615.2828369140625
v 4107.36474609375 0 -585.08123779296875
v 4107.36474609375 0 -645.484375
v 4107.36474609375 0 -615.2828369140625
v 4070.806640625 0 -600.1820068359375
v 4052.527587890625 0 -585.08123779296875
v 4034.24853515625 0 -600.1820068359375
v 4052.527587890625 0 -600.1820068359375
v 4067.5 0 -610
v 4067.5 0 -620
v 4129.27294921875 0 -620
v 4129.27294921875 0 -630
v 4143.9228515625 0 -630.38360595703125
v 4125.64404296875 0 -615.2828369140625
v 4125.64404296875 0 -645.484375
v 4143.9228515625 0 -675.6859130859375
v 4107.36474609375 0 -705.88751220703125
v 4107.36474609375 0 -675.6859130859375
v 4217.03955078125 0 -615.2828369140625
v 4180.4814453125 0 -585.08123779296875
v 4180.4814453125 0 -645.484375
v 4180.4814453125 0 -615.2828369140625
v 3954.272705078125 0 -630
v 3954.272705078125 0 -790
v 4099.27294921875 0 -790
v 4244.27294921875 0 -790
v 4244.27294921875 0 -630
v 4229.27294921875 0 -630
v 4290.15576171875 0 -615.2828369140625
v 4229.27294921875 0 -620
v 4217.03955078125 0 -630.38360595703125
v 4217.03955078125 0 -675.6859130859375
v 4217.03955078125 0 -826.6937255859375
v 4217.03955078125 0 -766.2906494140625
v 4254.27294921875 0 -620
v 4254.27294921875 0 -747.5
v 4254.27294921875 0 -875
v 4244.27294921875 0 -875
v 4290.15576171875 0 -887.09686279296875
v 4217.03955078125 0 -887.09686279296875
v 4290.15576171875 0 -856.89532470703125
v 4217.03955078125 0 -856.89532470703125
v 4253.59765625 0 -887.09686279296875
v 4363.27197265625 0 -887.09686279296875
v 4290.15576171875 0 -871.99609375
v 4271.87646484375 0 -856.89532470703125
v 4271.87646484375 0 -887.09686279296875
v 4271.87646484375 0 -871.99609375
v 4290.15576171875 0 -917.2984619140625
v 4217.03955078125 0 -917.2984619140625
v 4253.59765625 0 -947.5
v 4253.59765625 0 -917.2984619140625
v 4326.7138671875 0 -826.6937255859375
v 4326.7138671875 0 -887.09686279296875
v 4326.7138671875 0 -856.89532470703125
v 4235.318359375 0 -856.89532470703125
v 4217.03955078125 0 -871.99609375
v 4235.318359375 0 -887.09686279296875
v 4235.318359375 0 -871.99609375
v 4180.4814453125 0 -826.6937255859375
v 4143.9228515625 0 -856.89532470703125
v 4180.4814453125 0 -887.09686279296875
v 4180.4814453125 0 -856.89532470703125
v 4244.27294921875 0 -800
v 4099.27294921875 0 -800
v 3954.272705078125 0 -800
v 3954.272705078125 0 -910
v 3954.272705078125 0 -1020
v 3972.5 0 -1020
v 3961.13232421875 0 -1007.9031372070312
v 3924.573974609375 0 -1038.104736328125
v 3961.13232421875 0 -1068.3062744140625
v 3961.13232421875 0 -1038.104736328125
v 3851.457763671875 0 -1128.7093505859375
v 3924.573974609375 0 -1128.7093505859375
v 3972.5 0 -1030
v 3997.6904296875 0 -1023.00390625
v 3979.411376953125 0 -1007.9031372070312
v 3979.411376953125 0 -1038.104736328125
v 3979.411376953125 0 -1023.00390625
v 3961.13232421875 0 -947.5
v 3924.573974609375 0 -977.7015380859375
v 3961.13232421875 0 -977.7015380859375
v 3851.457763671875 0 -887.09686279296875
v 3924.573974609375 0 -887.09686279296875
v 3929.272705078125 0 -1030
v 3929.272705078125 0 -1020
v 3924.573974609375 0 -1023.00390625
v 3942.85302734375 0 -1038.104736328125
v 3888.015869140625 0 -1007.9031372070312
v 3851.457763671875 0 -1038.104736328125
v 3888.015869140625 0 -1068.3062744140625
v 3888.015869140625 0 -1038.104736328125
v 3778.34130859375 0 -947.5
v 3778.34130859375 0 -1068.3062744140625
v 3778.34130859375 0 -1007.9031372070312
v 3944.272705078125 0 -1020
v 3944.272705078125 0 -825
v 3944.272705078125 0 -630
v 3754.302978515625 0 -630
v 3754.9091796875 0 -830
v 3755.51513671875 0 -1030
v 3755.51513671875 0 -1020
v 3778.34130859375 0 -1038.104736328125
v 3778.34130859375 0 -1189.112548828125
v 3778.34130859375 0 -1128.7093505859375
v 3814.8994140625 0 -1007.9031372070312
v 3814.8994140625 0 -1068.3062744140625
v 3814.8994140625 0 -1038.104736328125
v 3778.34130859375 0 -977.7015380859375
v 3778.34130859375 0 -826.6937255859375
v 3778.34130859375 0 -887.09686279296875
v 3829.272705078125 0 -1020
v 3829.272705078125 0 -1030
v 3851.457763671875 0 -1023.00390625
v 3833.1787109375 0 -1007.9031372070312
v 3833.1787109375 0 -1038.104736328125
v 3851.457763671875 0 -977.7015380859375
v 3814.8994140625 0 -947.5
v 3814.8994140625 0 -977.7015380859375
v 3756.1767578125 0 -1248.3333740234375
v 3756.83837890625 0 -1466.6666259765625
v 3757.5 0 -1685
v 3742.5 0 -1685
v 3778.34130859375 0 -1672.3375244140625
v 3778.34130859375 0 -1551.53125
v 3778.34130859375 0 -1611.934326171875
v 3742.5 0 -1730
v 3920 0 -1730
v 4097.5 0 -1730
v 4097.5 0 -1685
v 4070.806640625 0 -1687.438232421875
v 4089.0859375 0 -1702.5390625
v 4034.24853515625 0 -1672.3375244140625
v 3997.6904296875 0 -1702.5390625
v 4034.24853515625 0 -1702.5390625
v 6810 0 -290
v 6810 0 -95
v 6820 0 -95
v 6849.22802734375 0 -71.654685974121094
v 6812.669921875 0 -41.453125
v 6812.669921875 0 -71.654685974121094
v 6922.34423828125 0 -162.25936889648438
v 6849.22802734375 0 -162.25936889648438
v 6812.669921875 0 -86.755470275878906
v 6794.390625 0 -71.654685974121094
v 6776.111328125 0 -86.755470275878906
v 6794.390625 0 -101.85624694824219
v 6794.390625 0 -86.755470275878906
v 6849.22802734375 0 -132.05781555175781
v 6776.111328125 0 -132.05781555175781
v 6849.22802734375 0 -86.755470275878906
v 6830.94873046875 0 -71.654685974121094
v 6830.94873046875 0 -101.85624694824219
v 6830.94873046875 0 -86.755470275878906
v 6922.34423828125 0 -71.654685974121094
v 6885.7861328125 0 -41.453125
v 6885.7861328125 0 -101.85624694824219
v 6885.7861328125 0 -71.654685974121094
v 7068.5771484375 0 -41.453125
v 6995.46044921875 0 -101.85624694824219
v 6995.46044921875 0 -41.453125
v 6820 0 -190
v 6885 0 -190
v 6885 0 -255
v 6900 0 -255
v 6922.34423828125 0 -252.86405944824219
v 6885.7861328125 0 -283.06561279296875
v 6900 0 -265
v 6922.34423828125 0 -267.96484375
v 6885.7861328125 0 -267.96484375
v 6904.06494140625 0 -283.06561279296875
v 6922.34423828125 0 -313.26718139648438
v 6849.22802734375 0 -313.26718139648438
v 6885.7861328125 0 -313.26718139648438
v 6958.90234375 0 -222.66250610351562
v 6958.90234375 0 -283.06561279296875
v 6958.90234375 0 -252.86405944824219
v 7068.5771484375 0 -162.25936889648438
v 6995.46044921875 0 -162.25936889648438
v 6820 0 -265
v 6820 0 -290
v 6776.111328125 0 -313.26718139648438
v 6812.669921875 0 -313.26718139648438
v 6849.22802734375 0 -298.16641235351562
v 6830.94873046875 0 -283.06561279296875
v 6812.669921875 0 -298.16641235351562
v 6830.94873046875 0 -313.26718139648438
v 6830.94873046875 0 -298.16641235351562
v 6776.111328125 0 -252.86405944824219
v 6794.390625 0 -283.06561279296875
v 6776.111328125 0 -298.16641235351562
v 6794.390625 0 -313.26718139648438
v 6794.390625 0 -298.16641235351562
v 6739.55322265625 0 -283.06561279296875
v 6702.9951171875 0 -313.26718139648438
v 6739.55322265625 0 -313.26718139648438
v 7000 0 -265
v 7000 0 -255
v 7032.0185546875 0 -222.66250610351562
v 7032.0185546875 0 -283.06561279296875
v 7032.0185546875 0 -267.96484375
v 7013.73974609375 0 -283.06561279296875
v 7013.73974609375 0 -267.96484375
v 7068.5771484375 0 -313.26718139648438
v 6995.46044921875 0 -313.26718139648438
v 7032.0185546875 0 -313.26718139648438
v 7120 0 -255
v 7120 0 -95
v 7115 0 -95
v 7214.8095703125 0 -41.453125
v 7141.693359375 0 -101.85624694824219
v 7141.693359375 0 -41.453125
v 7361.04248046875 0 -101.85624694824219
v 7141.693359375 0 -71.654685974121094
v 7105.13525390625 0 -41.453125
v 7068.5771484375 0 -71.654685974121094
v 7105.13525390625 0 -101.85624694824219
v 7105.13525390625 0 -71.654685974121094
v 7214.8095703125 0 -162.25936889648438
v 7141.693359375 0 -162.25936889648438
v 7141.693359375 0 -86.755470275878906
v 7105.13525390625 0 -86.755470275878906
v 7141.693359375 0 -132.05781555175781
v 7068.5771484375 0 -132.05781555175781
v 7105.13525390625 0 -162.25936889648438
v 7105.13525390625 0 -132.05781555175781
v 7214.8095703125 0 -71.654685974121094
v 7178.25146484375 0 -41.453125
v 7178.25146484375 0 -101.85624694824219
v 7178.25146484375 0 -71.654685974121094
v 7361.04248046875 0 -41.453125
v 7287.92578125 0 -101.85624694824219
v 7287.92578125 0 -41.453125
v 7105.13525390625 0 -94.305862426757812
v 7086.85595703125 0 -71.654685974121094
v 7068.5771484375 0 -86.755470275878906
v 7086.85595703125 0 -101.85624694824219
v 7086.85595703125 0 -86.755470275878906
v 7032.0185546875 0 -41.453125
v 6995.46044921875 0 -71.654685974121094
v 7032.0185546875 0 -101.85624694824219
v 7032.0185546875 0 -71.654685974121094
v 7141.693359375 0 -116.95703125
v 7105.13525390625 0 -116.95703125
v 7214.8095703125 0 -132.05781555175781
v 7178.25146484375 0 -162.25936889648438
v 7178.25146484375 0 -132.05781555175781
v 7361.04248046875 0 -162.25936889648438
v 7287.92578125 0 -222.66250610351562
v 7287.92578125 0 -162.25936889648438
v 7115 0 -30
v 7130 0 -30
v 7068.5771484375 0 -11.251562118530273
v 7105.13525390625 0 -11.251562118530273
v 7130 0 -147.5
v 7130 0 -265
f 2938 2694 2913
f 2913 2596 2685
f 2685 2917 2938
f 2938 2913 2685
f 2917 5060 5061
f 2939 5061 5059
f 2935 2694 2938
f 2941 2922 2935
f 2938 2941 2935
f 2938 2917 2939
f 2941 2939 2916
f 2922 2941 2940
f 2597 2717 2720
f 2717 2684 2718
f 2720 2718 2686
f 2714 2677 2720
f 2719 2674 2714
f 2720 2719 2714
f 2690 2674 2719
f 2719 2686 2685
f 2685 2596 2690
f 2690 2719 2685
f 2598 5015 5017
f 5012 2726 2769
f 5017 5004 5012
f 2769 5017 5012
f 5016 5052 5024
f 5052 2760 5024
f 5024 2762 5016
f 5016 2759 2711
f 5022 2762 5024
f 5027 5005 5022
f 5024 5027 5022
f 5049 5025 5027
f 5024 2760 5049
f 5027 5024 5049
f 5027 5025 2712
f 5005 5027 5026
f 2726 5012 5014
f 5011 5014 5013
f 5023 5005 2761
f 5006 5007 5023
f 2761 5006 5023
f 5013 5007 5006
f 2682 2756 5013
f 5006 2682 5013
f 2711 5053 5054
f 5053 5028 5044
f 5054 5044 5030
f 5050 2760 5052
f 5054 5041 5050
f 5052 5054 5050
f 5049 2760 5050
f 5043 5038 5029
f 5051 5043 5042
f 2712 5025 5051
f 5042 2712 5051
f 5042 5029 5040
f 5008 2712 5042
f 5040 5008 5042
f 5008 5040 5039
f 5006 2761 5009
f 2710 2682 5006
f 5009 2710 5006
f 5026 2712 5008
f 5009 2761 5026
f 5008 5009 5026
f 5009 5008 2684
f 2710 5009 2717
f 2754 5045 5046
f 5053 2711 5018
f 5046 5028 5053
f 5018 5046 5053
f 2754 5018 5019
f 5019 5018 2711
f 4856 2600 4862
f 4865 4838 4856
f 4862 4865 4856
f 4862 4841 4863
f 4865 4863 4842
f 4871 4838 4865
f 4864 4777 4871
f 4865 4864 4871
f 4925 4923 2753
f 2601 4860 4861
f 4862 2600 4859
f 4859 4786 4861
f 4861 4841 4862
f 4862 4859 4861
f 4908 4886 4902
f 4903 4887 4908
f 4902 4903 4908
f 4901 4903 4902
f 4899 4900 4891
f 4898 4900 4899
f 4891 4893 4894
f 4906 4894 4907
f 4887 4899 4910
f 4910 4899 4889
f 4888 4909 4910
f 4908 4910 4909
f 4909 4888 4897
f 4895 4886 4909
f 4897 4895 4909
f 4895 4897 4896
f 4902 4886 4895
f 4895 4860 2601
f 2601 4885 4902
f 4902 4895 2601
f 2901 2960 2961
f 2955 2953 2961
f 2960 2695 2955
f 2961 2960 2955
f 2695 2956 2958
f 2955 2958 2957
f 5066 2954 5067
f 5066 2923 5068
f 5070 2954 5066
f 5068 5070 5066
f 5068 2595 5069
f 2906 2875 2907
f 2909 2907 2863
f 2874 2893 2895
f 2892 2895 2894
f 2912 2910 2861
f 2907 2875 2912
f 2911 2863 2907
f 2912 2911 2907
f 2863 2911 2973
f 2911 2861 2930
f 2973 2930 2696
f 2970 2897 2973
f 2947 2862 2970
f 2973 2947 2970
f 2894 2876 2898
f 2978 2896 2852
f 2908 2863 2897
f 2969 2898 2876
f 2898 2969 2972
f 2969 2897 2970
f 2972 2970 2862
f 2896 2978 2980
f 2978 2898 2968
f 2977 2980 2979
f 2934 2914 2932
f 2932 2915 2913
f 2913 2694 2934
f 2934 2932 2913
f 2861 2931 2933
f 2943 2696 2930
f 2933 2926 2943
f 2930 2933 2943
f 2696 2943 2945
f 2943 2926 2928
f 2942 2945 2944
f 2929 2914 2934
f 2937 2927 2929
f 2934 2937 2929
f 2934 2694 2935
f 2937 2935 2922
f 2927 2937 2936
f 2936 5068 2963
f 5068 2923 2963
f 2963 2924 2936
f 2936 2922 2595
f 2862 2947 2949
f 2942 2925 2949
f 2947 2696 2942
f 2949 2947 2942
f 2949 2925 2900
f 2946 2949 2948
f 2960 2948 2962
f 2948 2900 2962
f 2962 2695 2960
f 2960 2901 2902
f 2604 2698 2700
f 2842 2672 2840
f 2840 2697 2700
f 2700 2699 2842
f 2842 2840 2700
f 2673 2705 2707
f 2704 2707 2687
f 2713 2679 2706
f 2706 2676 2597
f 2597 2677 2713
f 2713 2706 2597
f 2703 2679 2713
f 2716 2688 2703
f 2713 2716 2703
f 2713 2677 2714
f 2716 2714 2674
f 2688 2716 2715
f 2715 2674 2690
f 2692 2678 2715
f 2690 2692 2715
f 2692 2690 2596
f 2867 2865 2833
f 2845 2858 2857
f 2833 2868 2885
f 2868 2689 2883
f 2885 2883 2675
f 2880 2859 2885
f 2884 2832 2880
f 2885 2884 2880
f 2857 2843 2860
f 2887 2849 2825
f 2866 2833 2859
f 2879 2860 2843
f 2860 2879 2882
f 2879 2859 2880
f 2882 2880 2832
f 2849 2887 2889
f 2887 2860 2878
f 2886 2889 2888
f 2732 2683 2739
f 2740 2724 2732
f 2739 2740 2732
f 2681 2746 2748
f 2766 2748 2746
f 2725 2747 2766
f 2746 2725 2766
f 2725 2768 2770
f 2768 2598 2769
f 2770 2769 2726
f 2767 2747 2770
f 2755 2727 2767
f 2770 2755 2767
f 2727 2755 2758
f 5011 2756 2758
f 2755 2726 5011
f 2758 2755 5011
f 2758 2756 2682
f 2734 2758 2757
f 2744 2736 2732
f 2724 2733 2744
f 2732 2724 2744
f 2732 2736 2735
f 2709 2757 2710
f 2757 2682 2710
f 2710 2597 2676
f 2792 2739 2698
f 2792 2680 2739
f 2739 2683 2708
f 2708 2673 2698
f 2698 2604 2792
f 4851 2729 4932
f 4951 4875 4934
f 4932 2729 4951
f 4934 4932 4951
f 4930 2599 4933
f 4934 4875 4930
f 4933 4934 4930
f 4995 2731 2750
f 2752 2749 4995
f 2750 2752 4995
f 2750 2730 2751
f 2768 2725 2752
f 2751 2598 2768
f 2752 2751 2768
f 2746 2681 2749
f 2752 2725 2746
f 2749 2752 2746
f 4990 4976 4991
f 4993 4991 4974
f 4975 4980 4982
f 4979 4982 4981
f 4967 4994 4997
f 4994 2731 4995
f 4997 4995 2749
f 4991 4976 4997
f 4996 4974 4991
f 4997 4996 4991
f 4984 4974 4996
f 4996 2749 2681
f 2681 2738 4984
f 4984 4996 2681
f 4981 4977 4986
f 4983 4973 4981
f 4986 4983 4981
f 4992 4974 4984
f 4986 4977 4992
f 4984 4986 4992
f 4986 4984 2738
f 4983 4986 4985
f 4829 4828 4780
f 2606 4826 4829
f 4780 2606 4829
f 4826 4830 4832
f 4830 4788 4831
f 4846 4844 4791
f 4843 4846 4845
f 4843 4827 4773
f 4780 4828 4843
f 4773 4780 4843
f 4837 4954 4847
f 4954 4790 4847
f 4847 4791 4837
f 4837 4789 4778
f 4773 4827 4849
f 4845 4791 4847
f 4849 4827 4845
f 4847 4849 4845
f 4849 4847 4790
f 4796 4849 4848
f 4855 2600 4856
f 4867 4858 4856
f 4838 4857 4867
f 4856 4838 4867
f 4866 4858 4867
f 4869 4867 4857
f 4868 4857 4873
f 4870 4840 4868
f 4873 4870 4868
f 4857 4838 4871
f 4873 4871 4777
f 4940 4839 4870
f 4873 4872 4940
f 4870 4873 4940
f 4936 4877 4870
f 4877 4840 4870
f 4870 4839 4936
f 4936 4778 4789
f 4948 4935 4778
f 4936 4938 4948
f 4778 4936 4948
f 4839 4940 4942
f 4940 4872 4941
f 4942 4941 4922
f 4941 4872 4777
f 4920 4922 4941
f 4777 4920 4941
f 4927 4921 4931
f 4928 4876 4927
f 4931 4928 4927
f 4921 4874 4929
f 4931 4929 2599
f 4928 4931 4930
f 4949 4937 4952
f 4950 4850 4949
f 4952 4950 4949
f 4937 4876 4928
f 4952 4928 4875
f 4950 4952 4951
f 4963 4691 4848
f 4848 4790 4953
f 4790 4954 4956
f 4954 4778 4935
f 4947 4850 4955
f 4956 4935 4947
f 4955 4956 4947
f 4965 4953 4956
f 4955 4852 4965
f 4956 4955 4965
f 4950 4966 4955
f 4966 4852 4955
f 4955 4850 4950
f 4950 2729 4851
f 4785 4787 4812
f 4812 4774 4785
f 4833 4784 4774
f 4812 4814 4833
f 4774 4812 4833
f 4812 4787 4813
f 4836 4788 4834
f 4834 4814 4813
f 4813 4776 4836
f 4836 4834 4813
f 4784 4833 4835
f 4833 4814 4834
f 4830 4826 4835
f 4834 4788 4830
f 4835 4834 4830
f 4810 4835 4826
f 4904 4905 4785
f 2607 2991 2994
f 2994 2992 2607
f 3193 2997 2994
f 2991 2995 3193
f 2994 2991 3193
f 2995 3194 3196
f 3193 3196 3195
f 2994 2997 2996
f 2993 2988 2975
f 2989 2990 2993
f 2975 2989 2993
f 2826 2850 2905
f 2850 2603 2874
f 2892 2852 2904
f 2905 2874 2892
f 2904 2905 2892
f 2903 2905 2904
f 2854 2904 2983
f 2904 2852 2896
f 2977 2693 2982
f 2983 2896 2977
f 2982 2983 2977
f 2981 2983 2982
f 3006 2853 3007
f 3008 3007 2976
f 2974 3007 2982
f 3007 2853 2982
f 2982 2693 2974
f 2974 2899 2976
f 3002 2976 2899
f 2602 2975 3002
f 2899 2602 3002
f 3001 2976 3002
f 3003 3002 2975
f 2999 3198 3199
f 3197 3199 2995
f 3197 2991 2607
f 2998 2999 3197
f 2607 2998 3197
f 3039 2811 2809
f 2609 2778 3039
f 2809 2609 3039
f 2778 2807 3041
f 3039 3041 3040
f 2809 2811 2810
f 2702 3036 3038
f 3036 2793 3037
f 3038 3037 2831
f 2839 2831 3037
f 3037 2793 2604
f 2604 2697 2839
f 2839 3037 2604
f 2831 2839 2841
f 2839 2697 2840
f 2835 2829 2841
f 2840 2672 2835
f 2841 2840 2835
f 2838 2841 2829
f 3031 2831 2838
f 3032 2838 2824
f 3028 3012 3029
f 3029 3012 2824
f 2828 3014 3029
f 2824 2828 3029
f 3018 3014 2828
f 2827 3013 3018
f 2828 2827 3018
f 3020 3018 3013
f 2829 2835 2837
f 2835 2672 2836
f 2847 2845 2825
f 2844 2847 2846
f 2827 2830 2851
f 2846 2825 2849
f 2851 2830 2846
f 2849 2851 2846
f 2886 2603 2850
f 2851 2849 2886
f 2850 2851 2886
f 2848 2851 2850
f 3013 2827 2848
f 3022 2848 2826
f 3023 3017 3015
f 2701 2810 3023
f 3015 2701 3023
f 2810 3024 3026
f 3023 3026 3025
f 3015 3017 3016
f 2610 2789 2790
f 2788 2790 2776
f 2804 2737 2680
f 2799 2791 2800
f 2802 2800 2794
f 2800 2791 2680
f 2792 2794 2800
f 2680 2792 2800
f 2794 2792 2604
f 2801 3036 2806
f 3036 2702 2806
f 2806 2777 2801
f 2801 2794 2793
f 2784 2779 2775
f 2741 2776 2784
f 2775 2741 2784
f 2776 2785 2787
f 2787 2796 2798
f 2795 2798 2797
f 2795 2786 2779
f 2784 2787 2795
f 2779 2784 2795
f 2779 2786 2808
f 2797 2777 2806
f 2808 2786 2797
f 2806 2808 2797
f 2808 2806 2702
f 2805 2808 2807
f 2805 2778 2609
f 2775 2779 2805
f 2609 2775 2805
f 4987 2728 4975
f 4979 4973 4988
f 4989 4975 4979
f 4988 4989 4979
f 4988 4973 4983
f 4983 2605 2803
f 2803 4978 4988
f 4988 4983 2803
f 4978 2803 2742
f 2611 4803 4805
f 4799 4772 4805
f 4803 4690 4799
f 4805 4803 4799
f 4805 4772 4692
f 4687 4805 4804
f 4690 4800 4802
f 4799 4802 4801
f 4806 4779 4807
f 4807 4779 2606
f 4780 4782 4807
f 2606 4780 4807
f 4793 4782 4780
f 4773 4781 4793
f 4780 4773 4793
f 4795 4793 4781
f 4781 4773 4796
f 4798 4796 4691
f 4775 4612 2612
f 4809 4784 4810
f 4811 4810 2606
f 4783 4690 4803
f 4803 2611 4612
f 4612 4775 4783
f 4783 4803 4612
f 2615 2782 2814
f 2809 2701 2814
f 2782 2609 2809
f 2814 2782 2809
f 3015 2608 2813
f 2814 2701 3015
f 2813 2814 3015
f 2812 2814 2813
f 3055 2616 2781
f 2783 2780 3055
f 2781 2783 3055
f 2788 2741 2783
f 2781 2610 2788
f 2783 2781 2788
f 2775 2609 2782
f 2783 2741 2775
f 2782 2783 2775
f 3080 2780 2783
f 2782 2615 3080
f 2783 2782 3080
f 2617 4662 4664
f 4662 4656 4663
f 4685 4683 4588
f 4674 4685 4684
f 4682 4680 4674
f 4679 4682 4681
f 4681 4674 4657
f 4675 4676 4681
f 4657 4675 4681
f 4667 4676 4675
f 4686 2611 4687
f 4689 4687 4587
f 4578 4675 4709
f 4711 4709 4675
f 4657 4708 4711
f 4675 4657 4711
f 4709 4711 4713
f 4711 4708 4712
f 4657 4684 4715
f 4684 4588 4714
f 4554 4665 4666
f 4662 2617 4610
f 4666 4656 4662
f 4610 4666 4662
f 3220 3167 2620
f 3168 3169 3220
f 2620 3168 3220
f 3169 3179 3180
f 3245 3178 3180
f 3163 3155 3245
f 3180 3163 3245
f 3167 3220 3221
f 3244 3221 3220
f 3169 3178 3244
f 3220 3169 3244
f 3221 3244 3246
f 3244 3178 3245
f 3246 3245 3155
f 3240 3211 3243
f 3246 3215 3240
f 3243 3246 3240
f 3243 3211 3232
f 3232 3152 3219
f 3219 3221 3243
f 3243 3232 3219
f 3181 2614 3182
f 3183 3182 3000
f 3186 3184 3173
f 3164 3186 3185
f 3173 3171 2613
f 3185 3173 3172
f 3153 3156 3185
f 3172 3153 3185
f 3211 3240 3242
f 3240 3215 3241
f 3241 3215 3155
f 3216 3218 3241
f 3155 3216 3241
f 3225 3218 3216
f 3162 3217 3225
f 3216 3162 3225
f 3217 3162 3226
f 3228 3226 3158
f 3216 3155 3163
f 3174 3166 3162
f 3163 3175 3177
f 3174 3177 3176
f 3176 3164 3156
f 3165 3166 3176
f 3156 3165 3176
f 3226 3162 3166
f 3165 3158 3226
f 3166 3165 3226
f 3230 3158 3165
f 3165 3156 3153
f 3153 3157 3230
f 3230 3165 3153
f 3084 3067 3064
f 2622 3065 3084
f 3064 2622 3084
f 3065 3085 3087
f 3093 3087 3085
f 3053 3059 3093
f 3085 3053 3093
f 3087 3093 3095
f 3092 3095 3094
f 3092 3086 3067
f 3084 3087 3092
f 3067 3084 3092
f 3067 3086 3098
f 3096 3098 3097
f 3134 3064 3067
f 3096 3066 3052
f 3073 3059 3053
f 3060 3063 3073
f 3053 3060 3073
f 3060 3054 3061
f 3074 3063 3061
f 3057 3062 3074
f 3061 3057 3074
f 3073 3063 3074
f 3076 3074 3062
f 3061 3054 2616
f 3055 3057 3061
f 2616 3055 3061
f 3077 3057 3055
f 2780 3056 3077
f 3055 2780 3077
f 3062 3057 3077
f 3079 3077 3056
f 3056 2780 3080
f 3082 3080 2615
f 3141 3099 3101
f 3100 2621 3141
f 3101 3100 3141
f 2623 4604 4756
f 4736 4756 3088
f 4762 3072 3071
f 2616 3054 4762
f 3071 2616 4762
f 4757 3072 4762
f 4763 4762 3054
f 4759 4763 3060
f 3089 4755 4760
f 4760 4759 3053
f 4758 4760 3085
f 3089 4758 2622
f 4758 3065 2622
f 4616 4583 4580
f 2624 4581 4616
f 4580 2624 4616
f 4581 4617 4618
f 4616 4618 4600
f 4583 4600 4602
f 4602 4590 4579
f 4599 4602 4601
f 4599 4582 4315
f 4580 4583 4599
f 4315 4580 4599
f 4606 4584 4607
f 4614 4608 4607
f 4586 4591 4614
f 4607 4586 4614
f 4613 4608 4614
f 4584 4653 4655
f 4659 4655 4653
f 2617 4654 4659
f 4653 2617 4659
f 4655 4659 4661
f 4659 4654 4660
f 4673 4671 4667
f 4670 4673 4672
f 4672 4667 4578
f 4668 4669 4672
f 4578 4668 4672
f 4592 4669 4668
f 4591 4596 4598
f 4598 4596 4594
f 4595 4598 4597
f 4596 4591 4586
f 4592 4594 4596
f 4586 4592 4596
f 4594 4592 4585
f 4597 4594 4593
f 4579 4590 4597
f 4593 4579 4597
f 4315 4582 4605
f 4603 4605 4604
f 4564 4553 4568
f 4566 2625 4564
f 4568 4566 4564
f 4566 4568 4567
f 4609 4554 4610
f 4653 4584 4611
f 4610 2617 4653
f 4611 4610 4653
f 4359 4567 4620
f 4619 4620 4581
f 4642 4644 4643
f 4556 4462 4547
f 4549 4548 4556
f 4547 4549 4556
f 4641 4639 4636
f 4636 4635 4512
f 4631 4627 4632
f 4634 4632 4630
f 4632 4627 4512
f 4628 4630 4632
f 4512 4628 4632
f 4630 4628 2618
f 4559 4555 4462
f 4556 4558 4559
f 4462 4556 4559
f 4556 4548 4557
f 4555 4559 4561
f 4559 4558 4560
f 4548 4625 4626
f 4565 4563 4553
f 4562 4565 4564
f 3273 2627 3269
f 3275 3271 3273
f 3269 3275 3273
f 3269 3110 3222
f 3275 3222 3161
f 3110 3223 3224
f 3223 2620 3167
f 3219 3152 3234
f 3234 3213 3224
f 3224 3167 3219
f 3219 3234 3224
f 3222 3224 3213
f 3233 3214 3212
f 3161 3213 3233
f 3212 3161 3233
f 3213 3234 3236
f 3231 3210 3236
f 3234 3152 3231
f 3236 3234 3231
f 3236 3210 3154
f 3233 3236 3235
f 3235 3154 3229
f 3229 2619 3207
f 3207 3214 3235
f 3235 3229 3207
f 3212 3214 3207
f 3316 3329 3274
f 3329 3159 3274
f 3274 3161 3212
f 3323 3334 3333
f 3142 2621 3144
f 3146 3107 3142
f 3144 3146 3142
f 3146 3144 3083
f 3083 2620 3223
f 3223 3110 3083
f 3270 3259 3109
f 3270 3268 3110
f 3266 3259 3270
f 3269 2627 3266
f 3270 3269 3266
f 3427 3401 3399
f 2629 3400 3427
f 3399 2629 3427
f 3400 3428 3429
f 3427 3429 3423
f 3401 3423 3424
f 3422 3424 3396
f 3422 3125 3068
f 3399 3401 3422
f 3068 3399 3422
f 3133 3115 3114
f 2622 3064 3133
f 3114 2622 3133
f 3115 3133 3135
f 3133 3064 3134
f 3135 3134 3052
f 3117 3106 3132
f 3135 3112 3117
f 3132 3135 3117
f 3418 3115 3132
f 3419 3132 3106
f 3070 3415 3417
f 3415 3121 3416
f 3417 3416 3123
f 3416 3121 3106
f 3116 3111 3123
f 3408 3123 3111
f 3136 3108 3122
f 3407 3123 3408
f 3410 3408 3122
f 3403 3410 3409
f 3106 3117 3120
f 3117 3112 3118
f 3116 3120 3119
f 3111 3119 3139
f 3139 3137 3113
f 3136 3139 3138
f 3138 3113 3143
f 3140 3108 3138
f 3143 3140 3138
f 3113 3099 3141
f 3143 3141 2621
f 3140 3143 3142
f 3122 3108 3140
f 3412 3140 3107
f 3395 3127 3124
f 3068 3125 3395
f 3124 3068 3395
f 3421 3398 3395
f 3125 3396 3421
f 3395 3125 3421
f 3402 3397 3127
f 3395 3398 3402
f 3127 3395 3402
f 3127 3397 3406
f 3404 3406 3405
f 3404 3126 2628
f 3124 3127 3404
f 2628 3124 3404
f 2630 4730 4732
f 4730 4311 4731
f 4727 4336 4732
f 4731 4313 4727
f 4732 4731 4727
f 4328 4732 4336
f 4733 4313 4731
f 4731 4311 3091
f 3091 4312 4733
f 4733 4731 3091
f 4333 4308 4336
f 4726 4338 4310
f 4336 4727 4729
f 4726 4729 4728
f 4310 4338 4337
f 3091 4735 4738
f 4735 2623 4736
f 4738 4736 3058
f 2622 3114 4746
f 4746 3114 3069
f 4337 3431 4743
f 4743 3432 3430
f 3430 3090 4337
f 4337 4743 3430
f 3431 4734 4745
f 4748 4744 3432
f 4743 4745 4748
f 3432 4743 4748
f 3432 4744 4751
f 4750 4751 4744
f 4751 4750 3069
f 4749 4751 3428
f 4749 3400 2629
f 3430 3432 4749
f 2629 3430 4749
f 4386 4346 4368
f 4368 2631 4354
f 4354 4357 4386
f 4386 4368 4354
f 4354 4314 4355
f 4387 4357 4355
f 4316 4356 4387
f 4355 4316 4387
f 4383 4346 4386
f 4389 4351 4383
f 4386 4389 4383
f 4386 4357 4387
f 4389 4387 4356
f 4351 4389 4388
f 4355 4314 2624
f 4580 4315 4316
f 4390 4603 4735
f 4603 2623 4735
f 4735 3091 4390
f 4390 4316 4315
f 4388 4356 4391
f 4331 4294 4388
f 4391 4331 4388
f 4356 4316 4390
f 4391 4390 3091
f 4730 2630 4331
f 4391 4311 4730
f 4331 4391 4730
f 2632 4493 4495
f 4518 4358 4494
f 4495 4493 4518
f 4494 4495 4518
f 4495 4494 4360
f 4491 4470 4495
f 4398 4348 4491
f 4495 4398 4491
f 4566 4494 4510
f 4494 4358 4510
f 4510 2625 4566
f 4566 4359 4360
f 4399 4360 4359
f 4619 2624 4314
f 4480 4348 4398
f 4400 4372 4480
f 4398 4400 4480
f 4398 4360 4399
f 4400 4399 4314
f 4396 4372 4400
f 4354 2631 4396
f 4400 4354 4396
f 4502 4499 4508
f 4507 4463 4502
f 4508 4507 4502
f 4521 4417 4529
f 4529 4506 4508
f 4508 4499 4521
f 4521 4529 4508
f 4570 4509 4573
f 4547 4462 4570
f 4573 4547 4570
f 4507 4573 4509
f 4503 4463 4509
f 4569 4511 4500
f 4509 4570 4572
f 4570 4462 4555
f 4571 4572 4555
f 4569 4572 4571
f 2625 4510 4511
f 4517 4500 4511
f 4510 4358 4517
f 4511 4510 4517
f 4417 4521 4522
f 4521 4499 4501
f 4514 4501 4499
f 4502 4505 4514
f 4499 4502 4514
f 4502 4463 4503
f 4515 4505 4503
f 4500 4504 4515
f 4503 4500 4515
f 4513 4501 4514
f 4514 4505 4515
f 4504 4500 4517
f 4519 4517 4358
f 4516 4519 4518
f 3485 3449 3482
f 3482 3309 3318
f 3318 3468 3485
f 3485 3482 3318
f 3318 3310 3467
f 3449 3485 3487
f 3485 3468 3486
f 3300 3295 3293
f 2634 3281 3300
f 3293 2634 3300
f 3281 3291 3302
f 3300 3302 3301
f 3293 3295 3294
f 3332 3323 2626
f 3324 3325 3332
f 2626 3324 3332
f 3326 3325 3324
f 3317 3322 3326
f 3324 3317 3326
f 3328 3322 3317
f 3313 3328 3327
f 3359 3306 3355
f 3355 3261 3294
f 3294 3308 3359
f 3359 3355 3294
f 3308 3312 3315
f 3311 3315 3314
f 3351 3306 3359
f 3361 3346 3351
f 3359 3361 3351
f 3359 3308 3311
f 3361 3311 3307
f 3346 3361 3360
f 3381 3380 3375
f 3380 3381 3371
f 3383 3258 3384
f 3384 3256 3383
f 3377 3256 3384
f 3386 3372 3377
f 3384 3386 3377
f 3384 3258 3385
f 3386 3385 3260
f 3372 3386 3277
f 3265 3260 3385
f 3385 3258 3109
f 3109 3259 3265
f 3265 3385 3109
f 3272 3264 3260
f 3265 3267 3272
f 3260 3265 3272
f 3257 3277 3278
f 3277 3260 3264
f 3376 3373 3370
f 3280 3371 3376
f 3370 3280 3376
f 3379 3377 3372
f 3376 3379 3378
f 3378 3372 3257
f 3290 3373 3378
f 3257 3290 3378
f 3370 3373 3290
f 3282 3290 3292
f 3299 3292 3290
f 3257 3276 3299
f 3290 3257 3299
f 3298 3291 3281
f 3289 3292 3298
f 3281 3289 3298
f 3289 3281 2634
f 3279 3282 3289
f 2634 3279 3289
f 2636 3129 3131
f 4303 3124 2628
f 4302 4303 3382
f 4302 3130 3374
f 3374 2635 3128
f 3128 3131 4302
f 4302 3374 3128
f 2637 4323 4325
f 4323 3434 4307
f 4318 3435 4324
f 4325 4307 4318
f 4324 4325 4318
f 4322 4325 4324
f 4327 2630 4328
f 4332 4309 4329
f 4328 4308 4332
f 4329 4328 4332
f 4309 4332 4335
f 4332 4308 4333
f 4335 4333 4310
f 4307 4319 4321
f 4318 4321 4320
f 4324 3435 4317
f 4317 3129 2636
f 2636 3433 4324
f 4324 4317 2636
f 4293 4380 4381
f 4380 4345 4366
f 4375 4347 4363
f 4381 4366 4375
f 4363 4381 4375
f 4379 4381 4363
f 4367 2631 4368
f 4382 4350 4377
f 4377 4369 4368
f 4368 4346 4382
f 4382 4377 4368
f 4366 4376 4378
f 4375 4378 4361
f 4374 4350 4382
f 4385 4362 4374
f 4382 4385 4374
f 4382 4346 4383
f 4385 4383 4351
f 4362 4385 4384
f 4384 4351 4294
f 4352 4353 4384
f 4294 4352 4384
f 4323 4365 4330
f 4365 4295 4330
f 4330 3434 4323
f 4323 2637 4284
f 4423 4436 4438
f 4438 4436 4431
f 4435 4438 4437
f 4423 4458 4474
f 4474 4472 4430
f 4436 4474 4473
f 4473 4430 4349
f 4408 4431 4473
f 4349 4408 4473
f 4437 4431 4408
f 4291 4429 4437
f 4408 4291 4437
f 4490 4470 4491
f 4492 4491 4348
f 4489 4371 4487
f 4487 4349 4430
f 4430 4471 4489
f 4489 4487 4430
f 4349 4487 4488
f 4482 4478 4488
f 4487 4371 4482
f 4488 4487 4482
f 4488 4478 4373
f 4486 4488 4406
f 4482 4371 4483
f 4485 4478 4482
f 4484 4479 4348
f 4480 4481 4484
f 4348 4480 4484
f 4481 4480 4372
f 4485 4481 4395
f 4373 4478 4485
f 4395 4373 4485
f 4402 4394 4373
f 4395 4397 4402
f 4373 4395 4402
f 4395 4372 4396
f 4403 4397 4396
f 2631 4367 4403
f 4396 2631 4403
f 4394 4402 4404
f 4402 4397 4403
f 4370 4406 4407
f 4406 4373 4394
f 4401 4345 4380
f 4407 4394 4401
f 4380 4407 4401
f 4405 4407 4380
f 4291 4408 4409
f 4486 4370 4409
f 4408 4349 4486
f 4409 4408 4486
f 4405 4293 4364
f 4409 4370 4405
f 4364 4409 4405
f 4409 4364 2638
f 4538 4418 4421
f 4448 4447 4538
f 4421 4448 4538
f 4446 4445 4448
f 4421 4416 4446
f 4448 4421 4446
f 4528 4506 4529
f 4534 4531 4529
f 4417 4530 4534
f 4529 4417 4534
f 4527 4533 4535
f 4460 4532 4535
f 4447 4539 4541
f 4539 4526 4527
f 4532 4460 4540
f 4541 4527 4532
f 4540 4541 4532
f 4538 4541 4540
f 4467 4540 4536
f 4540 4460 4536
f 4536 4461 4467
f 4467 4422 4418
f 4530 4417 4520
f 4422 4467 4469
f 4467 4461 4468
f 4426 4420 4416
f 4421 4424 4426
f 4416 4421 4426
f 4456 4424 4421
f 4418 4422 4456
f 4421 4418 4456
f 4424 4456 4459
f 4465 4459 4456
f 4422 4457 4465
f 4456 4422 4465
f 4464 4459 4465
f 4465 4457 4466
f 4464 4458 4423
f 4427 4459 4464
f 4423 4427 4464
f 4433 4425 4420
f 4426 4428 4433
f 4420 4426 4433
f 4426 4424 4427
f 4428 4427 4423
f 4425 4433 4434
f 4434 4433 4428
f 3296 3343 3349
f 3446 3348 3319
f 3347 3349 3446
f 3319 3347 3446
f 3481 3450 3471
f 3471 3448 3319
f 3319 3348 3481
f 3481 3471 3319
f 3348 3447 3483
f 3447 3309 3482
f 3483 3482 3449
f 3478 3450 3481
f 3483 3464 3478
f 3481 3483 3478
f 3450 3478 3480
f 3478 3464 3479
f 3476 3469 3480
f 3479 3466 3476
f 3480 3479 3476
f 3477 3480 3469
f 3484 3466 3479
f 3479 3464 3449
f 3449 3465 3484
f 3484 3479 3449
f 3448 3471 3472
f 3477 3463 3472
f 3471 3450 3477
f 3472 3471 3477
f 3473 3319 3448
f 3284 3357 3358
f 3356 3358 3342
f 3354 3344 3341
f 3297 3342 3354
f 3341 3297 3354
f 3350 3306 3351
f 3353 3351 3346
f 3345 3343 3296
f 3341 3344 3345
f 3296 3341 3345
f 3499 3283 3509
f 3511 3509 3285
f 3497 3494 2639
f 3495 3496 3497
f 2639 3495 3497
f 3495 2636 3128
f 3498 3496 3128
f 2635 3283 3498
f 3128 2635 3498
f 3497 3496 3498
f 3506 3500 3498
f 3283 3499 3506
f 3498 3283 3506
f 3505 3500 3506
f 3508 3506 3499
f 2640 4285 4326
f 4322 3433 4326
f 4285 2637 4322
f 4326 4285 4322
f 4326 3433 2636
f 3560 4326 3495
f 4287 4286 3642
f 2641 4283 4287
f 3642 2641 4287
f 4283 4288 4290
f 4287 4290 4289
f 4289 4284 2637
f 4285 4286 4289
f 2637 4285 4289
f 3642 4286 4285
f 4439 4441 4440
f 3591 4292 4283
f 3927 3513 3929
f 3907 2643 3927
f 3929 3907 3927
f 3907 3929 3475
f 3882 2644 3529
f 3529 3521 3534
f 3534 3531 3882
f 3882 3529 3534
f 3576 3503 3532
f 3534 3521 3576
f 3532 3534 3576
f 3534 3532 3514
f 3900 3531 3534
f 3533 3512 3900
f 3534 3533 3900
f 3923 3512 3533
f 3928 3904 3923
f 3533 3928 3923
f 3533 3514 3926
f 3928 3926 3513
f 3904 3928 3927
f 3555 3502 3556
f 3557 3556 3504
f 3515 3504 3556
f 3556 3502 2639
f 2639 3494 3515
f 3515 3556 2639
f 3552 3520 3553
f 3573 3527 3564
f 3564 3554 3553
f 3553 3522 3573
f 3573 3564 3553
f 3551 3563 3565
f 3562 3565 3542
f 3577 3575 3503
f 3528 3577 3576
f 3574 3528 3521
f 3529 3530 3574
f 3521 3529 3574
f 3543 3530 3529
f 2644 3526 3543
f 3529 2644 3543
f 3691 2646 3559
f 3561 3558 3691
f 3559 3561 3691
f 3559 2640 3560
f 3561 3560 2639
f 3555 2645 3701
f 3701 3558 3561
f 3561 3502 3555
f 3555 3701 3561
f 3641 2647 3592
f 3643 3595 3641
f 3592 3643 3641
f 3592 2641 3642
f 3643 3642 2640
f 3664 3595 3643
f 3559 2646 3664
f 3643 3559 3664
f 3593 3591 2641
f 3590 3585 3593
f 3592 2647 3590
f 3593 3592 3590
f 3945 3536 3909
f 3906 2649 3945
f 3909 3906 3945
f 4029 3906 3909
f 3908 2648 4029
f 3909 3908 4029
f 3834 3829 3838
f 3836 2650 3834
f 3838 3836 3834
f 3854 3524 3548
f 3942 3838 3829
f 3948 3914 3949
f 3951 3949 3537
f 3947 3951 3950
f 3915 3872 3881
f 3872 3540 3881
f 3881 3550 3915
f 3915 3548 3524
f 3879 3546 3884
f 3881 3540 3879
f 3884 3881 3879
f 3546 2644 3882
f 3884 3882 3531
f 3912 3550 3881
f 3884 3883 3912
f 3881 3884 3912
f 3911 3550 3912
f 3913 3883 3531
f 3900 3902 3913
f 3531 3900 3913
f 3921 3902 3900
f 3512 3901 3921
f 3900 3512 3921
f 3548 3915 3917
f 3917 3915 3550
f 3549 3916 3917
f 3949 3914 3917
f 3916 3537 3949
f 3917 3916 3949
f 3922 3953 3916
f 3953 3537 3916
f 3916 3549 3922
f 3922 3905 3903
f 3901 3512 3923
f 3925 3923 3904
f 3536 3903 3905
f 3952 3946 3944
f 3535 3837 3952
f 3944 3535 3952
f 3837 3943 3955
f 3950 3537 3953
f 3955 3943 3950
f 3953 3955 3950
f 3955 3953 3903
f 3952 3955 3954
f 3954 3903 3536
f 3945 3946 3954
f 3536 3945 3954
f 3944 3946 3945
f 3868 3828 3851
f 3569 3525 3868
f 3851 3569 3868
f 3869 3566 3871
f 3566 3541 3871
f 3871 3538 3869
f 3869 3525 3539
f 3539 3567 3568
f 3567 3501 3551
f 3562 3519 3545
f 3568 3551 3562
f 3545 3568 3562
f 3876 3541 3566
f 3568 3545 3876
f 3566 3568 3876
f 3878 3547 3526
f 2644 3546 3878
f 3526 2644 3878
f 3880 3878 3546
f 3877 3880 3879
f 3877 3540 3872
f 3873 3544 3877
f 3872 3873 3877
f 3853 3873 3872
f 3828 3868 3870
f 3868 3525 3869
f 3865 3852 3870
f 3869 3538 3865
f 3870 3869 3865
f 3849 3870 3852
f 3845 3830 3852
f 3864 3855 3833
f 3852 3865 3867
f 3864 3867 3866
f 3866 3853 3524
f 3854 3855 3866
f 3524 3854 3866
f 3833 3855 3854
f 3844 3830 3845
f 3847 3845 3833
f 3846 3833 3829
f 3834 3835 3846
f 3829 3834 3846
f 3687 3682 3655
f 3571 3680 3687
f 3655 3571 3687
f 3682 3687 3690
f 3696 3690 3687
f 3680 3688 3696
f 3687 3680 3696
f 3690 3696 3698
f 3695 3698 3697
f 3718 3686 3690
f 3695 3689 3681
f 3717 3686 3718
f 3720 3718 3681
f 3680 3699 3700
f 3681 3689 3705
f 3697 3572 3703
f 3705 3689 3697
f 3703 3705 3697
f 3705 3703 3693
f 3702 3705 3704
f 3626 3586 3629
f 3649 3631 3597
f 3631 3649 3652
f 3658 3652 3649
f 3629 3650 3658
f 3649 3629 3658
f 3652 3658 3661
f 3658 3650 3659
f 3657 3661 3660
f 3743 3648 3652
f 3657 3651 3630
f 3742 3648 3743
f 3744 3743 3630
f 3629 3662 3663
f 3666 3674 3673
f 3734 3630 3735
f 3737 3735 3665
f 3735 3630 3651
f 3669 3668 3665
f 3651 3660 3672
f 3672 3670 3666
f 3669 3672 3671
f 3671 3666 3654
f 3667 3668 3671
f 3654 3667 3671
f 3665 3668 3667
f 3667 3654 3571
f 3655 3656 3667
f 3571 3655 3667
f 4271 3612 3609
f 2654 3610 4271
f 3609 2654 4271
f 4274 4272 3611
f 4271 4274 4273
f 4273 3611 3587
f 3605 3596 3612
f 3755 3584 3609
f 3612 3596 3755
f 3609 3612 3755
f 3623 3622 3585
f 3619 3587 3611
f 3623 3589 3619
f 3611 3623 3619
f 3587 3619 3621
f 3619 3589 3620
f 3625 3640 3639
f 3584 3755 3756
f 3758 3756 3755
f 3596 3604 3758
f 3755 3596 3758
f 3756 3758 3760
f 3758 3604 3759
f 3760 3759 3598
f 3596 3605 3608
f 3615 3608 3605
f 3587 3606 3615
f 3605 3587 3615
f 3608 3615 3618
f 3615 3606 3616
f 3614 3618 3617
f 3759 3604 3608
f 3614 3607 3598
f 3751 3598 3607
f 3635 3627 3624
f 3607 3617 3638
f 3638 3636 3625
f 3635 3638 3637
f 3637 3625 3586
f 3626 3627 3637
f 3586 3626 3637
f 3624 3627 3626
f 3750 3598 3751
f 3753 3751 3624
f 3613 4265 4266
f 4266 4269 4270
f 4268 3610 2654
f 4255 4266 4268
f 2654 4255 4268
f 4022 4017 4015
f 4014 4016 4022
f 4015 4014 4022
f 4022 4016 4023
f 4024 4017 4022
f 4031 4021 4032
f 4028 3906 4029
f 4030 4029 2648
f 3964 4019 4020
f 4020 4026 4027
f 4025 4027 4016
f 4025 4014 2655
f 4018 4020 4025
f 2655 4018 4025
f 3989 3965 2657
f 3966 3968 3989
f 2657 3966 3989
f 3977 4089 3981
f 4089 3725 3981
f 3981 3959 3977
f 3977 3968 3966
f 3965 3989 3991
f 4001 3999 3967
f 3998 4001 4000
f 3998 3990 3839
f 3988 3991 3998
f 3839 3988 3998
f 4085 3982 3984
f 3981 3725 4085
f 3984 3981 4085
f 3982 3842 3983
f 3984 3983 3960
f 3975 3959 3981
f 3984 3961 3975
f 3981 3984 3975
f 3983 3842 2650
f 3836 3960 3983
f 2650 3836 3983
f 3959 3975 3976
f 3963 3944 2649
f 3839 3990 4005
f 4000 3967 4003
f 4005 3990 4000
f 4003 4005 4000
f 4005 4003 3980
f 4002 4005 4004
f 4004 3980 3979
f 2656 3978 4004
f 3979 2656 4004
f 4114 3723 4117
f 4116 3684 4114
f 4117 4116 4114
f 3723 2651 3850
f 4117 3850 3523
f 3848 3827 3843
f 3841 3523 3848
f 3843 3841 3848
f 4079 3843 3827
f 3832 2650 3842
f 4078 4083 4086
f 4086 4084 3982
f 4082 4086 4085
f 4081 4088 4090
f 4088 3840 4078
f 4082 3725 4089
f 4090 4078 4082
f 4089 4090 4082
f 4087 4090 4089
f 4087 3966 2657
f 4080 4081 4087
f 2657 4080 4087
f 4138 3712 4102
f 3712 3685 4102
f 4102 3683 4138
f 4138 2658 3633
f 3633 3713 3715
f 3713 2652 3679
f 3711 3570 4109
f 4109 3714 3715
f 3715 3679 3711
f 3711 4109 3715
f 4098 3685 3712
f 3715 3714 4098
f 3712 3715 4098
f 3685 4098 4101
f 4105 4101 4098
f 3714 4099 4105
f 4098 3714 4105
f 4105 4099 4106
f 4108 4106 3724
f 3714 4109 4111
f 4109 3570 3721
f 4111 3721 3692
f 4106 4099 4111
f 4110 3724 4106
f 4111 4110 4106
f 4113 3724 4110
f 4110 3692 2651
f 2651 3723 4113
f 4113 4110 2651
f 3722 4100 4115
f 4107 3724 4113
f 4115 4100 4107
f 4113 4115 4107
f 4115 4113 3723
f 4112 4115 4114
f 3818 3766 3795
f 3793 2659 3818
f 3795 3793 3818
f 3791 3601 3739
f 3795 3766 3791
f 3739 3795 3791
f 3795 3739 3634
f 3793 3795 3794
f 3601 3740 3741
f 3740 2653 3628
f 3738 3594 3731
f 3741 3628 3738
f 3731 3741 3738
f 3739 3741 3731
f 3634 3731 3732
f 3729 3653 3732
f 3731 3594 3729
f 3732 3731 3729
f 3732 3653 2652
f 3730 3732 3713
f 3794 3634 3730
f 3730 3633 2658
f 2658 3632 3794
f 3794 3730 2658
f 5105 5102 5106
f 5106 3776 5104
f 3778 5120 5123
f 5123 5121 5118
f 5119 5123 5122
f 5125 3777 5126
f 5128 5126 5117
f 5121 5128 5127
f 5127 5117 3602
f 3773 5118 5127
f 3602 3773 5127
f 5122 5118 3773
f 3765 5108 5122
f 3773 3765 5122
f 5106 5102 5109
f 5107 3776 5106
f 5109 5107 5106
f 5119 5108 5109
f 5102 3778 5119
f 5109 5102 5119
f 5109 5108 3765
f 5107 5109 3805
f 5129 3777 5124
f 5124 3600 3787
f 3787 3788 5129
f 5129 5124 3787
f 3787 2654 3609
f 5130 3788 3609
f 3584 3748 5130
f 3609 3584 5130
f 5126 3777 5129
f 5131 5117 5126
f 5129 5131 5126
f 5129 3788 5130
f 5131 5130 3748
f 5117 5131 3784
f 3602 3784 3786
f 3784 3748 3785
f 3599 3805 3807
f 3805 3765 3772
f 3800 3767 3806
f 3807 3772 3800
f 3806 3807 3800
f 3804 3807 3806
f 3801 3772 3765
f 3773 3775 3801
f 3765 3773 3801
f 3781 3775 3773
f 3602 3774 3781
f 3773 3602 3781
f 3781 3774 3782
f 3772 3801 3803
f 3800 3803 3802
f 3767 3802 3816
f 3816 3814 3792
f 3813 3816 3815
f 3792 3790 3601
f 3815 3792 3791
f 3766 3789 3815
f 3791 3766 3815
f 3764 3806 3819
f 3813 3789 3819
f 3806 3767 3813
f 3819 3806 3813
f 3819 3789 3766
f 3817 3819 3818
f 5087 5074 4259
f 5075 5076 5087
f 4259 5075 5087
f 5080 5076 5075
f 4248 4252 5080
f 5075 4248 5080
f 5076 5080 5083
f 5080 4252 5081
f 5083 5081 3780
f 5074 5087 5089
f 5087 5076 5079
f 5086 5089 5088
f 4257 5091 5093
f 5091 4259 5074
f 5086 4258 5092
f 5093 5074 5086
f 5092 5093 5086
f 5090 5093 5092
f 4253 4251 4249
f 3613 4250 4253
f 4249 3613 4253
f 4256 4254 5085
f 5085 3780 4256
f 4250 3613 4255
f 4256 4255 2654
f 4254 4256 3787
f 5092 4258 5084
f 5084 5078 5077
f 5077 3779 5092
f 5092 5084 5077
f 2662 3971 4009
f 4007 4009 4008
f 2663 4054 4056
f 4054 3970 3992
f 4049 3972 4055
f 4056 3992 4049
f 4055 4056 4049
f 4053 4056 4055
f 4050 3992 3970
f 3993 3994 4050
f 3970 3993 4050
f 4040 3994 3993
f 2657 3965 4040
f 3993 2657 4040
f 3994 4040 4042
f 4040 3965 3988
f 4044 4042 3988
f 3839 4041 4044
f 3988 3839 4044
f 4046 4044 4041
f 3992 4050 4052
f 4052 4050 3994
f 4049 4052 4051
f 4041 3839 4002
f 4048 4002 3978
f 4055 3972 4006
f 4006 3971 2662
f 2662 3969 4055
f 4055 4006 2662
f 2664 4131 4178
f 4174 3996 4150
f 4178 4131 4174
f 4150 4178 4174
f 4178 4150 3997
f 4176 4178 4177
f 2665 4168 4169
f 4168 3797 4136
f 4164 4130 4169
f 4136 4104 4164
f 4169 4136 4164
f 4181 4103 4167
f 4169 4130 4181
f 4167 4169 4181
f 3797 4137 4139
f 4137 2658 4138
f 4143 4122 4139
f 4138 3683 4143
f 4139 4138 4143
f 4126 4104 4136
f 4139 4122 4126
f 4136 4139 4126
f 4104 4126 4129
f 4141 4129 4126
f 4122 4127 4141
f 4126 4122 4141
f 4140 4129 4141
f 4140 4128 4121
f 4125 4129 4140
f 4121 4125 4140
f 4122 4143 4145
f 4143 3683 4144
f 4121 4128 4149
f 4142 4124 4147
f 4149 4128 4142
f 4147 4149 4142
f 4149 4147 4123
f 4146 4149 4148
f 4103 4181 4182
f 4181 4130 4163
f 4170 4163 4130
f 4164 4166 4170
f 4130 4164 4170
f 4164 4104 4125
f 4171 4166 4125
f 4121 4165 4171
f 4125 4121 4171
f 4172 4165 4175
f 4173 4132 4172
f 4175 4173 4172
f 4165 4121 4146
f 4175 4146 3996
f 4173 4175 4174
f 2666 4203 4217
f 4213 3770 4199
f 4217 4203 4213
f 4199 4217 4213
f 4217 4199 3798
f 4215 4217 4216
f 4197 3809 4201
f 4199 3770 4197
f 4201 4199 4197
f 3809 2659 3793
f 4201 3793 3632
f 4199 4201 4200
f 4200 3632 2658
f 4137 3797 3798
f 4216 3798 3797
f 4168 2665 3796
f 5139 3771 4233
f 4233 4202 4237
f 4237 4223 5139
f 5139 4233 4237
f 4235 4237 4202
f 4225 5137 5138
f 5136 5138 5137
f 4224 5110 5112
f 5110 2660 5101
f 5104 3776 5111
f 5112 5101 5104
f 5111 5112 5104
f 5112 5111 4225
f 5107 5140 5111
f 5140 4225 5111
f 5111 3776 5107
f 5107 3599 3808
f 4223 5135 5141
f 5137 4225 5140
f 5141 5135 5137
f 5140 5141 5137
f 5141 5140 3808
f 5139 5141 4220
f 4229 4219 3771
f 4220 4222 4229
f 3771 4220 4229
f 4220 3808 4221
f 4230 4222 4221
f 3810 4195 4230
f 4221 3810 4230
f 4219 4229 4231
f 4229 4222 4230
f 4231 4230 4195
f 4221 3808 3599
f 3804 3764 3810
f 4196 3810 3764
f 3817 2659 3809
f 4208 4195 4209
f 4211 4209 4198
f 4207 4211 4210
f 4209 4195 3810
f 4196 4198 4209
f 3810 4196 4209
f 4198 4196 3809
f 4210 4198 4197
f 3770 4194 4210
f 4197 3770 4210
f 4202 4233 4234
f 4233 3771 4219
f 4214 4194 3770
f 4212 4214 4213
f 5189 5188 5094
f 5170 5153 5150
f 5094 5151 5170
f 5150 5094 5170
f 5153 5170 5173
f 5170 5151 5171
f 5173 5171 4227
f 5169 5157 5173
f 5172 5152 5169
f 5173 5172 5169
f 5145 5163 5165
f 5163 5147 5149
f 5156 5146 5164
f 5165 5149 5156
f 5164 5165 5156
f 5162 5165 5164
f 5175 5096 4257
f 5090 3779 5095
f 5094 5174 5177
f 5174 5096 5175
f 5177 5175 5095
f 5171 5151 5177
f 5176 4227 5171
f 5177 5176 5171
f 5159 4227 5176
f 5176 5095 5114
f 5114 5113 5159
f 5159 5176 5114
f 5095 3779 5077
f 5110 4224 5114
f 5077 2660 5110
f 5114 5077 5110
f 5134 3769 5113
f 5114 4224 5134
f 5113 5114 5134
f 4226 5164 5182
f 5178 5158 5182
f 5164 5146 5178
f 5182 5164 5178
f 5182 5158 5155
f 5180 5182 5181
f 5179 5152 5172
f 5172 4227 5159
f 5159 5161 5179
f 5179 5172 5159
f 5161 5159 5113
f 5181 5155 4236
f 2667 5154 5181
f 4236 2667 5181
f 4053 3969 4059
f 4057 2663 4053
f 4059 4057 4053
f 4059 3969 2662
f 4184 2664 4176
f 4176 3995 4179
f 4179 4134 4184
f 4184 4176 4179
f 4167 4103 4183
f 4183 4135 4133
f 4133 2665 4167
f 4167 4183 4133
f 4215 3796 4218
f 4205 2666 4215
f 4218 4205 4215
f 4218 3796 2665
f 5184 2667 4235
f 4235 3768 4206
f 4206 4204 5184
f 5184 4235 4206
f 5162 4226 5167
f 5168 5145 5162
f 5167 5168 5162
f 5166 5168 5167
f 5148 5167 5185
f 5180 5154 5185
f 5167 4226 5180
f 5185 5167 5180
f 5185 5154 2667
f 5183 5185 5184
f 5057 5058 5062
f 5062 5063 2916
f 5069 5064 5070
f 5064 2954 5070
f 5069 2940 5063
f 5063 5064 5069
f 5060 5057 5061
f 5059 5057 5062
f 5061 5057 5059
f 2595 2940 5069
f 2916 5063 2940
f 2923 5066 2668
f 5057 5060 5056
f 2668 5067 5065
f 2954 5064 5067
f 2953 2957 2964
f 2953 2964 2961
f 2957 2952 2964
f 2957 2958 2951
f 2923 2668 2963
f 5064 5065 5067
f 2668 2924 2963
f 2962 2950 2956
f 2956 2951 2958
f 2956 2695 2962
f 2956 2950 2951
f 2951 2952 2957
f 2962 2900 2950
f 5067 2668 5066
f 2917 5056 5060
f 2927 2669 2929
f 2669 2927 2668
f 2914 2929 2669
f 2914 2669 2932
f 2924 2668 2927
f 5056 2917 2685
f 2686 5056 2685
f 2691 2915 2669
f 2669 2915 2932
f 2915 2691 2596
f 2920 2926 2933
f 2950 2928 2921
f 2919 2933 2931
f 2945 2928 2950
f 2925 2944 2900
f 2950 2900 2944
f 2950 2944 2945
f 2928 2926 2920
f 2689 2870 2883
f 2912 2919 2910
f 2933 2919 2920
f 2910 2931 2861
f 2919 2912 2918
f 2912 2875 2918
f 2931 2910 2919
f 2871 2883 2870
f 2921 2928 2920
f 2675 2883 2871
f 2965 2959 2961
f 2965 2901 2959
f 2965 2966 2902
f 2967 2899 2974
f 2899 2984 2602
f 2965 2961 2964
f 2946 2971 2862
f 2966 2972 2971
f 2966 2971 2946
f 2967 2980 2968
f 2966 2967 2968
f 2980 2967 2979
f 2972 2966 2968
f 2902 2966 2946
f 2967 2984 2899
f 2975 2602 2989
f 2984 2989 2602
f 2987 2993 2990
f 3003 2988 2987
f 2988 2993 2987
f 2985 2990 2989
f 2974 2693 2979
f 2979 2967 2974
f 3004 3008 3001
f 3006 3008 3004
f 3006 2981 2853
f 2987 3004 3003
f 2985 2989 2984
f 2875 2906 2918
f 2909 2908 2891
f 2876 2891 2908
f 2891 2918 2906
f 2871 2872 2884
f 2832 2884 2872
f 2872 2873 2881
f 2878 2882 2873
f 2873 2882 2881
f 2872 2881 2832
f 2891 2876 2890
f 2895 2890 2894
f 2876 2894 2890
f 2893 2890 2895
f 3009 2854 2981
f 2874 2603 2888
f 2893 2888 2877
f 2889 2877 2888
f 2877 2889 2878
f 2877 2878 2873
f 2903 3021 2826
f 3009 3021 2903
f 3009 2903 2854
f 3006 3009 2981
f 2669 2692 2691
f 5040 5055 5039
f 2718 5039 5055
f 5040 5036 5055
f 5039 2718 2684
f 5055 2686 2718
f 2686 5055 5056
f 5029 5036 5040
f 5049 5051 5025
f 5048 5043 5051
f 5038 5036 5029
f 2670 2688 2678
f 2670 2703 2688
f 2820 2687 2819
f 2692 2670 2678
f 2819 2687 2707
f 2703 2670 2671
f 2692 2669 2670
f 2679 2703 2671
f 2706 2679 2671
f 2676 2721 2710
f 2817 2818 2735
f 2706 2671 2676
f 2676 2671 2721
f 2721 2709 2710
f 2818 2819 2705
f 2722 2709 2721
f 5048 5036 5038
f 5036 5037 5035
f 5021 5022 5020
f 5020 5022 5005
f 5049 5047 5048
f 5010 5020 5023
f 5051 5049 5048
f 5023 5020 5005
f 5037 5047 5030
f 5050 5041 5047
f 2762 5021 5031
f 5050 5047 5049
f 2762 5022 5021
f 5044 5037 5030
f 5010 5007 5013
f 5013 5014 5010
f 2723 2758 2734
f 2734 2722 2723
f 2734 2709 2722
f 2723 2743 2758
f 5014 5003 5010
f 5012 5004 5003
f 5012 5003 5014
f 5004 5017 5002
f 2727 2743 2763
f 2743 2727 2758
f 2764 2727 2763
f 5001 5002 5017
f 2868 2865 2870
f 2865 2868 2833
f 2857 2856 2843
f 2864 2866 2843
f 2865 2869 2870
f 2867 2869 2865
f 2864 2867 2866
f 2864 2869 2867
f 2855 2856 2858
f 2856 2864 2843
f 2856 2857 2858
f 2855 2858 2845
f 2845 2823 2855
f 2830 2827 2844
f 2844 2827 2828
f 3013 3022 3019
f 2823 2847 2844
f 2822 2837 2836
f 2828 2822 2823
f 2821 2822 2836
f 2837 2822 2834
f 2844 2828 2823
f 2834 2828 2824
f 3014 3018 3020
f 2822 2828 2834
f 2847 2823 2845
f 2842 2699 2836
f 2698 2673 2704
f 2708 2705 2673
f 2699 2700 2820
f 2700 2698 2704
f 2820 2700 2704
f 2687 2820 2704
f 2744 2733 2817
f 2736 2744 2817
f 2735 2708 2683
f 2735 2818 2708
f 2816 2817 2740
f 2708 2818 2705
f 2672 2842 2836
f 2834 2824 2829
f 3028 3032 3012
f 2821 2836 2699
f 2737 2816 2680
f 2816 2739 2680
f 2816 2740 2739
f 3034 3038 3031
f 2791 2799 2804
f 3034 3032 3028
f 3029 3014 3030
f 2689 2868 2870
f 3021 3009 3022
f 2987 2990 2986
f 2985 2986 2990
f 3199 3198 3194
f 3195 3200 2996
f 2996 2997 3195
f 3200 3195 3192
f 3194 3190 3191
f 3195 3191 3192
f 3195 3196 3191
f 3196 3194 3191
f 3199 3194 2995
f 3194 3198 3190
f 3200 3201 2992
f 3201 3202 2607
f 3455 3456 3457
f 3203 3204 3153
f 3202 3203 2613
f 2607 2992 3201
f 2999 2998 3189
f 2998 2607 3189
f 3188 3189 2613
f 3172 3203 3153
f 2613 3171 3188
f 3200 2992 2996
f 3190 3198 2999
f 3043 3044 3016
f 3190 2999 3189
f 3005 3009 3006
f 3043 3016 3042
f 3182 3045 3000
f 3184 3188 3171
f 2614 2813 3182
f 3045 3182 2813
f 3044 2813 2608
f 3044 3045 2813
f 3188 3184 3187
f 3026 3042 3025
f 3170 3000 3045
f 3187 3164 3176
f 3176 3177 3187
f 3186 3164 3187
f 3046 3183 3170
f 2812 2614 3181
f 3046 3047 3183
f 3150 3175 3179
f 3150 3151 3175
f 3177 3175 3151
f 3180 3179 3175
f 3170 3045 3046
f 3179 3149 3150
f 3187 3184 3186
f 3173 3184 3171
f 3454 3457 3458
f 3004 3005 3006
f 3204 3206 3157
f 3206 3230 3157
f 3229 3248 2619
f 3204 3205 3206
f 3249 3207 3248
f 3158 3230 3227
f 3227 3230 3206
f 3248 3207 2619
f 3154 3210 3247
f 3229 3154 3247
f 3248 3229 3247
f 3206 3208 3227
f 3453 3458 3459
f 3160 3249 3250
f 3336 3333 3335
f 3336 2626 3333
f 2626 3336 3324
f 3331 3335 3334
f 3334 3335 3333
f 3251 3274 3212
f 3251 3212 3160
f 3160 3250 3251
f 3332 3331 3323
f 3251 3252 3316
f 3452 3459 3467
f 3249 3160 3207
f 3208 3217 3228
f 3209 3225 3217
f 3217 3208 3209
f 3241 3218 3237
f 3209 3237 3218
f 3227 3208 3228
f 3175 3163 3180
f 3168 3179 3169
f 3241 3237 3242
f 3239 3242 3238
f 3232 3211 3239
f 3247 3239 3238
f 3239 3247 3232
f 3231 3152 3247
f 3316 3252 3329
f 3247 3210 3231
f 3316 3274 3251
f 3247 3152 3232
f 3275 3274 3159
f 3271 3159 3253
f 3253 3159 3329
f 3253 3273 3271
f 3253 3254 3273
f 3329 3252 3253
f 3168 3149 3179
f 3011 3020 3010
f 3019 3010 3020
f 3011 3027 3014
f 3011 3014 3020
f 3009 3010 3019
f 3025 3042 3016
f 3042 3026 3024
f 3022 3009 3019
f 3033 3028 3030
f 3027 3030 3014
f 3027 3033 3030
f 3034 3028 3033
f 3024 3040 3035
f 3041 2702 3035
f 3034 3035 2702
f 3034 3031 3032
f 3034 2702 3038
f 3035 3042 3024
f 2810 2811 3040
f 3168 3083 3149
f 3017 3025 3016
f 3047 2812 3181
f 3083 3148 3149
f 2702 3041 2807
f 3035 3040 3041
f 3144 3148 3083
f 3048 2812 3047
f 3144 3100 3148
f 3147 3148 3100
f 3081 2812 3048
f 3168 2620 3083
f 2774 2777 2773
f 2797 2773 2777
f 2773 2798 2796
f 2801 2774 2802
f 2812 3081 2615
f 2773 2797 2798
f 2773 2796 2772
f 2774 2815 2799
f 2772 2796 2785
f 2796 2787 2785
f 2785 2776 2790
f 2815 2804 2799
f 2774 2801 2777
f 3082 3049 3078
f 3049 3082 3081
f 3144 2621 3100
f 3104 3147 3101
f 3081 3048 3049
f 3098 3102 3097
f 3082 3078 3056
f 3075 3062 3079
f 3078 3049 3079
f 3066 3097 3102
f 3051 3102 3094
f 3075 3079 3049
f 3094 3102 3098
f 3146 3145 3391
f 3146 3411 3107
f 3145 3083 3110
f 3390 3391 3268
f 3268 3391 3145
f 3145 3110 3268
f 3392 3411 3146
f 3137 3099 3113
f 3409 3122 3412
f 3412 3105 3409
f 3412 3411 3105
f 3105 3411 3392
f 3406 3437 3405
f 3270 3109 3390
f 3259 3266 3254
f 2627 3254 3266
f 3389 3390 3109
f 3436 3406 3397
f 3436 3437 3406
f 3438 2628 3126
f 3388 3389 3109
f 3126 3437 3438
f 3437 3126 3405
f 3259 3254 3265
f 3139 3104 3137
f 3119 3103 3104
f 3103 3118 3052
f 3120 3103 3119
f 3407 3410 3394
f 3104 3139 3119
f 3103 3120 3118
f 3118 3112 3052
f 3066 3103 3052
f 3070 3419 3415
f 3121 3415 3419
f 3417 3407 3413
f 3137 3104 3099
f 3393 3394 3403
f 3410 3403 3394
f 3403 3105 3393
f 3402 3436 3397
f 3402 3398 3436
f 3393 3105 3392
f 3436 3398 3421
f 3414 3413 3420
f 3420 3070 3414
f 3424 3436 3396
f 3413 3414 3417
f 3426 3436 3424
f 3436 3421 3396
f 3424 3423 3426
f 3425 3070 3420
f 4301 3068 3124
f 3399 3068 4301
f 3066 3102 3103
f 3382 2628 3438
f 2790 2772 2785
f 5037 5028 5035
f 5035 5028 5046
f 5031 5016 2762
f 2759 5016 5031
f 2751 2730 5001
f 5031 5032 2759
f 5046 5045 5035
f 2754 2753 5045
f 5035 5045 2753
f 4999 5000 2730
f 5019 5032 2754
f 5032 4924 2754
f 5044 5028 5037
f 2765 2747 2767
f 2764 2765 2767
f 2817 2733 2724
f 2765 2748 2766
f 2747 2765 2766
f 5001 2598 2751
f 4934 4933 4959
f 4959 4933 4958
f 4959 4932 4934
f 4999 2750 2731
f 5001 5015 2598
f 4999 2731 4994
f 2764 2767 2727
f 2599 4958 4933
f 2754 4924 2753
f 5034 2753 4923
f 4874 4957 4929
f 5033 4924 5032
f 4929 4957 2599
f 2599 4957 4958
f 5034 4923 5033
f 5033 4923 4925
f 4863 4916 4842
f 5033 4925 4924
f 4864 4917 4777
f 4864 4842 4917
f 4874 4921 4957
f 4842 4916 4917
f 4946 4957 4921
f 5035 2753 5034
f 4946 4927 4876
f 4918 4922 4920
f 4937 4946 4876
f 4920 4917 4918
f 4919 4942 4926
f 4926 4922 4918
f 4920 4777 4917
f 4926 4918 4919
f 4919 4943 4939
f 4938 4939 4943
f 4936 4939 4938
f 4942 4919 4939
f 4943 4944 4938
f 2681 2745 2738
f 2765 2771 2745
f 2738 2771 4985
f 2771 2605 4985
f 2771 2738 2745
f 2765 2745 2748
f 4972 4990 4993
f 4967 4976 4990
f 4971 4977 4981
f 4977 4971 4972
f 4971 4980 4970
f 4992 4972 4993
f 4992 4977 4972
f 4981 4982 4971
f 2737 2804 2816
f 2815 2816 2804
f 2771 2772 2803
f 2772 2742 2803
f 2774 2799 2802
f 4766 4767 2789
f 2790 2789 2772
f 2742 2772 2789
f 4767 2742 2789
f 2728 4980 4975
f 4971 4982 4980
f 4767 4768 4978
f 4988 4768 4989
f 4989 4768 4987
f 4767 4978 2742
f 4978 4768 4988
f 4970 4980 2728
f 4959 4960 4932
f 4998 4994 4967
f 4961 4851 4960
f 4968 4960 4851
f 4945 4938 4944
f 4850 4946 4949
f 4935 4948 4945
f 4945 4948 4938
f 4945 4946 4947
f 4949 4946 4937
f 4946 4850 4947
f 4852 4966 4961
f 4998 4999 4994
f 4963 4969 4970
f 4998 4967 4990
f 4970 2728 4963
f 4769 4963 2728
f 4987 4768 4769
f 4987 4769 2728
f 4998 4990 4972
f 4962 4964 4965
f 4965 4852 4962
f 4964 4848 4953
f 4851 4961 4966
f 4962 4852 4961
f 4969 4848 4964
f 4703 4704 4804
f 4769 4797 4963
f 4848 4969 4963
f 4915 4863 4841
f 4866 4855 4858
f 4859 2600 4855
f 4860 4896 4914
f 4915 4861 4914
f 4897 4914 4896
f 4841 4861 4915
f 4879 4786 4859
f 4914 4861 4860
f 4916 4863 4915
f 4854 4878 4840
f 4869 4868 4878
f 4853 4854 4877
f 4854 4840 4877
f 4936 4839 4939
f 4789 4837 4844
f 4869 4878 4866
f 4879 4866 4878
f 4776 4813 4823
f 4813 4822 4823
f 4877 4789 4853
f 4821 4822 4785
f 4879 4859 4855
f 4855 4866 4879
f 4789 4844 4853
f 4853 4844 4825
f 2601 4786 4879
f 4907 4884 4890
f 4913 4888 4912
f 4912 4889 4911
f 4912 4910 4889
f 4910 4912 4888
f 4897 4888 4913
f 4897 4913 4914
f 4907 4893 4883
f 4884 4907 4883
f 4890 4906 4907
f 4892 4894 4911
f 4906 4911 4894
f 4891 4883 4893
f 4899 4892 4911
f 4907 4894 4893
f 4906 4890 4911
f 4899 4911 4889
f 4885 2601 4880
f 4882 4883 4900
f 4892 4899 4891
f 4882 4898 4887
f 4891 4900 4883
f 4881 4882 4901
f 4881 4901 4885
f 4885 4880 4881
f 4903 4882 4887
f 4905 4820 4821
f 4813 4787 4822
f 4844 4837 4791
f 4825 4844 4846
f 4797 4691 4963
f 4823 4824 4831
f 4831 4824 4832
f 4828 4825 4843
f 4846 4843 4825
f 4824 4829 4832
f 4825 4828 4824
f 4824 4828 4829
f 4831 4836 4776
f 4794 4781 4798
f 4770 4794 4797
f 4770 4797 4769
f 4587 4804 4704
f 4801 4692 4772
f 4801 4702 4703
f 4771 4793 4795
f 4792 4782 4771
f 4793 4771 4782
f 4771 4795 4770
f 4794 4798 4797
f 4794 4770 4795
f 4792 4807 4782
f 4802 4800 4702
f 4801 4802 4702
f 4703 4692 4801
f 4815 4808 4792
f 4836 4831 4788
f 4792 4808 4807
f 4779 4806 4811
f 4806 4809 4811
f 4820 4905 4819
f 4905 4904 4819
f 4821 4785 4905
f 4774 4784 4809
f 4904 4785 4817
f 4816 4817 4774
f 4809 4816 4774
f 4818 4819 4904
f 4815 4806 4808
f 4690 4702 4800
f 4783 4775 4702
f 4702 4690 4783
f 4701 4702 4775
f 4817 4785 4774
f 4809 4806 4816
f 4818 4904 4817
f 4701 2612 4699
f 4700 4701 4699
f 2612 4612 4696
f 4699 2612 4697
f 2612 4701 4775
f 4686 4612 2611
f 4816 4806 4815
f 4776 4823 4831
f 4587 4704 4688
f 4765 4766 2781
f 2610 2781 4766
f 4764 4765 3072
f 4757 4763 4761
f 2616 3071 4765
f 4705 4706 4715
f 4704 4705 4714
f 4716 4712 4706
f 4713 4712 4716
f 4716 4717 4713
f 4710 4717 4718
f 3072 4757 4764
f 4706 4712 4715
f 3073 3076 3050
f 3076 3075 3050
f 3059 3073 3050
f 3051 3094 3095
f 3051 3093 3059
f 3050 3051 3059
f 3093 3051 3095
f 3050 3075 3049
f 4754 4761 4759
f 4759 4761 4763
f 4755 4753 4754
f 4761 4764 4757
f 4755 3089 4753
f 4754 4759 4755
f 4720 4756 4719
f 4718 4719 4593
f 4714 4588 4688
f 4714 4688 4704
f 4715 4714 4705
f 4717 4710 4713
f 4709 4710 4707
f 4712 4708 4715
f 4694 4695 4685
f 4688 4588 4683
f 4680 4682 4678
f 4685 4674 4680
f 4680 4693 4685
f 4689 4688 4683
f 4668 4578 4707
f 4679 4676 4667
f 4718 4668 4707
f 4668 4718 4585
f 4707 4710 4718
f 4677 4679 4671
f 4670 4592 4586
f 4669 4592 4670
f 4652 4673 4670
f 4719 4579 4593
f 4677 4682 4679
f 4601 4579 4719
f 3114 3418 3425
f 3419 3425 3418
f 4746 3069 4750
f 3425 3069 3114
f 3115 3418 3114
f 4759 4760 4755
f 4752 3089 2622
f 4747 4752 4746
f 4742 4746 4750
f 4752 2622 4746
f 4720 4721 3088
f 3426 3069 3425
f 3429 3426 3423
f 3069 3429 3428
f 4304 3430 2629
f 4741 4750 4744
f 4742 4750 4741
f 4740 4741 4748
f 4746 4742 4747
f 4744 4748 4741
f 4745 4734 4740
f 4739 4740 4734
f 4304 4305 3430
f 3429 3069 3426
f 3070 3425 3419
f 4722 4737 4721
f 4719 4756 4604
f 4722 4723 4737
f 4723 4724 4733
f 4737 3058 4721
f 4719 4605 4601
f 4582 4601 4605
f 4719 4604 4605
f 4723 4312 4738
f 4733 4312 4723
f 4725 4739 4734
f 4756 4720 3088
f 4728 3431 4337
f 4338 4728 4337
f 4725 3431 4728
f 3090 4334 4310
f 4306 4334 3090
f 4724 4725 4728
f 4727 4313 4729
f 4724 4729 4313
f 4331 4352 4294
f 4341 4331 2630
f 4602 4595 4590
f 3399 4304 2629
f 4752 4753 3089
f 3086 3094 3098
f 4695 4689 4683
f 4689 4695 4686
f 4678 4682 4677
f 4693 4694 4685
f 4677 4671 4652
f 4656 4666 4650
f 4656 4650 4663
f 4650 4666 4649
f 4660 4650 4651
f 4660 4654 4664
f 4663 4650 4660
f 4652 4671 4673
f 4664 4663 4660
f 4658 4651 4652
f 4586 4652 4670
f 4652 4586 4658
f 4651 4661 4660
f 4598 4577 4591
f 4577 4589 4591
f 4591 4589 4615
f 4586 4607 4658
f 4613 4615 4621
f 4591 4615 4614
f 4589 4621 4615
f 4576 4577 4595
f 4651 4658 4661
f 4613 4606 4608
f 4695 4696 4686
f 4665 4649 4666
f 4665 4554 2618
f 2618 4554 4609
f 4648 4649 4665
f 4665 2618 4648
f 4647 4648 4512
f 4697 4698 4699
f 4635 4639 4646
f 4635 4646 4647
f 4628 4512 4648
f 4648 2618 4628
f 4611 4606 4622
f 4622 4623 4629
f 4630 4629 4633
f 4613 4621 4622
f 4629 4623 4633
f 4624 4634 4633
f 4606 4611 4584
f 4636 4627 4631
f 4635 4636 4639
f 4637 4640 4631
f 4645 4641 4637
f 4640 4637 4641
f 4631 4634 4624
f 4631 4624 4637
f 4645 4646 4639
f 4641 4645 4639
f 4696 4612 4686
f 4618 4576 4600
f 4602 4576 4595
f 4617 4575 4576
f 4620 4617 4581
f 4622 4606 4613
f 4575 4617 4620
f 4620 4567 4575
f 4623 4624 4633
f 4611 4622 4609
f 4553 4575 4568
f 4552 4574 4563
f 4563 4574 4553
f 4575 4553 4574
f 4568 4575 4567
f 4550 4626 4625
f 4576 4618 4617
f 4562 2625 4571
f 2632 4516 4493
f 4490 2632 4470
f 4552 4565 4562
f 4552 4555 4551
f 4511 4571 2625
f 4552 4562 4555
f 4562 4571 4555
f 4497 4519 4516
f 4519 4497 4504
f 4497 4516 4496
f 4497 4498 4504
f 4516 2632 4496
f 4551 4561 4560
f 4626 4550 4557
f 4550 4551 4560
f 4560 4558 4557
f 4550 4560 4557
f 4548 4549 4643
f 4545 4546 4644
f 4637 4638 4645
f 4545 4644 4642
f 4547 4642 4549
f 4546 4643 4644
f 4546 4625 4643
f 4544 4545 4642
f 4546 4550 4625
f 4561 4551 4555
f 4514 4515 4498
f 4498 4513 4514
f 4513 4522 4501
f 4544 4547 4573
f 4507 4543 4573
f 4544 4573 4543
f 4642 4547 4544
f 4507 4508 4543
f 4542 4543 4506
f 4498 4523 4513
f 4520 4522 4513
f 4576 4602 4600
f 3337 3317 3324
f 3337 3327 3317
f 3337 3324 3336
f 3327 3337 3262
f 3337 3314 3262
f 3452 3310 3451
f 3320 3331 3325
f 3325 3331 3332
f 3326 3320 3325
f 3320 3321 3330
f 3326 3322 3320
f 3305 3320 3328
f 3313 3305 3328
f 3313 3262 3314
f 3467 3486 3468
f 3487 3486 3460
f 3461 3487 3460
f 3307 3338 3360
f 3451 3310 3318
f 3314 3337 3307
f 3315 3304 3305
f 3315 3305 3313
f 3445 3451 3318
f 3352 3346 2633
f 3338 3307 3337
f 2633 3360 3338
f 3486 3467 3460
f 3467 3459 3460
f 3267 3254 3255
f 3286 3287 3278
f 3288 3303 3299
f 3287 3288 3276
f 3272 3267 3255
f 3264 3272 3263
f 3286 3264 3263
f 3276 3278 3287
f 3276 3288 3299
f 3304 3312 3301
f 3254 3267 3265
f 3301 3312 3294
f 3315 3312 3304
f 3308 3294 3312
f 3302 3303 3301
f 3350 3355 3306
f 3350 3261 3355
f 3292 3303 3298
f 3291 3298 3303
f 3303 3302 3291
f 2634 3293 3363
f 3299 3303 3292
f 3362 3363 3261
f 3304 3301 3303
f 3465 3461 3484
f 3461 3476 3466
f 3461 3466 3484
f 3469 3461 3462
f 3462 3463 3469
f 3463 3462 3472
f 3476 3461 3469
f 3487 3461 3465
f 3445 3309 3447
f 3348 3445 3447
f 3445 3446 3444
f 3349 3343 3444
f 3446 3349 3444
f 3348 3446 3445
f 3443 3444 3343
f 3470 3472 3462
f 3474 3448 3470
f 3473 3474 3488
f 3347 3319 3473
f 3473 3488 3489
f 3488 3474 3470
f 3470 3462 3488
f 3296 3347 3489
f 3473 3489 3347
f 3475 3893 3894
f 3894 3895 2642
f 3489 3490 3296
f 3932 3933 3908
f 3339 2633 3338
f 3353 3352 3340
f 3362 3350 3353
f 3340 3352 3339
f 2633 3339 3352
f 3345 3344 3443
f 3443 3344 3354
f 3358 3443 3342
f 3342 3443 3354
f 3442 3443 3358
f 3261 3350 3362
f 3490 3297 3341
f 3475 3929 3892
f 3895 3896 2642
f 3284 3356 3490
f 3297 3490 3356
f 3892 3929 3513
f 2643 3907 3897
f 3922 3930 3905
f 3891 3892 3513
f 3357 3284 3442
f 3931 3932 3909
f 3897 3924 2643
f 3109 3258 3388
f 3368 3379 3376
f 3369 3256 3377
f 3379 3368 3369
f 3368 3376 3371
f 3377 3379 3369
f 3381 3368 3371
f 3388 3258 3383
f 3387 3383 3256
f 3387 3388 3383
f 3387 3256 3369
f 3367 3381 3375
f 3368 3381 3367
f 3130 3382 3439
f 3365 3370 3282
f 3282 3279 3365
f 3491 3510 3284
f 3284 3490 3491
f 3285 3442 3284
f 3442 3285 3441
f 3511 3491 3507
f 3364 3279 2634
f 3364 3365 3279
f 3380 3280 3365
f 3370 3365 3280
f 3365 3366 3380
f 3380 3366 3375
f 3441 3285 3509
f 3511 3510 3491
f 3284 3510 3285
f 3367 3375 3366
f 3890 3503 3889
f 3364 2634 3363
f 4303 4301 3124
f 3439 3440 3374
f 3382 3438 3439
f 4300 4303 4302
f 4299 4300 3129
f 4303 4300 4301
f 4304 3399 4301
f 4320 4299 4317
f 3129 4317 4299
f 3131 4300 4302
f 4298 4299 4320
f 2635 3440 3441
f 3283 2635 3441
f 3374 3440 2635
f 3509 3283 3441
f 3507 3491 3492
f 3505 3508 3492
f 3505 3494 3497
f 3500 3505 3497
f 3493 3505 3492
f 3505 3493 3494
f 3493 3515 3494
f 3492 3508 3507
f 3511 3507 3499
f 3514 3532 3891
f 3890 3891 3532
f 3503 3890 3532
f 3575 3577 3889
f 3889 3503 3575
f 3891 3513 3926
f 3888 3889 3577
f 3888 3528 3574
f 3887 3888 3530
f 3886 3887 3526
f 3574 3530 3888
f 3926 3514 3891
f 3897 3898 3925
f 3901 3898 3921
f 3901 3925 3898
f 3898 3899 3902
f 3921 3898 3902
f 3899 3883 3913
f 3885 3547 3878
f 3899 3910 3912
f 3880 3885 3878
f 3899 3912 3883
f 3886 3547 3885
f 3880 3875 3885
f 3527 3573 3517
f 3517 3522 3516
f 3522 3553 3516
f 3527 3517 3518
f 3518 3564 3527
f 3564 3518 3554
f 3522 3517 3573
f 3520 3504 3553
f 3516 3553 3504
f 3578 3557 3520
f 3578 3520 3552
f 3552 3554 3518
f 3578 2645 3557
f 3557 2645 3555
f 3552 3518 3578
f 3860 3861 3563
f 3516 3504 3515
f 3542 3861 3519
f 3887 3543 3526
f 3563 3861 3565
f 3861 3545 3519
f 3876 3545 3861
f 3544 3873 3874
f 3551 3501 3563
f 3501 3860 3563
f 3578 3579 2645
f 3579 3701 2645
f 3859 3860 3567
f 3542 3565 3861
f 3516 3515 3493
f 3904 2643 3924
f 3905 3930 3931
f 3931 3536 3905
f 2648 3934 4032
f 3935 4032 3934
f 2649 3906 4028
f 3934 2648 3908
f 3934 3908 3933
f 3549 3920 3930
f 3963 3938 3944
f 3535 3944 3938
f 4032 4021 2648
f 3935 4033 4032
f 4026 4023 4027
f 4017 4024 4034
f 4031 4033 3935
f 4024 4012 4013
f 4011 4012 4023
f 4024 4013 4034
f 4026 4011 4023
f 3936 4028 4030
f 3937 3963 3962
f 4028 3936 3962
f 3979 3980 4011
f 4031 3936 4030
f 3936 3937 3962
f 3936 4031 3935
f 4031 4030 4021
f 3938 3963 3937
f 3920 3917 3919
f 3910 3918 3919
f 3940 3951 3947
f 3948 3951 3940
f 3940 3947 3535
f 3917 3920 3549
f 3911 3910 3919
f 3917 3550 3911
f 3948 3942 3548
f 3914 3948 3548
f 3911 3919 3917
f 3942 3948 3941
f 3939 3940 3535
f 3941 3956 3838
f 4010 3999 3987
f 3960 3957 3958
f 3942 3941 3838
f 3836 3956 3960
f 3973 3961 3958
f 3976 3975 3973
f 3985 3976 3973
f 3976 3985 3974
f 3960 3958 3961
f 3956 3957 3960
f 3986 3974 3985
f 3947 3837 3535
f 3943 3837 3947
f 4024 4022 4012
f 3922 3549 3930
f 4023 4012 4022
f 4015 2655 4014
f 2655 4015 4035
f 4017 4034 4015
f 4027 4023 4016
f 4019 4026 4020
f 3964 2656 3979
f 3964 4018 4036
f 4019 3979 4011
f 4026 4019 4011
f 4018 2655 4036
f 4011 3980 4010
f 4063 4064 4008
f 4035 4036 2655
f 2661 4064 4065
f 4066 4067 4065
f 2661 4065 4007
f 4036 4037 3964
f 4037 4047 2656
f 4061 4062 4009
f 4008 4009 4062
f 4067 4058 4007
f 4007 4065 4067
f 4015 4034 4035
f 4003 4010 3980
f 4003 3967 4010
f 4047 3978 2656
f 4045 4041 4048
f 4037 4045 4047
f 3999 4001 3987
f 3986 3987 3991
f 3987 4001 3998
f 3991 3989 3986
f 4042 4044 4039
f 3986 3968 3977
f 3967 3999 4010
f 4048 4047 4045
f 4060 4061 4051
f 4045 4037 4038
f 4007 4058 2662
f 4051 4006 3972
f 4068 4058 4067
f 3971 4006 4061
f 4058 4068 4059
f 4038 4039 4046
f 4046 4039 4044
f 4046 4045 4038
f 3994 4043 4060
f 3994 4060 4052
f 4060 4051 4052
f 4042 4043 3994
f 4057 4059 4068
f 4006 4051 4061
f 3544 3874 3875
f 3877 3875 3880
f 3877 3544 3875
f 3873 3863 3874
f 3863 3873 3853
f 3866 3863 3853
f 3861 3862 3541
f 3862 3538 3871
f 3871 3541 3862
f 3862 3863 3867
f 3862 3867 3865
f 3538 3862 3865
f 3834 2650 3825
f 3842 3982 4084
f 4084 4079 3842
f 3846 3835 3826
f 3831 3844 3847
f 3826 3831 3847
f 3826 3835 3825
f 3832 3827 3825
f 3848 3825 3827
f 3856 3844 3831
f 3834 3825 3835
f 3825 2650 3832
f 3843 4079 4077
f 3859 3567 3539
f 3525 3859 3539
f 3858 3859 3569
f 3844 3849 3830
f 3828 3844 3856
f 3858 3569 3857
f 3851 3857 3569
f 3707 3704 3693
f 3704 3708 3694
f 3701 3579 3580
f 3856 3857 3828
f 3844 3828 3849
f 3824 3825 3848
f 3850 3824 3523
f 3841 3843 4091
f 3823 3824 2651
f 3823 2651 3692
f 3708 3704 3707
f 4095 4107 4100
f 4091 4117 3841
f 3570 3711 3823
f 4077 4079 4084
f 4084 4086 4076
f 3974 3986 3977
f 3989 3968 3986
f 3977 3959 3974
f 4075 4076 4083
f 4083 4076 4086
f 4083 3840 4075
f 4083 4078 3840
f 4074 4088 4081
f 4075 3840 4088
f 4072 2657 3993
f 4080 2657 4072
f 4072 3993 3970
f 4072 3970 4071
f 2663 4071 4054
f 4054 4071 3970
f 2663 4057 4070
f 4154 4155 3997
f 4072 4073 4080
f 4057 4069 4070
f 4156 4157 4179
f 4155 4156 3995
f 4074 4081 4080
f 4091 3843 4077
f 4080 4073 4074
f 4093 4116 4092
f 4092 4116 4091
f 4074 4075 4088
f 3684 4116 4093
f 4112 3684 4094
f 4112 4094 3722
f 4094 3684 4093
f 4151 4152 4123
f 4148 4123 4153
f 4123 4152 4153
f 4124 4151 4147
f 4117 4091 4116
f 4148 4153 4150
f 4150 3996 4148
f 4157 4158 4179
f 4177 4155 3995
f 4153 4154 3997
f 4179 4158 4134
f 4120 4142 4128
f 2664 4160 4132
f 4160 2664 4184
f 4131 2664 4173
f 4184 4134 4160
f 4134 4158 4159
f 4150 4153 3997
f 4120 4124 4142
f 3975 3961 3973
f 3722 4094 4095
f 3911 3912 3910
f 3693 3703 3707
f 4335 4334 4339
f 4309 4335 4339
f 4339 4340 4309
f 4340 4329 4309
f 4340 4341 4329
f 3090 4305 4306
f 4341 2630 4327
f 4352 4331 4341
f 4342 4353 4352
f 4362 4353 4342
f 4341 4342 4352
f 4350 4374 4342
f 4362 4342 4374
f 4321 4319 4298
f 4319 4307 3434
f 4298 4319 3434
f 3706 3707 3703
f 4297 4298 4330
f 4365 4296 4295
f 4295 4296 4297
f 4297 4330 4295
f 4282 4296 4284
f 4289 4290 4282
f 4284 4289 4282
f 4344 4363 4411
f 4377 4350 4343
f 4393 4410 4376
f 4347 4361 4410
f 4378 4410 4361
f 4343 4392 4369
f 4392 4403 4367
f 4392 4393 4404
f 4376 4345 4393
f 4404 4393 4401
f 4403 4392 4404
f 4369 4377 4343
f 4411 4412 4364
f 4280 4281 4288
f 4379 4344 4411
f 4410 4363 4347
f 4281 4290 4288
f 4293 4379 4364
f 4393 4345 4401
f 4411 4364 4379
f 4288 4283 4280
f 4376 4366 4345
f 4411 4363 4410
f 3701 3580 3558
f 3580 3691 3558
f 3699 3676 3700
f 3706 3572 3678
f 3676 3677 3700
f 3703 3572 3706
f 3699 3673 3676
f 2646 3691 3580
f 2646 3580 3581
f 3699 3571 3673
f 3680 3571 3699
f 2646 3581 3664
f 3698 3678 3697
f 3572 3697 3678
f 3677 3678 3698
f 3719 3681 3702
f 3710 3720 3719
f 3702 3708 3719
f 3696 3677 3698
f 3673 3571 3654
f 3696 3688 3677
f 3682 3686 3717
f 3726 3655 3682
f 3726 3727 3655
f 3717 3720 3716
f 3664 3581 3595
f 3670 3674 3666
f 3675 3670 3647
f 3670 3675 3674
f 3673 3674 3675
f 3595 3581 3641
f 3662 3639 3644
f 3662 3645 3663
f 3645 3662 3644
f 3581 3582 3641
f 3639 3662 3629
f 3659 3650 3663
f 3645 3659 3663
f 3660 3647 3672
f 3670 3672 3647
f 3646 3647 3660
f 3736 3665 3656
f 3727 3737 3736
f 3656 3655 3736
f 3661 3659 3646
f 3660 3661 3646
f 3742 3752 3631
f 3742 3631 3648
f 3624 3597 3752
f 3646 3659 3645
f 3636 3640 3625
f 3726 3682 3717
f 3435 4320 4317
f 3639 3640 3644
f 4477 4484 4481
f 4477 4479 4484
f 4476 4477 4485
f 4481 4485 4477
f 4475 4476 4483
f 4485 4482 4476
f 4482 4483 4476
f 4477 4490 4492
f 4489 4483 4371
f 4471 4475 4483
f 4455 4475 4472
f 4471 4483 4489
f 4479 4477 4492
f 4496 2632 4490
f 4472 4471 4430
f 4413 4291 4409
f 4419 4432 4434
f 4455 4472 4474
f 4454 4455 4464
f 4474 4458 4455
f 4454 4465 4466
f 4454 4466 4453
f 4419 4423 4415
f 4438 4415 4423
f 4419 4428 4423
f 4464 4465 4454
f 4415 4438 4435
f 4471 4472 4475
f 4466 4469 4453
f 4524 4530 4537
f 4513 4523 4520
f 4523 4537 4520
f 4537 4523 4524
f 4452 4535 4533
f 4524 4525 4530
f 4535 4452 4460
f 4525 4528 4531
f 4525 4531 4534
f 4542 4528 4525
f 4451 4533 4526
f 4451 4452 4533
f 4506 4528 4542
f 4468 4453 4469
f 4452 4453 4461
f 4466 4457 4469
f 4428 4419 4434
f 4452 4536 4460
f 4533 4527 4526
f 4450 4539 4447
f 4445 4450 4448
f 4447 4448 4450
f 4539 4450 4451
f 4526 4539 4451
f 4453 4468 4461
f 4496 4490 4477
f 4280 4440 4441
f 2638 4413 4409
f 4292 4440 4280
f 4429 4291 4413
f 3582 3585 3590
f 3582 3590 2647
f 3582 3620 3585
f 4280 4283 4292
f 4412 4413 2638
f 4280 4441 4279
f 4279 4441 4439
f 3591 3593 4277
f 3593 3585 3622
f 4278 4439 3591
f 4292 3591 4439
f 3593 3622 4276
f 3589 3585 3620
f 3636 3644 3640
f 3636 3603 3644
f 3621 3620 3583
f 3638 3617 3603
f 3636 3638 3603
f 3617 3588 3603
f 3616 3621 3583
f 3606 3621 3616
f 3617 3618 3588
f 3588 3618 3616
f 3616 3583 3588
f 4272 3623 3611
f 4276 3622 3623
f 4435 4429 4414
f 4432 4419 4442
f 4435 4414 4415
f 4429 4413 4414
f 4425 4432 4442
f 4279 4439 4278
f 4420 4425 4442
f 4443 4446 4416
f 4416 4420 4443
f 4446 4444 4445
f 4442 4443 4420
f 4450 4445 4449
f 4444 4449 4445
f 4443 4444 4446
f 4276 3623 4275
f 3593 4276 4277
f 4267 4275 4272
f 4267 4274 4271
f 4271 3610 4267
f 4267 3610 4264
f 4269 4263 4270
f 4264 4270 4263
f 4265 4262 4269
f 4269 4262 4263
f 3610 4268 4264
f 4266 4265 4269
f 4268 4270 4264
f 4261 4262 4265
f 4272 4275 3623
f 3653 3729 3821
f 3734 3737 3728
f 3717 3716 3726
f 3719 3709 3710
f 3653 3822 2652
f 3570 3823 3721
f 3727 3728 3737
f 3733 3744 3734
f 3742 3744 3745
f 3728 3733 3734
f 2653 3821 3628
f 3733 3745 3744
f 3710 3716 3720
f 3721 3823 3692
f 4096 4105 4108
f 4108 4095 4096
f 4100 3722 4095
f 4096 4097 4101
f 4105 4096 4101
f 3711 3822 3823
f 3822 3679 2652
f 3711 3679 3822
f 3729 3594 3821
f 3736 3655 3727
f 3822 3653 3821
f 3708 3709 3719
f 4107 4095 4108
f 3738 3821 3594
f 3747 3753 3746
f 3752 3746 3753
f 3750 3753 3747
f 3752 3742 3746
f 3820 3821 2653
f 3628 3821 3738
f 3760 3750 3749
f 3749 3750 3747
f 3757 3760 3749
f 3749 3761 3757
f 3740 3790 3820
f 3757 3754 3756
f 3754 3757 3761
f 3740 3820 2653
f 3790 3740 3601
f 3814 3812 3790
f 3761 3762 3782
f 3763 3799 3775
f 3792 3814 3790
f 3762 3763 3783
f 3785 3754 3761
f 3782 3786 3785
f 3761 3782 3785
f 3786 3782 3774
f 3785 3748 3584
f 3763 3781 3783
f 3781 3763 3775
f 3783 3782 3762
f 3812 3820 3790
f 4102 3685 4097
f 4096 4118 4097
f 4124 4120 4151
f 4128 4140 4120
f 4171 4165 4161
f 4102 4118 3683
f 4144 3683 4118
f 4118 4119 4145
f 4119 4141 4127
f 4141 4119 4140
f 4145 4119 4127
f 4097 4118 4102
f 4172 4132 4161
f 4165 4172 4161
f 4161 4132 4160
f 4171 4162 4166
f 4173 2664 4132
f 4162 4180 4182
f 4159 4160 4134
f 4185 4180 4162
f 4170 4166 4162
f 4162 4182 4163
f 4170 4162 4163
f 4180 4185 4183
f 4180 4183 4103
f 4135 4185 4186
f 4183 4185 4135
f 3802 3812 3816
f 3816 3812 3814
f 3811 3812 3802
f 4211 4207 4192
f 4207 4194 4214
f 4192 4208 4211
f 3799 3811 3803
f 3799 3803 3801
f 3775 3799 3801
f 4231 4208 4193
f 4192 4193 4208
f 4193 4228 4231
f 4207 4191 4192
f 4212 4203 2666
f 4218 4133 4187
f 4133 4135 4187
f 4205 4218 4188
f 4191 4214 4212
f 4228 4193 4234
f 4212 4190 4191
f 2666 4190 4212
f 4207 4214 4191
f 4189 4190 4205
f 4238 4232 4193
f 4239 4206 4238
f 2666 4205 4190
f 5071 5128 5121
f 5071 5125 5128
f 5121 5116 5071
f 5116 5121 5123
f 3600 5124 5071
f 5084 5097 5078
f 5073 5084 5088
f 5071 5072 3600
f 5124 5125 5071
f 5124 3777 5125
f 5115 5116 5120
f 3778 5105 5115
f 5116 5123 5120
f 5104 5103 5106
f 5105 5106 5103
f 3778 5102 5105
f 5115 5105 5103
f 5098 5099 2660
f 5077 5078 5098
f 5078 5097 5098
f 2660 5100 5101
f 5100 5103 5101
f 5099 5100 2660
f 5115 5120 3778
f 5073 5097 5084
f 4246 4247 4250
f 4250 4247 4253
f 4256 3780 4246
f 5082 3780 5085
f 3780 5081 4246
f 4256 4246 4250
f 4246 5081 4252
f 4249 4251 4260
f 4249 4261 4265
f 4247 4251 4253
f 4260 4251 4247
f 4245 4248 5075
f 4245 4246 4248
f 4265 3613 4249
f 5082 5085 5072
f 5079 5072 5073
f 5083 5082 5072
f 5089 5073 5088
f 5084 4258 5088
f 4254 5072 5085
f 5072 5079 5083
f 5089 5079 5073
f 4244 4259 5091
f 5091 4257 4244
f 5075 4259 4244
f 4245 5075 4244
f 4244 4257 5096
f 5132 4225 5138
f 4228 4234 4219
f 4223 5136 5135
f 5133 5142 3769
f 5136 5191 5132
f 5112 5133 4224
f 5133 5112 5132
f 5138 5136 5132
f 5134 4224 5133
f 5191 5136 4223
f 3769 5160 5113
f 5160 3769 5142
f 5132 5112 4225
f 3768 4202 4232
f 5191 4223 4237
f 4238 3768 4232
f 5191 4237 4235
f 3768 4238 4206
f 2667 5191 4235
f 5190 5191 4236
f 5155 5158 5190
f 5190 5158 5178
f 2667 4236 5191
f 5148 5183 4240
f 4204 4240 5183
f 4204 4206 4240
f 4234 4193 4232
f 5160 5142 5143
f 5179 5143 5152
f 5143 5144 5152
f 5157 5169 5144
f 5152 5144 5169
f 5144 5153 5157
f 5153 5144 5186
f 5160 5143 5161
f 5188 5096 5174
f 5174 5094 5188
f 4244 5096 5188
f 5189 5150 5186
f 5186 5150 5153
f 5188 5189 4243
f 5189 5187 4243
f 5186 5187 5189
f 4244 5188 4243
f 5161 5143 5179
f 5146 5156 5190
f 5156 5149 5187
f 5156 5187 5190
f 5187 5149 5147
f 5187 5147 5163
f 4242 4243 5145
f 4242 5168 5166
f 5166 4241 4242
f 4241 5166 5148
f 5145 5168 4242
f 5187 5163 4243
f 4241 5148 4240
f 5178 5146 5190
f 3702 3694 3708
f 2917 5061 2939
f 2939 5059 2916
f 2938 2939 2941
f 2941 2916 2940
f 2922 2940 2595
f 2597 2720 2677
f 2717 2718 2720
f 2720 2686 2719
f 2598 5017 2769
f 5016 2711 5052
f 5027 2712 5026
f 5005 5026 2761
f 2726 5014 5011
f 5011 5013 2756
f 2711 5054 5052
f 5053 5044 5054
f 5054 5030 5041
f 5043 5029 5042
f 5008 5039 2684
f 5009 2684 2717
f 2710 2717 2597
f 2754 5046 5018
f 5019 2711 2759
f 4862 4863 4865
f 4865 4842 4864
f 4925 2753 4924
f 2601 4861 4786
f 4901 4902 4885
f 4898 4899 4887
f 4891 4894 4892
f 4887 4910 4908
f 4908 4909 4886
f 4895 4896 4860
f 2901 2961 2959
f 2695 2958 2955
f 2955 2957 2953
f 5068 5069 5070
f 2906 2907 2909
f 2909 2863 2908
f 2874 2895 2892
f 2892 2894 2852
f 2912 2861 2911
f 2863 2973 2897
f 2911 2930 2973
f 2973 2696 2947
f 2894 2898 2978
f 2978 2852 2894
f 2908 2897 2969
f 2969 2876 2908
f 2898 2972 2968
f 2969 2970 2972
f 2972 2862 2971
f 2896 2980 2977
f 2978 2968 2980
f 2977 2979 2693
f 2861 2933 2930
f 2696 2945 2942
f 2943 2928 2945
f 2942 2944 2925
f 2934 2935 2937
f 2937 2922 2936
f 2927 2936 2924
f 2936 2595 5068
f 2862 2949 2946
f 2949 2900 2948
f 2946 2948 2902
f 2960 2902 2948
f 2604 2700 2697
f 2673 2707 2704
f 2713 2714 2716
f 2716 2674 2715
f 2688 2715 2678
f 2692 2596 2691
f 2867 2833 2866
f 2845 2857 2825
f 2833 2885 2859
f 2868 2883 2885
f 2885 2675 2884
f 2857 2860 2887
f 2887 2825 2857
f 2866 2859 2879
f 2879 2843 2866
f 2860 2882 2878
f 2879 2880 2882
f 2882 2832 2881
f 2849 2889 2886
f 2887 2878 2889
f 2886 2888 2603
f 2681 2748 2745
f 2725 2770 2747
f 2768 2769 2770
f 2770 2726 2755
f 2758 2682 2757
f 2734 2757 2709
f 2732 2735 2683
f 2739 2708 2698
f 4851 4932 4968
f 2750 2751 2752
f 4990 4991 4993
f 4993 4974 4992
f 4975 4982 4979
f 4979 4981 4973
f 4967 4997 4976
f 4994 4995 4997
f 4997 2749 4996
f 4986 2738 4985
f 4983 4985 2605
f 4826 4832 4829
f 4830 4831 4832
f 4846 4791 4845
f 4843 4845 4827
f 4837 4778 4954
f 4773 4849 4796
f 4849 4790 4848
f 4796 4848 4691
f 4855 4856 4858
f 4866 4867 4869
f 4869 4857 4868
f 4857 4871 4873
f 4873 4777 4872
f 4936 4789 4877
f 4839 4942 4939
f 4940 4941 4942
f 4942 4922 4926
f 4921 4929 4931
f 4931 2599 4930
f 4928 4930 4875
f 4937 4928 4952
f 4952 4875 4951
f 4950 4951 2729
f 4790 4956 4953
f 4954 4935 4956
f 4950 4851 4966
f 4812 4813 4814
f 4784 4835 4810
f 4833 4834 4835
f 4810 4826 2606
f 2995 3196 3193
f 3193 3195 2997
f 2994 2996 2992
f 2826 2905 2903
f 2850 2874 2905
f 2903 2904 2854
f 2854 2983 2981
f 2904 2896 2983
f 2981 2982 2853
f 3006 3007 3008
f 3008 2976 3001
f 2974 2976 3007
f 3001 3002 3003
f 3003 2975 2988
f 2999 3199 3197
f 3197 2995 2991
f 2778 3041 3039
f 3039 3040 2811
f 2809 2810 2701
f 3036 3037 3038
f 3038 2831 3031
f 2831 2841 2838
f 2839 2840 2841
f 2838 2829 2824
f 3031 2838 3032
f 3032 2824 3012
f 3028 3029 3030
f 3020 3013 3019
f 2829 2837 2834
f 2835 2836 2837
f 2847 2825 2846
f 2844 2846 2830
f 2827 2851 2848
f 2848 2850 2826
f 3013 2848 3022
f 3022 2826 3021
f 2810 3026 3023
f 3023 3025 3017
f 3015 3016 2608
f 2610 2790 2788
f 2788 2776 2741
f 2804 2680 2791
f 2799 2800 2802
f 2802 2794 2801
f 2794 2604 2793
f 2801 2793 3036
f 2776 2787 2784
f 2787 2798 2795
f 2795 2797 2786
f 2779 2808 2805
f 2808 2702 2807
f 2805 2807 2778
f 4987 4975 4989
f 2611 4805 4687
f 4805 4692 4804
f 4687 4804 4587
f 4690 4802 4799
f 4799 4801 4772
f 4806 4807 4808
f 4795 4781 4794
f 4781 4796 4798
f 4798 4691 4797
f 4809 4810 4811
f 4811 2606 4779
f 2615 2814 2812
f 2812 2813 2614
f 2617 4664 4654
f 4662 4663 4664
f 4685 4588 4684
f 4674 4684 4657
f 4682 4674 4681
f 4679 4681 4676
f 4667 4675 4578
f 4686 4687 4689
f 4689 4587 4688
f 4578 4709 4707
f 4709 4713 4710
f 4711 4712 4713
f 4657 4715 4708
f 4684 4714 4715
f 4554 4666 4610
f 3169 3180 3178
f 3167 3221 3219
f 3221 3246 3243
f 3244 3245 3246
f 3246 3155 3215
f 3181 3182 3183
f 3183 3000 3170
f 3186 3173 3185
f 3164 3185 3156
f 3173 2613 3172
f 3211 3242 3239
f 3240 3241 3242
f 3217 3226 3228
f 3228 3158 3227
f 3216 3163 3174
f 3174 3162 3216
f 3163 3177 3174
f 3174 3176 3166
f 3065 3087 3084
f 3087 3095 3092
f 3092 3094 3086
f 3067 3098 3096
f 3096 3097 3066
f 3134 3067 3096
f 3096 3052 3134
f 3060 3061 3063
f 3073 3074 3076
f 3076 3062 3075
f 3062 3077 3079
f 3079 3056 3078
f 3056 3080 3082
f 3082 2615 3081
f 2623 4756 4736
f 4736 3088 3058
f 4757 4762 4763
f 4763 3054 3060
f 4759 3060 3053
f 3089 4760 4758
f 4760 3053 3085
f 4758 3085 3065
f 4581 4618 4616
f 4616 4600 4583
f 4583 4602 4599
f 4602 4579 4601
f 4599 4601 4582
f 4606 4607 4608
f 4613 4614 4615
f 4584 4655 4607
f 4655 4661 4658
f 4659 4660 4661
f 4673 4667 4672
f 4670 4672 4669
f 4592 4668 4585
f 4598 4594 4597
f 4595 4597 4590
f 4594 4585 4593
f 4315 4605 4603
f 4603 4604 2623
f 4566 4567 4359
f 4609 4610 4611
f 4359 4620 4619
f 4619 4581 2624
f 4642 4643 4549
f 4641 4636 4640
f 4636 4512 4627
f 4631 4632 4634
f 4634 4630 4633
f 4630 2618 4629
f 4556 4557 4558
f 4559 4560 4561
f 4548 4626 4557
f 4565 4553 4564
f 4562 4564 2625
f 3269 3222 3275
f 3275 3161 3274
f 3110 3224 3222
f 3223 3167 3224
f 3222 3213 3161
f 3213 3236 3233
f 3236 3154 3235
f 3233 3235 3214
f 3212 3207 3160
f 3323 3333 2626
f 3146 3083 3145
f 3270 3110 3269
f 3400 3429 3427
f 3427 3423 3401
f 3401 3424 3422
f 3422 3396 3125
f 3115 3135 3132
f 3133 3134 3135
f 3135 3052 3112
f 3418 3132 3419
f 3419 3106 3121
f 3070 3417 3414
f 3415 3416 3417
f 3417 3123 3407
f 3416 3106 3116
f 3116 3123 3416
f 3408 3111 3136
f 3136 3122 3408
f 3407 3408 3410
f 3410 3122 3409
f 3403 3409 3105
f 3106 3120 3116
f 3117 3118 3120
f 3116 3119 3111
f 3111 3139 3136
f 3139 3113 3138
f 3136 3138 3108
f 3113 3141 3143
f 3143 2621 3142
f 3140 3142 3107
f 3122 3140 3412
f 3412 3107 3411
f 3127 3406 3404
f 3404 3405 3126
f 2630 4732 4328
f 4730 4731 4732
f 4328 4336 4308
f 4333 4336 4726
f 4726 4310 4333
f 4336 4729 4726
f 4726 4728 4338
f 4310 4337 3090
f 3091 4738 4312
f 4735 4736 4738
f 4738 3058 4737
f 3431 4745 4743
f 3432 4751 4749
f 4751 3069 3428
f 4749 3428 3400
f 4354 4355 4357
f 4386 4387 4389
f 4389 4356 4388
f 4351 4388 4294
f 4355 2624 4580
f 4580 4316 4355
f 4390 4315 4603
f 4356 4390 4391
f 4391 3091 4311
f 2632 4495 4470
f 4495 4360 4398
f 4566 4360 4494
f 4399 4359 4619
f 4619 4314 4399
f 4398 4399 4400
f 4400 4314 4354
f 4507 4509 4463
f 4503 4509 4569
f 4569 4500 4503
f 4509 4572 4569
f 4570 4555 4572
f 4569 4571 4511
f 4417 4522 4520
f 4521 4501 4522
f 4502 4503 4505
f 4504 4517 4519
f 4519 4358 4518
f 4516 4518 4493
f 3318 3467 3468
f 3449 3487 3465
f 3485 3486 3487
f 3281 3302 3300
f 3300 3301 3295
f 3293 3294 3261
f 3328 3317 3327
f 3313 3327 3262
f 3308 3315 3311
f 3311 3314 3307
f 3359 3311 3361
f 3361 3307 3360
f 3346 3360 2633
f 3380 3371 3280
f 3384 3385 3386
f 3386 3260 3277
f 3372 3277 3257
f 3257 3278 3276
f 3277 3264 3278
f 3379 3372 3378
f 3376 3378 3373
f 3370 3290 3282
f 3282 3292 3289
f 2636 3131 3128
f 4303 2628 3382
f 4302 3382 3130
f 2637 4325 4322
f 4323 4307 4325
f 4322 4324 3433
f 4327 4328 4329
f 4332 4333 4335
f 4335 4310 4334
f 4307 4321 4318
f 4318 4320 3435
f 4293 4381 4379
f 4380 4366 4381
f 4379 4363 4344
f 4367 4368 4369
f 4366 4378 4375
f 4375 4361 4347
f 4382 4383 4385
f 4385 4351 4384
f 4362 4384 4353
f 4323 4284 4365
f 4438 4431 4437
f 4435 4437 4429
f 4423 4474 4436
f 4474 4430 4473
f 4436 4473 4431
f 4490 4491 4492
f 4492 4348 4479
f 4349 4488 4486
f 4488 4373 4406
f 4486 4406 4370
f 4481 4372 4395
f 4395 4396 4397
f 4394 4404 4401
f 4402 4403 4404
f 4370 4407 4405
f 4406 4394 4407
f 4405 4380 4293
f 4528 4529 4531
f 4527 4535 4532
f 4447 4541 4538
f 4539 4527 4541
f 4538 4540 4418
f 4467 4418 4540
f 4530 4520 4537
f 4422 4469 4457
f 4467 4468 4469
f 4424 4459 4427
f 4426 4427 4428
f 4425 4434 4432
f 3296 3349 3347
f 3348 3483 3481
f 3447 3482 3483
f 3483 3449 3464
f 3450 3480 3477
f 3478 3479 3480
f 3477 3469 3463
f 3448 3472 3470
f 3473 3448 3474
f 3284 3358 3356
f 3356 3342 3297
f 3350 3351 3353
f 3353 3346 3352
f 3499 3509 3511
f 3511 3285 3510
f 3495 3128 3496
f 3497 3498 3500
f 3505 3506 3508
f 3508 3499 3507
f 2640 4326 3560
f 4326 2636 3495
f 3560 3495 2639
f 4283 4290 4287
f 4287 4289 4286
f 3642 4285 2640
f 4439 4440 4292
f 3591 4283 2641
f 3907 3475 2642
f 3534 3514 3533
f 3533 3926 3928
f 3928 3513 3927
f 3904 3927 2643
f 3555 3556 3557
f 3557 3504 3520
f 3552 3553 3554
f 3551 3565 3562
f 3562 3542 3519
f 3577 3503 3576
f 3528 3576 3521
f 3559 3560 3561
f 3561 2639 3502
f 3592 3642 3643
f 3643 2640 3559
f 3593 2641 3592
f 3854 3548 3942
f 3942 3829 3854
f 3948 3949 3951
f 3951 3537 3950
f 3947 3950 3943
f 3915 3524 3872
f 3546 3882 3884
f 3884 3531 3883
f 3548 3917 3914
f 3922 3903 3953
f 3901 3923 3925
f 3925 3904 3924
f 3837 3955 3952
f 3955 3903 3954
f 3952 3954 3946
f 3944 3945 2649
f 3869 3539 3566
f 3539 3568 3566
f 3567 3551 3568
f 3880 3546 3879
f 3877 3879 3540
f 3853 3872 3524
f 3828 3870 3849
f 3868 3869 3870
f 3849 3852 3830
f 3845 3852 3864
f 3864 3833 3845
f 3852 3867 3864
f 3864 3866 3855
f 3833 3854 3829
f 3844 3845 3847
f 3847 3833 3846
f 3682 3690 3686
f 3690 3698 3695
f 3695 3697 3689
f 3718 3690 3695
f 3695 3681 3718
f 3717 3718 3720
f 3720 3681 3719
f 3680 3700 3688
f 3681 3705 3702
f 3705 3693 3704
f 3702 3704 3694
f 3626 3629 3649
f 3649 3597 3626
f 3631 3652 3648
f 3652 3661 3657
f 3658 3659 3661
f 3657 3660 3651
f 3743 3652 3657
f 3657 3630 3743
f 3742 3743 3744
f 3744 3630 3734
f 3629 3663 3650
f 3666 3673 3654
f 3734 3735 3737
f 3737 3665 3736
f 3735 3651 3669
f 3669 3665 3735
f 3651 3672 3669
f 3672 3666 3671
f 3669 3671 3668
f 3665 3667 3656
f 4274 3611 4273
f 4271 4273 3612
f 4273 3587 3605
f 3605 3612 4273
f 3623 3585 3589
f 3587 3621 3606
f 3619 3620 3621
f 3625 3639 3586
f 3584 3756 3754
f 3756 3760 3757
f 3758 3759 3760
f 3760 3598 3750
f 3596 3608 3604
f 3608 3618 3614
f 3615 3616 3618
f 3614 3617 3607
f 3759 3608 3614
f 3614 3598 3759
f 3751 3607 3635
f 3635 3624 3751
f 3607 3638 3635
f 3638 3625 3637
f 3635 3637 3627
f 3624 3626 3597
f 3750 3751 3753
f 3753 3624 3752
f 3613 4266 4255
f 4266 4270 4268
f 4031 4032 4033
f 4028 4029 4030
f 4030 2648 4021
f 3964 4020 4018
f 4020 4027 4025
f 4025 4016 4014
f 3977 3966 4089
f 3965 3991 3988
f 4001 3967 4000
f 3998 4000 3990
f 3982 3983 3984
f 3984 3960 3961
f 3959 3976 3974
f 3963 2649 3962
f 3839 4005 4002
f 4005 3980 4004
f 4002 4004 3978
f 3723 3850 4117
f 4117 3523 3841
f 4079 3827 3832
f 3832 3842 4079
f 4078 4086 4082
f 4086 3982 4085
f 4082 4085 3725
f 4081 4090 4087
f 4088 4078 4090
f 4087 4089 3966
f 4138 3633 3712
f 3633 3715 3712
f 3713 3679 3715
f 3685 4101 4097
f 4105 4106 4108
f 4108 3724 4107
f 3714 4111 4099
f 4109 3721 4111
f 4111 3692 4110
f 3722 4115 4112
f 4115 3723 4114
f 4112 4114 3684
f 3795 3634 3794
f 3793 3794 3632
f 3601 3741 3739
f 3740 3628 3741
f 3739 3731 3634
f 3634 3732 3730
f 3732 2652 3713
f 3730 3713 3633
f 3778 5123 5119
f 5123 5118 5122
f 5119 5122 5108
f 5125 5126 5128
f 5128 5117 5127
f 5121 5127 5118
f 5109 3765 3805
f 5107 3805 3599
f 3787 3609 3788
f 5129 5130 5131
f 5131 3748 3784
f 5117 3784 3602
f 3602 3786 3774
f 3784 3785 3786
f 3599 3807 3804
f 3805 3772 3807
f 3804 3806 3764
f 3781 3782 3783
f 3772 3803 3800
f 3800 3802 3767
f 3767 3816 3813
f 3816 3792 3815
f 3813 3815 3789
f 3792 3601 3791
f 3764 3819 3817
f 3819 3766 3818
f 3817 3818 2659
f 5076 5083 5079
f 5080 5081 5083
f 5083 3780 5082
f 5074 5089 5086
f 5087 5079 5089
f 5086 5088 4258
f 4257 5093 5090
f 5091 5074 5093
f 5090 5092 3779
f 4250 4255 4256
f 4256 2654 3787
f 4254 3787 3600
f 2662 4009 4007
f 4007 4008 2661
f 2663 4056 4053
f 4054 3992 4056
f 4053 4055 3969
f 4040 3988 4042
f 4046 4041 4045
f 3992 4052 4049
f 4049 4051 3972
f 4041 4002 4048
f 4048 3978 4047
f 2664 4178 4176
f 4178 3997 4177
f 4176 4177 3995
f 2665 4169 4167
f 4168 4136 4169
f 3797 4139 4136
f 4137 4138 4139
f 4104 4129 4125
f 4122 4145 4127
f 4143 4144 4145
f 4121 4149 4146
f 4149 4123 4148
f 4146 4148 3996
f 4103 4182 4180
f 4181 4163 4182
f 4164 4125 4166
f 4165 4146 4175
f 4175 3996 4174
f 4173 4174 4131
f 2666 4217 4215
f 4217 3798 4216
f 4215 4216 3796
f 3809 3793 4201
f 4201 3632 4200
f 4199 4200 3798
f 4200 2658 4137
f 4137 3798 4200
f 4216 3797 4168
f 4168 3796 4216
f 4235 4202 3768
f 5136 5137 5135
f 5110 5101 5112
f 5107 3808 5140
f 4223 5141 5139
f 5141 3808 4220
f 5139 4220 3771
f 4220 4221 4222
f 4219 4231 4228
f 4229 4230 4231
f 4231 4195 4208
f 4221 3599 3804
f 3804 3810 4221
f 4196 3764 3817
f 3817 3809 4196
f 4208 4209 4211
f 4211 4198 4210
f 4207 4210 4194
f 4198 3809 4197
f 4202 4234 4232
f 4233 4219 4234
f 4214 3770 4213
f 4212 4213 4203
f 5189 5094 5150
f 5153 5173 5157
f 5170 5171 5173
f 5173 4227 5172
f 5145 5165 5162
f 5163 5149 5165
f 5162 5164 4226
f 5175 4257 5090
f 5090 5095 5175
f 5094 5177 5151
f 5174 5175 5177
f 5177 5095 5176
f 5095 5077 5114
f 4226 5182 5180
f 5182 5155 5181
f 5180 5181 5154
f 5161 5113 5160
f 4059 2662 4058
f 4218 2665 4133
f 5166 5167 5148
f 5148 5185 5183
f 5185 2667 5184
f 5183 5184 4204
f 5062 2916 5059
f 2915 2596 2913
f 2965 2902 2901
f 3004 3001 3003
f 2891 2906 2909
f 2871 2884 2675
f 2874 2888 2893
f 2893 2877 2890
f 2817 2735 2736
f 2819 2707 2705
f 5048 5038 5043
f 5010 5023 5007
f 5047 5041 5030
f 5004 5002 5003
f 5001 5017 5015
f 2699 2820 2821
f 2817 2724 2740
f 3202 2613 2607
f 3455 3457 3454
f 3204 3157 3153
f 3203 3172 2613
f 3189 2607 2613
f 3044 2608 3016
f 3177 3151 3187
f 3047 3181 3183
f 3454 3458 3453
f 3453 3459 3452
f 3331 3334 3323
f 3452 3467 3310
f 3209 3218 3225
f 3242 3237 3238
f 3275 3159 3271
f 3254 2627 3273
f 2810 3040 3024
f 3147 3100 3101
f 3104 3101 3099
f 3146 3391 3392
f 3390 3268 3270
f 3407 3394 3413
f 2730 5000 5001
f 5032 5019 2759
f 4999 2730 2750
f 4946 4921 4927
f 2771 2803 2605
f 4766 2789 2610
f 4960 4968 4932
f 4945 4947 4935
f 4964 4953 4965
f 4703 4804 4692
f 4878 4868 4840
f 4822 4787 4785
f 2601 4879 4880
f 4882 4900 4898
f 4882 4903 4901
f 2612 4696 4697
f 4765 2781 2616
f 4765 3071 3072
f 4718 4593 4585
f 4695 4683 4685
f 4680 4678 4693
f 4679 4667 4671
f 4721 3058 3088
f 4740 4748 4745
f 4305 3090 3430
f 4723 4738 4737
f 4724 4313 4733
f 4725 4734 3431
f 4724 4728 4729
f 4607 4655 4658
f 4577 4598 4595
f 2618 4609 4629
f 4647 4512 4635
f 4622 4629 4609
f 4636 4631 4640
f 4552 4563 4565
f 4498 4515 4504
f 4548 4643 4625
f 4543 4508 4506
f 3320 3330 3331
f 3320 3322 3328
f 3313 3314 3315
f 3445 3318 3309
f 3286 3278 3264
f 3272 3255 3263
f 3301 3294 3295
f 3363 3293 3261
f 3443 3343 3345
f 3894 2642 3475
f 3490 3341 3296
f 3932 3908 3909
f 3353 3340 3362
f 3442 3358 3357
f 3475 3892 3893
f 3896 3907 2642
f 3907 3896 3897
f 3931 3909 3536
f 3439 3374 3130
f 4300 3131 3129
f 4298 4320 4321
f 3888 3577 3528
f 3887 3530 3543
f 3886 3526 3547
f 3897 3925 3924
f 3899 3913 3902
f 3860 3501 3567
f 2649 4028 3962
f 3535 3938 3939
f 3948 3940 3941
f 3956 3836 3838
f 3964 3979 4019
f 4064 2661 4008
f 4037 2656 3964
f 4061 4009 3971
f 4008 4062 4063
f 3987 3998 3991
f 4042 4039 4043
f 4057 4068 4069
f 3861 3541 3876
f 3863 3866 3867
f 3826 3847 3846
f 3859 3525 3569
f 3857 3851 3828
f 3824 3848 3523
f 3824 3850 2651
f 4084 4076 4077
f 2663 4070 4071
f 4155 4177 3997
f 4156 4179 3995
f 4151 4123 4147
f 4334 4306 4339
f 4341 4327 4329
f 4350 4342 4343
f 4298 3434 4330
f 4296 4365 4284
f 4290 4281 4282
f 4410 4378 4376
f 4392 4367 4369
f 4412 2638 4364
f 3677 3688 3700
f 3673 3675 3676
f 3582 2647 3641
f 3639 3629 3586
f 3752 3597 3631
f 4455 4458 4464
f 4525 4534 4530
f 4452 4461 4536
f 3591 4277 4278
f 3620 3582 3583
f 4267 4272 4274
f 3742 3745 3746
f 3785 3584 3754
f 4140 4119 4120
f 4171 4161 4162
f 4118 4145 4144
f 3811 3802 3803
f 4218 4187 4188
f 4135 4186 4187
f 4205 4188 4189
f 5072 4254 3600
f 5098 2660 5077
f 5103 5104 5101
f 4249 4260 4261
f 4246 4252 4248
f 5133 3769 5134
f 5190 4236 5155
f 4206 4239 4240
f 4243 5163 5145
