# Rhino

g object_1
v 3481.625 0 -1526.137451171875
v 3481.625 0 -1304.925048828125
v 3481.625 0 -1083.7125244140625
v 3481.625 0 -862.5
v 3481.625 0 -641.2874755859375
v 3481.625 0 -420.07501220703125
v 3481.625 0 -198.86250305175781
v 3188.375 0 -1304.925048828125
v 3188.375 0 -641.2874755859375
v 3188.375 0 -420.07501220703125
v 3188.375 0 -198.86250305175781
v 2895.125 0 -1526.137451171875
v 2895.125 0 -1304.925048828125
v 2895.125 0 -641.2874755859375
v 2895.125 0 -420.07501220703125
v 2895.125 0 -198.86250305175781
v 2601.875 0 -1526.137451171875
v 2601.875 0 -1304.925048828125
v 2601.875 0 -641.2874755859375
v 2601.875 0 -420.07501220703125
v 2601.875 0 -198.86250305175781
v 2308.625 0 -1526.137451171875
v 2308.625 0 -1304.925048828125
v 2308.625 0 -1083.7125244140625
v 2308.625 0 -198.86250305175781
v 2015.375 0 -1526.137451171875
v 2015.375 0 -1304.925048828125
v 2015.375 0 -1083.7125244140625
v 2015.375 0 -862.5
v 2015.375 0 -641.2874755859375
v 2015.375 0 -420.07501220703125
v 2015.375 0 -198.86250305175781
v 1722.125 0 -1526.137451171875
v 1722.125 0 -1304.925048828125
v 1722.125 0 -1083.7125244140625
v 1722.125 0 -862.5
v 1722.125 0 -641.2874755859375
v 1722.125 0 -198.86250305175781
v 1428.875 0 -1304.925048828125
v 1428.875 0 -1083.7125244140625
v 1428.875 0 -862.5
v 1428.875 0 -641.2874755859375
v 1135.625 0 -1304.925048828125
v 1135.625 0 -1083.7125244140625
v 1135.625 0 -862.5
v 1135.625 0 -641.2874755859375
v 1135.625 0 -420.07501220703125
v 1135.625 0 -198.86250305175781
v 842.375 0 -1526.137451171875
v 842.375 0 -1304.925048828125
v 842.375 0 -1083.7125244140625
v 842.375 0 -862.5
v 842.375 0 -641.2874755859375
v 842.375 0 -420.07501220703125
v 842.375 0 -198.86250305175781
v 549.125 0 -1526.137451171875
v 549.125 0 -1304.925048828125
v 549.125 0 -1083.7125244140625
v 549.125 0 -420.07501220703125
v 549.125 0 -198.86250305175781
v 255.875 0 -1526.137451171875
v 255.875 0 -1304.925048828125
v 255.875 0 -1083.7125244140625
v 255.875 0 -641.2874755859375
v 255.875 0 -420.07501220703125
v 255.875 0 -198.86250305175781
v 3032.5 0 -505
v 3047.5 0 -505
v 2895.125 0 -530.6812744140625
v 3188.375 0 -530.6812744140625
v 3041.75 0 -530.6812744140625
v 2895.125 0 -475.37811279296875
v 2968.4375 0 -420.07501220703125
v 2968.4375 0 -530.6812744140625
v 2968.4375 0 -475.37811279296875
v 2601.875 0 -530.6812744140625
v 2748.5 0 -420.07501220703125
v 2748.5 0 -641.2874755859375
v 2748.5 0 -530.6812744140625
v 2895.125 0 -309.46875
v 3188.375 0 -309.46875
v 2968.4375 0 -503.02969360351562
v 3005.09375 0 -475.37811279296875
v 3005.09375 0 -530.6812744140625
v 3005.09375 0 -503.02969360351562
v 3115.0625 0 -420.07501220703125
v 3188.375 0 -475.37811279296875
v 3115.0625 0 -530.6812744140625
v 3115.0625 0 -475.37811279296875
v 3481.625 0 -530.6812744140625
v 3335 0 -641.2874755859375
v 3335 0 -530.6812744140625
v 2895.125 0 -585.984375
v 3041.75 0 -585.984375
v 2968.4375 0 -641.2874755859375
v 2968.4375 0 -585.984375
v 2895.125 0 -751.89373779296875
v 3188.375 0 -751.89373779296875
v 3078.40625 0 -475.37811279296875
v 3115.0625 0 -503.02969360351562
v 3078.40625 0 -530.6812744140625
v 3078.40625 0 -503.02969360351562
v 3188.375 0 -585.984375
v 3115.0625 0 -641.2874755859375
v 3115.0625 0 -585.984375
v 3047.5 0 -395
v 3057.5 0 -395
v 3115.0625 0 -309.46875
v 3188.375 0 -364.77188110351562
v 3115.0625 0 -364.77188110351562
v 3335 0 -198.86250305175781
v 3481.625 0 -309.46875
v 3335 0 -309.46875
v 3078.40625 0 -364.77188110351562
v 3115.0625 0 -392.42343139648438
v 3078.40625 0 -420.07501220703125
v 3078.40625 0 -392.42343139648438
v 2895.125 0 -364.77188110351562
v 2968.4375 0 -309.46875
v 2968.4375 0 -364.77188110351562
v 2601.875 0 -309.46875
v 2748.5 0 -198.86250305175781
v 2748.5 0 -309.46875
v 3078.40625 0 -406.24920654296875
v 3060.078125 0 -420.07501220703125
v 3060.078125 0 -406.24920654296875
v 3115.0625 0 -447.7265625
v 3078.40625 0 -447.7265625
v 2968.4375 0 -392.42343139648438
v 3005.09375 0 -364.77188110351562
v 3005.09375 0 -420.07501220703125
v 3005.09375 0 -392.42343139648438
v 3057.5 0 -385
v 3060.078125 0 -364.77188110351562
v 3078.40625 0 -378.59765625
v 3060.078125 0 -378.59765625
v 3078.40625 0 -309.46875
v 3115.0625 0 -337.12030029296875
v 3078.40625 0 -337.12030029296875
v 3115.0625 0 -198.86250305175781
v 3188.375 0 -254.16561889648438
v 3115.0625 0 -254.16561889648438
v 2895.125 0 -88.256248474121094
v 3188.375 0 -88.256248474121094
v 3047.5 0 -385
v 3047.5 0 -270
v 3047.5 0 -155
v 3067.5 0 -155
v 3115.0625 0 -88.256248474121094
v 3188.375 0 -143.55937194824219
v 3115.0625 0 -143.55937194824219
v 3481.625 0 -88.256248474121094
v 3335 0 -88.256248474121094
v 3078.40625 0 -143.55937194824219
v 3115.0625 0 -171.2109375
v 3078.40625 0 -198.86250305175781
v 3078.40625 0 -171.2109375
v 2895.125 0 -143.55937194824219
v 2968.4375 0 -88.256248474121094
v 2968.4375 0 -143.55937194824219
v 2601.875 0 -88.256248474121094
v 3067.5 0 -40
v 3057.5 0 -40
v 3188.375 0 -32.953125
v 3115.0625 0 -32.953125
v 3078.40625 0 -32.953125
v 3115.0625 0 -60.604686737060547
v 3078.40625 0 -88.256248474121094
v 3078.40625 0 -60.604686737060547
v 2895.125 0 -32.953125
v 2968.4375 0 -32.953125
v 3078.40625 0 -46.778907775878906
v 2968.4375 0 -60.604686737060547
v 3005.09375 0 -32.953125
v 3005.09375 0 -88.256248474121094
v 3005.09375 0 -60.604686737060547
v 3115.0625 0 -5.3015623092651367
v 3078.40625 0 -5.3015623092651367
v 3057.5 0 0
v 3222.5 0 0
v 3222.5 0 -185
v 3232.5 0 -185
v 3261.6875 0 -88.256248474121094
v 3335 0 -143.55937194824219
v 3261.6875 0 -198.86250305175781
v 3261.6875 0 -143.55937194824219
v 3188.375 0 -171.2109375
v 3261.6875 0 -171.2109375
v 3225.03125 0 -198.86250305175781
v 3335 0 -254.16561889648438
v 3261.6875 0 -309.46875
v 3261.6875 0 -254.16561889648438
v 3188.375 0 -185.03671264648438
v 3206.703125 0 -171.2109375
v 3206.703125 0 -198.86250305175781
v 3206.703125 0 -185.03671264648438
v 3188.375 0 -226.51406860351562
v 3261.6875 0 -226.51406860351562
v 3225.03125 0 -226.51406860351562
v 3151.71875 0 -143.55937194824219
v 3151.71875 0 -198.86250305175781
v 3151.71875 0 -171.2109375
v 3243.359375 0 -171.2109375
v 3261.6875 0 -185.03671264648438
v 3243.359375 0 -198.86250305175781
v 3243.359375 0 -185.03671264648438
v 3298.34375 0 -143.55937194824219
v 3335 0 -171.2109375
v 3298.34375 0 -198.86250305175781
v 3298.34375 0 -171.2109375
v 3408.3125 0 -88.256248474121094
v 3481.625 0 -143.55937194824219
v 3408.3125 0 -198.86250305175781
v 3408.3125 0 -143.55937194824219
v 3628.25 0 -198.86250305175781
v 3628.25 0 -88.256248474121094
v 3232.5 0 0
v 3372.5 0 0
v 3372.5 0 -45
v 3362.5 0 -45
v 3335 0 -32.953125
v 3481.625 0 -32.953125
v 3408.3125 0 -32.953125
v 3335 0 -60.604686737060547
v 3408.3125 0 -60.604686737060547
v 3261.6875 0 -32.953125
v 3408.3125 0 -46.778907775878906
v 3444.96875 0 -32.953125
v 3481.625 0 -60.604686737060547
v 3444.96875 0 -88.256248474121094
v 3444.96875 0 -60.604686737060547
v 3628.25 0 -32.953125
v 3554.9375 0 -88.256248474121094
v 3554.9375 0 -32.953125
v 3335 0 -46.778907775878906
v 3353.328125 0 -32.953125
v 3353.328125 0 -60.604686737060547
v 3353.328125 0 -46.778907775878906
v 3261.6875 0 -60.604686737060547
v 3298.34375 0 -32.953125
v 3298.34375 0 -88.256248474121094
v 3298.34375 0 -60.604686737060547
v 3362.5 0 -150
v 3372.5 0 -150
v 3408.3125 0 -171.2109375
v 3371.65625 0 -198.86250305175781
v 3371.65625 0 -171.2109375
v 3481.625 0 -254.16561889648438
v 3408.3125 0 -309.46875
v 3628.25 0 -420.07501220703125
v 3628.25 0 -309.46875
v 3335 0 -157.38516235351562
v 3353.328125 0 -143.55937194824219
v 3371.65625 0 -157.38516235351562
v 3353.328125 0 -171.2109375
v 3353.328125 0 -157.38516235351562
v 3335 0 -115.90781402587891
v 3408.3125 0 -115.90781402587891
v 3408.3125 0 -157.38516235351562
v 3444.96875 0 -143.55937194824219
v 3481.625 0 -171.2109375
v 3444.96875 0 -198.86250305175781
v 3444.96875 0 -171.2109375
v 3628.25 0 -143.55937194824219
v 3554.9375 0 -198.86250305175781
v 3554.9375 0 -143.55937194824219
v 3382.5 0 -150
v 3382.5 0 -275
v 3232.5 0 -275
v 3232.5 0 -255
v 3188.375 0 -281.81719970703125
v 3225.03125 0 -309.46875
v 3335 0 -364.77188110351562
v 3261.6875 0 -420.07501220703125
v 3261.6875 0 -364.77188110351562
v 3222.5 0 -255
v 3243.359375 0 -254.16561889648438
v 3261.6875 0 -267.99139404296875
v 3243.359375 0 -267.99139404296875
v 3298.34375 0 -254.16561889648438
v 3298.34375 0 -309.46875
v 3188.375 0 -267.99139404296875
v 3206.703125 0 -254.16561889648438
v 3206.703125 0 -281.81719970703125
v 3206.703125 0 -267.99139404296875
v 3115.0625 0 -281.81719970703125
v 3151.71875 0 -254.16561889648438
v 3151.71875 0 -309.46875
v 3151.71875 0 -281.81719970703125
v 3222.5 0 -305
v 3232.5 0 -305
v 3188.375 0 -295.64297485351562
v 3206.703125 0 -309.46875
v 3206.703125 0 -295.64297485351562
v 3188.375 0 -337.12030029296875
v 3261.6875 0 -337.12030029296875
v 3225.03125 0 -364.77188110351562
v 3225.03125 0 -337.12030029296875
v 3261.6875 0 -295.64297485351562
v 3243.359375 0 -309.46875
v 3243.359375 0 -295.64297485351562
v 3232.5 0 -285
v 3382.5 0 -285
v 3382.5 0 -385
v 3232.5 0 -385
v 3232.5 0 -375
v 3225.03125 0 -420.07501220703125
v 3261.6875 0 -530.6812744140625
v 3261.6875 0 -475.37811279296875
v 3243.359375 0 -364.77188110351562
v 3261.6875 0 -378.59765625
v 3243.359375 0 -378.59765625
v 3298.34375 0 -364.77188110351562
v 3481.625 0 -364.77188110351562
v 3408.3125 0 -420.07501220703125
v 3408.3125 0 -364.77188110351562
v 3222.5 0 -375
v 3188.375 0 -378.59765625
v 3206.703125 0 -364.77188110351562
v 3206.703125 0 -378.59765625
v 3151.71875 0 -364.77188110351562
v 3151.71875 0 -420.07501220703125
v 3151.71875 0 -392.42343139648438
v 3222.5 0 -385
v 3157.5 0 -385
v 3157.5 0 -395
v 3151.71875 0 -378.59765625
v 3170.046875 0 -364.77188110351562
v 3170.046875 0 -378.59765625
v 3151.71875 0 -337.12030029296875
v 3151.71875 0 -406.24920654296875
v 3188.375 0 -406.24920654296875
v 3170.046875 0 -420.07501220703125
v 3170.046875 0 -406.24920654296875
v 3188.375 0 -447.7265625
v 3151.71875 0 -475.37811279296875
v 3151.71875 0 -447.7265625
v 3322.5 0 -395
v 3322.5 0 -475
v 3382.5 0 -475
v 3382.5 0 -602.5
v 3382.5 0 -730
v 3212.5 0 -730
v 3042.5 0 -730
v 3042.5 0 -610
v 3032.5 0 -610
v 3078.40625 0 -585.984375
v 3115.0625 0 -613.63592529296875
v 3078.40625 0 -641.2874755859375
v 3078.40625 0 -613.63592529296875
v 3188.375 0 -696.59063720703125
v 3115.0625 0 -751.89373779296875
v 3115.0625 0 -696.59063720703125
v 3481.625 0 -751.89373779296875
v 3335 0 -862.5
v 3335 0 -751.89373779296875
v 3041.75 0 -599.8101806640625
v 3060.078125 0 -585.984375
v 3078.40625 0 -599.8101806640625
v 3060.078125 0 -613.63592529296875
v 3060.078125 0 -599.8101806640625
v 2968.4375 0 -613.63592529296875
v 3005.09375 0 -585.984375
v 3005.09375 0 -641.2874755859375
v 3005.09375 0 -613.63592529296875
v 2895.125 0 -696.59063720703125
v 2968.4375 0 -751.89373779296875
v 2968.4375 0 -696.59063720703125
v 2601.875 0 -751.89373779296875
v 2748.5 0 -751.89373779296875
v 3041.75 0 -558.33282470703125
v 3115.0625 0 -558.33282470703125
v 3078.40625 0 -558.33282470703125
v 3005.09375 0 -599.8101806640625
v 3023.421875 0 -585.984375
v 3023.421875 0 -613.63592529296875
v 3023.421875 0 -599.8101806640625
v 2968.4375 0 -558.33282470703125
v 3005.09375 0 -558.33282470703125
v 3032.5 0 -740
v 3212.5 0 -740
v 3392.5 0 -740
v 3392.5 0 -730
v 3335 0 -696.59063720703125
v 3408.3125 0 -641.2874755859375
v 3481.625 0 -696.59063720703125
v 3408.3125 0 -751.89373779296875
v 3628.25 0 -641.2874755859375
v 3628.25 0 -862.5
v 3628.25 0 -751.89373779296875
v 3335 0 -724.2421875
v 3371.65625 0 -696.59063720703125
v 3408.3125 0 -724.2421875
v 3371.65625 0 -751.89373779296875
v 3371.65625 0 -724.2421875
v 3335 0 -807.1968994140625
v 3481.625 0 -807.1968994140625
v 3408.3125 0 -862.5
v 3408.3125 0 -807.1968994140625
v 3481.625 0 -973.10626220703125
v 3335 0 -1083.7125244140625
v 3335 0 -973.10626220703125
v 3261.6875 0 -641.2874755859375
v 3261.6875 0 -751.89373779296875
v 3261.6875 0 -696.59063720703125
v 3408.3125 0 -738.0679931640625
v 3389.984375 0 -751.89373779296875
v 3444.96875 0 -696.59063720703125
v 3481.625 0 -724.2421875
v 3444.96875 0 -751.89373779296875
v 3444.96875 0 -724.2421875
v 3554.9375 0 -641.2874755859375
v 3628.25 0 -696.59063720703125
v 3554.9375 0 -751.89373779296875
v 3628.25 0 -530.6812744140625
v 3335 0 -779.5452880859375
v 3408.3125 0 -779.5452880859375
v 3371.65625 0 -807.1968994140625
v 3371.65625 0 -779.5452880859375
v 3188.375 0 -807.1968994140625
v 3261.6875 0 -862.5
v 3261.6875 0 -807.1968994140625
v 3392.5 0 -710
v 3407.5 0 -710
v 3407.5 0 -700
v 3371.65625 0 -710.4163818359375
v 3335 0 -668.9390869140625
v 3371.65625 0 -641.2874755859375
v 3371.65625 0 -668.9390869140625
v 3335 0 -585.984375
v 3408.3125 0 -530.6812744140625
v 3481.625 0 -585.984375
v 3392.5 0 -700
v 3392.5 0 -587.5
v 3392.5 0 -475
v 3392.5 0 -465
v 3481.625 0 -475.37811279296875
v 3408.3125 0 -475.37811279296875
v 3408.3125 0 -447.7265625
v 3408.3125 0 -461.55233764648438
v 3444.96875 0 -420.07501220703125
v 3481.625 0 -447.7265625
v 3444.96875 0 -475.37811279296875
v 3444.96875 0 -447.7265625
v 3554.9375 0 -420.07501220703125
v 3628.25 0 -475.37811279296875
v 3554.9375 0 -530.6812744140625
v 3554.9375 0 -475.37811279296875
v 3335 0 -503.02969360351562
v 3408.3125 0 -503.02969360351562
v 3371.65625 0 -530.6812744140625
v 3371.65625 0 -503.02969360351562
v 3392.5 0 -255
v 3392.5 0 -45
v 3382.5 0 -45
v 3382.5 0 0
v 3560 0 0
v 3737.5 0 0
v 3737.5 0 -45
v 3722.5 0 -45
v 3701.5625 0 -88.256248474121094
v 3701.5625 0 -32.953125
v 3701.5625 0 -60.604686737060547
v 3701.5625 0 -198.86250305175781
v 3701.5625 0 -143.55937194824219
v 3723.16162109375 0 -263.33334350585938
v 3723.8232421875 0 -481.66665649414062
v 3724.48486328125 0 -700
v 3650.727294921875 0 -700
v 3650.727294921875 0 -710
v 3701.5625 0 -641.2874755859375
v 3701.5625 0 -751.89373779296875
v 3628.25 0 -724.2421875
v 3701.5625 0 -724.2421875
v 3664.90625 0 -751.89373779296875
v 3664.90625 0 -724.2421875
v 3628.25 0 -807.1968994140625
v 3701.5625 0 -862.5
v 3701.5625 0 -807.1968994140625
v 3628.25 0 -1083.7125244140625
v 3628.25 0 -973.10626220703125
v 3628.25 0 -710.4163818359375
v 3646.578125 0 -724.2421875
v 3554.9375 0 -724.2421875
v 3591.59375 0 -696.59063720703125
v 3591.59375 0 -751.89373779296875
v 3591.59375 0 -724.2421875
v 3554.9375 0 -862.5
v 3554.9375 0 -807.1968994140625
v 3628.25 0 -668.9390869140625
v 3664.90625 0 -641.2874755859375
v 3701.5625 0 -668.9390869140625
v 3664.90625 0 -668.9390869140625
v 3628.25 0 -585.984375
v 3701.5625 0 -530.6812744140625
v 3701.5625 0 -585.984375
v 3724.48486328125 0 -710
v 3725.0908203125 0 -900
v 3725.697021484375 0 -1100
v 3535.727294921875 0 -1100
v 3535.727294921875 0 -905
v 3535.727294921875 0 -710
v 3550.727294921875 0 -710
v 3518.28125 0 -751.89373779296875
v 3518.28125 0 -724.2421875
v 3550.727294921875 0 -700
v 3481.625 0 -668.9390869140625
v 3518.28125 0 -641.2874755859375
v 3554.9375 0 -668.9390869140625
v 3518.28125 0 -668.9390869140625
v 3554.9375 0 -585.984375
v 3507.5 0 -700
v 3507.5 0 -710
v 3481.625 0 -710.4163818359375
v 3499.953125 0 -696.59063720703125
v 3499.953125 0 -724.2421875
v 3499.953125 0 -710.4163818359375
v 3525.727294921875 0 -710
v 3525.727294921875 0 -820
v 3525.727294921875 0 -930
v 3380.727294921875 0 -930
v 3235.727294921875 0 -930
v 3235.727294921875 0 -855
v 3225.727294921875 0 -855
v 3188.375 0 -834.84844970703125
v 3225.03125 0 -807.1968994140625
v 3261.6875 0 -834.84844970703125
v 3225.03125 0 -834.84844970703125
v 3335 0 -917.8031005859375
v 3261.6875 0 -973.10626220703125
v 3261.6875 0 -917.8031005859375
v 3041.75 0 -807.1968994140625
v 3115.0625 0 -807.1968994140625
v 3225.03125 0 -848.6741943359375
v 3243.359375 0 -834.84844970703125
v 3261.6875 0 -848.6741943359375
v 3243.359375 0 -862.5
v 3243.359375 0 -848.6741943359375
v 3298.34375 0 -807.1968994140625
v 3335 0 -834.84844970703125
v 3298.34375 0 -862.5
v 3298.34375 0 -834.84844970703125
v 3261.6875 0 -890.15155029296875
v 3225.727294921875 0 -982.5
v 3225.727294921875 0 -1110
v 3250.727294921875 0 -1110
v 3188.375 0 -1194.3187255859375
v 3481.625 0 -1194.3187255859375
v 3335 0 -1304.925048828125
v 3335 0 -1194.3187255859375
v 3188.375 0 -1139.015625
v 3261.6875 0 -1083.7125244140625
v 3335 0 -1139.015625
v 3261.6875 0 -1194.3187255859375
v 3261.6875 0 -1139.015625
v 2895.125 0 -1194.3187255859375
v 3041.75 0 -1304.925048828125
v 3041.75 0 -1194.3187255859375
v 3250.727294921875 0 -1100
v 3188.375 0 -1111.364013671875
v 3261.6875 0 -1111.364013671875
v 3225.03125 0 -1139.015625
v 3335 0 -1028.409423828125
v 3261.6875 0 -1028.409423828125
v 3261.6875 0 -1097.538330078125
v 3261.6875 0 -1056.0609130859375
v 3298.34375 0 -1083.7125244140625
v 3335 0 -1111.364013671875
v 3298.34375 0 -1139.015625
v 3298.34375 0 -1111.364013671875
v 3408.3125 0 -1083.7125244140625
v 3481.625 0 -1139.015625
v 3408.3125 0 -1194.3187255859375
v 3408.3125 0 -1139.015625
v 3628.25 0 -1304.925048828125
v 3628.25 0 -1194.3187255859375
v 3235.727294921875 0 -1100
v 3235.727294921875 0 -940
v 3380.727294921875 0 -940
v 3525.727294921875 0 -940
v 3525.727294921875 0 -1100
v 3350.727294921875 0 -1100
v 3350.727294921875 0 -1110
v 3371.65625 0 -1083.7125244140625
v 3371.65625 0 -1139.015625
v 3408.3125 0 -973.10626220703125
v 3481.625 0 -1028.409423828125
v 3408.3125 0 -1028.409423828125
v 3335 0 -1097.538330078125
v 3353.328125 0 -1083.7125244140625
v 3371.65625 0 -1097.538330078125
v 3335 0 -1056.0609130859375
v 3371.65625 0 -1028.409423828125
v 3408.3125 0 -1056.0609130859375
v 3371.65625 0 -1056.0609130859375
v 3412.5 0 -1110
v 3412.5 0 -1120
v 3444.96875 0 -1083.7125244140625
v 3444.96875 0 -1139.015625
v 3554.9375 0 -1083.7125244140625
v 3628.25 0 -1139.015625
v 3554.9375 0 -1194.3187255859375
v 3554.9375 0 -1139.015625
v 3408.3125 0 -1097.538330078125
v 3426.640625 0 -1083.7125244140625
v 3444.96875 0 -1097.538330078125
v 3426.640625 0 -1097.538330078125
v 3444.96875 0 -1028.409423828125
v 3481.625 0 -1056.0609130859375
v 3444.96875 0 -1056.0609130859375
v 3554.9375 0 -973.10626220703125
v 3628.25 0 -1028.409423828125
v 3554.9375 0 -1028.409423828125
v 3408.3125 0 -1125.1898193359375
v 3444.96875 0 -1125.1898193359375
v 3426.640625 0 -1139.015625
v 3426.640625 0 -1125.1898193359375
v 3408.3125 0 -1166.667236328125
v 3481.625 0 -1166.667236328125
v 3444.96875 0 -1194.3187255859375
v 3444.96875 0 -1166.667236328125
v 3335 0 -1249.621826171875
v 3481.625 0 -1249.621826171875
v 3188.375 0 -1415.53125
v 3481.625 0 -1415.53125
v 3335 0 -1526.137451171875
v 3335 0 -1415.53125
v 3422.5 0 -1120
v 3422.5 0 -1110
v 3525.727294921875 0 -1110
v 3725.727294921875 0 -1110
v 3726.27783203125 0 -1291.6666259765625
v 3726.828369140625 0 -1473.3333740234375
v 3727.37890625 0 -1655
v 3702.5 0 -1655
v 3481.625 0 -1636.7437744140625
v 3628.25 0 -1526.137451171875
v 3628.25 0 -1636.7437744140625
v 3628.25 0 -1692.046875
v 3701.5625 0 -1636.7437744140625
v 3702.5 0 -1695
v 3727.5 0 -1695
v 3732.5 0 -1695
v 3701.5625 0 -1719.698486328125
v 3701.5625 0 -1705.8726806640625
v 3719.890625 0 -1719.698486328125
v 3719.890625 0 -1705.8726806640625
v 3628.25 0 -1719.698486328125
v 3664.90625 0 -1692.046875
v 3664.90625 0 -1719.698486328125
v 3481.625 0 -1692.046875
v 3554.9375 0 -1636.7437744140625
v 3554.9375 0 -1692.046875
v 3188.375 0 -1636.7437744140625
v 3335 0 -1636.7437744140625
v 3701.5625 0 -1664.395263671875
v 3628.25 0 -1581.440673828125
v 3701.5625 0 -1526.137451171875
v 3701.5625 0 -1581.440673828125
v 3628.25 0 -1415.53125
v 3719.890625 0 -1698.959716796875
v 3729.0546875 0 -1705.8726806640625
v 3729.0546875 0 -1698.959716796875
v 3628.25 0 -1664.395263671875
v 3664.90625 0 -1636.7437744140625
v 3664.90625 0 -1664.395263671875
v 3732.5 0 -1730
v 3577.5 0 -1730
v 3422.5 0 -1730
v 3422.5 0 -1560
v 3422.5 0 -1390
v 3422.5 0 -1220
v 3412.5 0 -1220
v 3481.625 0 -1221.9703369140625
v 3444.96875 0 -1249.621826171875
v 3444.96875 0 -1221.9703369140625
v 3628.25 0 -1249.621826171875
v 3554.9375 0 -1304.925048828125
v 3554.9375 0 -1249.621826171875
v 3408.3125 0 -1208.14453125
v 3426.640625 0 -1194.3187255859375
v 3444.96875 0 -1208.14453125
v 3426.640625 0 -1208.14453125
v 3335 0 -1221.9703369140625
v 3371.65625 0 -1194.3187255859375
v 3371.65625 0 -1221.9703369140625
v 3188.375 0 -1249.621826171875
v 3261.6875 0 -1304.925048828125
v 3261.6875 0 -1249.621826171875
v 3412.5 0 -1230
v 3444.96875 0 -1235.796142578125
v 3426.640625 0 -1249.621826171875
v 3426.640625 0 -1235.796142578125
v 3481.625 0 -1277.2734375
v 3444.96875 0 -1304.925048828125
v 3444.96875 0 -1277.2734375
v 3335 0 -1360.2281494140625
v 3481.625 0 -1360.2281494140625
v 3232.5 0 -1230
v 3232.5 0 -1240
v 3188.375 0 -1221.9703369140625
v 3225.03125 0 -1194.3187255859375
v 3261.6875 0 -1221.9703369140625
v 3225.03125 0 -1249.621826171875
v 3225.03125 0 -1221.9703369140625
v 3041.75 0 -1249.621826171875
v 2895.125 0 -1415.53125
v 3041.75 0 -1526.137451171875
v 3041.75 0 -1415.53125
v 3225.03125 0 -1235.796142578125
v 3243.359375 0 -1221.9703369140625
v 3243.359375 0 -1249.621826171875
v 3298.34375 0 -1194.3187255859375
v 3298.34375 0 -1249.621826171875
v 3298.34375 0 -1221.9703369140625
v 3188.375 0 -1277.2734375
v 3261.6875 0 -1277.2734375
v 3225.03125 0 -1304.925048828125
v 3225.03125 0 -1277.2734375
v 3188.375 0 -1360.2281494140625
v 3261.6875 0 -1415.53125
v 3261.6875 0 -1360.2281494140625
v 3412.5 0 -1240
v 3412.5 0 -1403.3333740234375
v 3412.5 0 -1566.6666259765625
v 3412.5 0 -1730
v 3265 0 -1730
v 3117.5 0 -1730
v 3117.5 0 -1566.6666259765625
v 3117.5 0 -1403.3333740234375
v 3117.5 0 -1240
v 3132.5 0 -1240
v 3151.71875 0 -1194.3187255859375
v 3151.71875 0 -1249.621826171875
v 3151.71875 0 -1221.9703369140625
v 3132.5 0 -1230
v 3151.71875 0 -1235.796142578125
v 3151.71875 0 -1304.925048828125
v 3151.71875 0 -1277.2734375
v 3041.75 0 -1360.2281494140625
v 3041.75 0 -1221.9703369140625
v 3078.40625 0 -1194.3187255859375
v 3078.40625 0 -1249.621826171875
v 3078.40625 0 -1221.9703369140625
v 2895.125 0 -1249.621826171875
v 2968.4375 0 -1194.3187255859375
v 2968.4375 0 -1304.925048828125
v 2968.4375 0 -1249.621826171875
v 2601.875 0 -1194.3187255859375
v 3117.5 0 -1230
v 3117.5 0 -1042.5
v 3117.5 0 -855
v 3032.5 0 -855
v 2844.166748046875 0 -855
v 2655.833251953125 0 -855
v 2467.5 0 -855
v 2467.5 0 -845
v 2308.625 0 -751.89373779296875
v 2455.25 0 -751.89373779296875
v 2455.25 0 -807.1968994140625
v 2528.5625 0 -751.89373779296875
v 2601.875 0 -807.1968994140625
v 2528.5625 0 -807.1968994140625
v 2308.625 0 -973.10626220703125
v 2455.25 0 -834.84844970703125
v 2491.90625 0 -807.1968994140625
v 2528.5625 0 -834.84844970703125
v 2491.90625 0 -834.84844970703125
v 2308.625 0 -807.1968994140625
v 2381.9375 0 -751.89373779296875
v 2381.9375 0 -807.1968994140625
v 2015.375 0 -751.89373779296875
v 2473.578125 0 -834.84844970703125
v 2491.90625 0 -848.6741943359375
v 2473.578125 0 -848.6741943359375
v 2308.625 0 -917.8031005859375
v 2381.9375 0 -973.10626220703125
v 2381.9375 0 -917.8031005859375
v 2015.375 0 -973.10626220703125
v 2162 0 -1083.7125244140625
v 2162 0 -973.10626220703125
v 2381.9375 0 -834.84844970703125
v 2418.59375 0 -807.1968994140625
v 2418.59375 0 -834.84844970703125
v 2457.5 0 -845
v 2457.5 0 -855
v 2310 0 -855
v 2162.5 0 -855
v 2162.5 0 -845
v 2162 0 -807.1968994140625
v 2235.3125 0 -751.89373779296875
v 2235.3125 0 -807.1968994140625
v 2162 0 -834.84844970703125
v 2198.65625 0 -807.1968994140625
v 2235.3125 0 -834.84844970703125
v 2198.65625 0 -834.84844970703125
v 2235.3125 0 -973.10626220703125
v 2235.3125 0 -917.8031005859375
v 2015.375 0 -807.1968994140625
v 2088.6875 0 -751.89373779296875
v 2088.6875 0 -862.5
v 2088.6875 0 -807.1968994140625
v 1722.125 0 -751.89373779296875
v 1868.75 0 -641.2874755859375
v 1868.75 0 -862.5
v 1868.75 0 -751.89373779296875
v 2180.328125 0 -834.84844970703125
v 2198.65625 0 -848.6741943359375
v 2180.328125 0 -848.6741943359375
v 2235.3125 0 -890.15155029296875
v 2198.65625 0 -917.8031005859375
v 2198.65625 0 -890.15155029296875
v 2015.375 0 -917.8031005859375
v 2088.6875 0 -973.10626220703125
v 2088.6875 0 -917.8031005859375
v 1722.125 0 -973.10626220703125
v 1868.75 0 -1083.7125244140625
v 1868.75 0 -973.10626220703125
v 2088.6875 0 -834.84844970703125
v 2125.34375 0 -807.1968994140625
v 2125.34375 0 -862.5
v 2125.34375 0 -834.84844970703125
v 2147.5 0 -845
v 2147.5 0 -880
v 2147.5 0 -935
v 2087.5 0 -935
v 2087.5 0 -945
v 2015.375 0 -945.4547119140625
v 2052.03125 0 -917.8031005859375
v 2052.03125 0 -973.10626220703125
v 2052.03125 0 -945.4547119140625
v 2015.375 0 -1028.409423828125
v 2162 0 -1028.409423828125
v 2088.6875 0 -1083.7125244140625
v 2088.6875 0 -1028.409423828125
v 2015.375 0 -1194.3187255859375
v 2308.625 0 -1194.3187255859375
v 2162 0 -1304.925048828125
v 2162 0 -1194.3187255859375
v 1868.75 0 -917.8031005859375
v 1942.0625 0 -973.10626220703125
v 1942.0625 0 -917.8031005859375
v 2052.03125 0 -931.62890625
v 2070.359375 0 -917.8031005859375
v 2070.359375 0 -945.4547119140625
v 2070.359375 0 -931.62890625
v 2015.375 0 -890.15155029296875
v 2052.03125 0 -862.5
v 2088.6875 0 -890.15155029296875
v 2052.03125 0 -890.15155029296875
v 2125.34375 0 -973.10626220703125
v 2157.5 0 -945
v 2157.5 0 -880
v 2302.5 0 -880
v 2447.5 0 -880
v 2447.5 0 -1085
v 2557.5 0 -1085
v 2667.5 0 -1085
v 2667.5 0 -1095
v 2601.875 0 -1139.015625
v 2748.5 0 -1139.015625
v 2675.1875 0 -1139.015625
v 2455.25 0 -1194.3187255859375
v 2601.875 0 -1111.364013671875
v 2675.1875 0 -1111.364013671875
v 2638.53125 0 -1139.015625
v 2638.53125 0 -1111.364013671875
v 2455.25 0 -1139.015625
v 2528.5625 0 -1194.3187255859375
v 2528.5625 0 -1139.015625
v 2638.53125 0 -1097.538330078125
v 2656.859375 0 -1111.364013671875
v 2656.859375 0 -1097.538330078125
v 2748.5 0 -1111.364013671875
v 2711.84375 0 -1139.015625
v 2711.84375 0 -1111.364013671875
v 2895.125 0 -1139.015625
v 2821.8125 0 -1194.3187255859375
v 2821.8125 0 -1139.015625
v 2677.5 0 -1095
v 2711.84375 0 -1097.538330078125
v 2693.515625 0 -1111.364013671875
v 2693.515625 0 -1097.538330078125
v 2677.5 0 -1085
v 2885 0 -1085
v 3092.5 0 -1085
v 3092.5 0 -1300
v 3092.5 0 -1515
v 3092.5 0 -1730
v 2927.5 0 -1730
v 2762.5 0 -1730
v 2762.5 0 -1555
v 2762.5 0 -1380
v 2762.5 0 -1205
v 2677.5 0 -1205
v 2677.5 0 -1195
v 2601.875 0 -1249.621826171875
v 2675.1875 0 -1304.925048828125
v 2675.1875 0 -1249.621826171875
v 2601.875 0 -1415.53125
v 2675.1875 0 -1221.9703369140625
v 2711.84375 0 -1194.3187255859375
v 2711.84375 0 -1249.621826171875
v 2711.84375 0 -1221.9703369140625
v 2821.8125 0 -1304.925048828125
v 2821.8125 0 -1249.621826171875
v 2693.515625 0 -1221.9703369140625
v 2601.875 0 -1221.9703369140625
v 2638.53125 0 -1194.3187255859375
v 2638.53125 0 -1249.621826171875
v 2638.53125 0 -1221.9703369140625
v 2528.5625 0 -1304.925048828125
v 2528.5625 0 -1249.621826171875
v 2308.625 0 -1415.53125
v 2675.1875 0 -1166.667236328125
v 2748.5 0 -1166.667236328125
v 2711.84375 0 -1166.667236328125
v 2667.5 0 -1195
v 2656.859375 0 -1221.9703369140625
v 2601.875 0 -1166.667236328125
v 2638.53125 0 -1166.667236328125
v 2667.5 0 -1205
v 2572.5 0 -1205
v 2572.5 0 -1215
v 2528.5625 0 -1221.9703369140625
v 2565.21875 0 -1194.3187255859375
v 2565.21875 0 -1249.621826171875
v 2565.21875 0 -1221.9703369140625
v 2565.21875 0 -1208.14453125
v 2583.546875 0 -1194.3187255859375
v 2583.546875 0 -1221.9703369140625
v 2528.5625 0 -1166.667236328125
v 2565.21875 0 -1139.015625
v 2565.21875 0 -1166.667236328125
v 2752.5 0 -1215
v 2752.5 0 -1386.6666259765625
v 2752.5 0 -1558.3333740234375
v 2752.5 0 -1730
v 2605 0 -1730
v 2457.5 0 -1730
v 2457.5 0 -1690
v 2308.625 0 -1636.7437744140625
v 2601.875 0 -1636.7437744140625
v 2528.5625 0 -1636.7437744140625
v 2601.875 0 -1692.046875
v 2528.5625 0 -1692.046875
v 2472.5 0 -1690
v 2491.90625 0 -1636.7437744140625
v 2528.5625 0 -1664.395263671875
v 2491.90625 0 -1692.046875
v 2491.90625 0 -1664.395263671875
v 2308.625 0 -1692.046875
v 2381.9375 0 -1636.7437744140625
v 2381.9375 0 -1692.046875
v 2015.375 0 -1636.7437744140625
v 2162 0 -1526.137451171875
v 2162 0 -1636.7437744140625
v 2528.5625 0 -1526.137451171875
v 2601.875 0 -1581.440673828125
v 2528.5625 0 -1581.440673828125
v 2472.5 0 -1580
v 2457.5 0 -1580
v 2491.90625 0 -1526.137451171875
v 2528.5625 0 -1553.7890625
v 2491.90625 0 -1581.440673828125
v 2491.90625 0 -1553.7890625
v 2381.9375 0 -1526.137451171875
v 2528.5625 0 -1415.53125
v 2601.875 0 -1470.8343505859375
v 2528.5625 0 -1470.8343505859375
v 2457.5 0 -1397.5
v 2457.5 0 -1215
v 2472.5 0 -1215
v 2491.90625 0 -1194.3187255859375
v 2491.90625 0 -1249.621826171875
v 2491.90625 0 -1221.9703369140625
v 2308.625 0 -1249.621826171875
v 2381.9375 0 -1194.3187255859375
v 2381.9375 0 -1304.925048828125
v 2381.9375 0 -1249.621826171875
v 2472.5 0 -1205
v 2473.578125 0 -1194.3187255859375
v 2491.90625 0 -1208.14453125
v 2381.9375 0 -1221.9703369140625
v 2418.59375 0 -1194.3187255859375
v 2418.59375 0 -1249.621826171875
v 2418.59375 0 -1221.9703369140625
v 2308.625 0 -1139.015625
v 2381.9375 0 -1083.7125244140625
v 2381.9375 0 -1139.015625
v 2455.25 0 -1166.667236328125
v 2491.90625 0 -1139.015625
v 2491.90625 0 -1166.667236328125
v 2447.5 0 -1205
v 2447.5 0 -1387.5
v 2447.5 0 -1570
v 2312.5 0 -1570
v 2312.5 0 -1580
v 2308.625 0 -1553.7890625
v 2345.28125 0 -1526.137451171875
v 2381.9375 0 -1553.7890625
v 2345.28125 0 -1553.7890625
v 2162 0 -1581.440673828125
v 2235.3125 0 -1526.137451171875
v 2235.3125 0 -1636.7437744140625
v 2235.3125 0 -1581.440673828125
v 2015.375 0 -1415.53125
v 2162 0 -1415.53125
v 2308.625 0 -1470.8343505859375
v 2381.9375 0 -1415.53125
v 2381.9375 0 -1470.8343505859375
v 2326.953125 0 -1553.7890625
v 2345.28125 0 -1567.6148681640625
v 2326.953125 0 -1567.6148681640625
v 2308.625 0 -1609.0921630859375
v 2381.9375 0 -1609.0921630859375
v 2345.28125 0 -1636.7437744140625
v 2345.28125 0 -1609.0921630859375
v 2235.3125 0 -1553.7890625
v 2271.96875 0 -1526.137451171875
v 2271.96875 0 -1581.440673828125
v 2271.96875 0 -1553.7890625
v 2162 0 -1470.8343505859375
v 2235.3125 0 -1415.53125
v 2235.3125 0 -1470.8343505859375
v 2447.5 0 -1580
v 2447.5 0 -1690
v 2447.5 0 -1730
v 2290.833251953125 0 -1730
v 2134.166748046875 0 -1730
v 1977.5 0 -1730
v 1977.5 0 -1640
v 1977.5 0 -1630
v 1722.125 0 -1636.7437744140625
v 1868.75 0 -1526.137451171875
v 1868.75 0 -1636.7437744140625
v 1868.75 0 -1692.046875
v 1942.0625 0 -1636.7437744140625
v 2015.375 0 -1692.046875
v 1942.0625 0 -1692.046875
v 1942.0625 0 -1664.395263671875
v 2015.375 0 -1664.395263671875
v 1868.75 0 -1581.440673828125
v 1942.0625 0 -1581.440673828125
v 1722.125 0 -1415.53125
v 1868.75 0 -1304.925048828125
v 1868.75 0 -1415.53125
v 2088.6875 0 -1636.7437744140625
v 2162 0 -1692.046875
v 2088.6875 0 -1692.046875
v 1942.0625 0 -1650.569580078125
v 1960.390625 0 -1636.7437744140625
v 1960.390625 0 -1664.395263671875
v 1960.390625 0 -1650.569580078125
v 1868.75 0 -1664.395263671875
v 1905.40625 0 -1636.7437744140625
v 1905.40625 0 -1692.046875
v 1905.40625 0 -1664.395263671875
v 1722.125 0 -1692.046875
v 1795.4375 0 -1636.7437744140625
v 1795.4375 0 -1692.046875
v 1942.0625 0 -1609.0921630859375
v 2088.6875 0 -1526.137451171875
v 1942.0625 0 -1622.91796875
v 1960.390625 0 -1609.0921630859375
v 1960.390625 0 -1622.91796875
v 1868.75 0 -1609.0921630859375
v 1905.40625 0 -1581.440673828125
v 1905.40625 0 -1609.0921630859375
v 1722.125 0 -1581.440673828125
v 1795.4375 0 -1526.137451171875
v 1795.4375 0 -1581.440673828125
v 1977.5 0 -1580
v 2112.5 0 -1580
v 2112.5 0 -1570
v 2088.6875 0 -1553.7890625
v 2125.34375 0 -1526.137451171875
v 2162 0 -1553.7890625
v 2125.34375 0 -1581.440673828125
v 2125.34375 0 -1553.7890625
v 2015.375 0 -1470.8343505859375
v 2088.6875 0 -1415.53125
v 2088.6875 0 -1470.8343505859375
v 2088.6875 0 -1567.6148681640625
v 2107.015625 0 -1553.7890625
v 2125.34375 0 -1567.6148681640625
v 2107.015625 0 -1567.6148681640625
v 2088.6875 0 -1609.0921630859375
v 2162 0 -1609.0921630859375
v 2125.34375 0 -1636.7437744140625
v 2125.34375 0 -1609.0921630859375
v 2015.375 0 -1553.7890625
v 2052.03125 0 -1526.137451171875
v 2052.03125 0 -1553.7890625
v 1977.5 0 -1570
v 1977.5 0 -1370
v 1967.5 0 -1370
v 1868.75 0 -1360.2281494140625
v 1942.0625 0 -1304.925048828125
v 2015.375 0 -1360.2281494140625
v 1942.0625 0 -1415.53125
v 1942.0625 0 -1360.2281494140625
v 1942.0625 0 -1387.879638671875
v 1978.71875 0 -1360.2281494140625
v 2015.375 0 -1387.879638671875
v 2088.6875 0 -1304.925048828125
v 2162 0 -1360.2281494140625
v 2088.6875 0 -1360.2281494140625
v 1868.75 0 -1470.8343505859375
v 1942.0625 0 -1470.8343505859375
v 1942.0625 0 -1374.053955078125
v 1960.390625 0 -1360.2281494140625
v 1960.390625 0 -1387.879638671875
v 1960.390625 0 -1374.053955078125
v 1868.75 0 -1387.879638671875
v 1905.40625 0 -1360.2281494140625
v 1905.40625 0 -1415.53125
v 1905.40625 0 -1387.879638671875
v 1795.4375 0 -1304.925048828125
v 1795.4375 0 -1415.53125
v 1795.4375 0 -1360.2281494140625
v 1428.875 0 -1415.53125
v 1575.5 0 -1304.925048828125
v 1575.5 0 -1415.53125
v 1942.0625 0 -1332.5765380859375
v 1978.71875 0 -1304.925048828125
v 2015.375 0 -1332.5765380859375
v 1978.71875 0 -1332.5765380859375
v 1868.75 0 -1249.621826171875
v 2015.375 0 -1249.621826171875
v 1942.0625 0 -1249.621826171875
v 1967.5 0 -1510
v 1860 0 -1510
v 1860 0 -1520
v 1722.125 0 -1470.8343505859375
v 1795.4375 0 -1470.8343505859375
v 1795.4375 0 -1498.4859619140625
v 1832.09375 0 -1470.8343505859375
v 1868.75 0 -1498.4859619140625
v 1832.09375 0 -1526.137451171875
v 1832.09375 0 -1498.4859619140625
v 1832.09375 0 -1512.311767578125
v 1850.421875 0 -1498.4859619140625
v 1850.421875 0 -1526.137451171875
v 1850.421875 0 -1512.311767578125
v 1905.40625 0 -1470.8343505859375
v 1942.0625 0 -1498.4859619140625
v 1905.40625 0 -1498.4859619140625
v 1795.4375 0 -1553.7890625
v 1868.75 0 -1553.7890625
v 1832.09375 0 -1581.440673828125
v 1832.09375 0 -1553.7890625
v 1967.5 0 -1520
v 1967.5 0 -1630
v 1967.5 0 -1730
v 1827.5 0 -1730
v 1687.5 0 -1730
v 1687.5 0 -1630
v 1702.5 0 -1630
v 1722.125 0 -1609.0921630859375
v 1702.5 0 -1520
v 1760 0 -1520
v 1760 0 -1510
v 1722.125 0 -1498.4859619140625
v 1758.78125 0 -1470.8343505859375
v 1758.78125 0 -1526.137451171875
v 1758.78125 0 -1498.4859619140625
v 1575.5 0 -1470.8343505859375
v 1648.8125 0 -1415.53125
v 1648.8125 0 -1470.8343505859375
v 1777.109375 0 -1498.4859619140625
v 1795.4375 0 -1512.311767578125
v 1777.109375 0 -1526.137451171875
v 1777.109375 0 -1512.311767578125
v 1722.125 0 -1553.7890625
v 1758.78125 0 -1581.440673828125
v 1758.78125 0 -1553.7890625
v 1702.5 0 -1510
v 1702.5 0 -1355
v 1702.5 0 -1200
v 1835 0 -1200
v 1967.5 0 -1200
v 1967.5 0 -1270
v 1977.5 0 -1270
v 1942.0625 0 -1277.2734375
v 2015.375 0 -1277.2734375
v 1978.71875 0 -1277.2734375
v 2088.6875 0 -1194.3187255859375
v 2162 0 -1249.621826171875
v 2088.6875 0 -1249.621826171875
v 1942.0625 0 -1263.4476318359375
v 1960.390625 0 -1249.621826171875
v 1960.390625 0 -1277.2734375
v 1960.390625 0 -1263.4476318359375
v 1868.75 0 -1277.2734375
v 1905.40625 0 -1249.621826171875
v 1905.40625 0 -1304.925048828125
v 1905.40625 0 -1277.2734375
v 1722.125 0 -1249.621826171875
v 1795.4375 0 -1249.621826171875
v 1428.875 0 -1194.3187255859375
v 1575.5 0 -1083.7125244140625
v 1575.5 0 -1194.3187255859375
v 1942.0625 0 -1221.9703369140625
v 2015.375 0 -1221.9703369140625
v 1868.75 0 -1139.015625
v 2015.375 0 -1139.015625
v 1977.5 0 -1205
v 1977.5 0 -1200
v 1942.0625 0 -1208.14453125
v 1960.390625 0 -1221.9703369140625
v 1960.390625 0 -1208.14453125
v 1868.75 0 -1221.9703369140625
v 1905.40625 0 -1221.9703369140625
v 2015.375 0 -1166.667236328125
v 2162 0 -1139.015625
v 2088.6875 0 -1139.015625
v 1722.125 0 -1139.015625
v 1795.4375 0 -1083.7125244140625
v 1795.4375 0 -1139.015625
v 1997.046875 0 -1194.3187255859375
v 2015.375 0 -1208.14453125
v 1997.046875 0 -1221.9703369140625
v 1997.046875 0 -1208.14453125
v 2052.03125 0 -1194.3187255859375
v 2088.6875 0 -1221.9703369140625
v 2052.03125 0 -1249.621826171875
v 2052.03125 0 -1221.9703369140625
v 1977.5 0 -1072.5
v 1977.5 0 -945
v 1987.5 0 -945
v 1942.0625 0 -945.4547119140625
v 1868.75 0 -1028.409423828125
v 1942.0625 0 -931.62890625
v 1868.75 0 -945.4547119140625
v 1905.40625 0 -917.8031005859375
v 1905.40625 0 -973.10626220703125
v 1905.40625 0 -945.4547119140625
v 1722.125 0 -917.8031005859375
v 1795.4375 0 -862.5
v 1795.4375 0 -973.10626220703125
v 1795.4375 0 -917.8031005859375
v 1428.875 0 -973.10626220703125
v 1575.5 0 -862.5
v 1575.5 0 -973.10626220703125
v 1868.75 0 -807.1968994140625
v 1997.046875 0 -917.8031005859375
v 2015.375 0 -931.62890625
v 1997.046875 0 -945.4547119140625
v 1997.046875 0 -931.62890625
v 1987.5 0 -935
v 1977.5 0 -935
v 1977.5 0 -792.5
v 1977.5 0 -650
v 1947.5 0 -650
v 1868.75 0 -696.59063720703125
v 2015.375 0 -696.59063720703125
v 1722.125 0 -530.6812744140625
v 1868.75 0 -420.07501220703125
v 2015.375 0 -530.6812744140625
v 1868.75 0 -530.6812744140625
v 1947.5 0 -823.33331298828125
v 1947.5 0 -996.66668701171875
v 1947.5 0 -1170
v 1812.5 0 -1170
v 1677.5 0 -1170
v 1677.5 0 -1200
v 1575.5 0 -1139.015625
v 1648.8125 0 -1083.7125244140625
v 1648.8125 0 -1194.3187255859375
v 1648.8125 0 -1139.015625
v 1575.5 0 -1249.621826171875
v 1648.8125 0 -1304.925048828125
v 1648.8125 0 -1249.621826171875
v 1677.5 0 -1347.5
v 1677.5 0 -1495
v 1505 0 -1495
v 1343.3333740234375 0 -1495
v 1181.6666259765625 0 -1495
v 1020 0 -1495
v 1020 0 -1485
v 842.375 0 -1415.53125
v 989 0 -1304.925048828125
v 1135.625 0 -1415.53125
v 989 0 -1415.53125
v 989 0 -1470.8343505859375
v 1062.3125 0 -1415.53125
v 1135.625 0 -1470.8343505859375
v 1062.3125 0 -1470.8343505859375
v 1282.25 0 -1304.925048828125
v 1282.25 0 -1415.53125
v 842.375 0 -1636.7437744140625
v 1025.65625 0 -1470.8343505859375
v 842.375 0 -1470.8343505859375
v 915.6875 0 -1415.53125
v 915.6875 0 -1526.137451171875
v 915.6875 0 -1470.8343505859375
v 549.125 0 -1415.53125
v 695.75 0 -1304.925048828125
v 695.75 0 -1526.137451171875
v 695.75 0 -1415.53125
v 989 0 -1484.66015625
v 1007.328125 0 -1470.8343505859375
v 1007.328125 0 -1484.66015625
v 915.6875 0 -1498.4859619140625
v 952.34375 0 -1470.8343505859375
v 842.375 0 -1581.440673828125
v 915.6875 0 -1636.7437744140625
v 915.6875 0 -1581.440673828125
v 549.125 0 -1636.7437744140625
v 695.75 0 -1636.7437744140625
v 989 0 -1443.182861328125
v 1025.65625 0 -1415.53125
v 1062.3125 0 -1443.182861328125
v 1025.65625 0 -1443.182861328125
v 989 0 -1360.2281494140625
v 1135.625 0 -1360.2281494140625
v 1062.3125 0 -1360.2281494140625
v 842.375 0 -1194.3187255859375
v 989 0 -1083.7125244140625
v 1135.625 0 -1194.3187255859375
v 989 0 -1194.3187255859375
v 1020 0 -1385
v 1020 0 -1330
v 1085 0 -1330
v 1085 0 -1123.3333740234375
v 1085 0 -916.66668701171875
v 1085 0 -710
v 1170 0 -710
v 842.375 0 -751.89373779296875
v 989 0 -641.2874755859375
v 1135.625 0 -751.89373779296875
v 989 0 -862.5
v 1282.25 0 -641.2874755859375
v 1428.875 0 -751.89373779296875
v 1282.25 0 -862.5
v 1282.25 0 -751.89373779296875
v 1170 0 -680
v 1208.9375 0 -641.2874755859375
v 1282.25 0 -696.59063720703125
v 1208.9375 0 -751.89373779296875
v 1208.9375 0 -696.59063720703125
v 1135.625 0 -530.6812744140625
v 1282.25 0 -420.07501220703125
v 1282.25 0 -530.6812744140625
v 1055 0 -680
v 1055 0 -755
v 875 0 -755
v 875 0 -585
v 890 0 -585
v 842.375 0 -530.6812744140625
v 989 0 -420.07501220703125
v 989 0 -530.6812744140625
v 842.375 0 -585.984375
v 915.6875 0 -530.6812744140625
v 915.6875 0 -641.2874755859375
v 915.6875 0 -585.984375
v 549.125 0 -530.6812744140625
v 695.75 0 -530.6812744140625
v 842.375 0 -558.33282470703125
v 879.03125 0 -530.6812744140625
v 915.6875 0 -558.33282470703125
v 879.03125 0 -558.33282470703125
v 695.75 0 -585.984375
v 769.0625 0 -530.6812744140625
v 769.0625 0 -641.2874755859375
v 769.0625 0 -585.984375
v 695.75 0 -751.89373779296875
v 842.375 0 -475.37811279296875
v 915.6875 0 -420.07501220703125
v 989 0 -475.37811279296875
v 915.6875 0 -475.37811279296875
v 842.375 0 -309.46875
v 989 0 -198.86250305175781
v 1135.625 0 -309.46875
v 989 0 -309.46875
v 890 0 -575
v 897.359375 0 -558.33282470703125
v 915.6875 0 -572.1585693359375
v 897.359375 0 -585.984375
v 897.359375 0 -572.1585693359375
v 952.34375 0 -530.6812744140625
v 989 0 -558.33282470703125
v 952.34375 0 -585.984375
v 952.34375 0 -558.33282470703125
v 1062.3125 0 -530.6812744140625
v 1062.3125 0 -641.2874755859375
v 842.375 0 -613.63592529296875
v 915.6875 0 -613.63592529296875
v 842.375 0 -696.59063720703125
v 989 0 -696.59063720703125
v 915.6875 0 -696.59063720703125
v 865 0 -575
v 865 0 -712.5
v 865 0 -850
v 865 0 -1006.6666870117188
v 865 0 -1163.3333740234375
v 865 0 -1320
v 650 0 -1320
v 650 0 -1330
v 549.125 0 -1360.2281494140625
v 622.4375 0 -1304.925048828125
v 695.75 0 -1360.2281494140625
v 622.4375 0 -1415.53125
v 622.4375 0 -1360.2281494140625
v 255.875 0 -1415.53125
v 402.5 0 -1304.925048828125
v 402.5 0 -1526.137451171875
v 402.5 0 -1415.53125
v 549.125 0 -1194.3187255859375
v 695.75 0 -1083.7125244140625
v 695.75 0 -1194.3187255859375
v 622.4375 0 -1332.5765380859375
v 659.09375 0 -1304.925048828125
v 695.75 0 -1332.5765380859375
v 659.09375 0 -1360.2281494140625
v 549.125 0 -1249.621826171875
v 622.4375 0 -1194.3187255859375
v 695.75 0 -1249.621826171875
v 622.4375 0 -1249.621826171875
v 255.875 0 -1194.3187255859375
v 402.5 0 -1083.7125244140625
v 402.5 0 -1194.3187255859375
v 769.0625 0 -1304.925048828125
v 842.375 0 -1360.2281494140625
v 769.0625 0 -1415.53125
v 769.0625 0 -1360.2281494140625
v 622.4375 0 -1318.750732421875
v 640.765625 0 -1304.925048828125
v 640.765625 0 -1332.5765380859375
v 640.765625 0 -1318.750732421875
v 549.125 0 -1332.5765380859375
v 585.78125 0 -1304.925048828125
v 585.78125 0 -1360.2281494140625
v 585.78125 0 -1332.5765380859375
v 402.5 0 -1360.2281494140625
v 475.8125 0 -1304.925048828125
v 475.8125 0 -1415.53125
v 475.8125 0 -1360.2281494140625
v 622.4375 0 -1277.2734375
v 659.09375 0 -1249.621826171875
v 695.75 0 -1277.2734375
v 659.09375 0 -1277.2734375
v 769.0625 0 -1194.3187255859375
v 842.375 0 -1249.621826171875
v 769.0625 0 -1249.621826171875
v 650 0 -1340
v 622.4375 0 -1346.40234375
v 659.09375 0 -1346.40234375
v 640.765625 0 -1360.2281494140625
v 640.765625 0 -1346.40234375
v 622.4375 0 -1387.879638671875
v 695.75 0 -1387.879638671875
v 659.09375 0 -1415.53125
v 659.09375 0 -1387.879638671875
v 549.125 0 -1470.8343505859375
v 695.75 0 -1470.8343505859375
v 660 0 -1340
v 677.421875 0 -1332.5765380859375
v 695.75 0 -1346.40234375
v 677.421875 0 -1360.2281494140625
v 677.421875 0 -1346.40234375
v 732.40625 0 -1304.925048828125
v 732.40625 0 -1360.2281494140625
v 660 0 -1330
v 677.421875 0 -1304.925048828125
v 865 0 -1330
v 890 0 -1330
v 915.6875 0 -1304.925048828125
v 915.6875 0 -1360.2281494140625
v 890 0 -1320
v 915.6875 0 -1332.5765380859375
v 879.03125 0 -1360.2281494140625
v 915.6875 0 -1194.3187255859375
v 989 0 -1249.621826171875
v 915.6875 0 -1249.621826171875
v 897.359375 0 -1304.925048828125
v 915.6875 0 -1318.750732421875
v 897.359375 0 -1332.5765380859375
v 897.359375 0 -1318.750732421875
v 842.375 0 -1277.2734375
v 915.6875 0 -1277.2734375
v 952.34375 0 -1304.925048828125
v 952.34375 0 -1360.2281494140625
v 952.34375 0 -1332.5765380859375
v 875 0 -1320
v 875 0 -1150
v 890 0 -1150
v 842.375 0 -1139.015625
v 915.6875 0 -1083.7125244140625
v 915.6875 0 -1139.015625
v 842.375 0 -973.10626220703125
v 1135.625 0 -973.10626220703125
v 989 0 -973.10626220703125
v 842.375 0 -1166.667236328125
v 915.6875 0 -1166.667236328125
v 695.75 0 -1139.015625
v 769.0625 0 -1083.7125244140625
v 769.0625 0 -1139.015625
v 549.125 0 -973.10626220703125
v 695.75 0 -973.10626220703125
v 890 0 -1140
v 897.359375 0 -1139.015625
v 915.6875 0 -1152.8414306640625
v 897.359375 0 -1166.667236328125
v 897.359375 0 -1152.8414306640625
v 842.375 0 -1111.364013671875
v 915.6875 0 -1111.364013671875
v 842.375 0 -1028.409423828125
v 915.6875 0 -973.10626220703125
v 989 0 -1028.409423828125
v 915.6875 0 -1028.409423828125
v 952.34375 0 -1139.015625
v 989 0 -1166.667236328125
v 952.34375 0 -1194.3187255859375
v 952.34375 0 -1166.667236328125
v 1135.625 0 -1139.015625
v 1282.25 0 -1083.7125244140625
v 1282.25 0 -1194.3187255859375
v 875 0 -1140
v 875 0 -925
v 890 0 -925
v 842.375 0 -917.8031005859375
v 915.6875 0 -862.5
v 915.6875 0 -917.8031005859375
v 842.375 0 -945.4547119140625
v 915.6875 0 -945.4547119140625
v 879.03125 0 -945.4547119140625
v 695.75 0 -917.8031005859375
v 769.0625 0 -862.5
v 769.0625 0 -973.10626220703125
v 769.0625 0 -917.8031005859375
v 890 0 -915
v 897.359375 0 -917.8031005859375
v 915.6875 0 -931.62890625
v 897.359375 0 -945.4547119140625
v 897.359375 0 -931.62890625
v 842.375 0 -890.15155029296875
v 915.6875 0 -890.15155029296875
v 879.03125 0 -890.15155029296875
v 842.375 0 -807.1968994140625
v 952.34375 0 -917.8031005859375
v 989 0 -945.4547119140625
v 952.34375 0 -973.10626220703125
v 952.34375 0 -945.4547119140625
v 1135.625 0 -917.8031005859375
v 1282.25 0 -973.10626220703125
v 879.03125 0 -903.97735595703125
v 897.359375 0 -890.15155029296875
v 915.6875 0 -903.97735595703125
v 897.359375 0 -903.97735595703125
v 952.34375 0 -862.5
v 989 0 -890.15155029296875
v 952.34375 0 -890.15155029296875
v 875 0 -915
v 875 0 -815
v 1055 0 -815
v 1055 0 -915
v 980 0 -915
v 980 0 -925
v 952.34375 0 -903.97735595703125
v 970.671875 0 -890.15155029296875
v 989 0 -903.97735595703125
v 970.671875 0 -917.8031005859375
v 970.671875 0 -903.97735595703125
v 1025.65625 0 -862.5
v 1025.65625 0 -890.15155029296875
v 1135.625 0 -807.1968994140625
v 952.34375 0 -931.62890625
v 989 0 -931.62890625
v 970.671875 0 -945.4547119140625
v 970.671875 0 -931.62890625
v 1025.65625 0 -973.10626220703125
v 1025.65625 0 -945.4547119140625
v 1135.625 0 -1028.409423828125
v 1055 0 -925
v 1055 0 -1140
v 980 0 -1140
v 980 0 -1150
v 952.34375 0 -1152.8414306640625
v 970.671875 0 -1139.015625
v 970.671875 0 -1166.667236328125
v 970.671875 0 -1152.8414306640625
v 952.34375 0 -1083.7125244140625
v 989 0 -1111.364013671875
v 952.34375 0 -1111.364013671875
v 1025.65625 0 -1194.3187255859375
v 1025.65625 0 -1166.667236328125
v 1135.625 0 -1249.621826171875
v 1055 0 -1150
v 1055 0 -1320
v 980 0 -1320
v 980 0 -1330
v 952.34375 0 -1318.750732421875
v 970.671875 0 -1304.925048828125
v 970.671875 0 -1332.5765380859375
v 970.671875 0 -1318.750732421875
v 952.34375 0 -1249.621826171875
v 989 0 -1277.2734375
v 952.34375 0 -1277.2734375
v 1010 0 -1330
v 1010 0 -1495
v 940 0 -1495
v 940 0 -1515
v 975 0 -1515
v 975 0 -1730
v 865 0 -1730
v 755 0 -1730
v 755 0 -1635
v 745 0 -1635
v 695.75 0 -1581.440673828125
v 769.0625 0 -1526.137451171875
v 769.0625 0 -1636.7437744140625
v 769.0625 0 -1581.440673828125
v 695.75 0 -1609.0921630859375
v 732.40625 0 -1581.440673828125
v 769.0625 0 -1609.0921630859375
v 732.40625 0 -1636.7437744140625
v 732.40625 0 -1609.0921630859375
v 695.75 0 -1692.046875
v 842.375 0 -1692.046875
v 769.0625 0 -1692.046875
v 549.125 0 -1581.440673828125
v 622.4375 0 -1636.7437744140625
v 622.4375 0 -1581.440673828125
v 255.875 0 -1636.7437744140625
v 402.5 0 -1636.7437744140625
v 732.40625 0 -1622.91796875
v 750.734375 0 -1609.0921630859375
v 769.0625 0 -1622.91796875
v 750.734375 0 -1622.91796875
v 805.71875 0 -1581.440673828125
v 842.375 0 -1609.0921630859375
v 805.71875 0 -1636.7437744140625
v 805.71875 0 -1609.0921630859375
v 695.75 0 -1664.395263671875
v 769.0625 0 -1664.395263671875
v 732.40625 0 -1692.046875
v 732.40625 0 -1664.395263671875
v 549.125 0 -1692.046875
v 622.4375 0 -1692.046875
v 745 0 -1730
v 555 0 -1730
v 365 0 -1730
v 365 0 -1635
v 350 0 -1635
v 255.875 0 -1581.440673828125
v 329.1875 0 -1526.137451171875
v 402.5 0 -1581.440673828125
v 329.1875 0 -1636.7437744140625
v 329.1875 0 -1581.440673828125
v 109.25 0 -1526.137451171875
v 109.25 0 -1636.7437744140625
v 329.1875 0 -1609.0921630859375
v 365.84375 0 -1581.440673828125
v 402.5 0 -1609.0921630859375
v 365.84375 0 -1609.0921630859375
v 475.8125 0 -1526.137451171875
v 475.8125 0 -1636.7437744140625
v 475.8125 0 -1581.440673828125
v 255.875 0 -1692.046875
v 402.5 0 -1692.046875
v 329.1875 0 -1692.046875
v 350 0 -1475
v 470 0 -1475
v 470 0 -1465
v 475.8125 0 -1470.8343505859375
v 402.5 0 -1498.4859619140625
v 475.8125 0 -1498.4859619140625
v 439.15625 0 -1526.137451171875
v 439.15625 0 -1498.4859619140625
v 255.875 0 -1470.8343505859375
v 329.1875 0 -1415.53125
v 109.25 0 -1415.53125
v 439.15625 0 -1484.66015625
v 475.8125 0 -1484.66015625
v 457.484375 0 -1498.4859619140625
v 457.484375 0 -1484.66015625
v 402.5 0 -1443.182861328125
v 439.15625 0 -1415.53125
v 475.8125 0 -1443.182861328125
v 439.15625 0 -1443.182861328125
v 512.46875 0 -1470.8343505859375
v 549.125 0 -1498.4859619140625
v 512.46875 0 -1526.137451171875
v 512.46875 0 -1498.4859619140625
v 439.15625 0 -1457.008544921875
v 457.484375 0 -1443.182861328125
v 475.8125 0 -1457.008544921875
v 457.484375 0 -1457.008544921875
v 512.46875 0 -1415.53125
v 549.125 0 -1443.182861328125
v 512.46875 0 -1443.182861328125
v 340 0 -1465
v 340 0 -1582.5
v 340 0 -1700
v 355 0 -1700
v 475.8125 0 -1692.046875
v 355 0 -1730
v 177.5 0 -1730
v 0 0 -1730
v 0 0 -1530
v 0 0 -1330
v 202.5 0 -1330
v 405 0 -1330
v 405 0 -1320
v 439.15625 0 -1304.925048828125
v 475.8125 0 -1332.5765380859375
v 439.15625 0 -1360.2281494140625
v 439.15625 0 -1332.5765380859375
v 255.875 0 -1360.2281494140625
v 329.1875 0 -1304.925048828125
v 329.1875 0 -1360.2281494140625
v 402.5 0 -1249.621826171875
v 475.8125 0 -1194.3187255859375
v 475.8125 0 -1249.621826171875
v 420.828125 0 -1304.925048828125
v 439.15625 0 -1318.750732421875
v 420.828125 0 -1332.5765380859375
v 420.828125 0 -1318.750732421875
v 365.84375 0 -1304.925048828125
v 365.84375 0 -1360.2281494140625
v 255.875 0 -1249.621826171875
v 329.1875 0 -1194.3187255859375
v 329.1875 0 -1249.621826171875
v 109.25 0 -1083.7125244140625
v 109.25 0 -1194.3187255859375
v 402.5 0 -1277.2734375
v 439.15625 0 -1249.621826171875
v 475.8125 0 -1277.2734375
v 439.15625 0 -1277.2734375
v 355 0 -1320
v 177.5 0 -1320
v 0 0 -1320
v 0 0 -1166.6666259765625
v 0 0 -1013.3333129882812
v 0 0 -860
v 177.5 0 -860
v 355 0 -860
v 355 0 -850
v 255.875 0 -751.89373779296875
v 402.5 0 -641.2874755859375
v 402.5 0 -862.5
v 402.5 0 -751.89373779296875
v 255.875 0 -807.1968994140625
v 329.1875 0 -751.89373779296875
v 402.5 0 -807.1968994140625
v 329.1875 0 -807.1968994140625
v 255.875 0 -973.10626220703125
v 402.5 0 -973.10626220703125
v 109.25 0 -641.2874755859375
v 109.25 0 -751.89373779296875
v 329.1875 0 -834.84844970703125
v 365.84375 0 -807.1968994140625
v 402.5 0 -834.84844970703125
v 365.84375 0 -862.5
v 365.84375 0 -834.84844970703125
v 475.8125 0 -807.1968994140625
v 255.875 0 -917.8031005859375
v 402.5 0 -917.8031005859375
v 329.1875 0 -973.10626220703125
v 329.1875 0 -917.8031005859375
v 109.25 0 -973.10626220703125
v 347.515625 0 -834.84844970703125
v 365.84375 0 -848.6741943359375
v 329.1875 0 -890.15155029296875
v 402.5 0 -890.15155029296875
v 365.84375 0 -917.8031005859375
v 365.84375 0 -890.15155029296875
v 549.125 0 -917.8031005859375
v 475.8125 0 -973.10626220703125
v 475.8125 0 -917.8031005859375
v 255.875 0 -834.84844970703125
v 292.53125 0 -807.1968994140625
v 292.53125 0 -834.84844970703125
v 109.25 0 -807.1968994140625
v 182.5625 0 -751.89373779296875
v 182.5625 0 -807.1968994140625
v 177.5 0 -850
v 0 0 -850
v 0 0 -720
v 0 0 -590
v 158.33332824707031 0 -590
v 316.66665649414062 0 -590
v 475 0 -590
v 475 0 -730
v 550 0 -730
v 550 0 -850
v 460 0 -850
v 460 0 -860
v 439.15625 0 -807.1968994140625
v 475.8125 0 -834.84844970703125
v 439.15625 0 -862.5
v 439.15625 0 -834.84844970703125
v 439.15625 0 -848.6741943359375
v 457.484375 0 -834.84844970703125
v 512.46875 0 -807.1968994140625
v 512.46875 0 -834.84844970703125
v 622.4375 0 -751.89373779296875
v 695.75 0 -807.1968994140625
v 622.4375 0 -807.1968994140625
v 475.8125 0 -890.15155029296875
v 439.15625 0 -917.8031005859375
v 439.15625 0 -890.15155029296875
v 597.5 0 -860
v 735 0 -860
v 735 0 -850
v 769.0625 0 -751.89373779296875
v 769.0625 0 -807.1968994140625
v 695.75 0 -834.84844970703125
v 732.40625 0 -807.1968994140625
v 769.0625 0 -834.84844970703125
v 732.40625 0 -834.84844970703125
v 750.734375 0 -834.84844970703125
v 769.0625 0 -848.6741943359375
v 750.734375 0 -862.5
v 750.734375 0 -848.6741943359375
v 805.71875 0 -807.1968994140625
v 842.375 0 -834.84844970703125
v 805.71875 0 -862.5
v 805.71875 0 -834.84844970703125
v 695.75 0 -890.15155029296875
v 769.0625 0 -890.15155029296875
v 732.40625 0 -917.8031005859375
v 732.40625 0 -890.15155029296875
v 622.4375 0 -973.10626220703125
v 622.4375 0 -917.8031005859375
v 560 0 -850
v 560 0 -720
v 560 0 -650
v 730 0 -650
v 730 0 -565
v 720 0 -565
v 695.75 0 -558.33282470703125
v 732.40625 0 -530.6812744140625
v 769.0625 0 -558.33282470703125
v 732.40625 0 -558.33282470703125
v 549.125 0 -585.984375
v 622.4375 0 -530.6812744140625
v 622.4375 0 -585.984375
v 255.875 0 -530.6812744140625
v 402.5 0 -420.07501220703125
v 402.5 0 -530.6812744140625
v 695.75 0 -475.37811279296875
v 769.0625 0 -475.37811279296875
v 549.125 0 -309.46875
v 695.75 0 -572.1585693359375
v 714.078125 0 -558.33282470703125
v 714.078125 0 -585.984375
v 714.078125 0 -572.1585693359375
v 769.0625 0 -613.63592529296875
v 695.75 0 -696.59063720703125
v 769.0625 0 -696.59063720703125
v 622.4375 0 -558.33282470703125
v 659.09375 0 -530.6812744140625
v 659.09375 0 -585.984375
v 659.09375 0 -558.33282470703125
v 549.125 0 -475.37811279296875
v 622.4375 0 -420.07501220703125
v 622.4375 0 -475.37811279296875
v 720 0 -640
v 602.5 0 -640
v 485 0 -640
v 485 0 -580
v 323.33334350585938 0 -580
v 161.66667175292969 0 -580
v 0 0 -580
v 0 0 -386.66665649414062
v 0 0 -193.33332824707031
v 0 0 0
v 156.66667175292969 0 0
v 313.33334350585938 0 0
v 470 0 0
v 470 0 -150
v 470 0 -300
v 470 0 -450
v 495 0 -450
v 402.5 0 -475.37811279296875
v 475.8125 0 -530.6812744140625
v 475.8125 0 -475.37811279296875
v 255.875 0 -309.46875
v 402.5 0 -198.86250305175781
v 402.5 0 -309.46875
v 495 0 -440
v 512.46875 0 -420.07501220703125
v 549.125 0 -447.7265625
v 512.46875 0 -475.37811279296875
v 512.46875 0 -447.7265625
v 402.5 0 -364.77188110351562
v 549.125 0 -364.77188110351562
v 475.8125 0 -461.55233764648438
v 512.46875 0 -461.55233764648438
v 494.140625 0 -475.37811279296875
v 494.140625 0 -461.55233764648438
v 475.8125 0 -503.02969360351562
v 549.125 0 -503.02969360351562
v 512.46875 0 -530.6812744140625
v 512.46875 0 -503.02969360351562
v 402.5 0 -447.7265625
v 439.15625 0 -420.07501220703125
v 439.15625 0 -475.37811279296875
v 439.15625 0 -447.7265625
v 255.875 0 -475.37811279296875
v 329.1875 0 -420.07501220703125
v 329.1875 0 -530.6812744140625
v 329.1875 0 -475.37811279296875
v 109.25 0 -420.07501220703125
v 109.25 0 -530.6812744140625
v 494.140625 0 -420.07501220703125
v 512.46875 0 -433.90078735351562
v 494.140625 0 -433.90078735351562
v 512.46875 0 -364.77188110351562
v 549.125 0 -392.42343139648438
v 512.46875 0 -392.42343139648438
v 622.4375 0 -309.46875
v 622.4375 0 -364.77188110351562
v 480 0 -440
v 480 0 -293.33334350585938
v 480 0 -146.66667175292969
v 480 0 0
v 690 0 0
v 690 0 -45
v 549.125 0 -88.256248474121094
v 842.375 0 -88.256248474121094
v 680 0 -45
v 549.125 0 -32.953125
v 622.4375 0 -88.256248474121094
v 622.4375 0 -32.953125
v 255.875 0 -88.256248474121094
v 402.5 0 -88.256248474121094
v 622.4375 0 -60.604686737060547
v 659.09375 0 -32.953125
v 659.09375 0 -88.256248474121094
v 659.09375 0 -60.604686737060547
v 842.375 0 -32.953125
v 769.0625 0 -88.256248474121094
v 769.0625 0 -32.953125
v 989 0 -88.256248474121094
v 549.125 0 -143.55937194824219
v 622.4375 0 -198.86250305175781
v 622.4375 0 -143.55937194824219
v 659.09375 0 -46.778907775878906
v 677.421875 0 -32.953125
v 677.421875 0 -60.604686737060547
v 622.4375 0 -5.3015623092651367
v 659.09375 0 -5.3015623092651367
v 732.40625 0 -32.953125
v 769.0625 0 -60.604686737060547
v 732.40625 0 -88.256248474121094
v 732.40625 0 -60.604686737060547
v 842.375 0 -143.55937194824219
v 769.0625 0 -198.86250305175781
v 769.0625 0 -143.55937194824219
v 680 0 -242.5
v 680 0 -440
v 595 0 -440
v 595 0 -450
v 585.78125 0 -420.07501220703125
v 585.78125 0 -475.37811279296875
v 585.78125 0 -447.7265625
v 585.78125 0 -433.90078735351562
v 604.109375 0 -420.07501220703125
v 622.4375 0 -433.90078735351562
v 604.109375 0 -433.90078735351562
v 585.78125 0 -364.77188110351562
v 622.4375 0 -392.42343139648438
v 585.78125 0 -392.42343139648438
v 659.09375 0 -475.37811279296875
v 585.78125 0 -461.55233764648438
v 622.4375 0 -461.55233764648438
v 604.109375 0 -475.37811279296875
v 604.109375 0 -461.55233764648438
v 622.4375 0 -503.02969360351562
v 585.78125 0 -530.6812744140625
v 585.78125 0 -503.02969360351562
v 720 0 -450
v 720 0 -465
v 732.40625 0 -475.37811279296875
v 769.0625 0 -309.46875
v 842.375 0 -364.77188110351562
v 769.0625 0 -364.77188110351562
v 730 0 -465
v 695.75 0 -461.55233764648438
v 714.078125 0 -475.37811279296875
v 714.078125 0 -461.55233764648438
v 695.75 0 -503.02969360351562
v 769.0625 0 -503.02969360351562
v 732.40625 0 -503.02969360351562
v 730 0 -450
v 845 0 -450
v 960 0 -450
v 960 0 -440
v 952.34375 0 -420.07501220703125
v 989 0 -447.7265625
v 952.34375 0 -475.37811279296875
v 915.6875 0 -309.46875
v 989 0 -364.77188110351562
v 915.6875 0 -364.77188110351562
v 1062.3125 0 -420.07501220703125
v 1135.625 0 -475.37811279296875
v 1062.3125 0 -475.37811279296875
v 952.34375 0 -461.55233764648438
v 970.671875 0 -447.7265625
v 989 0 -461.55233764648438
v 970.671875 0 -475.37811279296875
v 970.671875 0 -461.55233764648438
v 1025.65625 0 -420.07501220703125
v 1025.65625 0 -475.37811279296875
v 1025.65625 0 -447.7265625
v 1135.625 0 -364.77188110351562
v 1062.3125 0 -364.77188110351562
v 1282.25 0 -198.86250305175781
v 1282.25 0 -309.46875
v 915.6875 0 -503.02969360351562
v 989 0 -503.02969360351562
v 952.34375 0 -503.02969360351562
v 952.34375 0 -433.90078735351562
v 970.671875 0 -420.07501220703125
v 989 0 -433.90078735351562
v 970.671875 0 -433.90078735351562
v 915.6875 0 -392.42343139648438
v 952.34375 0 -364.77188110351562
v 989 0 -392.42343139648438
v 952.34375 0 -392.42343139648438
v 770 0 -440
v 770 0 -380
v 700 0 -380
v 700 0 -190
v 700 0 0
v 887.5 0 0
v 1075 0 0
v 1075 0 -146.66667175292969
v 1075 0 -293.33334350585938
v 1075 0 -440
v 1060 0 -440
v 1098.96875 0 -420.07501220703125
v 1135.625 0 -447.7265625
v 1098.96875 0 -475.37811279296875
v 1098.96875 0 -447.7265625
v 1208.9375 0 -420.07501220703125
v 1282.25 0 -475.37811279296875
v 1208.9375 0 -530.6812744140625
v 1208.9375 0 -475.37811279296875
v 1060 0 -450
v 1025.65625 0 -433.90078735351562
v 1043.984375 0 -420.07501220703125
v 1062.3125 0 -433.90078735351562
v 1043.984375 0 -447.7265625
v 1043.984375 0 -433.90078735351562
v 1025.65625 0 -364.77188110351562
v 1062.3125 0 -392.42343139648438
v 1025.65625 0 -392.42343139648438
v 1025.65625 0 -461.55233764648438
v 1062.3125 0 -461.55233764648438
v 1043.984375 0 -475.37811279296875
v 1043.984375 0 -461.55233764648438
v 1062.3125 0 -503.02969360351562
v 1025.65625 0 -530.6812744140625
v 1025.65625 0 -503.02969360351562
v 1075 0 -450
v 1075 0 -465
v 1085 0 -465
v 1098.96875 0 -461.55233764648438
v 1080.640625 0 -475.37811279296875
v 1135.625 0 -503.02969360351562
v 1098.96875 0 -530.6812744140625
v 1098.96875 0 -503.02969360351562
v 1085 0 -450
v 1085 0 -300
v 1085 0 -150
v 1085 0 0
v 1262.5 0 0
v 1440 0 0
v 1440 0 -191.66667175292969
v 1440 0 -383.33334350585938
v 1440 0 -575
v 1305 0 -575
v 1170 0 -575
v 1155 0 -575
v 1135.625 0 -558.33282470703125
v 1172.28125 0 -530.6812744140625
v 1208.9375 0 -558.33282470703125
v 1172.28125 0 -558.33282470703125
v 1085 0 -575
v 1085 0 -565
v 1062.3125 0 -558.33282470703125
v 1098.96875 0 -558.33282470703125
v 1080.640625 0 -558.33282470703125
v 1062.3125 0 -613.63592529296875
v 1135.625 0 -613.63592529296875
v 1098.96875 0 -641.2874755859375
v 1098.96875 0 -613.63592529296875
v 1025.65625 0 -558.33282470703125
v 1075 0 -565
v 1075 0 -575
v 980 0 -575
v 980 0 -585
v 952.34375 0 -572.1585693359375
v 970.671875 0 -558.33282470703125
v 970.671875 0 -585.984375
v 970.671875 0 -572.1585693359375
v 989 0 -613.63592529296875
v 952.34375 0 -641.2874755859375
v 952.34375 0 -613.63592529296875
v 1170 0 -585
v 1170 0 -595
v 1135.625 0 -572.1585693359375
v 1153.953125 0 -558.33282470703125
v 1208.9375 0 -613.63592529296875
v 1172.28125 0 -641.2874755859375
v 1172.28125 0 -613.63592529296875
v 1135.625 0 -599.8101806640625
v 1172.28125 0 -599.8101806640625
v 1153.953125 0 -613.63592529296875
v 1153.953125 0 -599.8101806640625
v 1305 0 -595
v 1440 0 -595
v 1460 0 -595
v 1575.5 0 -641.2874755859375
v 1575.5 0 -530.6812744140625
v 1502.1875 0 -530.6812744140625
v 1575.5 0 -585.984375
v 1502.1875 0 -641.2874755859375
v 1502.1875 0 -585.984375
v 1575.5 0 -751.89373779296875
v 1428.875 0 -613.63592529296875
v 1502.1875 0 -613.63592529296875
v 1465.53125 0 -641.2874755859375
v 1465.53125 0 -613.63592529296875
v 1428.875 0 -696.59063720703125
v 1575.5 0 -696.59063720703125
v 1502.1875 0 -751.89373779296875
v 1502.1875 0 -696.59063720703125
v 1355.5625 0 -641.2874755859375
v 1460 0 -396.66665649414062
v 1460 0 -198.33332824707031
v 1460 0 0
v 1677.5 0 0
v 1677.5 0 -168.33332824707031
v 1677.5 0 -336.66665649414062
v 1677.5 0 -505
v 1747.5 0 -505
v 1857.5 0 -505
v 2002.5 0 -505
v 2147.5 0 -505
v 2147.5 0 -625
v 2147.5 0 -745
v 2162.5 0 -745
v 2088.6875 0 -641.2874755859375
v 2088.6875 0 -696.59063720703125
v 2308.625 0 -530.6812744140625
v 2088.6875 0 -724.2421875
v 2125.34375 0 -696.59063720703125
v 2125.34375 0 -751.89373779296875
v 2125.34375 0 -724.2421875
v 2235.3125 0 -641.2874755859375
v 2308.625 0 -696.59063720703125
v 2235.3125 0 -696.59063720703125
v 2198.65625 0 -696.59063720703125
v 2235.3125 0 -724.2421875
v 2198.65625 0 -751.89373779296875
v 2198.65625 0 -724.2421875
v 2162.5 0 -640
v 2172.5 0 -640
v 2235.3125 0 -530.6812744140625
v 2308.625 0 -585.984375
v 2235.3125 0 -585.984375
v 2198.65625 0 -585.984375
v 2235.3125 0 -613.63592529296875
v 2198.65625 0 -641.2874755859375
v 2198.65625 0 -613.63592529296875
v 2015.375 0 -585.984375
v 2088.6875 0 -530.6812744140625
v 2088.6875 0 -585.984375
v 2180.328125 0 -613.63592529296875
v 2198.65625 0 -627.46173095703125
v 2180.328125 0 -641.2874755859375
v 2180.328125 0 -627.46173095703125
v 2235.3125 0 -668.9390869140625
v 2198.65625 0 -668.9390869140625
v 2088.6875 0 -613.63592529296875
v 2125.34375 0 -585.984375
v 2125.34375 0 -641.2874755859375
v 2125.34375 0 -613.63592529296875
v 2172.5 0 -630
v 2162.5 0 -630
v 2162.5 0 -490
v 2162.5 0 -425
v 2102.5 0 -425
v 2102.5 0 -490
v 1980 0 -490
v 1857.5 0 -490
v 1857.5 0 -415
v 1722.125 0 -309.46875
v 2015.375 0 -309.46875
v 1868.75 0 -309.46875
v 1847.5 0 -415
v 1722.125 0 -364.77188110351562
v 1795.4375 0 -309.46875
v 1868.75 0 -364.77188110351562
v 1795.4375 0 -420.07501220703125
v 1795.4375 0 -364.77188110351562
v 1575.5 0 -198.86250305175781
v 1795.4375 0 -392.42343139648438
v 1832.09375 0 -364.77188110351562
v 1868.75 0 -392.42343139648438
v 1832.09375 0 -420.07501220703125
v 1832.09375 0 -392.42343139648438
v 1942.0625 0 -309.46875
v 2015.375 0 -364.77188110351562
v 1942.0625 0 -420.07501220703125
v 1942.0625 0 -364.77188110351562
v 2162 0 -198.86250305175781
v 2308.625 0 -309.46875
v 2162 0 -309.46875
v 1868.75 0 -475.37811279296875
v 1795.4375 0 -530.6812744140625
v 1795.4375 0 -475.37811279296875
v 1832.09375 0 -406.24920654296875
v 1850.421875 0 -392.42343139648438
v 1868.75 0 -406.24920654296875
v 1850.421875 0 -406.24920654296875
v 1905.40625 0 -364.77188110351562
v 1942.0625 0 -392.42343139648438
v 1905.40625 0 -420.07501220703125
v 1905.40625 0 -392.42343139648438
v 2015.375 0 -475.37811279296875
v 1942.0625 0 -530.6812744140625
v 1942.0625 0 -475.37811279296875
v 1795.4375 0 -447.7265625
v 1868.75 0 -447.7265625
v 1832.09375 0 -475.37811279296875
v 1832.09375 0 -447.7265625
v 1847.5 0 -490
v 1747.5 0 -490
v 1747.5 0 -400
v 1702.5 0 -400
v 1702.5 0 -255
v 1702.5 0 -110
v 1702.5 0 -95
v 1722.125 0 -88.256248474121094
v 1575.5 0 -88.256248474121094
v 1575.5 0 -143.55937194824219
v 1648.8125 0 -88.256248474121094
v 1722.125 0 -143.55937194824219
v 1648.8125 0 -198.86250305175781
v 1648.8125 0 -143.55937194824219
v 2015.375 0 -88.256248474121094
v 1648.8125 0 -115.90781402587891
v 1722.125 0 -115.90781402587891
v 1575.5 0 -32.953125
v 1722.125 0 -32.953125
v 1648.8125 0 -32.953125
v 1795.4375 0 -88.256248474121094
v 1795.4375 0 -198.86250305175781
v 1795.4375 0 -143.55937194824219
v 1692.5 0 -95
v 1722.125 0 -102.08203125
v 1648.8125 0 -60.604686737060547
v 1722.125 0 -60.604686737060547
v 1795.4375 0 -32.953125
v 1758.78125 0 -88.256248474121094
v 1795.4375 0 -115.90781402587891
v 1758.78125 0 -143.55937194824219
v 1758.78125 0 -115.90781402587891
v 1692.5 0 0
v 1892.5 0 0
v 2092.5 0 0
v 2092.5 0 -95
v 1992.5 0 -95
v 1992.5 0 -105
v 1942.0625 0 -88.256248474121094
v 2015.375 0 -143.55937194824219
v 2308.625 0 -88.256248474121094
v 2162 0 -88.256248474121094
v 1978.71875 0 -88.256248474121094
v 2015.375 0 -115.90781402587891
v 2015.375 0 -32.953125
v 1942.0625 0 -32.953125
v 2162 0 -143.55937194824219
v 2088.6875 0 -198.86250305175781
v 2088.6875 0 -143.55937194824219
v 1997.046875 0 -88.256248474121094
v 1942.0625 0 -60.604686737060547
v 1978.71875 0 -32.953125
v 2015.375 0 -60.604686737060547
v 1978.71875 0 -60.604686737060547
v 2162 0 -32.953125
v 2052.03125 0 -143.55937194824219
v 2052.03125 0 -115.90781402587891
v 1977.5 0 -105
v 1977.5 0 -95
v 1960.390625 0 -88.256248474121094
v 1847.5 0 -95
v 1847.5 0 -110
v 1832.09375 0 -88.256248474121094
v 1832.09375 0 -143.55937194824219
v 1832.09375 0 -115.90781402587891
v 1847.5 0 -315
v 1857.5 0 -315
v 1795.4375 0 -337.12030029296875
v 1832.09375 0 -309.46875
v 1868.75 0 -337.12030029296875
v 1832.09375 0 -337.12030029296875
v 1795.4375 0 -254.16561889648438
v 1832.09375 0 -323.29452514648438
v 1868.75 0 -323.29452514648438
v 1850.421875 0 -337.12030029296875
v 1850.421875 0 -323.29452514648438
v 1795.4375 0 -281.81719970703125
v 1832.09375 0 -254.16561889648438
v 1832.09375 0 -281.81719970703125
v 2015.375 0 -254.16561889648438
v 1905.40625 0 -309.46875
v 1942.0625 0 -337.12030029296875
v 1905.40625 0 -337.12030029296875
v 1857.5 0 -305
v 1832.09375 0 -295.64297485351562
v 1967.5 0 -305
v 1967.5 0 -325
v 2015.375 0 -281.81719970703125
v 2162 0 -254.16561889648438
v 2088.6875 0 -309.46875
v 2088.6875 0 -254.16561889648438
v 2015.375 0 -337.12030029296875
v 1978.71875 0 -364.77188110351562
v 1978.71875 0 -337.12030029296875
v 2162 0 -364.77188110351562
v 2088.6875 0 -364.77188110351562
v 1977.5 0 -325
v 1942.0625 0 -323.29452514648438
v 1960.390625 0 -337.12030029296875
v 1960.390625 0 -323.29452514648438
v 2002.5 0 -325
v 2002.5 0 -215
v 2002.5 0 -105
v 2102.5 0 -105
v 2102.5 0 0
v 2215 0 0
v 2327.5 0 0
v 2327.5 0 -165
v 2352.5 0 -165
v 2455.25 0 -88.256248474121094
v 2308.625 0 -143.55937194824219
v 2381.9375 0 -88.256248474121094
v 2455.25 0 -143.55937194824219
v 2381.9375 0 -198.86250305175781
v 2381.9375 0 -143.55937194824219
v 2358.046142578125 0 -165
v 2308.625 0 -171.2109375
v 2381.9375 0 -171.2109375
v 2345.28125 0 -198.86250305175781
v 2345.28125 0 -171.2109375
v 2308.625 0 -254.16561889648438
v 2381.9375 0 -309.46875
v 2381.9375 0 -254.16561889648438
v 2235.3125 0 -88.256248474121094
v 2235.3125 0 -198.86250305175781
v 2235.3125 0 -143.55937194824219
v 2363.609375 0 -143.55937194824219
v 2381.9375 0 -157.38516235351562
v 2363.609375 0 -171.2109375
v 2363.609375 0 -157.38516235351562
v 2308.625 0 -115.90781402587891
v 2381.9375 0 -115.90781402587891
v 2308.625 0 -32.953125
v 2455.25 0 -32.953125
v 2381.9375 0 -32.953125
v 2418.59375 0 -143.55937194824219
v 2418.59375 0 -198.86250305175781
v 2418.59375 0 -171.2109375
v 2528.5625 0 -88.256248474121094
v 2601.875 0 -143.55937194824219
v 2528.5625 0 -198.86250305175781
v 2528.5625 0 -143.55937194824219
v 2358.046142578125 0 -155
v 2352.5 0 -155
v 2352.5 0 -40
v 2337.5 0 -40
v 2308.625 0 -60.604686737060547
v 2381.9375 0 -60.604686737060547
v 2235.3125 0 -32.953125
v 2337.5 0 5
v 2513.75 0 5
v 2690 0 5
v 2866.25 0 5
v 3042.5 0 5
v 3042.5 0 -40
v 3032.5 0 -40
v 3005.09375 0 -46.778907775878906
v 3023.421875 0 -32.953125
v 3023.421875 0 -60.604686737060547
v 3023.421875 0 -46.778907775878906
v 2968.4375 0 -5.3015623092651367
v 3005.09375 0 -5.3015623092651367
v 3032.5 0 -155
v 2838.904052734375 0 -155
v 2645.30810546875 0 -155
v 2451.712158203125 0 -155
v 2451.712158203125 0 -165
v 2418.59375 0 -157.38516235351562
v 2436.921875 0 -143.55937194824219
v 2436.921875 0 -171.2109375
v 2436.921875 0 -157.38516235351562
v 2418.59375 0 -88.256248474121094
v 2455.25 0 -115.90781402587891
v 2418.59375 0 -115.90781402587891
v 2491.90625 0 -143.55937194824219
v 2528.5625 0 -171.2109375
v 2491.90625 0 -198.86250305175781
v 2491.90625 0 -171.2109375
v 2601.875 0 -254.16561889648438
v 2528.5625 0 -309.46875
v 2528.5625 0 -254.16561889648438
v 2457.5 0 -165
v 2473.578125 0 -143.55937194824219
v 2491.90625 0 -88.256248474121094
v 2528.5625 0 -115.90781402587891
v 2491.90625 0 -115.90781402587891
v 2601.875 0 -32.953125
v 2528.5625 0 -32.953125
v 2457.5 0 -320
v 2457.5 0 -475
v 2457.5 0 -630
v 2272.5 0 -630
v 2272.5 0 -640
v 2271.96875 0 -585.984375
v 2308.625 0 -613.63592529296875
v 2271.96875 0 -613.63592529296875
v 2381.9375 0 -530.6812744140625
v 2381.9375 0 -585.984375
v 2290.296875 0 -613.63592529296875
v 2308.625 0 -627.46173095703125
v 2290.296875 0 -627.46173095703125
v 2345.28125 0 -585.984375
v 2381.9375 0 -613.63592529296875
v 2345.28125 0 -613.63592529296875
v 2381.9375 0 -696.59063720703125
v 2308.625 0 -668.9390869140625
v 2271.96875 0 -696.59063720703125
v 2271.96875 0 -668.9390869140625
v 2457.5 0 -640
v 2457.5 0 -745
v 2467.5 0 -745
v 2528.5625 0 -641.2874755859375
v 2601.875 0 -696.59063720703125
v 2528.5625 0 -696.59063720703125
v 2491.90625 0 -696.59063720703125
v 2528.5625 0 -724.2421875
v 2491.90625 0 -751.89373779296875
v 2491.90625 0 -724.2421875
v 2473.578125 0 -724.2421875
v 2491.90625 0 -738.0679931640625
v 2473.578125 0 -751.89373779296875
v 2473.578125 0 -738.0679931640625
v 2455.25 0 -779.5452880859375
v 2528.5625 0 -779.5452880859375
v 2491.90625 0 -779.5452880859375
v 2381.9375 0 -724.2421875
v 2418.59375 0 -696.59063720703125
v 2418.59375 0 -751.89373779296875
v 2418.59375 0 -724.2421875
v 2467.5 0 -625
v 2467.5 0 -505
v 2467.5 0 -335
v 2467.5 0 -165
v 2655.833251953125 0 -165
v 2844.166748046875 0 -165
v 3032.5 0 -165
v 3032.5 0 -335
v 660 0 -1635
v 660 0 -1440
v 650 0 -1440
v 622.4375 0 -1443.182861328125
v 695.75 0 -1443.182861328125
v 769.0625 0 -1470.8343505859375
v 659.09375 0 -1429.3570556640625
v 677.421875 0 -1415.53125
v 695.75 0 -1429.3570556640625
v 677.421875 0 -1443.182861328125
v 677.421875 0 -1429.3570556640625
v 732.40625 0 -1415.53125
v 769.0625 0 -1443.182861328125
v 732.40625 0 -1470.8343505859375
v 732.40625 0 -1443.182861328125
v 622.4375 0 -1429.3570556640625
v 640.765625 0 -1415.53125
v 640.765625 0 -1443.182861328125
v 640.765625 0 -1429.3570556640625
v 585.78125 0 -1415.53125
v 585.78125 0 -1443.182861328125
v 650 0 -1465
v 570 0 -1465
v 570 0 -1475
v 549.125 0 -1457.008544921875
v 567.453125 0 -1443.182861328125
v 585.78125 0 -1457.008544921875
v 567.453125 0 -1457.008544921875
v 549.125 0 -1484.66015625
v 567.453125 0 -1498.4859619140625
v 567.453125 0 -1484.66015625
v 585 0 -1475
v 585 0 -1540
v 650 0 -1540
v 650 0 -1635
v 622.4375 0 -1609.0921630859375
v 622.4375 0 -1622.91796875
v 640.765625 0 -1609.0921630859375
v 640.765625 0 -1636.7437744140625
v 640.765625 0 -1622.91796875
v 622.4375 0 -1664.395263671875
v 659.09375 0 -1692.046875
v 659.09375 0 -1664.395263671875
v 549.125 0 -1609.0921630859375
v 585.78125 0 -1581.440673828125
v 585.78125 0 -1636.7437744140625
v 585.78125 0 -1609.0921630859375
v 677.421875 0 -1609.0921630859375
v 695.75 0 -1622.91796875
v 677.421875 0 -1636.7437744140625
v 677.421875 0 -1622.91796875
v 3188.375 0 -862.5
f 657 638 652
f 652 636 1
f 1 637 657
f 657 652 1
f 637 658 659
f 665 638 657
f 659 640 665
f 657 659 665
f 638 665 666
f 649 666 656
f 664 666 649
f 661 663 662
f 645 647 646
f 639 649 650
f 644 650 649
f 636 652 653
f 664 639 653
f 652 638 664
f 653 652 664
f 698 2 678
f 678 575 660
f 660 625 698
f 698 678 660
f 625 660 637
f 603 601 576
f 619 572 603
f 602 548 619
f 603 602 619
f 674 548 602
f 679 623 674
f 602 679 674
f 602 576 677
f 679 677 575
f 694 623 679
f 678 2 694
f 679 678 694
f 611 481 612
f 613 612 480
f 5 508 510
f 508 412 509
f 412 388 490
f 490 413 412
f 485 487 484
f 482 473 487
f 485 413 482
f 487 485 482
f 487 473 390
f 484 487 486
f 386 515 517
f 514 517 516
f 516 505 504
f 354 409 516
f 504 354 516
f 388 491 493
f 491 471 492
f 483 473 482
f 476 474 472
f 483 476 475
f 390 473 483
f 475 390 483
f 475 472 479
f 477 390 475
f 479 477 475
f 477 479 478
f 486 390 477
f 489 414 486
f 477 489 486
f 489 477 389
f 442 6 445
f 448 437 442
f 445 448 442
f 445 250 446
f 448 446 415
f 437 448 447
f 415 495 496
f 491 388 494
f 496 471 491
f 494 496 491
f 90 447 511
f 447 415 494
f 511 494 388
f 508 5 432
f 511 412 508
f 432 511 508
f 248 7 265
f 265 215 251
f 251 112 248
f 248 265 251
f 445 6 314
f 314 112 251
f 251 250 445
f 445 314 251
f 234 232 216
f 229 222 234
f 233 152 229
f 234 233 229
f 463 461 216
f 232 462 463
f 216 232 463
f 216 461 465
f 264 465 464
f 152 233 266
f 233 216 264
f 266 264 215
f 261 212 266
f 265 7 261
f 266 265 261
f 626 655 654
f 718 688 722
f 720 8 718
f 722 720 718
f 688 549 697
f 722 697 627
f 720 722 721
f 624 721 626
f 721 627 626
f 562 551 560
f 565 552 567
f 570 561 565
f 567 570 565
f 589 568 570
f 567 401 589
f 570 567 589
f 570 568 553
f 561 570 569
f 569 553 550
f 713 554 555
f 562 555 554
f 702 547 551
f 589 401 590
f 590 584 591
f 571 605 607
f 605 598 606
f 617 615 599
f 614 617 616
f 616 599 621
f 618 574 616
f 621 618 616
f 599 572 619
f 621 619 548
f 681 573 618
f 621 620 681
f 618 621 681
f 685 585 618
f 585 574 618
f 618 573 685
f 685 550 553
f 550 685 686
f 573 681 683
f 681 620 682
f 683 682 676
f 682 620 548
f 674 676 682
f 548 674 682
f 691 676 674
f 623 675 691
f 674 623 691
f 676 691 693
f 693 691 675
f 675 623 694
f 696 694 2
f 547 702 705
f 711 705 702
f 554 703 711
f 702 554 711
f 710 704 687
f 701 705 710
f 687 701 710
f 554 713 715
f 713 550 684
f 717 689 714
f 714 622 549
f 549 688 717
f 717 714 549
f 687 704 719
f 712 689 717
f 719 704 712
f 717 719 712
f 719 717 688
f 716 719 718
f 543 421 541
f 541 355 529
f 529 531 543
f 543 541 529
f 593 563 402
f 586 588 593
f 402 586 593
f 608 588 586
f 400 587 608
f 586 400 608
f 588 608 610
f 608 587 609
f 610 609 3
f 605 571 594
f 610 598 605
f 594 610 605
f 563 593 595
f 593 588 594
f 595 594 571
f 590 401 592
f 595 584 590
f 592 595 590
f 530 402 563
f 566 592 567
f 592 401 567
f 567 552 566
f 566 564 563
f 9 403 405
f 427 384 405
f 403 91 427
f 405 403 427
f 91 428 429
f 427 429 392
f 385 5 507
f 507 386 385
f 408 411 393
f 514 409 411
f 408 386 514
f 411 408 514
f 411 409 354
f 406 393 411
f 410 387 406
f 411 410 406
f 426 395 391
f 384 392 426
f 391 384 426
f 356 394 419
f 407 387 417
f 419 394 407
f 417 419 407
f 419 417 399
f 416 419 418
f 417 387 410
f 410 354 397
f 397 399 417
f 417 410 397
f 399 397 4
f 540 396 418
f 418 399 398
f 398 355 540
f 540 418 398
f 416 396 539
f 539 422 404
f 404 356 416
f 416 539 404
f 422 539 542
f 539 396 540
f 542 540 355
f 536 527 542
f 541 421 536
f 542 541 536
f 420 526 528
f 535 528 526
f 422 527 535
f 526 422 535
f 528 535 538
f 535 527 536
f 538 536 421
f 335 10 307
f 307 274 309
f 309 87 335
f 335 307 309
f 87 309 308
f 315 441 444
f 441 6 442
f 444 442 437
f 440 439 444
f 443 438 440
f 444 443 440
f 450 438 443
f 443 437 90
f 90 431 450
f 450 443 90
f 449 452 451
f 431 90 432
f 432 5 385
f 103 308 403
f 103 70 308
f 308 92 430
f 430 91 403
f 403 9 103
f 195 189 199
f 197 11 195
f 199 197 195
f 205 185 198
f 199 189 205
f 198 199 205
f 209 280 198
f 280 192 198
f 198 185 209
f 209 111 190
f 141 283 285
f 282 285 284
f 277 192 278
f 301 299 191
f 271 284 294
f 292 294 293
f 213 262 248
f 262 7 248
f 248 112 249
f 249 112 314
f 441 315 316
f 314 6 441
f 316 314 441
f 293 272 298
f 295 81 293
f 298 295 293
f 300 191 296
f 298 272 300
f 296 298 300
f 310 297 298
f 296 275 310
f 298 296 310
f 319 109 295
f 298 297 319
f 295 298 319
f 281 313 296
f 313 275 296
f 296 191 281
f 281 113 273
f 109 319 320
f 310 275 311
f 226 240 242
f 235 224 242
f 240 221 235
f 242 240 235
f 242 224 153
f 239 242 241
f 227 223 228
f 231 225 227
f 228 231 227
f 228 222 229
f 231 229 152
f 225 231 230
f 221 236 238
f 235 238 237
f 230 260 258
f 260 214 258
f 258 211 230
f 230 152 212
f 259 214 260
f 263 245 259
f 260 263 259
f 260 212 261
f 263 261 7
f 245 263 262
f 184 253 256
f 256 254 247
f 252 256 255
f 255 247 246
f 111 208 255
f 246 111 255
f 207 241 257
f 241 153 257
f 257 184 207
f 207 186 183
f 186 207 210
f 252 208 210
f 207 184 252
f 210 207 252
f 210 208 111
f 204 188 210
f 209 185 204
f 210 209 204
f 203 188 204
f 206 204 185
f 187 194 196
f 193 196 195
f 747 557 740
f 740 709 707
f 707 13 747
f 747 740 707
f 707 709 708
f 558 742 744
f 741 744 743
f 733 547 701
f 737 735 701
f 687 734 737
f 701 687 737
f 734 687 716
f 739 716 8
f 556 746 748
f 741 706 748
f 746 558 741
f 748 746 741
f 748 706 557
f 745 748 747
f 14 95 368
f 366 368 367
f 104 9 351
f 352 533 532
f 352 98 420
f 15 73 75
f 75 83 85
f 82 85 84
f 82 74 69
f 72 75 82
f 69 72 82
f 116 86 127
f 128 127 89
f 86 322 337
f 333 10 335
f 337 322 333
f 335 337 333
f 337 335 87
f 127 337 336
f 100 89 336
f 336 87 70
f 70 88 100
f 100 336 70
f 99 89 100
f 102 100 88
f 71 101 373
f 101 88 372
f 373 372 105
f 358 94 371
f 373 347 358
f 371 373 358
f 372 88 70
f 103 105 372
f 70 103 372
f 348 105 103
f 9 104 348
f 103 9 348
f 94 358 361
f 358 347 359
f 361 359 350
f 359 347 105
f 348 350 359
f 105 348 359
f 350 348 104
f 378 96 93
f 69 74 378
f 93 69 378
f 74 84 379
f 84 71 371
f 375 363 379
f 371 94 375
f 379 371 375
f 378 379 363
f 374 365 362
f 96 363 374
f 362 96 374
f 363 375 377
f 375 94 357
f 374 377 376
f 362 365 364
f 362 95 14
f 93 96 362
f 14 93 362
f 287 201 197
f 201 11 197
f 197 141 287
f 287 142 140
f 142 287 289
f 282 271 289
f 287 141 282
f 289 287 282
f 292 81 288
f 289 271 292
f 288 289 292
f 286 289 288
f 137 108 138
f 139 138 110
f 108 288 330
f 288 81 295
f 328 321 330
f 295 109 328
f 330 295 328
f 138 330 321
f 327 323 115
f 110 321 327
f 115 110 327
f 321 328 329
f 328 109 318
f 334 332 10
f 331 334 333
f 331 322 86
f 115 323 331
f 86 115 331
f 134 114 135
f 135 114 110
f 115 117 135
f 110 115 135
f 124 117 115
f 86 116 124
f 115 86 124
f 117 124 126
f 126 124 116
f 80 119 120
f 120 130 132
f 129 132 131
f 129 73 15
f 118 120 129
f 15 118 129
f 2394 2395 174
f 2390 176 173
f 171 174 2390
f 173 171 2390
f 174 2391 2393
f 2390 2393 2392
f 173 176 175
f 173 159 143
f 170 171 173
f 143 170 173
f 178 177 165
f 167 165 164
f 144 149 167
f 164 144 167
f 172 166 165
f 167 169 172
f 165 167 172
f 169 167 149
f 200 151 149
f 144 150 200
f 149 144 200
f 151 200 202
f 200 150 187
f 193 11 201
f 202 187 193
f 201 202 193
f 155 202 201
f 154 151 155
f 157 155 140
f 143 159 160
f 871 873 872
f 872 865 862
f 866 867 872
f 862 866 872
f 864 867 866
f 883 881 876
f 883 882 865
f 876 874 861
f 882 876 875
f 862 865 882
f 875 862 882
f 862 875 917
f 875 861 916
f 902 917 916
f 860 866 921
f 866 862 915
f 920 921 909
f 879 877 556
f 861 879 878
f 878 556 745
f 906 745 13
f 919 901 899
f 910 911 919
f 899 910 919
f 908 911 910
f 907 904 903
f 899 901 907
f 903 899 907
f 910 899 898
f 18 897 910
f 898 18 910
f 2446 19 78
f 370 369 2446
f 78 370 2446
f 366 97 370
f 78 14 366
f 370 78 366
f 20 77 79
f 72 69 79
f 77 15 72
f 79 77 72
f 93 14 78
f 79 69 93
f 78 79 93
f 76 79 78
f 2412 21 122
f 123 121 2412
f 122 123 2412
f 122 16 80
f 118 15 77
f 123 80 118
f 77 123 118
f 121 123 77
f 1012 999 22
f 1000 1002 1012
f 22 1000 1012
f 1000 967 1001
f 999 1012 1014
f 1012 1002 1013
f 1018 1016 953
f 1015 1018 1017
f 963 958 964
f 966 964 960
f 964 958 17
f 959 960 964
f 17 959 964
f 960 959 943
f 948 944 949
f 951 949 946
f 949 944 943
f 945 946 949
f 943 945 949
f 1017 953 954
f 952 942 1017
f 954 952 1017
f 968 900 969
f 970 969 17
f 914 1010 1011
f 1000 22 1009
f 1011 967 1000
f 1009 1011 1000
f 24 989 990
f 991 863 985
f 985 978 990
f 990 868 991
f 991 985 990
f 988 990 978
f 870 933 934
f 933 860 920
f 930 926 934
f 920 749 930
f 934 920 930
f 932 934 926
f 868 992 993
f 992 870 932
f 993 932 869
f 982 863 991
f 993 974 982
f 991 993 982
f 983 974 869
f 925 976 983
f 869 925 983
f 976 925 913
f 929 928 925
f 869 926 929
f 925 869 929
f 931 908 897
f 927 928 931
f 897 927 931
f 925 928 927
f 927 897 18
f 912 913 927
f 18 912 927
f 984 980 977
f 837 978 984
f 977 837 984
f 978 985 987
f 984 987 986
f 977 980 979
f 776 778 777
f 2438 2460 2462
f 2459 2462 2461
f 2459 770 758
f 2157 2438 2459
f 758 2157 2459
f 2445 19 2446
f 2449 2447 2446
f 369 761 2449
f 2446 369 2449
f 2448 2447 2449
f 2453 2451 2449
f 761 2450 2453
f 2449 761 2453
f 2452 2451 2453
f 2455 2453 2450
f 2454 2450 2458
f 2456 759 2454
f 2458 2456 2454
f 2450 761 2457
f 2458 2457 763
f 2456 2458 766
f 2457 761 369
f 762 763 2457
f 369 762 2457
f 773 765 760
f 766 768 773
f 760 766 773
f 766 763 767
f 773 768 774
f 758 770 771
f 783 2461 2456
f 2461 759 2456
f 2456 760 783
f 783 771 770
f 771 783 784
f 783 760 765
f 2435 2166 2151
f 2430 2431 2435
f 2151 2430 2435
f 2166 2435 2437
f 2435 2431 2436
f 2352 2347 2356
f 2354 25 2352
f 2356 2354 2352
f 2354 2356 2355
f 2374 21 2412
f 2414 2412 121
f 2405 2345 2381
f 2381 2368 2367
f 2367 2343 2405
f 2405 2381 2367
f 2421 2420 161
f 2417 2343 2367
f 2421 2372 2417
f 2367 2421 2417
f 2343 2417 2419
f 2417 2372 2418
f 2419 2418 2375
f 2416 2346 2406
f 2419 2408 2416
f 2406 2419 2416
f 2418 2372 161
f 2373 2375 2418
f 161 2373 2418
f 2411 2409 2374
f 2345 2405 2407
f 2405 2343 2406
f 2402 2369 2407
f 2406 2346 2402
f 2407 2406 2402
f 2365 2407 2369
f 2361 2348 2369
f 2401 2371 2351
f 2369 2402 2404
f 2401 2404 2403
f 2351 2371 2370
f 2360 2348 2361
f 2363 2361 2351
f 2362 2351 2347
f 2352 2353 2362
f 2347 2352 2362
f 26 1093 1094
f 1093 1063 1076
f 1085 1076 1063
f 1077 1080 1085
f 1063 1077 1085
f 1077 956 1078
f 1086 1080 1078
f 1003 1079 1086
f 1078 1003 1086
f 1076 1085 1087
f 1079 1003 1089
f 1091 1089 957
f 1088 1091 1090
f 1078 956 1004
f 1019 1006 1003
f 1004 1020 1022
f 1020 22 999
f 1021 1022 999
f 1019 1022 1021
f 942 1005 1006
f 1089 1003 1006
f 1005 957 1089
f 1006 1005 1089
f 1042 955 1048
f 1050 1039 1042
f 1048 1050 1042
f 1090 957 1049
f 1050 1048 1090
f 1049 1050 1090
f 1127 27 1106
f 1108 1100 1127
f 1106 1108 1127
f 1106 838 1107
f 1108 1107 1008
f 1105 1100 1108
f 1082 1007 1105
f 1108 1082 1105
f 1024 1008 1107
f 1107 838 23
f 23 914 1024
f 1024 1107 23
f 1008 1024 1025
f 1024 914 1009
f 1020 1004 1025
f 1009 22 1020
f 1025 1009 1020
f 1023 1025 1004
f 1007 1082 1083
f 1082 1008 1023
f 1077 1063 1083
f 1023 956 1077
f 1083 1023 1077
f 1093 26 1081
f 1083 1063 1093
f 1081 1083 1093
f 28 834 1217
f 834 780 1216
f 1217 1216 839
f 1225 836 1215
f 1215 1207 1217
f 1217 1188 1225
f 1225 1215 1217
f 1216 780 24
f 988 837 839
f 1189 839 837
f 977 23 838
f 1222 836 1225
f 1228 1205 1222
f 1225 1228 1222
f 1225 1188 1226
f 1228 1226 1190
f 1205 1228 1227
f 1226 1188 839
f 1189 1190 1226
f 839 1189 1226
f 1190 1189 838
f 1186 1130 1227
f 1227 1190 1106
f 1106 27 1186
f 1186 1227 1106
f 29 848 850
f 848 801 849
f 844 829 850
f 849 815 844
f 850 849 844
f 847 850 829
f 1248 813 829
f 843 831 828
f 829 844 846
f 846 844 815
f 843 846 845
f 828 831 830
f 812 810 798
f 798 776 764
f 833 781 797
f 797 764 24
f 24 780 833
f 833 797 24
f 830 814 835
f 832 779 830
f 835 832 830
f 851 781 833
f 835 814 851
f 833 835 851
f 835 833 780
f 832 835 834
f 30 2149 2150
f 2150 2153 2155
f 2152 2155 2154
f 2152 800 772
f 1257 2150 2152
f 772 1257 2152
f 2170 2156 2179
f 2180 2179 2158
f 2441 2179 2156
f 2441 2439 2157
f 2179 2441 2440
f 2160 2158 2440
f 2440 2157 758
f 758 791 2160
f 2160 2440 758
f 2159 2158 2160
f 2162 2160 791
f 791 758 769
f 807 793 790
f 794 796 807
f 790 794 807
f 794 792 795
f 807 796 808
f 772 800 802
f 802 820 822
f 820 790 793
f 819 822 821
f 819 801 848
f 848 29 799
f 799 802 819
f 819 848 799
f 2427 2167 2165
f 2151 2166 2427
f 2165 2151 2427
f 2167 2427 2429
f 2432 2429 2427
f 2166 2428 2432
f 2427 2166 2432
f 2429 2432 2434
f 2432 2428 2433
f 2156 2169 2429
f 2168 2167 2169
f 2176 2171 2169
f 2156 2170 2176
f 2169 2156 2176
f 2175 2171 2176
f 2178 2176 2170
f 1260 2173 2174
f 2174 2182 2184
f 2181 2184 2183
f 2181 2149 30
f 2172 2174 2181
f 30 2172 2181
f 2281 2213 2322
f 2324 2322 2215
f 2321 2313 2324
f 2323 2195 2321
f 2324 2323 2321
f 2354 2322 2358
f 2322 2213 2358
f 2358 25 2354
f 2354 2214 2215
f 2325 2195 2323
f 2329 2210 2325
f 2323 2329 2325
f 2323 2215 2328
f 31 2210 2329
f 2380 2274 2357
f 2382 2366 2380
f 2357 2382 2380
f 2288 2382 2357
f 2275 2357 2359
f 2364 2344 2359
f 2357 2274 2364
f 2359 2357 2364
f 2350 25 2358
f 2359 2344 2350
f 2358 2359 2350
f 2280 2359 2358
f 2282 2289 2290
f 2277 2290 2289
f 2282 2280 2213
f 2289 2282 2281
f 32 2273 2289
f 2281 32 2289
f 33 1166 1177
f 1173 1071 1149
f 1177 1166 1173
f 1149 1177 1173
f 1177 1149 1072
f 1175 1177 1176
f 1071 1140 1152
f 1144 1035 1150
f 1152 1140 1144
f 1150 1152 1144
f 1152 1150 1043
f 1149 1152 1151
f 1151 1043 1067
f 1067 1036 1060
f 1060 1072 1151
f 1151 1067 1060
f 1160 1070 1176
f 1176 1072 1060
f 1060 1034 1160
f 1160 1176 1060
f 1062 1065 1066
f 1064 1066 1052
f 1043 1068 1069
f 1068 1044 1062
f 1064 1038 1056
f 1069 1062 1064
f 1056 1069 1064
f 1067 1069 1056
f 1036 1056 1058
f 1051 1041 1058
f 1056 1038 1051
f 1058 1056 1051
f 1058 1041 1040
f 1055 1058 1057
f 1038 1052 1054
f 1051 1054 1053
f 1034 1060 1061
f 1055 1037 1061
f 1060 1036 1055
f 1061 1060 1055
f 34 1119 1121
f 1119 1046 1098
f 1115 1047 1120
f 1121 1098 1115
f 1120 1121 1115
f 1121 1120 1045
f 1116 1197 1125
f 1197 1099 1125
f 1125 1102 1116
f 1116 1098 1046
f 1099 1126 1128
f 1126 27 1127
f 1128 1127 1100
f 1112 1102 1125
f 1128 1104 1112
f 1125 1128 1112
f 1102 1112 1114
f 1111 1114 1113
f 1098 1116 1118
f 1111 1103 1118
f 1116 1102 1111
f 1118 1116 1111
f 1118 1103 1101
f 1115 1118 1117
f 1117 1101 1110
f 1146 1109 1047
f 1109 1146 1148
f 1146 1110 1147
f 1165 1135 1045
f 1120 1136 1165
f 1045 1120 1165
f 1138 1136 1120
f 1047 1109 1138
f 1120 1047 1138
f 1136 1138 1141
f 1143 1141 1138
f 1109 1139 1143
f 1138 1109 1143
f 1141 1143 1145
f 1142 1145 1144
f 1172 1137 1141
f 1142 1140 1071
f 1135 1165 1167
f 1171 1167 1165
f 1136 1137 1171
f 1165 1136 1171
f 1171 1137 1172
f 1174 1172 1071
f 35 1219 1220
f 1219 817 1206
f 1214 1204 1131
f 1213 1214 1196
f 1210 1212 1211
f 1221 836 1222
f 1224 1222 1205
f 1131 1192 1194
f 1191 1194 1193
f 1187 1186 27
f 1193 1187 1126
f 1099 1185 1193
f 1126 1099 1193
f 1129 1196 1198
f 1191 1185 1198
f 1196 1131 1191
f 1198 1196 1191
f 1198 1185 1099
f 1195 1198 1197
f 1195 1046 1119
f 1200 1129 1195
f 1119 1200 1195
f 1199 1200 1119
f 36 1240 1242
f 1240 805 840
f 1235 818 1241
f 1242 840 1235
f 1241 1242 1235
f 1239 1242 1241
f 1247 813 1248
f 1250 1248 828
f 840 1236 1238
f 1234 1232 1238
f 1236 842 1234
f 1238 1236 1234
f 1238 1232 841
f 1235 1238 1237
f 1219 1241 1233
f 1241 818 1233
f 1233 817 1219
f 1219 35 816
f 1256 806 803
f 37 804 1256
f 803 37 1256
f 1246 805 1240
f 1240 36 803
f 803 806 1246
f 1246 1240 803
f 2201 2207 2233
f 2230 2233 2232
f 2231 1259 2225
f 2225 2211 2229
f 2229 2216 2231
f 2231 2225 2229
f 2211 31 2227
f 804 1261 2228
f 2228 1260 804
f 2217 1261 804
f 37 1258 2217
f 804 37 2217
f 38 2255 2305
f 2305 2311 2312
f 2318 2302 2199
f 2310 2312 2318
f 2199 2310 2318
f 2305 2310 2194
f 2310 2199 2194
f 2307 2196 2314
f 2316 2303 2307
f 2314 2316 2307
f 2331 2315 2316
f 2314 2209 2331
f 2316 2314 2331
f 2316 2315 2212
f 2303 2316 2223
f 2333 2331 2209
f 2331 2333 2332
f 2327 2325 2210
f 2332 2327 2326
f 2212 2315 2332
f 2326 2212 2332
f 2224 2212 2326
f 2326 2210 31
f 31 2211 2224
f 2224 2326 31
f 2200 2223 2226
f 2223 2212 2224
f 2226 2224 2211
f 2221 2206 2226
f 2225 1259 2221
f 2226 2225 2221
f 2301 2202 2198
f 2194 2199 2301
f 2198 2194 2301
f 2306 2304 2301
f 2199 2302 2306
f 2301 2199 2306
f 2309 2307 2303
f 2306 2309 2308
f 2308 2303 2200
f 2205 2304 2308
f 2200 2205 2308
f 2301 2304 2205
f 2202 2205 2208
f 2220 2208 2205
f 2200 2206 2220
f 2205 2200 2220
f 2208 2220 2222
f 2220 2206 2221
f 2219 2207 2201
f 2204 2208 2219
f 2201 2204 2219
f 2262 2241 2260
f 2260 2252 2261
f 2261 2254 2262
f 2262 2260 2261
f 2279 2285 2287
f 2285 2278 2286
f 2283 2276 2287
f 2286 2248 2283
f 2287 2286 2283
f 2293 2272 2284
f 2287 2276 2293
f 2284 2287 2293
f 2258 2241 2262
f 2265 2250 2258
f 2262 2265 2258
f 2262 2254 2263
f 2265 2263 2256
f 2250 2265 2264
f 2254 2296 2298
f 2263 2298 2297
f 2264 2256 2255
f 38 2245 2264
f 2255 38 2264
f 39 1123 1124
f 1124 1169 1170
f 1268 1203 1201
f 40 1202 1268
f 1201 40 1268
f 1202 1269 1271
f 1269 35 1218
f 1268 1271 1270
f 1203 1270 1274
f 1272 1274 1273
f 1272 1123 39
f 1201 1203 1272
f 39 1201 1272
f 41 1244 1245
f 1239 816 1245
f 1244 36 1239
f 1245 1244 1239
f 1269 1202 1245
f 816 35 1269
f 1245 816 1269
f 1243 1245 1202
f 2128 2123 2133
f 2130 42 2128
f 2133 2130 2128
f 2123 2119 2131
f 2133 2131 2125
f 2130 2133 2132
f 2131 2119 37
f 803 2125 2131
f 37 803 2131
f 2125 803 36
f 2132 2125 1244
f 41 1335 2132
f 1244 41 2132
f 2121 2120 2122
f 2127 2124 2122
f 2119 2123 2127
f 2122 2119 2127
f 2129 2127 2123
f 2126 2129 2128
f 2259 2244 2242
f 2251 2253 2259
f 2242 2251 2259
f 2249 2247 2243
f 2242 2244 2249
f 2243 2242 2249
f 2243 2247 2246
f 1317 43 1290
f 1291 1284 1317
f 1290 1291 1317
f 1290 39 1122
f 1517 44 1518
f 1519 1321 1517
f 1518 1519 1517
f 1518 40 1201
f 1519 1201 39
f 1589 1321 1519
f 1290 43 1589
f 1519 1290 1589
f 1546 45 1336
f 1547 1493 1546
f 1336 1547 1546
f 1336 41 1243
f 1547 1243 40
f 1575 1493 1547
f 1518 44 1575
f 1547 1518 1575
f 1339 1334 1340
f 1342 1340 1337
f 2130 1340 2134
f 1340 1334 2134
f 2134 42 2130
f 2130 1335 1337
f 1337 1335 41
f 1568 1332 1341
f 1341 1337 1336
f 1336 45 1568
f 1568 1341 1336
f 2037 47 2040
f 2043 2000 2037
f 2040 2043 2037
f 2040 1344 2041
f 2043 2041 1345
f 2081 1343 2065
f 2065 2000 2043
f 2043 2042 2081
f 2081 2065 2043
f 2108 2080 1343
f 2081 2083 2108
f 1343 2081 2108
f 2081 2042 2082
f 2107 2080 2108
f 2115 2113 2111
f 2112 2115 2114
f 2111 2109 1339
f 2114 2111 2110
f 46 2090 2114
f 2110 46 2114
f 48 2012 2013
f 2040 47 2010
f 2010 1375 2013
f 2013 1344 2040
f 2040 2010 2013
f 49 1296 1309
f 1633 1307 1309
f 1308 1292 1633
f 1309 1308 1633
f 1477 1469 1478
f 1480 1478 1472
f 1478 1469 1483
f 1594 1485 1472
f 1483 1595 1597
f 1594 1597 1596
f 1472 1485 1484
f 1484 1316 1285
f 1295 1470 1484
f 1285 1295 1484
f 1473 1470 1295
f 1282 1425 1473
f 1295 1282 1473
f 1318 1317 1284
f 1313 1287 1314
f 1315 1314 1289
f 1314 1287 1284
f 1288 1289 1314
f 1284 1288 1314
f 1286 1303 1304
f 1282 1295 1297
f 1312 1286 1306
f 1306 1297 1295
f 1295 1285 1312
f 1312 1306 1295
f 1305 1296 49
f 1294 1297 1305
f 49 1294 1305
f 1490 1584 1586
f 1584 1320 1585
f 1508 1586 1513
f 1504 1491 1513
f 1580 1516 1496
f 1513 1581 1583
f 1580 1583 1582
f 1582 1514 1322
f 1515 1516 1582
f 1322 1515 1582
f 1496 1516 1515
f 1503 1491 1504
f 1506 1504 1496
f 1514 1588 1587
f 1515 1322 1475
f 1598 1476 1474
f 1476 1598 1600
f 1598 1475 1599
f 1595 1483 1600
f 1599 1283 1595
f 1600 1599 1595
f 1482 1600 1483
f 1540 1549 1551
f 1549 1539 1550
f 1551 1550 1525
f 1524 1552 1554
f 1562 1554 1552
f 1333 1553 1562
f 1552 1333 1562
f 1554 1562 1565
f 1562 1553 1563
f 1561 1565 1564
f 1550 1539 1554
f 1561 1542 1525
f 1535 1525 1542
f 1569 1545 1527
f 1542 1564 1572
f 1572 1570 1543
f 1569 1572 1571
f 1571 1543 1494
f 1544 1545 1571
f 1494 1544 1571
f 1527 1545 1544
f 1534 1525 1535
f 1537 1535 1527
f 1537 1536 1528
f 1333 1566 1567
f 1543 1574 1573
f 1544 1494 1511
f 1512 1510 1544
f 1511 1512 1544
f 1584 1490 1512
f 1511 1320 1584
f 1512 1511 1584
f 2103 1331 1391
f 1392 1356 2103
f 1391 1392 2103
f 1993 2018 2020
f 2018 1352 2019
f 2020 2019 1994
f 2003 1994 2004
f 2006 2004 1371
f 2002 2006 2005
f 1372 1995 2016
f 2005 1371 2015
f 2016 1995 2005
f 2015 2016 2005
f 2016 2015 1353
f 2014 2016 1382
f 2014 1355 1361
f 1361 1351 1369
f 1369 1372 2014
f 2014 1361 1369
f 2019 1352 2007
f 2045 2009 1994
f 2007 2046 2049
f 2046 1999 2047
f 2045 2049 2048
f 2009 2048 2056
f 2056 2054 2001
f 2053 2056 2055
f 2004 1994 2009
f 2053 2008 1371
f 2036 47 2037
f 2063 2039 2037
f 2000 2038 2063
f 2037 2000 2063
f 2064 2038 2067
f 2057 2001 2064
f 2067 2057 2064
f 2038 2000 2065
f 2067 2065 1343
f 2057 2067 2066
f 1371 2008 2059
f 2055 2001 2057
f 2059 2008 2055
f 2057 2059 2055
f 2059 2057 1386
f 2015 2059 2058
f 1353 2058 2093
f 2058 1386 2086
f 2088 2086 1386
f 2066 2087 2088
f 1386 2066 2088
f 2066 1343 2080
f 2092 2090 46
f 2089 2092 2091
f 1351 1361 1363
f 1378 1363 1361
f 1355 1362 1378
f 1361 1355 1378
f 1378 1362 1379
f 1381 1379 1357
f 1355 1382 1385
f 2099 1385 1382
f 1353 1383 2099
f 1382 1353 2099
f 1385 2099 2101
f 2098 2101 2100
f 1379 1362 1385
f 2098 1384 1357
f 1357 1384 2104
f 2104 2102 1331
f 1389 2104 2103
f 1996 1373 55
f 1374 1376 1996
f 55 1374 1996
f 2011 2050 1376
f 2050 1997 1376
f 1997 2050 2052
f 2050 2011 2051
f 2046 2007 2052
f 2051 1999 2046
f 2052 2051 2046
f 2023 2052 2007
f 1373 1996 1998
f 2022 1998 1996
f 1376 1997 2022
f 1996 1376 2022
f 1998 2022 2024
f 2022 1997 2023
f 2018 1993 2024
f 2023 1352 2018
f 2024 2023 2018
f 2021 2024 1993
f 2021 1370 54
f 1980 1998 2021
f 54 1980 2021
f 1951 1924 1938
f 1374 55 1951
f 1938 1374 1951
f 2518 1615 2519
f 2521 2519 1311
f 2506 2508 2510
f 2507 2510 2509
f 1623 2515 2517
f 2515 1625 2506
f 2507 1624 2516
f 2517 2506 2507
f 2516 2517 2507
f 2514 2517 2516
f 1616 1611 1300
f 1612 1614 1616
f 1300 1612 1616
f 1632 1614 1612
f 49 1307 1632
f 1612 49 1632
f 1614 1632 1635
f 1632 1307 1633
f 1635 1633 1292
f 1630 1617 1635
f 1634 1613 1630
f 1635 1634 1630
f 1611 1616 1619
f 1629 1619 1616
f 1614 1617 1629
f 1616 1614 1629
f 1619 1629 1631
f 1629 1617 1630
f 2519 1615 1619
f 1628 1618 1311
f 1311 1618 1639
f 1636 1639 1638
f 1637 1613 1634
f 1634 1292 1621
f 1621 1622 1637
f 1637 1634 1621
f 2516 1624 2511
f 2511 1641 1640
f 1640 1310 2516
f 2516 2511 1640
f 2513 1636 1620
f 2511 2513 2512
f 57 1433 1435
f 1428 1413 1435
f 1433 1402 1428
f 1435 1433 1428
f 1448 1405 1434
f 1435 1413 1448
f 1434 1435 1448
f 1432 1435 1434
f 1402 1429 1431
f 1428 1431 1430
f 1459 1415 1460
f 1462 1460 1403
f 1449 1462 1461
f 1413 1430 1451
f 1451 1449 1416
f 1448 1451 1450
f 1450 1416 1455
f 1452 1405 1450
f 1455 1452 1450
f 1461 1403 1453
f 1455 1416 1461
f 1453 1455 1461
f 2478 1454 1455
f 1453 1301 2478
f 1455 1453 2478
f 2487 1404 1452
f 1455 1454 2487
f 1452 1455 2487
f 2490 1434 1452
f 1434 1405 1452
f 1452 1404 2490
f 2490 1298 1401
f 1427 1425 1282
f 1464 2482 1453
f 2482 1301 1453
f 1453 1403 1464
f 1464 1427 1426
f 2479 1301 2482
f 2485 2475 2479
f 2482 2485 2479
f 2482 1426 2483
f 2485 2483 2476
f 2475 2485 2484
f 2483 1426 1282
f 1294 2476 2483
f 1282 1294 2483
f 2476 1294 49
f 2484 2476 1612
f 1300 1457 2484
f 1612 1300 2484
f 2496 1692 1298
f 2490 2491 2496
f 1298 2490 2496
f 2486 2474 2491
f 2490 1404 2486
f 2491 2490 2486
f 1692 2496 2498
f 2496 2491 2497
f 1404 2487 2489
f 2487 1454 2477
f 2486 2489 2488
f 1454 2478 2481
f 2478 1301 2479
f 2481 2479 2475
f 2499 2501 2500
f 1497 1412 1418
f 1418 1410 58
f 58 1411 1497
f 1497 1418 58
f 1411 1498 1499
f 1507 1489 1499
f 1498 51 1507
f 1499 1498 1507
f 1495 1319 1444
f 1499 1489 1495
f 1444 1499 1495
f 1497 1499 1444
f 1412 1444 1446
f 1444 1319 1445
f 1481 50 1424
f 1446 1445 1481
f 1424 1446 1481
f 1463 1299 1442
f 1442 1419 1446
f 1446 1424 1463
f 1463 1442 1446
f 1410 1418 1420
f 1441 1420 1418
f 1412 1419 1441
f 1418 1412 1441
f 1420 1441 1443
f 1441 1419 1442
f 1466 1414 1443
f 1442 1299 1466
f 1443 1442 1466
f 1429 1402 1440
f 1443 1414 1429
f 1440 1443 1429
f 1440 1402 1433
f 1433 57 1417
f 1417 1420 1440
f 1440 1433 1417
f 1827 1529 1501
f 1770 1827 1826
f 1825 1823 1532
f 1822 1825 1824
f 1538 1823 1820
f 1823 1530 1820
f 1820 52 1538
f 1538 1523 1532
f 1526 1492 1531
f 1532 1523 1526
f 1531 1532 1526
f 1824 1532 1531
f 1501 1529 1824
f 1531 1501 1824
f 1498 1531 1509
f 1531 1492 1509
f 1509 51 1498
f 1498 1411 1501
f 1826 1501 1411
f 58 1500 1826
f 1411 58 1826
f 1366 53 1390
f 1853 1390 1330
f 1852 1853 1808
f 1811 1800 1368
f 1808 1809 1811
f 1368 1808 1811
f 1818 1809 1808
f 1330 1541 1818
f 1808 1330 1818
f 1809 1818 1821
f 1818 1541 1819
f 1821 1819 52
f 1815 1812 1821
f 1820 1530 1815
f 1821 1820 1815
f 1800 1811 1813
f 1814 1813 1811
f 1809 1812 1814
f 1811 1809 1814
f 1814 1812 1815
f 1817 1815 1530
f 1799 1368 1800
f 1961 1960 1886
f 59 1958 1961
f 1886 59 1961
f 1958 1962 1964
f 1962 1859 1963
f 1972 1970 1860
f 1969 1972 1971
f 1969 1959 1858
f 1886 1960 1969
f 1858 1886 1969
f 1973 1968 1855
f 1973 1860 1968
f 1968 1844 1986
f 1986 1359 1855
f 1855 1839 1973
f 1858 1959 1975
f 1971 1860 1973
f 1975 1959 1971
f 1973 1975 1971
f 1975 1973 1839
f 1896 1975 1974
f 1983 1985 1984
f 1987 1845 1369
f 1351 1365 1987
f 1369 1351 1987
f 1984 1978 1988
f 1986 1844 1984
f 1988 1986 1984
f 1978 1845 1987
f 1988 1987 1365
f 1986 1988 1835
f 1848 1834 1359
f 1835 1837 1848
f 1359 1835 1848
f 1835 1365 1836
f 1834 1848 1850
f 1847 1850 1849
f 1836 1365 1351
f 1360 1354 1367
f 1851 1367 1354
f 1388 53 1366
f 1974 1839 1854
f 1854 1840 1838
f 1838 1358 1974
f 1974 1854 1838
f 1839 1855 1857
f 1855 1359 1834
f 1847 1364 1856
f 1857 1834 1847
f 1856 1857 1847
f 1854 1857 1856
f 1979 1373 1980
f 1965 1890 1846
f 1915 1916 1965
f 1846 1915 1965
f 1890 1965 1967
f 1965 1916 1966
f 1962 1958 1967
f 1966 1859 1962
f 1967 1966 1962
f 1913 1967 1958
f 1945 1946 1932
f 1942 1934 1931
f 1928 1932 1942
f 1931 1928 1942
f 1942 1932 1943
f 1944 1934 1942
f 1931 1934 1933
f 1931 1927 1923
f 1926 1928 1931
f 1923 1926 1931
f 1948 1937 1935
f 1924 1936 1948
f 1935 1924 1948
f 1947 1937 1948
f 1950 1948 1936
f 1936 1924 1951
f 1953 1951 55
f 1923 1927 1941
f 1939 1941 1940
f 61 1648 1651
f 1655 1649 1656
f 1654 1650 1626
f 1647 1651 1654
f 1626 1647 1654
f 1670 1658 1660
f 1649 1408 1670
f 1660 1649 1670
f 1685 56 1623
f 1660 1658 1685
f 1623 1660 1685
f 2514 1310 1659
f 1660 1623 2514
f 1659 1660 2514
f 1656 1649 1660
f 1659 1627 1656
f 1660 1659 1656
f 1627 1659 1698
f 1659 1310 1640
f 1626 1650 1663
f 1722 1436 1409
f 1673 1713 1722
f 1409 1673 1722
f 1711 1713 1673
f 1717 1707 1718
f 1720 1718 1710
f 1718 1707 1437
f 1708 1710 1718
f 1437 1708 1718
f 1710 1708 1439
f 1708 1437 57
f 1432 1401 1439
f 1691 1438 1439
f 1401 1298 1691
f 1439 1401 1691
f 1709 1439 1438
f 1680 1409 1436
f 1409 1680 1682
f 1688 1682 1680
f 1438 1681 1688
f 1680 1438 1688
f 1682 1688 1690
f 1688 1681 1689
f 1438 1691 1693
f 1691 1298 1692
f 2495 1456 1683
f 1693 1692 2495
f 1683 1693 2495
f 1689 1681 1693
f 1683 1667 1689
f 1693 1683 1689
f 1676 1667 1683
f 1686 1669 1676
f 1683 1686 1676
f 2499 1684 1686
f 1683 1456 2499
f 1686 1683 2499
f 1686 1684 56
f 1669 1686 1685
f 1678 1676 1669
f 1675 1678 1677
f 1677 1669 1658
f 1670 1671 1677
f 1658 1670 1677
f 1668 1671 1670
f 1672 1406 1673
f 1648 61 1672
f 1724 1421 63
f 1422 1423 1724
f 63 1422 1724
f 1715 1423 1422
f 58 1410 1715
f 1422 58 1715
f 1729 1714 1423
f 1715 1716 1729
f 1423 1715 1729
f 1715 1410 1417
f 1730 1716 1417
f 57 1437 1730
f 1417 57 1730
f 1714 1729 1731
f 1729 1716 1730
f 1731 1730 1437
f 1717 1407 1728
f 1731 1707 1717
f 1728 1731 1717
f 1421 1724 1725
f 1724 1423 1714
f 1728 1407 1721
f 1721 1712 1725
f 1725 1714 1728
f 1728 1721 1725
f 1723 1725 1712
f 1756 1743 1767
f 1769 1767 1760
f 1766 1769 1768
f 1768 1760 1750
f 1761 1762 1768
f 1750 1761 1768
f 1759 1762 1761
f 1743 1793 1804
f 1804 1802 1772
f 1767 1804 1803
f 1772 1770 1500
f 1803 1772 1771
f 1750 1760 1803
f 1771 1750 1803
f 1771 1500 58
f 1422 1750 1771
f 58 1422 1771
f 1761 1750 1422
f 63 1749 1761
f 1422 63 1761
f 1746 1741 64
f 1742 1744 1746
f 64 1742 1746
f 1758 1791 1744
f 1791 1747 1744
f 1758 1797 1798
f 1747 1791 1794
f 1796 1794 1791
f 1758 1792 1796
f 1791 1758 1796
f 1795 1794 1796
f 1795 1793 1743
f 1755 1794 1795
f 1743 1755 1795
f 1774 1745 1741
f 1746 1748 1774
f 1741 1746 1774
f 1754 1748 1746
f 1744 1747 1754
f 1746 1744 1754
f 1764 1753 1748
f 1754 1757 1764
f 1748 1754 1764
f 1754 1747 1755
f 1765 1757 1755
f 1743 1756 1765
f 1755 1743 1765
f 1745 1774 1775
f 1774 1748 1753
f 65 1904 1906
f 1899 1878 1906
f 1904 1842 1899
f 1906 1904 1899
f 1906 1878 1843
f 1903 1906 1905
f 1842 1900 1902
f 1899 1902 1901
f 1909 1885 1910
f 1910 1885 59
f 1886 1888 1910
f 59 1886 1910
f 1892 1888 1886
f 1858 1887 1892
f 1886 1858 1892
f 1894 1892 1887
f 1891 1894 1893
f 1893 1887 1898
f 1895 1880 1893
f 1898 1895 1893
f 1887 1858 1896
f 1898 1896 1358
f 1895 1898 1897
f 1901 1880 1895
f 1895 1879 1843
f 1843 1878 1901
f 1901 1895 1843
f 66 1882 1883
f 1912 1890 1913
f 1914 1913 59
f 1889 1842 1904
f 1904 65 1881
f 1881 1883 1889
f 1889 1904 1881
f 1929 1930 1882
f 1647 1626 1653
f 1652 61 1647
f 1653 1652 1647
f 1672 61 1652
f 1674 1406 1672
f 1652 1674 1672
f 1726 63 1421
f 1763 1749 63
f 1777 1752 1751
f 64 1741 1777
f 1751 64 1777
f 1752 1777 1778
f 1777 1741 1745
f 1903 1841 1908
f 1907 65 1903
f 1908 1907 1903
f 662 643 667
f 646 662 667
f 663 643 662
f 667 644 646
f 662 646 647
f 644 667 650
f 645 661 647
f 642 643 663
f 641 656 635
f 645 641 661
f 666 635 656
f 649 656 641
f 641 642 661
f 642 663 661
f 640 634 635
f 649 641 645
f 668 648 650
f 653 639 668
f 725 726 655
f 668 669 651
f 648 668 639
f 668 650 667
f 665 635 666
f 665 640 635
f 634 640 659
f 636 651 669
f 649 645 644
f 633 634 659
f 637 633 658
f 659 658 633
f 660 633 637
f 671 695 698
f 671 698 625
f 632 633 660
f 677 632 575
f 660 575 632
f 576 632 677
f 698 695 2
f 696 695 692
f 631 632 576
f 670 671 1
f 692 675 696
f 695 671 692
f 697 549 724
f 549 723 724
f 700 723 622
f 1 636 670
f 692 671 672
f 672 676 693
f 672 673 683
f 676 672 683
f 692 672 693
f 686 680 673
f 685 573 680
f 690 686 673
f 724 725 626
f 669 670 636
f 627 697 724
f 729 624 626
f 727 728 654
f 730 720 624
f 727 655 726
f 622 723 549
f 738 8 720
f 738 730 731
f 730 738 720
f 654 729 626
f 728 729 654
f 889 890 708
f 888 708 709
f 892 707 12
f 888 889 708
f 729 730 624
f 887 709 740
f 709 887 888
f 557 887 740
f 707 905 13
f 893 905 707
f 743 887 557
f 739 738 731
f 892 12 890
f 684 686 690
f 689 712 700
f 714 689 700
f 710 700 704
f 712 704 700
f 705 699 710
f 700 710 699
f 711 703 699
f 690 699 684
f 715 699 703
f 705 711 699
f 680 686 685
f 737 734 732
f 732 734 739
f 732 736 737
f 744 742 887
f 557 706 743
f 731 732 739
f 743 744 887
f 733 736 750
f 736 733 735
f 737 736 735
f 742 886 887
f 886 558 746
f 886 742 558
f 751 733 750
f 551 547 733
f 893 894 905
f 655 626 725
f 603 630 601
f 576 601 631
f 615 572 599
f 606 3 581
f 615 629 630
f 603 572 630
f 500 480 499
f 630 631 601
f 480 612 499
f 580 581 587
f 581 3 609
f 630 572 615
f 587 581 609
f 600 480 500
f 500 613 600
f 615 628 629
f 597 628 617
f 614 574 585
f 614 596 597
f 581 582 606
f 583 614 585
f 3 606 598
f 591 584 571
f 607 582 604
f 596 614 583
f 628 615 617
f 498 499 481
f 612 481 499
f 481 389 498
f 613 501 611
f 613 500 501
f 611 501 481
f 501 389 481
f 498 478 479
f 497 498 479
f 501 488 389
f 501 502 489
f 389 478 498
f 472 497 479
f 579 580 400
f 586 402 579
f 398 4 521
f 521 4 520
f 578 579 402
f 504 505 518
f 504 519 397
f 397 519 4
f 397 354 504
f 518 519 504
f 382 407 394
f 382 387 407
f 529 398 521
f 4 519 520
f 582 583 568
f 585 553 583
f 553 568 583
f 591 582 590
f 561 555 546
f 590 582 589
f 577 566 552
f 577 578 564
f 552 565 559
f 565 561 559
f 591 604 582
f 551 733 751
f 545 562 560
f 877 886 746
f 878 916 861
f 879 885 877
f 545 546 562
f 560 544 545
f 551 751 560
f 2522 560 751
f 577 564 566
f 886 877 885
f 559 577 552
f 885 881 884
f 521 522 529
f 529 355 398
f 531 522 543
f 543 537 421
f 522 537 543
f 422 526 404
f 538 537 523
f 523 537 522
f 534 538 523
f 2522 524 544
f 525 528 534
f 524 2522 534
f 2522 525 534
f 533 525 752
f 753 754 367
f 752 753 532
f 2522 544 560
f 2522 752 525
f 98 526 420
f 533 420 525
f 381 404 526
f 532 380 352
f 753 367 532
f 367 380 532
f 370 97 754
f 98 381 526
f 874 885 879
f 746 556 877
f 404 381 356
f 878 906 894
f 939 945 938
f 939 946 945
f 938 945 943
f 946 939 940
f 943 937 938
f 969 936 937
f 943 959 937
f 959 17 937
f 937 17 969
f 960 944 948
f 890 891 892
f 951 950 947
f 940 947 950
f 1026 1027 953
f 1027 1028 954
f 947 940 941
f 940 950 946
f 951 947 948
f 961 965 948
f 970 958 963
f 966 965 961
f 967 1011 996
f 947 961 948
f 970 963 971
f 962 963 966
f 961 962 966
f 962 971 963
f 893 707 892
f 903 936 898
f 936 900 898
f 898 899 903
f 900 936 969
f 904 935 903
f 935 904 907
f 906 905 894
f 935 907 901
f 911 924 919
f 924 935 919
f 895 902 894
f 18 898 900
f 903 935 936
f 18 900 968
f 975 912 971
f 968 971 912
f 912 975 913
f 975 971 972
f 971 968 970
f 924 931 928
f 928 929 924
f 983 976 973
f 973 976 975
f 983 973 981
f 973 975 972
f 924 929 923
f 995 979 986
f 924 908 931
f 954 1029 952
f 952 1005 942
f 1029 954 1028
f 1018 998 1016
f 996 997 1013
f 998 1026 1016
f 1001 996 1013
f 1021 999 1015
f 1006 1015 942
f 998 1015 999
f 997 1014 1013
f 998 999 997
f 1018 1015 998
f 997 999 1014
f 1049 952 1029
f 954 953 1027
f 957 1005 1049
f 1049 1005 952
f 1049 1030 1050
f 1031 1039 1050
f 1031 1032 1039
f 1031 1050 1030
f 1091 1074 1079
f 1074 1091 1088
f 1074 1075 1079
f 1088 1048 955
f 1088 1073 1074
f 1088 955 1073
f 955 1042 1032
f 1015 1006 1021
f 995 1011 1010
f 1013 1002 1001
f 986 987 994
f 995 986 994
f 914 23 979
f 1010 979 995
f 986 979 980
f 1001 967 996
f 1080 1075 1085
f 1075 1080 1086
f 1094 1076 1084
f 1075 1095 1084
f 1087 1075 1084
f 1081 26 1095
f 1081 1096 1007
f 1095 1096 1081
f 1223 1205 1130
f 1130 1186 1184
f 1100 1105 1096
f 1092 1095 26
f 1075 1087 1085
f 1084 1095 1094
f 995 996 1011
f 894 902 916
f 896 902 895
f 902 896 917
f 909 918 922
f 909 921 918
f 911 908 924
f 749 909 922
f 918 915 896
f 861 874 879
f 918 921 915
f 915 917 896
f 881 874 876
f 926 930 923
f 749 922 923
f 926 923 929
f 863 982 981
f 981 982 974
f 974 983 981
f 870 857 933
f 933 864 860
f 994 985 863
f 868 856 992
f 992 857 870
f 994 987 985
f 930 749 923
f 990 856 868
f 865 872 859
f 880 883 865
f 884 881 883
f 871 867 864
f 858 873 871
f 871 864 857
f 873 859 872
f 859 880 865
f 883 880 884
f 873 858 859
f 755 370 754
f 755 767 762
f 858 871 857
f 864 933 857
f 775 774 756
f 756 774 755
f 756 757 775
f 855 856 777
f 856 857 992
f 854 855 778
f 786 782 784
f 755 774 767
f 768 767 774
f 762 767 763
f 765 757 785
f 785 784 765
f 784 785 786
f 773 757 765
f 775 757 773
f 856 990 989
f 762 370 755
f 874 881 885
f 24 764 777
f 852 797 781
f 852 781 851
f 810 776 798
f 827 852 851
f 852 853 811
f 797 811 798
f 852 811 797
f 810 854 776
f 855 777 778
f 830 845 814
f 1221 1215 836
f 1229 28 1207
f 1229 1230 832
f 832 28 1229
f 1215 1209 1207
f 826 827 845
f 845 827 814
f 826 846 815
f 826 815 825
f 831 845 830
f 824 825 815
f 828 779 1249
f 786 787 782
f 853 854 810
f 787 769 782
f 787 788 808
f 809 788 789
f 808 795 787
f 809 789 807
f 771 782 769
f 795 769 787
f 792 769 795
f 796 795 808
f 793 807 789
f 849 821 824
f 823 824 821
f 1247 29 847
f 821 849 801
f 789 823 793
f 822 793 823
f 802 800 2154
f 823 821 822
f 820 2154 790
f 790 2161 794
f 1252 1253 29
f 788 809 808
f 794 2161 791
f 847 813 1247
f 916 878 894
f 470 497 474
f 472 474 497
f 469 470 482
f 483 482 470
f 476 483 470
f 468 469 492
f 413 490 469
f 484 502 503
f 506 509 485
f 503 506 485
f 503 485 484
f 485 509 412
f 414 502 484
f 505 516 513
f 517 513 516
f 383 406 382
f 423 393 383
f 406 383 393
f 489 502 414
f 512 513 517
f 393 423 424
f 408 424 425
f 424 408 393
f 506 512 510
f 382 406 387
f 471 496 468
f 412 413 485
f 469 490 493
f 510 512 515
f 495 467 496
f 496 467 468
f 446 467 495
f 467 446 250
f 495 415 446
f 466 467 250
f 507 510 515
f 492 471 468
f 515 386 507
f 385 386 408
f 385 434 432
f 425 385 408
f 434 431 432
f 434 385 433
f 435 438 450
f 436 439 440
f 440 438 436
f 439 436 315
f 436 316 315
f 435 436 438
f 435 431 434
f 392 342 426
f 381 382 356
f 429 342 392
f 384 391 405
f 341 342 429
f 356 382 394
f 451 452 340
f 425 433 385
f 428 91 341
f 340 341 451
f 435 450 431
f 452 449 340
f 91 430 341
f 451 430 92
f 430 451 341
f 343 405 391
f 391 342 343
f 98 352 381
f 351 405 343
f 352 380 381
f 353 349 104
f 349 353 344
f 351 343 353
f 449 92 308
f 308 309 449
f 68 99 102
f 102 101 68
f 309 339 449
f 350 349 360
f 395 342 391
f 338 339 274
f 338 274 332
f 307 332 274
f 326 338 332
f 305 311 304
f 311 273 304
f 273 311 313
f 275 313 311
f 306 312 305
f 306 317 297
f 310 312 306
f 312 311 305
f 317 324 320
f 273 113 304
f 332 334 326
f 125 116 128
f 331 323 326
f 334 331 326
f 329 318 325
f 318 320 324
f 324 325 318
f 329 325 327
f 319 317 320
f 135 117 133
f 323 327 325
f 10 332 307
f 99 68 128
f 342 395 426
f 304 113 303
f 215 464 466
f 250 251 466
f 466 251 215
f 465 466 464
f 316 453 249
f 249 453 248
f 453 213 248
f 453 259 245
f 453 454 214
f 268 190 246
f 466 465 460
f 268 246 267
f 316 436 453
f 299 303 281
f 247 267 246
f 268 278 190
f 302 303 299
f 246 190 111
f 267 247 254
f 254 244 267
f 244 254 243
f 213 453 245
f 253 243 256
f 254 256 243
f 153 243 257
f 243 253 257
f 281 303 113
f 184 257 253
f 461 460 465
f 463 460 461
f 458 459 460
f 454 227 225
f 462 460 463
f 232 458 462
f 460 462 458
f 457 458 232
f 457 234 222
f 228 456 222
f 457 222 456
f 232 234 457
f 211 454 225
f 211 258 454
f 223 454 455
f 153 224 237
f 220 243 237
f 454 223 227
f 238 220 237
f 223 455 456
f 218 219 236
f 228 223 456
f 219 220 236
f 236 220 238
f 218 221 240
f 218 236 221
f 217 218 240
f 237 243 153
f 214 454 258
f 281 191 299
f 272 291 300
f 302 301 291
f 300 291 301
f 297 310 306
f 302 299 301
f 278 268 269
f 280 278 192
f 269 270 279
f 270 199 277
f 279 278 269
f 198 192 277
f 278 280 190
f 290 272 293
f 134 139 114
f 286 108 137
f 134 137 139
f 276 290 284
f 294 290 293
f 294 284 290
f 197 283 141
f 276 285 283
f 276 199 270
f 142 286 146
f 272 290 291
f 319 297 317
f 283 199 276
f 182 206 205
f 205 189 182
f 195 181 189
f 189 181 182
f 198 277 199
f 203 206 182
f 203 186 188
f 217 183 182
f 203 183 186
f 240 226 217
f 217 226 239
f 203 182 183
f 194 144 181
f 196 194 181
f 194 150 144
f 283 197 199
f 156 140 142
f 150 194 187
f 180 144 164
f 177 180 164
f 183 217 239
f 144 180 181
f 149 151 154
f 164 165 177
f 180 177 179
f 195 196 181
f 286 137 146
f 497 468 498
f 346 380 364
f 353 343 344
f 364 380 368
f 345 349 344
f 762 369 370
f 364 368 95
f 367 368 380
f 349 345 360
f 364 376 346
f 361 360 345
f 364 365 376
f 76 19 2445
f 2445 2447 2448
f 2444 2455 2454
f 2443 759 2461
f 759 2443 2444
f 2455 2444 2452
f 2454 759 2444
f 2461 2462 2443
f 2452 2444 2463
f 2451 2452 2448
f 2445 2448 2463
f 2448 2452 2463
f 2442 2438 2439
f 2430 2424 2431
f 2438 2442 2460
f 2442 2443 2460
f 2443 2462 2460
f 76 2445 2463
f 2470 67 131
f 68 101 71
f 345 357 361
f 68 71 67
f 71 84 67
f 377 357 346
f 106 125 68
f 145 134 136
f 145 146 134
f 126 106 107
f 136 133 145
f 135 133 136
f 106 126 125
f 83 131 67
f 107 117 126
f 67 84 85
f 67 85 83
f 2463 2464 76
f 75 73 131
f 20 76 2464
f 377 346 376
f 125 128 68
f 130 2470 132
f 130 119 2470
f 120 119 130
f 20 2464 2465
f 146 137 134
f 2442 2439 2426
f 2426 2439 2441
f 2159 2148 2163
f 2425 2426 2156
f 2156 2426 2441
f 2425 2156 2429
f 2177 2170 2180
f 2180 2164 2177
f 2163 2164 2180
f 2164 2185 2177
f 2148 2162 2161
f 2433 2425 2434
f 2148 790 2147
f 790 2148 2161
f 2155 2147 2154
f 2147 2155 2153
f 2146 2147 2153
f 2162 2148 2159
f 2146 2153 2183
f 2175 2185 2186
f 2180 2159 2163
f 30 1257 1254
f 2150 2149 2183
f 772 1253 1257
f 790 2154 2147
f 2436 2424 2433
f 2436 2433 2437
f 2428 2437 2433
f 2434 2425 2429
f 2424 2425 2433
f 2423 2151 2214
f 2430 2423 2424
f 2175 2187 2168
f 2167 2168 2165
f 2175 2168 2171
f 2188 2151 2165
f 2424 2436 2431
f 2146 2184 2182
f 2185 2175 2178
f 2184 2146 2183
f 2146 2182 2145
f 2173 2182 2174
f 2175 2186 2187
f 2173 2145 2182
f 2165 2168 2187
f 2151 2188 2214
f 2188 2189 2328
f 2187 2188 2165
f 2189 2190 2227
f 2144 2145 2173
f 2189 31 2329
f 2214 2188 2328
f 2172 804 1260
f 2430 2151 2423
f 30 1254 1255
f 2157 2439 2438
f 156 146 147
f 146 156 142
f 16 119 80
f 2468 16 122
f 16 2469 119
f 2469 2470 119
f 156 147 157
f 157 148 154
f 147 148 157
f 2392 2389 2396
f 16 2468 2469
f 2396 2397 160
f 2392 2396 175
f 160 175 2396
f 122 2467 2468
f 2467 122 21
f 2414 2410 2374
f 2414 2413 2465
f 121 20 2413
f 2409 21 2374
f 2385 2397 2398
f 2467 21 2409
f 2467 2409 2466
f 143 158 2397
f 2411 2466 2409
f 2398 2399 2375
f 2411 2410 2466
f 2398 2373 161
f 148 162 168
f 168 162 169
f 166 162 163
f 172 169 162
f 2392 2393 2389
f 166 172 162
f 178 166 179
f 2391 2388 2389
f 2395 2387 2391
f 2391 2389 2393
f 2391 2387 2388
f 178 179 177
f 2392 175 176
f 2385 143 2397
f 2385 2398 161
f 159 175 160
f 170 2394 171
f 2394 2386 2387
f 170 2386 2394
f 2386 170 2385
f 2395 2394 2387
f 2384 2420 2421
f 2420 2384 2385
f 2367 2384 2421
f 143 2385 170
f 2385 161 2420
f 2391 174 2395
f 2370 2422 2356
f 2415 2370 2403
f 2414 2465 2410
f 2415 2422 2370
f 2371 2403 2370
f 2356 2347 2370
f 2355 2356 2422
f 2423 2355 2422
f 2416 2408 2399
f 2375 2399 2408
f 2410 2465 2466
f 2400 2403 2404
f 2403 2400 2415
f 2346 2416 2399
f 2400 2404 2399
f 2399 2404 2402
f 25 2350 2353
f 2355 2423 2214
f 2342 2349 2362
f 2349 2376 2363
f 2362 2349 2363
f 2341 2353 2350
f 2364 2341 2344
f 2350 2344 2341
f 2353 2341 2342
f 2342 2362 2353
f 2363 2376 2360
f 2214 2328 2215
f 2377 2360 2376
f 2399 2402 2346
f 2377 2378 2360
f 2348 2360 2365
f 2378 2368 2381
f 2383 2367 2368
f 2378 2345 2360
f 2379 2383 2378
f 2345 2378 2381
f 2368 2378 2383
f 2360 2345 2365
f 2384 2367 2383
f 2364 2274 2341
f 2340 2341 2274
f 2337 2282 2290
f 2337 2275 2280
f 2336 2337 2290
f 2268 2269 2286
f 2280 2282 2337
f 2380 2366 2340
f 2339 2340 2382
f 2288 2339 2382
f 2275 2337 2288
f 2338 2288 2337
f 2339 2288 2338
f 2290 2277 2336
f 2281 2324 2313
f 2465 2413 20
f 772 799 1253
f 1053 1155 1040
f 955 1032 1033
f 1041 1053 1040
f 1053 1054 1154
f 1040 1155 1057
f 1154 1054 1052
f 1092 1094 1095
f 1066 1154 1052
f 1153 1154 1065
f 1065 1154 1066
f 1044 1153 1065
f 955 1033 1073
f 1156 1037 1057
f 1037 1156 1061
f 1059 1061 1156
f 1158 1034 1059
f 1156 1057 1155
f 1068 1153 1044
f 1150 1068 1043
f 1070 1160 1159
f 1175 1070 1161
f 1160 1034 1159
f 1065 1062 1044
f 1068 1150 1153
f 1035 1134 1153
f 1110 1113 1132
f 1147 1132 1148
f 1110 1132 1147
f 1113 1097 1132
f 1035 1153 1150
f 1097 1104 1096
f 1104 1100 1096
f 1112 1104 1097
f 1101 1103 1113
f 1097 1114 1112
f 1113 1114 1097
f 1007 1096 1105
f 1148 1132 1133
f 1113 1110 1101
f 1144 1145 1134
f 1035 1144 1134
f 1162 1173 1166
f 1161 1162 33
f 1174 1173 1162
f 1143 1139 1133
f 1148 1133 1139
f 1133 1145 1143
f 1171 1174 1163
f 1163 1167 1171
f 1164 1167 1163
f 33 1175 1161
f 1178 1164 1163
f 1070 1159 1161
f 1170 1169 1276
f 1158 1159 1034
f 1158 1059 1157
f 1164 1178 1135
f 1169 1275 1276
f 1168 1170 1276
f 1277 1278 1122
f 1278 1279 1291
f 1279 1280 1288
f 1168 1277 1124
f 1277 1168 1276
f 1279 1288 1284
f 1604 1605 1309
f 1605 1308 1309
f 1296 1305 1604
f 1604 1309 1296
f 1308 1606 1607
f 1289 1280 1281
f 1281 1293 1289
f 1601 1303 1285
f 1302 1602 1603
f 1601 1602 1303
f 1602 1302 1304
f 1304 1303 1602
f 1302 1603 1306
f 1297 1603 1305
f 1605 1606 1308
f 1045 1178 1179
f 1277 1122 1124
f 1275 1169 1124
f 1045 1135 1178
f 1123 1275 1124
f 1121 1045 34
f 1323 1318 1287
f 1324 1325 1318
f 1318 1325 1317
f 1323 1287 1313
f 1317 1325 43
f 1281 1323 1315
f 1045 1179 34
f 1312 1285 1303
f 1286 1312 1303
f 1603 1297 1306
f 1285 1316 1601
f 1306 1286 1302
f 1593 1601 1316
f 1484 1596 1316
f 1596 1593 1316
f 1324 1318 1323
f 1472 1470 1479
f 1596 1484 1485
f 1315 1293 1281
f 1273 1274 1275
f 1184 1187 1183
f 1193 1183 1187
f 1183 1194 1192
f 1183 1193 1194
f 1211 1192 1131
f 1211 1183 1192
f 1223 1184 1208
f 1224 1223 1208
f 1184 1223 1130
f 1209 1224 1208
f 1182 1212 1210
f 1212 1182 1211
f 1183 1211 1182
f 1221 1224 1209
f 1184 1186 1187
f 1213 1129 1200
f 1123 1273 1275
f 1180 34 1179
f 1274 1267 1275
f 1180 1200 1199
f 1210 1204 1214
f 1213 1181 1214
f 1210 1214 1181
f 1181 1200 1180
f 1200 1181 1213
f 1199 34 1180
f 1270 1267 1274
f 1182 1210 1181
f 841 1232 1263
f 1207 1209 1229
f 1237 841 1263
f 817 1264 1206
f 779 1231 1249
f 1232 1234 1263
f 1251 1247 1250
f 1231 1251 1249
f 1252 29 1247
f 842 1263 1234
f 1251 1252 1247
f 1231 779 1230
f 1262 1263 842
f 1220 1206 1265
f 1218 1220 1265
f 1271 1266 1270
f 1266 1271 1218
f 1265 1266 1218
f 1265 1206 1264
f 805 842 1236
f 1237 1263 1233
f 817 1233 1263
f 1237 1233 818
f 1236 840 805
f 1264 817 1263
f 1267 1270 1266
f 805 1262 842
f 1221 1209 1215
f 1325 1326 1589
f 1325 1589 43
f 1591 1587 1590
f 1591 1599 1475
f 1591 1283 1599
f 1475 1587 1591
f 1517 1321 1326
f 1579 1590 1588
f 1475 1322 1587
f 1590 1587 1588
f 1591 1592 1283
f 1595 1592 1597
f 1592 1593 1597
f 1477 1482 1469
f 1477 1486 1476
f 1476 1482 1477
f 1579 1582 1583
f 1578 1579 1581
f 1582 1579 1514
f 1586 1581 1513
f 1585 1577 1578
f 1496 1474 1505
f 1283 1592 1595
f 1578 1581 1585
f 1326 1575 44
f 1326 1327 1575
f 1585 1320 1577
f 1576 1570 1560
f 1511 1573 1577
f 1326 44 1517
f 1574 1576 1573
f 45 1546 1327
f 1327 1546 1493
f 1574 1570 1576
f 1557 1558 1566
f 1567 1558 1563
f 1577 1320 1511
f 1573 1576 1577
f 1573 1511 1494
f 1560 1570 1572
f 1574 1543 1570
f 1563 1558 1559
f 1567 1563 1553
f 1565 1559 1564
f 1560 1564 1559
f 1559 1565 1563
f 1564 1560 1572
f 1557 1333 1552
f 1585 1581 1586
f 1557 1566 1333
f 1053 1154 1155
f 1622 1621 1608
f 1308 1621 1292
f 1610 1642 1638
f 1608 1609 1622
f 1638 1642 1620
f 1609 1630 1613
f 1637 1609 1613
f 1628 1631 1610
f 1609 1610 1631
f 1610 1639 1618
f 1630 1609 1631
f 2512 1643 1641
f 2513 2520 1636
f 2512 1620 1642
f 2511 2509 2513
f 1636 2520 1311
f 2521 2520 2471
f 2510 2505 2509
f 2511 1624 2509
f 2508 2504 2505
f 2505 2471 2513
f 2505 2510 2508
f 2513 2471 2520
f 2513 2509 2505
f 1610 1618 1628
f 1643 2512 1642
f 2518 1611 1615
f 1611 2518 1300
f 1300 2518 2471
f 2472 1457 1300
f 2471 2472 1300
f 1467 1473 1425
f 2481 2480 2472
f 1457 2472 2480
f 2472 2477 2481
f 2473 2477 2472
f 2480 2475 1457
f 1625 2508 2506
f 2503 1625 2515
f 2501 2494 2502
f 2500 2502 2503
f 2503 2504 1625
f 2488 2492 2474
f 2477 2473 2489
f 2488 2489 2473
f 2473 2492 2488
f 2493 2497 2492
f 1456 2493 2494
f 2474 2497 2491
f 2498 2497 2493
f 2474 2492 2497
f 1623 2503 2515
f 2508 1625 2504
f 2521 2471 2518
f 1479 1470 1473
f 1640 1643 1698
f 1643 1644 1698
f 1644 1645 1662
f 1656 1627 1645
f 2503 1623 56
f 1655 1646 1664
f 1649 1655 1408
f 1655 1657 1646
f 1657 1656 1645
f 1646 1657 1645
f 2500 2503 56
f 1697 1699 1696
f 1661 1696 1699
f 1696 1663 1650
f 1653 1661 1700
f 1661 1663 1696
f 1653 1700 1701
f 1700 1661 1699
f 1695 1650 1654
f 1695 1696 1650
f 1651 1695 1654
f 1648 1694 1695
f 1661 1653 1626
f 1648 1695 1651
f 1701 1702 1653
f 1684 2500 56
f 2502 2500 2501
f 1678 1675 1665
f 1676 1678 1665
f 2494 2499 1456
f 1676 1665 1667
f 2498 2493 2495
f 2495 2493 1456
f 1689 1667 1666
f 1666 1667 1665
f 1666 1690 1689
f 1675 1664 1665
f 2499 2494 2501
f 1675 1671 1668
f 1664 1675 1668
f 1672 1694 1648
f 1668 1408 1664
f 1694 1687 1666
f 1679 1682 1687
f 1673 1409 1679
f 1690 1666 1687
f 1679 1694 1673
f 1673 1694 1672
f 1694 1679 1687
f 1674 1652 1702
f 1655 1664 1408
f 1674 1702 1703
f 1643 1640 1641
f 1674 1704 1406
f 1480 1479 1468
f 1471 1477 1480
f 1471 1486 1477
f 1474 1487 1505
f 1397 1445 1319
f 1479 1473 1468
f 1503 1508 1491
f 1505 1488 1506
f 1508 1503 1502
f 1488 1502 1503
f 1520 1508 1502
f 1488 1505 1487
f 1467 1425 1427
f 1467 1427 1415
f 1445 1398 1481
f 1481 1398 50
f 1415 1465 1467
f 1398 1399 1424
f 1398 1424 50
f 1468 1473 1467
f 1486 1487 1476
f 1489 1507 1397
f 1397 1398 1445
f 1397 1319 1495
f 51 1397 1507
f 1397 1495 1489
f 1464 1415 1427
f 1397 51 1396
f 1536 1527 1510
f 1510 1528 1536
f 1528 1522 1537
f 1512 1520 1528
f 1534 1537 1522
f 1549 1524 1539
f 1548 1551 1533
f 1534 1533 1551
f 1540 1524 1549
f 1521 1522 1528
f 1526 1523 1396
f 1526 1396 1492
f 1509 1396 51
f 1490 1520 1512
f 1396 1509 1492
f 1523 1395 1396
f 1528 1510 1512
f 1528 1520 1521
f 1538 52 1395
f 1538 1395 1523
f 1540 1555 1556
f 1816 1823 1825
f 1823 1816 1530
f 1816 1825 1822
f 1520 1490 1508
f 1548 1555 1540
f 1464 1403 1460
f 1447 1449 1451
f 1449 1447 1458
f 1451 1430 1447
f 1462 1449 1458
f 1459 1462 1458
f 1465 1415 1459
f 1430 1431 1400
f 1429 1399 1431
f 1466 1299 1399
f 1464 1460 1415
f 1710 1709 1719
f 1436 1719 1709
f 1705 1719 1436
f 1704 1705 1713
f 1722 1705 1436
f 1705 1706 1720
f 1706 1732 1721
f 1720 1706 1717
f 1713 1705 1722
f 1674 1703 1704
f 1406 1704 1711
f 1732 1733 62
f 1734 1727 1733
f 1463 1399 1299
f 1399 1429 1414
f 1706 1407 1717
f 1414 1466 1399
f 1802 1822 1827
f 1529 1827 1822
f 1822 1802 1793
f 1770 1772 1802
f 1804 1793 1802
f 1732 1712 1721
f 1727 1421 1723
f 1733 1723 62
f 1733 1727 1723
f 1735 1726 1727
f 1727 1734 1735
f 1759 1766 1762
f 1763 1726 1736
f 1735 1736 1726
f 1763 1738 1759
f 1763 1759 1749
f 1759 1738 1766
f 1763 1736 1737
f 1766 1739 1769
f 1793 1790 1805
f 1308 1607 1621
f 1556 1552 1524
f 1257 1253 1254
f 799 29 1253
f 806 1262 1246
f 804 30 1255
f 804 1255 1256
f 1255 1262 806
f 804 2172 30
f 37 2122 1258
f 2124 2127 2118
f 37 2119 2122
f 1260 2228 2144
f 42 2134 2126
f 1329 1342 1341
f 1334 2116 2134
f 1339 1342 1338
f 1339 2109 1334
f 2118 2129 2117
f 2126 2117 2129
f 2116 2117 2126
f 2134 2116 2126
f 1345 2076 2077
f 2106 2116 2109
f 2116 1334 2109
f 2118 2121 2124
f 2127 2129 2118
f 1246 1262 805
f 2077 2082 1345
f 2227 2190 2191
f 2143 2144 2228
f 2191 2229 2227
f 2218 2232 2234
f 2216 2229 2192
f 2142 2143 2217
f 2234 2232 2233
f 2229 2191 2192
f 2192 2231 2216
f 2192 2193 2231
f 2197 2234 2233
f 2142 2217 1258
f 1258 2141 2142
f 2141 1258 2122
f 2075 2076 2041
f 2082 2042 1345
f 2141 2120 2135
f 2141 2122 2120
f 2235 2230 2218
f 2236 2201 2230
f 2135 2120 2121
f 2236 2230 2235
f 2218 2234 2235
f 2075 2041 1344
f 2207 2197 2233
f 1329 1338 1342
f 1338 2110 1339
f 1327 1328 1568
f 2110 1338 46
f 1328 1329 1332
f 1332 1329 1341
f 2115 2106 2113
f 2115 2105 2106
f 2077 2078 2082
f 2105 2112 2097
f 2078 2079 2108
f 2105 2115 2112
f 2082 2078 2083
f 2109 2111 2113
f 1346 1387 2091
f 1338 1346 2091
f 1328 1332 1568
f 1347 1348 1391
f 1331 1387 1346
f 1391 1346 1347
f 1391 1331 1346
f 2092 2089 2112
f 2092 2112 2090
f 2112 2089 2097
f 1331 2102 2089
f 2102 2100 2097
f 2089 2102 2097
f 2107 2079 2084
f 2107 2108 2079
f 2080 2107 2087
f 2087 2107 2084
f 2085 2088 2087
f 2088 2085 2094
f 2084 2085 2087
f 2062 2063 2038
f 2039 2063 2068
f 2061 2062 2064
f 2038 2064 2062
f 2001 2061 2064
f 2086 2094 2095
f 2061 2001 2054
f 1383 2093 2096
f 2093 2086 2095
f 2060 2061 2054
f 2044 2060 2054
f 2039 2068 2036
f 2034 2035 2047
f 2044 2048 2035
f 2047 2035 2049
f 2048 2049 2035
f 2056 2048 2044
f 2044 2054 2056
f 2034 2047 1999
f 2086 2088 2094
f 2096 2093 2095
f 2096 2097 2100
f 2109 2113 2106
f 2325 2327 2334
f 2195 2325 2334
f 2333 2320 2332
f 2327 2332 2320
f 2195 2334 2321
f 2334 2335 2321
f 2319 2209 2314
f 2319 2333 2209
f 2319 2320 2333
f 2317 2319 2314
f 2197 2222 2193
f 2307 2309 2300
f 2236 2202 2204
f 2219 2197 2207
f 2197 2219 2222
f 2231 2193 1259
f 2299 2300 2309
f 2300 2317 2196
f 2302 2318 2299
f 2300 2196 2307
f 2299 2306 2302
f 2311 2299 2312
f 2312 2299 2318
f 2299 2309 2306
f 2196 2317 2314
f 2193 2222 2221
f 2221 1259 2193
f 2295 2299 2311
f 32 2313 2335
f 2335 2273 32
f 2335 2336 2273
f 2336 2277 2273
f 2270 2271 2291
f 2269 2248 2286
f 2276 2283 2270
f 2248 2269 2270
f 2270 2283 2248
f 2267 2268 2285
f 2297 2311 2255
f 2295 2297 2298
f 2305 2255 2311
f 2294 2295 2298
f 2294 2284 2272
f 2272 2293 2292
f 2267 2294 2296
f 2285 2279 2267
f 2267 2279 2284
f 2267 2296 2261
f 2294 2267 2284
f 2292 2294 2272
f 2293 2276 2292
f 2237 2198 2236
f 2194 2198 2237
f 2238 38 2194
f 2194 2237 2238
f 2135 2121 2118
f 2236 2204 2201
f 2203 2140 2135
f 38 2305 2194
f 2238 2239 38
f 2246 2139 2140
f 2243 2203 2136
f 2140 2203 2246
f 2139 2246 2247
f 2135 2136 2203
f 2074 2075 2013
f 1344 2013 2075
f 2036 2010 47
f 2051 2011 2034
f 2051 2034 1999
f 2033 2034 2011
f 2069 2036 2068
f 48 1375 2069
f 2069 1375 2010
f 2070 2012 48
f 1376 1374 2033
f 2069 2010 2036
f 2011 1376 2033
f 2073 2074 2012
f 2141 2135 2140
f 2012 2070 2072
f 2239 2250 2245
f 2239 2240 2258
f 2260 2240 2257
f 2241 2258 2240
f 2296 2254 2261
f 2257 2266 2260
f 2260 2241 2240
f 2261 2252 2266
f 2267 2261 2266
f 2244 2139 2249
f 2138 2139 2244
f 2243 2136 2242
f 2031 2032 1938
f 2012 2072 2073
f 1938 2032 1374
f 2139 2247 2249
f 2259 2253 2138
f 2251 2137 2138
f 2242 2137 2251
f 2253 2251 2138
f 2137 2242 2136
f 2072 2070 2071
f 2031 1938 2030
f 2198 2202 2236
f 1383 2096 2099
f 1541 1395 1819
f 1330 1394 1541
f 1390 1394 1330
f 1394 1395 1541
f 1395 52 1819
f 1394 1390 53
f 2100 2102 2104
f 2104 1384 2100
f 53 1393 1394
f 1348 1349 1392
f 53 1388 1393
f 1556 1557 1552
f 1807 1814 1817
f 1806 1807 1817
f 1814 1807 1813
f 1810 1813 1807
f 1805 1806 1816
f 1831 1366 1853
f 1389 1356 1349
f 1366 1831 1851
f 1853 1852 1831
f 1849 1833 1861
f 1830 1831 1852
f 1861 1862 1856
f 1799 1852 1368
f 1524 1540 1556
f 1389 1380 1357
f 1389 1350 1380
f 1363 1377 1393
f 1350 1377 1380
f 1389 1349 1350
f 2096 2101 2099
f 1363 1378 1381
f 1363 1381 1377
f 2002 1995 1372
f 1360 1363 1393
f 1367 1851 1832
f 1832 1836 1367
f 1861 1364 1849
f 1849 1850 1833
f 1851 1831 1832
f 1990 1369 1845
f 1848 1837 1833
f 1832 1837 1836
f 1848 1833 1850
f 1982 1845 1978
f 1393 1354 1360
f 1388 1354 1393
f 1990 1372 1369
f 1801 1800 1810
f 1816 1793 1805
f 1797 1787 1788
f 1828 1801 1810
f 1793 1795 1790
f 1798 1789 1792
f 1789 1795 1796
f 1798 1797 1788
f 1789 1796 1792
f 1828 1829 1801
f 1788 1789 1798
f 1797 1758 1786
f 1828 1810 1807
f 1740 1765 1739
f 1756 1739 1765
f 1740 1757 1765
f 1773 1775 1740
f 1779 1773 1740
f 1740 1775 1753
f 1739 1756 1769
f 1779 1780 1776
f 1740 1764 1757
f 1738 1739 1766
f 1753 1764 1740
f 1778 1745 1773
f 1779 1778 1773
f 1778 1779 1776
f 1776 1780 1781
f 1738 1763 1737
f 1830 1852 1829
f 1787 1797 1786
f 1744 1786 1758
f 1785 1786 1742
f 1838 1862 1863
f 1838 1840 1862
f 1897 1358 1838
f 1843 1879 1864
f 1863 1864 1838
f 1864 1879 1897
f 1838 1864 1897
f 1862 1840 1856
f 1742 64 1784
f 1783 1784 64
f 1865 1843 1864
f 1751 1752 1781
f 1776 1781 1752
f 1782 1783 1751
f 1782 1751 1781
f 1865 1866 1841
f 1905 1843 1865
f 1865 1841 1905
f 1867 1868 1908
f 1867 1908 1866
f 1829 1852 1799
f 2003 2006 1991
f 2002 1991 2006
f 1992 2003 1991
f 1982 1989 1845
f 2017 1992 1370
f 2002 1372 1991
f 1989 1990 1845
f 2020 2003 1992
f 2017 2020 1992
f 1370 1993 2017
f 1990 1991 1372
f 1992 54 1370
f 2025 2026 54
f 2025 54 1992
f 1985 1977 1984
f 1976 1977 1985
f 1983 1844 1968
f 1860 1970 1968
f 1970 1983 1968
f 1976 1985 1983
f 1955 1966 1916
f 1983 1970 1976
f 1955 1859 1966
f 1955 1963 1859
f 1954 1955 1916
f 1977 1982 1978
f 1977 1978 1984
f 1981 2026 2027
f 55 1373 1979
f 2027 2028 1979
f 2028 1949 1953
f 2028 1953 1952
f 1981 1980 2026
f 2030 1938 1935
f 1935 1938 1924
f 1937 2030 1935
f 1953 1949 1936
f 2029 2030 1937
f 1979 1981 2027
f 1944 1925 1954
f 1954 1933 1944
f 1941 1954 1940
f 1944 1933 1934
f 1925 1944 1942
f 1949 2029 1950
f 1947 1950 2029
f 1943 1921 1922
f 1937 1947 2029
f 1922 1925 1943
f 1943 1925 1942
f 1943 1932 1946
f 1921 1943 1946
f 2028 2029 1949
f 1945 1921 1946
f 1955 1956 1963
f 1969 1957 1972
f 1960 1956 1957
f 1963 1956 1964
f 1961 1956 1960
f 1884 1888 1877
f 1957 1969 1960
f 1961 1964 1956
f 1885 1909 1914
f 1884 1911 1910
f 1888 1884 1910
f 1877 1888 1892
f 1894 1891 1877
f 1892 1894 1877
f 1902 1891 1901
f 1880 1901 1891
f 1891 1902 1876
f 1876 1902 1900
f 1909 1911 1917
f 1917 1911 1884
f 1900 1889 1875
f 1900 1875 1876
f 1881 65 1907
f 1889 1900 1842
f 1907 1868 1881
f 1940 1915 1846
f 1954 1915 1940
f 60 1846 1918
f 1912 1909 1918
f 1918 1846 1912
f 1846 1890 1912
f 1919 1939 60
f 1933 1941 1927
f 1919 1923 1939
f 1920 1945 1926
f 1926 1945 1928
f 1920 1926 1923
f 1933 1954 1941
f 1883 1875 1889
f 1909 1912 1914
f 1883 1882 1875
f 1881 1869 66
f 1869 1881 1868
f 1869 1929 66
f 1930 1874 1882
f 1920 1923 1919
f 1872 1873 1930
f 1873 1874 1930
f 1871 1872 1929
f 1869 1871 1929
f 1871 1869 1870
f 1909 1917 1918
f 1921 1945 1920
f 1957 1970 1972
f 637 659 657
f 638 666 664
f 664 649 639
f 661 662 647
f 645 646 644
f 639 650 648
f 636 653 651
f 625 637 1
f 603 576 602
f 602 677 679
f 679 575 678
f 611 612 613
f 613 480 600
f 5 510 507
f 508 509 510
f 487 390 486
f 484 486 414
f 386 517 514
f 514 516 409
f 388 493 490
f 491 492 493
f 476 472 475
f 477 478 389
f 489 389 488
f 445 446 448
f 448 415 447
f 437 447 90
f 415 496 494
f 90 511 432
f 447 494 511
f 511 388 412
f 234 216 233
f 216 465 264
f 264 464 215
f 152 266 212
f 233 264 266
f 266 215 265
f 688 697 722
f 722 627 721
f 720 721 624
f 570 553 569
f 561 569 555
f 569 550 713
f 713 555 569
f 562 554 702
f 702 551 562
f 571 607 604
f 605 606 607
f 617 599 616
f 614 616 574
f 599 619 621
f 621 548 620
f 685 553 585
f 550 686 684
f 573 683 680
f 681 682 683
f 693 675 692
f 675 694 696
f 696 2 695
f 547 705 701
f 554 715 703
f 713 684 715
f 687 719 716
f 719 688 718
f 716 718 8
f 588 610 594
f 608 609 610
f 610 3 598
f 563 595 592
f 593 594 595
f 595 571 584
f 530 563 564
f 566 563 592
f 9 405 351
f 91 429 427
f 427 392 384
f 411 354 410
f 356 419 416
f 419 399 418
f 416 418 396
f 399 4 398
f 422 542 527
f 539 540 542
f 542 355 541
f 420 528 525
f 528 538 534
f 535 536 538
f 538 421 537
f 87 308 70
f 315 444 439
f 441 442 444
f 444 437 443
f 449 451 92
f 308 430 403
f 209 190 280
f 141 285 282
f 282 284 271
f 277 278 279
f 301 191 300
f 271 294 292
f 292 293 81
f 249 314 316
f 281 273 313
f 109 320 318
f 310 311 312
f 226 242 239
f 242 153 241
f 239 241 183
f 228 229 231
f 231 152 230
f 225 230 211
f 221 238 235
f 235 237 224
f 230 212 260
f 260 261 263
f 263 7 262
f 245 262 213
f 184 256 252
f 256 247 255
f 252 255 208
f 207 183 241
f 186 210 188
f 210 111 209
f 203 204 206
f 206 185 205
f 187 196 193
f 193 195 11
f 707 708 12
f 558 744 741
f 741 743 706
f 733 701 735
f 734 716 739
f 739 8 738
f 556 748 745
f 748 557 747
f 745 747 13
f 14 368 366
f 366 367 97
f 104 351 353
f 352 420 533
f 15 75 72
f 75 85 82
f 82 84 74
f 116 127 128
f 128 89 99
f 86 337 127
f 337 87 336
f 127 336 89
f 99 100 102
f 102 88 101
f 71 373 371
f 101 372 373
f 373 105 347
f 94 361 357
f 358 359 361
f 361 350 360
f 350 104 349
f 74 379 378
f 84 371 379
f 378 363 96
f 363 377 374
f 375 357 377
f 374 376 365
f 362 364 95
f 287 140 201
f 142 289 286
f 286 288 108
f 137 138 139
f 139 110 114
f 108 330 138
f 288 295 330
f 138 321 110
f 321 329 327
f 328 318 329
f 334 10 333
f 331 333 322
f 134 135 136
f 126 116 125
f 80 120 118
f 120 132 129
f 129 131 73
f 2394 174 171
f 174 2393 2390
f 2390 2392 176
f 173 175 159
f 178 165 166
f 169 149 168
f 151 202 155
f 200 187 202
f 155 201 140
f 154 155 157
f 157 140 156
f 143 160 158
f 871 872 867
f 864 866 860
f 883 876 882
f 876 861 875
f 862 917 915
f 875 916 917
f 860 921 920
f 866 915 921
f 920 909 749
f 879 556 878
f 878 745 906
f 906 13 905
f 908 910 897
f 20 79 76
f 76 78 19
f 122 80 123
f 121 77 20
f 1000 1001 1002
f 1012 1013 1014
f 1018 953 1017
f 1015 1017 942
f 963 964 966
f 966 960 965
f 960 943 944
f 948 949 951
f 951 946 950
f 968 969 970
f 970 17 958
f 914 1011 1009
f 24 990 988
f 988 978 837
f 870 934 932
f 933 920 934
f 932 926 869
f 868 993 991
f 992 932 993
f 993 869 974
f 976 913 975
f 925 927 913
f 978 987 984
f 984 986 980
f 977 979 23
f 776 777 764
f 2438 2462 2459
f 2459 2461 770
f 2445 2446 2447
f 2448 2449 2451
f 2452 2453 2455
f 2455 2450 2454
f 2450 2457 2458
f 2458 763 766
f 2456 766 760
f 766 767 768
f 773 774 775
f 758 771 769
f 783 770 2461
f 771 784 782
f 783 765 784
f 2166 2437 2428
f 2435 2436 2437
f 2354 2355 2214
f 2374 2412 2414
f 2414 121 2413
f 2421 161 2372
f 2343 2419 2406
f 2417 2418 2419
f 2419 2375 2408
f 2411 2374 2410
f 2345 2407 2365
f 2405 2406 2407
f 2365 2369 2348
f 2361 2369 2401
f 2401 2351 2361
f 2369 2404 2401
f 2401 2403 2371
f 2351 2370 2347
f 2360 2361 2363
f 2363 2351 2362
f 26 1094 1092
f 1093 1076 1094
f 1077 1078 1080
f 1076 1087 1084
f 1079 1089 1091
f 1091 957 1090
f 1088 1090 1048
f 1078 1004 1019
f 1019 1003 1078
f 1004 1022 1019
f 1020 999 1022
f 1019 1021 1006
f 1106 1107 1108
f 1108 1008 1082
f 1008 1025 1023
f 1024 1009 1025
f 1023 1004 956
f 1007 1083 1081
f 1082 1023 1083
f 28 1217 1207
f 834 1216 1217
f 1217 839 1188
f 1216 24 988
f 988 839 1216
f 1189 837 977
f 977 838 1189
f 1225 1226 1228
f 1228 1190 1227
f 1205 1227 1130
f 1190 838 1106
f 29 850 847
f 848 849 850
f 847 829 813
f 1248 829 843
f 843 828 1248
f 829 846 843
f 843 845 831
f 828 830 779
f 812 798 811
f 798 764 797
f 835 780 834
f 832 834 28
f 30 2150 1257
f 2150 2155 2152
f 2152 2154 800
f 2170 2179 2180
f 2180 2158 2159
f 2441 2157 2440
f 2179 2440 2158
f 2159 2160 2162
f 2162 791 2161
f 791 769 792
f 794 795 796
f 807 808 809
f 772 802 799
f 802 822 819
f 820 793 822
f 819 821 801
f 2167 2429 2169
f 2432 2433 2434
f 2168 2169 2171
f 2175 2176 2178
f 2178 2170 2177
f 1260 2174 2172
f 2174 2184 2181
f 2181 2183 2149
f 2281 2322 2324
f 2324 2215 2323
f 2354 2215 2322
f 2323 2328 2329
f 2288 2357 2275
f 2275 2359 2280
f 2280 2358 2213
f 2277 2289 2273
f 2282 2213 2281
f 33 1177 1175
f 1177 1072 1176
f 1175 1176 1070
f 1071 1152 1149
f 1152 1043 1151
f 1149 1151 1072
f 1062 1066 1064
f 1064 1052 1038
f 1043 1069 1067
f 1068 1062 1069
f 1067 1056 1036
f 1036 1058 1055
f 1058 1040 1057
f 1055 1057 1037
f 1038 1054 1051
f 1051 1053 1041
f 1034 1061 1059
f 1119 1098 1121
f 1116 1046 1197
f 1099 1128 1125
f 1126 1127 1128
f 1128 1100 1104
f 1102 1114 1111
f 1111 1113 1103
f 1098 1118 1115
f 1118 1101 1117
f 1115 1117 1047
f 1117 1110 1146
f 1146 1047 1117
f 1109 1148 1139
f 1146 1147 1148
f 1136 1141 1137
f 1141 1145 1142
f 1142 1144 1140
f 1172 1141 1142
f 1142 1071 1172
f 1135 1167 1164
f 1171 1172 1174
f 1174 1071 1173
f 35 1220 1218
f 1219 1206 1220
f 1214 1131 1196
f 1213 1196 1129
f 1210 1211 1204
f 1221 1222 1224
f 1224 1205 1223
f 1131 1194 1191
f 1191 1193 1185
f 1187 27 1126
f 1129 1198 1195
f 1198 1099 1197
f 1195 1197 1046
f 1199 1119 34
f 36 1242 1239
f 1240 840 1242
f 1239 1241 816
f 1247 1248 1250
f 1250 828 1249
f 840 1238 1235
f 1238 841 1237
f 1235 1237 818
f 1219 816 1241
f 2201 2233 2230
f 2230 2232 2218
f 2211 2227 2229
f 2305 2312 2310
f 2316 2212 2223
f 2303 2223 2200
f 2331 2332 2315
f 2327 2210 2326
f 2200 2226 2206
f 2223 2224 2226
f 2226 2211 2225
f 2309 2303 2308
f 2306 2308 2304
f 2301 2205 2202
f 2202 2208 2204
f 2208 2222 2219
f 2220 2221 2222
f 2279 2287 2284
f 2285 2286 2287
f 2262 2263 2265
f 2265 2256 2264
f 2250 2264 2245
f 2254 2298 2263
f 2263 2297 2256
f 39 1124 1122
f 1124 1170 1168
f 1202 1271 1268
f 1269 1218 1271
f 1268 1270 1203
f 1203 1274 1272
f 1272 1273 1123
f 41 1245 1243
f 1243 1202 40
f 2123 2131 2133
f 2133 2125 2132
f 2130 2132 1335
f 2125 36 1244
f 2121 2122 2124
f 2129 2123 2128
f 2126 2128 42
f 2243 2246 2203
f 1290 1122 1291
f 1518 1201 1519
f 1519 39 1290
f 1336 1243 1547
f 1547 40 1518
f 1339 1340 1342
f 1342 1337 1341
f 2130 1337 1340
f 1337 41 1336
f 2040 2041 2043
f 2043 1345 2042
f 2081 2082 2083
f 2115 2111 2114
f 2112 2114 2090
f 2111 1339 2110
f 48 2013 1375
f 49 1309 1307
f 1477 1478 1480
f 1480 1472 1479
f 1478 1483 1594
f 1594 1472 1478
f 1483 1597 1594
f 1594 1596 1485
f 1472 1484 1470
f 1318 1284 1287
f 1313 1314 1315
f 1315 1289 1293
f 1286 1304 1302
f 1282 1297 1294
f 1490 1586 1508
f 1584 1585 1586
f 1508 1513 1491
f 1504 1513 1580
f 1580 1496 1504
f 1513 1583 1580
f 1580 1582 1516
f 1496 1515 1474
f 1503 1504 1506
f 1506 1496 1505
f 1514 1587 1322
f 1515 1475 1598
f 1598 1474 1515
f 1476 1600 1482
f 1598 1599 1600
f 1482 1483 1469
f 1540 1551 1548
f 1549 1550 1551
f 1551 1525 1534
f 1524 1554 1539
f 1554 1565 1561
f 1562 1563 1565
f 1561 1564 1542
f 1550 1554 1561
f 1561 1525 1550
f 1535 1542 1569
f 1569 1527 1535
f 1542 1572 1569
f 1572 1543 1571
f 1569 1571 1545
f 1527 1544 1510
f 1534 1535 1537
f 1537 1527 1536
f 1333 1567 1553
f 1543 1573 1494
f 1993 2020 2017
f 2018 2019 2020
f 2020 1994 2003
f 2003 2004 2006
f 2006 1371 2005
f 2002 2005 1995
f 1372 2016 2014
f 2016 1353 1382
f 2014 1382 1355
f 2019 2007 2045
f 2045 1994 2019
f 2007 2049 2045
f 2046 2047 2049
f 2045 2048 2009
f 2009 2056 2053
f 2056 2001 2055
f 2053 2055 2008
f 2004 2009 2053
f 2053 1371 2004
f 2036 2037 2039
f 2038 2065 2067
f 2067 1343 2066
f 2057 2066 1386
f 1371 2059 2015
f 2059 1386 2058
f 2015 2058 1353
f 1353 2093 1383
f 2058 2086 2093
f 2066 2080 2087
f 2092 46 2091
f 2089 2091 1387
f 1351 1363 1360
f 1378 1379 1381
f 1381 1357 1380
f 1355 1385 1362
f 1385 2101 2098
f 2098 2100 1384
f 1379 1385 2098
f 2098 1357 1379
f 1357 2104 1389
f 2104 1331 2103
f 1389 2103 1356
f 1997 2052 2023
f 2050 2051 2052
f 2023 2007 1352
f 1373 1998 1980
f 1998 2024 2021
f 2022 2023 2024
f 2021 1993 1370
f 2518 2519 2521
f 2521 1311 2520
f 2506 2510 2507
f 2507 2509 1624
f 1623 2517 2514
f 2515 2506 2517
f 2514 2516 1310
f 1614 1635 1617
f 1632 1633 1635
f 1635 1292 1634
f 1611 1619 1615
f 1619 1631 1628
f 1629 1630 1631
f 2519 1619 1628
f 1628 1311 2519
f 1311 1639 1636
f 1636 1638 1620
f 2513 1620 2512
f 2511 2512 1641
f 57 1435 1432
f 1432 1434 1401
f 1402 1431 1428
f 1428 1430 1413
f 1459 1460 1462
f 1462 1403 1461
f 1449 1461 1416
f 1413 1451 1448
f 1451 1416 1450
f 1448 1450 1405
f 2490 1401 1434
f 1427 1282 1426
f 1464 1426 2482
f 2482 2483 2485
f 2485 2476 2484
f 2475 2484 1457
f 2476 49 1612
f 1692 2498 2495
f 2496 2497 2498
f 1404 2489 2486
f 2487 2477 2489
f 2486 2488 2474
f 1454 2481 2477
f 2478 2479 2481
f 2481 2475 2480
f 2499 2500 1684
f 1411 1499 1497
f 1497 1444 1412
f 1412 1446 1419
f 1444 1445 1446
f 1410 1420 1417
f 1420 1443 1440
f 1441 1442 1443
f 1827 1501 1826
f 1770 1826 1500
f 1825 1532 1824
f 1822 1824 1529
f 1538 1532 1823
f 1498 1501 1531
f 1366 1390 1853
f 1853 1330 1808
f 1852 1808 1368
f 1809 1821 1812
f 1818 1819 1821
f 1821 52 1820
f 1800 1813 1810
f 1814 1815 1817
f 1817 1530 1816
f 1799 1800 1801
f 1958 1964 1961
f 1962 1963 1964
f 1972 1860 1971
f 1969 1971 1959
f 1968 1986 1855
f 1858 1975 1896
f 1975 1839 1974
f 1896 1974 1358
f 1983 1984 1844
f 1978 1987 1988
f 1988 1365 1835
f 1986 1835 1359
f 1835 1836 1837
f 1834 1850 1847
f 1847 1849 1364
f 1836 1351 1360
f 1360 1367 1836
f 1851 1354 1388
f 1388 1366 1851
f 1839 1857 1854
f 1855 1834 1857
f 1854 1856 1840
f 1979 1980 1981
f 1890 1967 1913
f 1965 1966 1967
f 1913 1958 59
f 1945 1932 1928
f 1931 1933 1927
f 1947 1948 1950
f 1950 1936 1949
f 1936 1951 1953
f 1953 55 1952
f 1923 1941 1939
f 1939 1940 60
f 61 1651 1647
f 1655 1656 1657
f 1627 1698 1662
f 1659 1640 1698
f 1626 1663 1661
f 1711 1673 1406
f 1717 1718 1720
f 1720 1710 1719
f 1710 1439 1709
f 1708 57 1432
f 1432 1439 1708
f 1709 1438 1680
f 1680 1436 1709
f 1409 1682 1679
f 1682 1690 1687
f 1688 1689 1690
f 1438 1693 1681
f 1691 1692 1693
f 1686 56 1685
f 1669 1685 1658
f 1678 1669 1677
f 1675 1677 1671
f 1668 1670 1408
f 1715 1417 1716
f 1714 1731 1728
f 1729 1730 1731
f 1731 1437 1707
f 1421 1725 1723
f 1724 1714 1725
f 1723 1712 62
f 1756 1767 1769
f 1769 1760 1768
f 1766 1768 1762
f 1759 1761 1749
f 1743 1804 1767
f 1804 1772 1803
f 1767 1803 1760
f 1772 1500 1771
f 1758 1798 1792
f 1747 1794 1755
f 1754 1755 1757
f 1745 1775 1773
f 1774 1753 1775
f 65 1906 1903
f 1906 1843 1905
f 1903 1905 1841
f 1842 1902 1899
f 1899 1901 1878
f 1909 1910 1911
f 1894 1887 1893
f 1891 1893 1880
f 1887 1896 1898
f 1898 1358 1897
f 1895 1897 1879
f 66 1883 1881
f 1912 1913 1914
f 1914 59 1885
f 1929 1882 66
f 1726 1421 1727
f 1763 63 1726
f 1752 1778 1776
f 1777 1745 1778
f 668 651 653
f 671 625 1
f 700 622 714
f 673 680 683
f 724 626 627
f 727 654 655
f 890 12 708
f 699 715 684
f 580 587 400
f 597 617 614
f 582 607 606
f 591 571 604
f 501 489 488
f 579 400 586
f 578 402 530
f 582 568 589
f 578 530 564
f 561 546 559
f 546 555 562
f 2522 751 752
f 522 531 529
f 534 523 524
f 754 97 367
f 752 532 533
f 960 948 965
f 1026 953 1016
f 935 901 919
f 18 968 912
f 1049 1029 1030
f 1032 1042 1039
f 1075 1086 1079
f 914 979 1010
f 863 981 994
f 856 989 777
f 854 778 776
f 24 777 989
f 827 851 814
f 853 812 811
f 1230 779 832
f 826 845 846
f 824 815 849
f 853 810 812
f 802 2154 820
f 794 791 792
f 470 474 476
f 469 482 413
f 469 493 492
f 505 513 518
f 512 517 515
f 506 510 509
f 341 429 428
f 449 339 340
f 339 309 274
f 117 107 133
f 323 325 326
f 453 214 259
f 270 277 279
f 276 284 285
f 149 154 168
f 2470 131 132
f 357 345 346
f 75 131 83
f 2185 2178 2177
f 2150 2183 2153
f 2189 2329 2328
f 2189 2227 31
f 2144 2173 1260
f 2397 158 160
f 2398 2375 2373
f 148 168 154
f 166 163 179
f 25 2353 2352
f 2340 2274 2380
f 2268 2286 2278
f 2340 2366 2382
f 2281 2313 32
f 1059 1156 1157
f 1145 1133 1134
f 1162 1166 33
f 1174 1162 1163
f 1278 1291 1122
f 1279 1284 1291
f 1280 1289 1288
f 1305 1603 1604
f 1323 1313 1315
f 1211 1131 1204
f 1251 1250 1249
f 1326 1321 1589
f 1579 1588 1514
f 1593 1596 1597
f 1579 1583 1581
f 1327 1493 1575
f 1558 1567 1566
f 1621 1607 1608
f 1610 1638 1639
f 1609 1637 1622
f 1644 1662 1698
f 1645 1627 1662
f 1702 1652 1653
f 1480 1468 1471
f 1488 1503 1506
f 1399 1463 1424
f 1487 1474 1476
f 1534 1522 1533
f 1548 1533 1555
f 1430 1400 1447
f 1459 1458 1465
f 1431 1399 1400
f 1704 1713 1711
f 1705 1720 1719
f 1706 1721 1407
f 1732 62 1712
f 1802 1827 1770
f 1822 1793 1816
f 1255 806 1256
f 2143 2228 1261
f 2143 1261 2217
f 2076 1345 2041
f 1327 1568 45
f 2078 2108 2083
f 1338 2091 46
f 1348 1392 1391
f 1331 2089 1387
f 2063 2062 2068
f 2096 2100 2101
f 2327 2330 2334
f 2327 2320 2330
f 2335 2313 2321
f 2295 2311 2297
f 2270 2291 2292
f 2276 2270 2292
f 2268 2278 2285
f 2297 2255 2256
f 2294 2298 2296
f 2239 2245 38
f 2074 2013 2012
f 48 2069 2070
f 1374 2032 2033
f 2239 2258 2250
f 2266 2252 2260
f 2138 2244 2259
f 1349 1356 1392
f 1806 1817 1816
f 1861 1856 1364
f 1377 1381 1380
f 1837 1832 1833
f 1795 1789 1790
f 1829 1799 1801
f 1786 1744 1742
f 1742 1784 1785
f 1783 64 1751
f 1866 1908 1841
f 1868 1907 1908
f 2026 1980 54
f 1970 1957 1976
f 1954 1916 1915
f 55 1979 1952
f 2028 1952 1979
f 1891 1876 1877
f 1940 1846 60
f 60 1918 1919
f 1882 1874 1875
f 1872 1930 1929
g object_2
v 7224.125 0 -1479.800048828125
v 7224.125 0 -1229.9000244140625
v 7224.125 0 -980
v 7224.125 0 -730.0999755859375
v 7224.125 0 -480.20001220703125
v 7224.125 0 -230.30000305175781
v 6930.875 0 -1729.699951171875
v 6930.875 0 -1479.800048828125
v 6930.875 0 -1229.9000244140625
v 6930.875 0 -730.0999755859375
v 6930.875 0 -480.20001220703125
v 6930.875 0 -230.30000305175781
v 6637.625 0 -1729.699951171875
v 6637.625 0 -1479.800048828125
v 6637.625 0 -1229.9000244140625
v 6637.625 0 -980
v 6637.625 0 -730.0999755859375
v 6637.625 0 -480.20001220703125
v 6637.625 0 -230.30000305175781
v 6344.375 0 -1729.699951171875
v 6344.375 0 -1479.800048828125
v 6344.375 0 -1229.9000244140625
v 6344.375 0 -980
v 6344.375 0 -730.0999755859375
v 6344.375 0 -480.20001220703125
v 6051.125 0 -1229.9000244140625
v 6051.125 0 -980
v 6051.125 0 -730.0999755859375
v 6051.125 0 -480.20001220703125
v 5757.875 0 -980
v 5757.875 0 -730.0999755859375
v 5757.875 0 -480.20001220703125
v 5757.875 0 -230.30000305175781
v 5464.625 0 -1729.699951171875
v 5464.625 0 -1479.800048828125
v 5464.625 0 -980
v 5464.625 0 -730.0999755859375
v 5464.625 0 -480.20001220703125
v 5464.625 0 -230.30000305175781
v 5171.375 0 -1729.699951171875
v 5171.375 0 -1479.800048828125
v 5171.375 0 -1229.9000244140625
v 5171.375 0 -980
v 5171.375 0 -730.0999755859375
v 5171.375 0 -480.20001220703125
v 5171.375 0 -230.30000305175781
v 4878.125 0 -1729.699951171875
v 4878.125 0 -1479.800048828125
v 4878.125 0 -1229.9000244140625
v 4878.125 0 -980
v 4878.125 0 -480.20001220703125
v 4878.125 0 -230.30000305175781
v 4584.875 0 -1479.800048828125
v 4584.875 0 -1229.9000244140625
v 4584.875 0 -980
v 4584.875 0 -480.20001220703125
v 4584.875 0 -230.30000305175781
v 4291.625 0 -1729.699951171875
v 4291.625 0 -1479.800048828125
v 4291.625 0 -1229.9000244140625
v 4291.625 0 -980
v 4291.625 0 -480.20001220703125
v 4291.625 0 -230.30000305175781
v 3998.375 0 -1729.699951171875
v 3998.375 0 -1479.800048828125
v 3998.375 0 -1229.9000244140625
v 3998.375 0 -980
v 3998.375 0 -730.0999755859375
v 3998.375 0 -480.20001220703125
v 3998.375 0 -230.30000305175781
v 5802.5 0 -560
v 5802.5 0 -530
v 5757.875 0 -605.1500244140625
v 5904.5 0 -480.20001220703125
v 6051.125 0 -605.1500244140625
v 5904.5 0 -730.0999755859375
v 5904.5 0 -605.1500244140625
v 5831.1875 0 -480.20001220703125
v 5904.5 0 -542.67498779296875
v 5831.1875 0 -605.1500244140625
v 5831.1875 0 -542.67498779296875
v 5464.625 0 -605.1500244140625
v 5611.25 0 -480.20001220703125
v 5611.25 0 -730.0999755859375
v 5611.25 0 -605.1500244140625
v 5904.5 0 -230.30000305175781
v 6051.125 0 -355.25
v 5904.5 0 -355.25
v 5802.5 0 -383.33334350585938
v 5802.5 0 -236.66667175292969
v 5802.5 0 -90
v 5802.5 0 0
v 5757.875 0 -105.34999847412109
v 6051.125 0 -105.34999847412109
v 5904.5 0 -105.34999847412109
v 5913.75 0 0
v 6025 0 0
v 6181.66650390625 0 0
v 6338.33349609375 0 0
v 6495 0 0
v 6495 0 -215
v 6321.66650390625 0 -215
v 6148.33349609375 0 -215
v 5975 0 -215
v 5975 0 -235
v 5904.5 0 -167.82499694824219
v 5977.8125 0 -105.34999847412109
v 6051.125 0 -167.82499694824219
v 5977.8125 0 -167.82499694824219
v 6344.375 0 -105.34999847412109
v 5904.5 0 -199.0625
v 5941.15625 0 -167.82499694824219
v 5977.8125 0 -199.0625
v 5941.15625 0 -230.30000305175781
v 5941.15625 0 -199.0625
v 5904.5 0 -292.77499389648438
v 6051.125 0 -292.77499389648438
v 5977.8125 0 -355.25
v 5977.8125 0 -292.77499389648438
v 6344.375 0 -355.25
v 6197.75 0 -480.20001220703125
v 6197.75 0 -355.25
v 5757.875 0 -167.82499694824219
v 5831.1875 0 -105.34999847412109
v 5831.1875 0 -230.30000305175781
v 5831.1875 0 -167.82499694824219
v 5464.625 0 -105.34999847412109
v 5611.25 0 -230.30000305175781
v 5611.25 0 -105.34999847412109
v 5904.5 0 -261.53750610351562
v 5977.8125 0 -261.53750610351562
v 5941.15625 0 -292.77499389648438
v 5941.15625 0 -261.53750610351562
v 5757.875 0 -292.77499389648438
v 5831.1875 0 -292.77499389648438
v 5464.625 0 -355.25
v 5611.25 0 -355.25
v 6140 0 -235
v 6305 0 -235
v 6470 0 -235
v 6540 0 -235
v 6637.625 0 -355.25
v 6491 0 -480.20001220703125
v 6491 0 -355.25
v 6540 0 -215
v 6491 0 -292.77499389648438
v 6564.3125 0 -230.30000305175781
v 6637.625 0 -292.77499389648438
v 6564.3125 0 -355.25
v 6564.3125 0 -292.77499389648438
v 6637.625 0 -105.34999847412109
v 6784.25 0 -230.30000305175781
v 6930.875 0 -355.25
v 6784.25 0 -480.20001220703125
v 6784.25 0 -355.25
v 6491 0 -261.53750610351562
v 6564.3125 0 -261.53750610351562
v 6527.65625 0 -292.77499389648438
v 6527.65625 0 -261.53750610351562
v 6344.375 0 -292.77499389648438
v 6417.6875 0 -355.25
v 6417.6875 0 -292.77499389648438
v 6564.3125 0 -105.34999847412109
v 6637.625 0 -167.82499694824219
v 6564.3125 0 -167.82499694824219
v 6930.875 0 -105.34999847412109
v 6784.25 0 -105.34999847412109
v 6527.65625 0 -167.82499694824219
v 6564.3125 0 -199.0625
v 6527.65625 0 -199.0625
v 6344.375 0 -167.82499694824219
v 6417.6875 0 -105.34999847412109
v 6417.6875 0 -167.82499694824219
v 6505 0 -215
v 6505 0 0
v 6615 0 0
v 6725 0 0
v 6725 0 -95
v 6735 0 -95
v 6637.625 0 -42.875
v 6784.25 0 -42.875
v 6710.9375 0 -105.34999847412109
v 6710.9375 0 -42.875
v 6710.9375 0 -74.112503051757812
v 6747.59375 0 -42.875
v 6784.25 0 -74.112503051757812
v 6747.59375 0 -105.34999847412109
v 6747.59375 0 -74.112503051757812
v 6930.875 0 -42.875
v 6857.5625 0 -105.34999847412109
v 6857.5625 0 -42.875
v 7224.125 0 -105.34999847412109
v 7077.5 0 -230.30000305175781
v 7077.5 0 -105.34999847412109
v 6784.25 0 -167.82499694824219
v 6710.9375 0 -230.30000305175781
v 6710.9375 0 -167.82499694824219
v 6710.9375 0 -89.731246948242188
v 6747.59375 0 -89.731246948242188
v 6729.265625 0 -105.34999847412109
v 6710.9375 0 -136.58749389648438
v 6784.25 0 -136.58749389648438
v 6747.59375 0 -167.82499694824219
v 6747.59375 0 -136.58749389648438
v 6930.875 0 -167.82499694824219
v 6857.5625 0 -167.82499694824219
v 6637.625 0 -74.112503051757812
v 6674.28125 0 -42.875
v 6674.28125 0 -105.34999847412109
v 6674.28125 0 -74.112503051757812
v 6564.3125 0 -42.875
v 6735 0 0
v 6925 0 0
v 7115 0 0
v 7115 0 -95
v 7130 0 -95
v 7077.5 0 -42.875
v 7224.125 0 -42.875
v 7150.8125 0 -105.34999847412109
v 7150.8125 0 -42.875
v 7370.75 0 -230.30000305175781
v 7370.75 0 -105.34999847412109
v 7077.5 0 -74.112503051757812
v 7150.8125 0 -74.112503051757812
v 7077.5 0 -167.82499694824219
v 7224.125 0 -167.82499694824219
v 7150.8125 0 -230.30000305175781
v 7150.8125 0 -167.82499694824219
v 7224.125 0 -355.25
v 7077.5 0 -480.20001220703125
v 7077.5 0 -355.25
v 7004.1875 0 -105.34999847412109
v 7004.1875 0 -42.875
v 7130 0 -255
v 7010 0 -255
v 7010 0 -265
v 6930.875 0 -292.77499389648438
v 7004.1875 0 -230.30000305175781
v 7077.5 0 -292.77499389648438
v 7004.1875 0 -355.25
v 7004.1875 0 -292.77499389648438
v 7004.1875 0 -261.53750610351562
v 7040.84375 0 -230.30000305175781
v 7040.84375 0 -292.77499389648438
v 7004.1875 0 -167.82499694824219
v 7224.125 0 -292.77499389648438
v 7150.8125 0 -355.25
v 7150.8125 0 -292.77499389648438
v 7370.75 0 -355.25
v 7004.1875 0 -245.91874694824219
v 7022.515625 0 -230.30000305175781
v 7040.84375 0 -245.91874694824219
v 7022.515625 0 -245.91874694824219
v 6930.875 0 -261.53750610351562
v 6967.53125 0 -230.30000305175781
v 6967.53125 0 -292.77499389648438
v 6967.53125 0 -261.53750610351562
v 6784.25 0 -292.77499389648438
v 6857.5625 0 -355.25
v 6857.5625 0 -292.77499389648438
v 7004.1875 0 -199.0625
v 7040.84375 0 -167.82499694824219
v 7077.5 0 -199.0625
v 7040.84375 0 -199.0625
v 7004.1875 0 -277.15625
v 7040.84375 0 -277.15625
v 7022.515625 0 -292.77499389648438
v 7022.515625 0 -277.15625
v 7004.1875 0 -324.01251220703125
v 7077.5 0 -324.01251220703125
v 7040.84375 0 -355.25
v 7040.84375 0 -324.01251220703125
v 6930.875 0 -417.72500610351562
v 7077.5 0 -417.72500610351562
v 7004.1875 0 -480.20001220703125
v 7004.1875 0 -417.72500610351562
v 6930.875 0 -605.1500244140625
v 7224.125 0 -605.1500244140625
v 7077.5 0 -730.0999755859375
v 7077.5 0 -605.1500244140625
v 7140 0 -265
v 7140 0 -147.5
v 7140 0 -30
v 7125 0 -30
v 7125 0 0
v 7302.5 0 0
v 7480 0 0
v 7480 0 -200
v 7480 0 -400
v 7277.5 0 -400
v 7075 0 -400
v 7075 0 -410
v 7004.1875 0 -386.48748779296875
v 7077.5 0 -386.48748779296875
v 7040.84375 0 -417.72500610351562
v 7040.84375 0 -386.48748779296875
v 7150.8125 0 -480.20001220703125
v 7040.84375 0 -402.10626220703125
v 7059.171875 0 -386.48748779296875
v 7059.171875 0 -417.72500610351562
v 7059.171875 0 -402.10626220703125
v 7114.15625 0 -355.25
v 7150.8125 0 -386.48748779296875
v 7114.15625 0 -386.48748779296875
v 7004.1875 0 -448.96249389648438
v 7077.5 0 -448.96249389648438
v 7040.84375 0 -480.20001220703125
v 7040.84375 0 -448.96249389648438
v 6930.875 0 -542.67498779296875
v 7077.5 0 -542.67498779296875
v 7004.1875 0 -605.1500244140625
v 7004.1875 0 -542.67498779296875
v 6637.625 0 -605.1500244140625
v 6784.25 0 -730.0999755859375
v 6784.25 0 -605.1500244140625
v 7125 0 -410
v 7302.5 0 -410
v 7480 0 -410
v 7480 0 -563.33331298828125
v 7480 0 -716.66668701171875
v 7480 0 -870
v 7302.5 0 -870
v 7125 0 -870
v 7125 0 -880
v 6930.875 0 -855.04998779296875
v 7224.125 0 -855.04998779296875
v 7077.5 0 -980
v 7077.5 0 -855.04998779296875
v 7077.5 0 -917.5250244140625
v 7150.8125 0 -855.04998779296875
v 7224.125 0 -917.5250244140625
v 7150.8125 0 -980
v 7150.8125 0 -917.5250244140625
v 7370.75 0 -980
v 7224.125 0 -1104.949951171875
v 7077.5 0 -1229.9000244140625
v 7077.5 0 -1104.949951171875
v 7077.5 0 -886.2874755859375
v 7114.15625 0 -855.04998779296875
v 7150.8125 0 -886.2874755859375
v 7114.15625 0 -917.5250244140625
v 7114.15625 0 -886.2874755859375
v 7004.1875 0 -855.04998779296875
v 7004.1875 0 -917.5250244140625
v 6637.625 0 -855.04998779296875
v 6784.25 0 -980
v 6784.25 0 -855.04998779296875
v 7077.5 0 -792.57501220703125
v 7150.8125 0 -730.0999755859375
v 7224.125 0 -792.57501220703125
v 7150.8125 0 -792.57501220703125
v 7114.15625 0 -870.66876220703125
v 7132.484375 0 -855.04998779296875
v 7132.484375 0 -886.2874755859375
v 7077.5 0 -823.8125
v 7114.15625 0 -792.57501220703125
v 7150.8125 0 -823.8125
v 7114.15625 0 -823.8125
v 6930.875 0 -792.57501220703125
v 7004.1875 0 -730.0999755859375
v 7004.1875 0 -792.57501220703125
v 7187.46875 0 -855.04998779296875
v 7224.125 0 -886.2874755859375
v 7187.46875 0 -917.5250244140625
v 7187.46875 0 -886.2874755859375
v 7370.75 0 -917.5250244140625
v 7297.4375 0 -980
v 7297.4375 0 -917.5250244140625
v 7370.75 0 -1229.9000244140625
v 7370.75 0 -1104.949951171875
v 7302.5 0 -880
v 7480 0 -880
v 7480 0 -1010
v 7480 0 -1140
v 7321.66650390625 0 -1140
v 7163.33349609375 0 -1140
v 7005 0 -1140
v 7005 0 -1000
v 6930 0 -1000
v 6637.625 0 -1104.949951171875
v 6784.25 0 -1229.9000244140625
v 6784.25 0 -1104.949951171875
v 6930 0 -880
v 7020 0 -880
v 7020 0 -870
v 7004.1875 0 -886.2874755859375
v 7040.84375 0 -855.04998779296875
v 7040.84375 0 -917.5250244140625
v 7040.84375 0 -886.2874755859375
v 7022.515625 0 -855.04998779296875
v 7040.84375 0 -870.66876220703125
v 7022.515625 0 -886.2874755859375
v 6967.53125 0 -855.04998779296875
v 6967.53125 0 -917.5250244140625
v 6967.53125 0 -886.2874755859375
v 6784.25 0 -917.5250244140625
v 6857.5625 0 -855.04998779296875
v 6857.5625 0 -980
v 6857.5625 0 -917.5250244140625
v 7004.1875 0 -823.8125
v 7040.84375 0 -792.57501220703125
v 7040.84375 0 -823.8125
v 6882.5 0 -870
v 6745 0 -870
v 6745 0 -880
v 6637.625 0 -917.5250244140625
v 6710.9375 0 -855.04998779296875
v 6710.9375 0 -980
v 6710.9375 0 -917.5250244140625
v 6344.375 0 -855.04998779296875
v 6491 0 -730.0999755859375
v 6491 0 -855.04998779296875
v 6710.9375 0 -886.2874755859375
v 6747.59375 0 -855.04998779296875
v 6784.25 0 -886.2874755859375
v 6747.59375 0 -917.5250244140625
v 6747.59375 0 -886.2874755859375
v 6637.625 0 -792.57501220703125
v 6710.9375 0 -730.0999755859375
v 6784.25 0 -792.57501220703125
v 6710.9375 0 -792.57501220703125
v 6710.9375 0 -870.66876220703125
v 6729.265625 0 -855.04998779296875
v 6729.265625 0 -886.2874755859375
v 6729.265625 0 -870.66876220703125
v 6637.625 0 -886.2874755859375
v 6674.28125 0 -855.04998779296875
v 6674.28125 0 -917.5250244140625
v 6674.28125 0 -886.2874755859375
v 6564.3125 0 -855.04998779296875
v 6344.375 0 -1104.949951171875
v 6491 0 -1229.9000244140625
v 6491 0 -1104.949951171875
v 6710.9375 0 -823.8125
v 6747.59375 0 -792.57501220703125
v 6784.25 0 -823.8125
v 6747.59375 0 -823.8125
v 6857.5625 0 -730.0999755859375
v 6857.5625 0 -792.57501220703125
v 6920 0 -880
v 6920 0 -1010
v 6920 0 -1080
v 6750 0 -1080
v 6750 0 -1165
v 6760 0 -1165
v 6637.625 0 -1167.425048828125
v 6710.9375 0 -1104.949951171875
v 6784.25 0 -1167.425048828125
v 6710.9375 0 -1229.9000244140625
v 6710.9375 0 -1167.425048828125
v 6637.625 0 -1354.8499755859375
v 6930.875 0 -1354.8499755859375
v 6710.9375 0 -1136.1875
v 6784.25 0 -1136.1875
v 6637.625 0 -1042.4749755859375
v 6784.25 0 -1042.4749755859375
v 6710.9375 0 -1042.4749755859375
v 6857.5625 0 -1104.949951171875
v 6930.875 0 -1167.425048828125
v 6857.5625 0 -1229.9000244140625
v 6857.5625 0 -1167.425048828125
v 6765.921875 0 -1136.1875
v 6784.25 0 -1151.8062744140625
v 6765.921875 0 -1167.425048828125
v 6765.921875 0 -1151.8062744140625
v 6820.90625 0 -1104.949951171875
v 6857.5625 0 -1136.1875
v 6820.90625 0 -1167.425048828125
v 6820.90625 0 -1136.1875
v 6857.5625 0 -1042.4749755859375
v 6710.9375 0 -1198.6624755859375
v 6784.25 0 -1198.6624755859375
v 6747.59375 0 -1229.9000244140625
v 6747.59375 0 -1198.6624755859375
v 6344.375 0 -1354.8499755859375
v 6491 0 -1479.800048828125
v 6491 0 -1354.8499755859375
v 6760 0 -1090
v 6877.5 0 -1090
v 6995 0 -1090
v 6995 0 -1150
v 7156.66650390625 0 -1150
v 7318.33349609375 0 -1150
v 7480 0 -1150
v 7480 0 -1343.3333740234375
v 7480 0 -1536.6666259765625
v 7480 0 -1730
v 7323.33349609375 0 -1730
v 7166.66650390625 0 -1730
v 7010 0 -1730
v 7010 0 -1580
v 7010 0 -1430
v 7010 0 -1280
v 6985 0 -1280
v 7224.125 0 -1354.8499755859375
v 7077.5 0 -1479.800048828125
v 7077.5 0 -1354.8499755859375
v 6930.875 0 -1292.375
v 7004.1875 0 -1229.9000244140625
v 7077.5 0 -1292.375
v 6985 0 -1290
v 6930.875 0 -1261.137451171875
v 6967.53125 0 -1229.9000244140625
v 7004.1875 0 -1261.137451171875
v 6967.53125 0 -1292.375
v 6967.53125 0 -1261.137451171875
v 6857.5625 0 -1354.8499755859375
v 7077.5 0 -1167.425048828125
v 7004.1875 0 -1167.425048828125
v 6967.53125 0 -1276.7562255859375
v 6985.859375 0 -1261.137451171875
v 7040.84375 0 -1229.9000244140625
v 7077.5 0 -1261.137451171875
v 7040.84375 0 -1292.375
v 7040.84375 0 -1261.137451171875
v 7150.8125 0 -1229.9000244140625
v 7224.125 0 -1292.375
v 7150.8125 0 -1354.8499755859375
v 7150.8125 0 -1292.375
v 7370.75 0 -1479.800048828125
v 7370.75 0 -1354.8499755859375
v 6930.875 0 -1323.612548828125
v 6967.53125 0 -1354.8499755859375
v 6967.53125 0 -1323.612548828125
v 6930.875 0 -1417.324951171875
v 7077.5 0 -1417.324951171875
v 6930.875 0 -1604.75
v 7224.125 0 -1604.75
v 7077.5 0 -1604.75
v 7000 0 -1290
v 7000 0 -1436.6666259765625
v 7000 0 -1583.3333740234375
v 7000 0 -1730
v 6790 0 -1730
v 6790 0 -1685
v 6637.625 0 -1854.6500244140625
v 6857.5625 0 -1729.699951171875
v 6637.625 0 -1604.75
v 6857.5625 0 -1604.75
v 6930.875 0 -1667.2249755859375
v 6857.5625 0 -1667.2249755859375
v 6800 0 -1685
v 6820.90625 0 -1667.2249755859375
v 6857.5625 0 -1698.4625244140625
v 6820.90625 0 -1729.699951171875
v 6820.90625 0 -1698.4625244140625
v 6637.625 0 -1667.2249755859375
v 6710.9375 0 -1604.75
v 6710.9375 0 -1729.699951171875
v 6710.9375 0 -1667.2249755859375
v 6344.375 0 -1604.75
v 6491 0 -1729.699951171875
v 6491 0 -1604.75
v 6802.578125 0 -1667.2249755859375
v 6820.90625 0 -1682.84375
v 6802.578125 0 -1698.4625244140625
v 6710.9375 0 -1698.4625244140625
v 6747.59375 0 -1667.2249755859375
v 6747.59375 0 -1729.699951171875
v 6747.59375 0 -1698.4625244140625
v 6637.625 0 -1792.175048828125
v 6710.9375 0 -1854.6500244140625
v 6710.9375 0 -1792.175048828125
v 6344.375 0 -1854.6500244140625
v 6491 0 -1854.6500244140625
v 6820.90625 0 -1604.75
v 6857.5625 0 -1635.987548828125
v 6820.90625 0 -1635.987548828125
v 6857.5625 0 -1479.800048828125
v 6930.875 0 -1542.2750244140625
v 6857.5625 0 -1542.2750244140625
v 6800 0 -1487.5
v 6800 0 -1290
v 6885 0 -1290
v 6885 0 -1280
v 6857.5625 0 -1261.137451171875
v 6894.21875 0 -1229.9000244140625
v 6894.21875 0 -1292.375
v 6894.21875 0 -1261.137451171875
v 6857.5625 0 -1276.7562255859375
v 6875.890625 0 -1261.137451171875
v 6894.21875 0 -1276.7562255859375
v 6875.890625 0 -1276.7562255859375
v 6857.5625 0 -1323.612548828125
v 6894.21875 0 -1354.8499755859375
v 6894.21875 0 -1323.612548828125
v 6857.5625 0 -1417.324951171875
v 6784.25 0 -1261.137451171875
v 6820.90625 0 -1229.9000244140625
v 6820.90625 0 -1261.137451171875
v 6760 0 -1280
v 6760 0 -1265
v 6710.9375 0 -1261.137451171875
v 6750 0 -1265
v 6765.921875 0 -1261.137451171875
v 6784.25 0 -1276.7562255859375
v 6765.921875 0 -1276.7562255859375
v 6637.625 0 -1417.324951171875
v 6710.9375 0 -1479.800048828125
v 6710.9375 0 -1417.324951171875
v 6750 0 -1280
v 6635 0 -1280
v 6520 0 -1280
v 6520 0 -1290
v 6491 0 -1292.375
v 6564.3125 0 -1229.9000244140625
v 6564.3125 0 -1354.8499755859375
v 6491 0 -1261.137451171875
v 6527.65625 0 -1229.9000244140625
v 6564.3125 0 -1261.137451171875
v 6527.65625 0 -1261.137451171875
v 6344.375 0 -1292.375
v 6417.6875 0 -1229.9000244140625
v 6417.6875 0 -1354.8499755859375
v 6197.75 0 -1229.9000244140625
v 6197.75 0 -1479.800048828125
v 6197.75 0 -1354.8499755859375
v 6491 0 -1167.425048828125
v 6564.3125 0 -1104.949951171875
v 6564.3125 0 -1167.425048828125
v 6491 0 -1276.7562255859375
v 6509.328125 0 -1261.137451171875
v 6509.328125 0 -1292.375
v 6509.328125 0 -1276.7562255859375
v 6491 0 -1323.612548828125
v 6564.3125 0 -1323.612548828125
v 6527.65625 0 -1354.8499755859375
v 6527.65625 0 -1323.612548828125
v 6491 0 -1417.324951171875
v 6564.3125 0 -1479.800048828125
v 6564.3125 0 -1417.324951171875
v 6417.6875 0 -1261.137451171875
v 6454.34375 0 -1229.9000244140625
v 6454.34375 0 -1292.375
v 6454.34375 0 -1261.137451171875
v 6344.375 0 -1167.425048828125
v 6417.6875 0 -1104.949951171875
v 6417.6875 0 -1167.425048828125
v 6051.125 0 -1104.949951171875
v 6197.75 0 -980
v 6197.75 0 -1104.949951171875
v 6710 0 -1290
v 6710 0 -1350
v 6780 0 -1350
v 6780 0 -1540
v 6780 0 -1730
v 6780 0 -1845
v 6780 0 -1960
v 6595 0 -1960
v 6410 0 -1960
v 6225 0 -1960
v 6040 0 -1960
v 6040 0 -1845
v 6040 0 -1730
v 6040 0 -1538.3333740234375
v 6040 0 -1346.6666259765625
v 6040 0 -1155
v 6175 0 -1155
v 6310 0 -1155
v 6325 0 -1155
v 6197.75 0 -1167.425048828125
v 6271.0625 0 -1104.949951171875
v 6271.0625 0 -1229.9000244140625
v 6271.0625 0 -1167.425048828125
v 6344.375 0 -1136.1875
v 6307.71875 0 -1167.425048828125
v 6197.75 0 -1042.4749755859375
v 6271.0625 0 -980
v 6271.0625 0 -1042.4749755859375
v 6051.125 0 -855.04998779296875
v 6197.75 0 -730.0999755859375
v 6197.75 0 -855.04998779296875
v 6395 0 -1155
v 6395 0 -1165
v 6381.03125 0 -1104.949951171875
v 6417.6875 0 -1136.1875
v 6381.03125 0 -1167.425048828125
v 6381.03125 0 -1136.1875
v 6491 0 -1042.4749755859375
v 6399.359375 0 -1136.1875
v 6454.34375 0 -1104.949951171875
v 6491 0 -1136.1875
v 6454.34375 0 -1167.425048828125
v 6454.34375 0 -1136.1875
v 6344.375 0 -1198.6624755859375
v 6417.6875 0 -1198.6624755859375
v 6381.03125 0 -1229.9000244140625
v 6381.03125 0 -1198.6624755859375
v 6405 0 -1165
v 6405 0 -1155
v 6500 0 -1155
v 6500 0 -1145
v 6527.65625 0 -1104.949951171875
v 6564.3125 0 -1136.1875
v 6527.65625 0 -1167.425048828125
v 6527.65625 0 -1136.1875
v 6564.3125 0 -1042.4749755859375
v 6509.328125 0 -1136.1875
v 6527.65625 0 -1151.8062744140625
v 6509.328125 0 -1167.425048828125
v 6509.328125 0 -1151.8062744140625
v 6491 0 -1198.6624755859375
v 6564.3125 0 -1198.6624755859375
v 6527.65625 0 -1198.6624755859375
v 6325 0 -1145
v 6325 0 -1050
v 6425 0 -1050
v 6425 0 -975
v 6605 0 -975
v 6605 0 -1145
v 6590 0 -1145
v 6637.625 0 -1136.1875
v 6600.96875 0 -1167.425048828125
v 6590 0 -1155
v 6564.3125 0 -1151.8062744140625
v 6582.640625 0 -1136.1875
v 6582.640625 0 -1167.425048828125
v 6582.640625 0 -1151.8062744140625
v 6637.625 0 -1198.6624755859375
v 6600.96875 0 -1229.9000244140625
v 6600.96875 0 -1198.6624755859375
v 6615 0 -1155
v 6615 0 -1017.5
v 6615 0 -880
v 6615 0 -723.33331298828125
v 6615 0 -566.66668701171875
v 6615 0 -410
v 6830 0 -410
v 6830 0 -400
v 6784.25 0 -417.72500610351562
v 6857.5625 0 -480.20001220703125
v 6857.5625 0 -417.72500610351562
v 6784.25 0 -386.48748779296875
v 6820.90625 0 -355.25
v 6857.5625 0 -386.48748779296875
v 6820.90625 0 -417.72500610351562
v 6710.9375 0 -355.25
v 6710.9375 0 -480.20001220703125
v 6839.234375 0 -386.48748779296875
v 6857.5625 0 -402.10626220703125
v 6839.234375 0 -417.72500610351562
v 6839.234375 0 -402.10626220703125
v 6894.21875 0 -355.25
v 6930.875 0 -386.48748779296875
v 6894.21875 0 -417.72500610351562
v 6894.21875 0 -386.48748779296875
v 6784.25 0 -448.96249389648438
v 6857.5625 0 -448.96249389648438
v 6820.90625 0 -480.20001220703125
v 6820.90625 0 -448.96249389648438
v 6784.25 0 -542.67498779296875
v 6857.5625 0 -605.1500244140625
v 6857.5625 0 -542.67498779296875
v 6830 0 -390
v 6820 0 -390
v 6802.578125 0 -417.72500610351562
v 6710.9375 0 -386.48748779296875
v 6747.59375 0 -355.25
v 6747.59375 0 -386.48748779296875
v 6710.9375 0 -292.77499389648438
v 6820 0 -400
v 6615 0 -400
v 6590 0 -400
v 6491 0 -417.72500610351562
v 6564.3125 0 -480.20001220703125
v 6564.3125 0 -417.72500610351562
v 6344.375 0 -605.1500244140625
v 6491 0 -605.1500244140625
v 6590 0 -410
v 6564.3125 0 -386.48748779296875
v 6600.96875 0 -355.25
v 6637.625 0 -386.48748779296875
v 6600.96875 0 -386.48748779296875
v 6564.3125 0 -402.10626220703125
v 6582.640625 0 -386.48748779296875
v 6582.640625 0 -417.72500610351562
v 6582.640625 0 -402.10626220703125
v 6564.3125 0 -448.96249389648438
v 6491 0 -542.67498779296875
v 6637.625 0 -542.67498779296875
v 6564.3125 0 -605.1500244140625
v 6564.3125 0 -542.67498779296875
v 6491 0 -386.48748779296875
v 6527.65625 0 -355.25
v 6527.65625 0 -417.72500610351562
v 6527.65625 0 -386.48748779296875
v 6344.375 0 -417.72500610351562
v 6605 0 -410
v 6605 0 -580
v 6590 0 -580
v 6564.3125 0 -573.9124755859375
v 6637.625 0 -573.9124755859375
v 6710.9375 0 -605.1500244140625
v 6710.9375 0 -542.67498779296875
v 6491 0 -667.625
v 6637.625 0 -667.625
v 6564.3125 0 -730.0999755859375
v 6564.3125 0 -667.625
v 6590 0 -590
v 6564.3125 0 -589.53125
v 6582.640625 0 -573.9124755859375
v 6582.640625 0 -605.1500244140625
v 6582.640625 0 -589.53125
v 6564.3125 0 -636.38751220703125
v 6637.625 0 -636.38751220703125
v 6784.25 0 -667.625
v 6710.9375 0 -667.625
v 6491 0 -573.9124755859375
v 6527.65625 0 -542.67498779296875
v 6527.65625 0 -605.1500244140625
v 6527.65625 0 -573.9124755859375
v 6344.375 0 -542.67498779296875
v 6197.75 0 -605.1500244140625
v 6605 0 -590
v 6605 0 -805
v 6590 0 -805
v 6491 0 -792.57501220703125
v 6564.3125 0 -792.57501220703125
v 6564.3125 0 -823.8125
v 6637.625 0 -823.8125
v 6590 0 -815
v 6564.3125 0 -808.1937255859375
v 6582.640625 0 -792.57501220703125
v 6582.640625 0 -823.8125
v 6582.640625 0 -808.1937255859375
v 6491 0 -823.8125
v 6527.65625 0 -792.57501220703125
v 6527.65625 0 -855.04998779296875
v 6527.65625 0 -823.8125
v 6344.375 0 -792.57501220703125
v 6564.3125 0 -761.3375244140625
v 6637.625 0 -761.3375244140625
v 6605 0 -815
v 6605 0 -915
v 6425 0 -915
v 6425 0 -815
v 6500 0 -815
v 6500 0 -805
v 6509.328125 0 -792.57501220703125
v 6527.65625 0 -808.1937255859375
v 6509.328125 0 -823.8125
v 6509.328125 0 -808.1937255859375
v 6454.34375 0 -855.04998779296875
v 6454.34375 0 -823.8125
v 6344.375 0 -917.5250244140625
v 6491 0 -761.3375244140625
v 6527.65625 0 -730.0999755859375
v 6527.65625 0 -761.3375244140625
v 6425 0 -805
v 6425 0 -590
v 6500 0 -590
v 6500 0 -580
v 6509.328125 0 -573.9124755859375
v 6527.65625 0 -589.53125
v 6509.328125 0 -605.1500244140625
v 6509.328125 0 -589.53125
v 6491 0 -636.38751220703125
v 6527.65625 0 -667.625
v 6527.65625 0 -636.38751220703125
v 6344.375 0 -667.625
v 6454.34375 0 -542.67498779296875
v 6454.34375 0 -573.9124755859375
v 6425 0 -580
v 6425 0 -410
v 6500 0 -410
v 6500 0 -400
v 6509.328125 0 -386.48748779296875
v 6527.65625 0 -402.10626220703125
v 6509.328125 0 -417.72500610351562
v 6509.328125 0 -402.10626220703125
v 6491 0 -448.96249389648438
v 6527.65625 0 -480.20001220703125
v 6527.65625 0 -448.96249389648438
v 6417.6875 0 -386.48748779296875
v 6454.34375 0 -355.25
v 6454.34375 0 -386.48748779296875
v 6470 0 -400
v 6395 0 -400
v 6395 0 -606.66668701171875
v 6395 0 -813.33331298828125
v 6395 0 -1020
v 6310 0 -1020
v 6310 0 -1130.6351318359375
v 6310 0 -1135
v 6344.375 0 -1120.5687255859375
v 6271.0625 0 -1073.7125244140625
v 6326.046875 0 -1167.425048828125
v 6271.0625 0 -1198.6624755859375
v 6307.71875 0 -1229.9000244140625
v 6307.71875 0 -1198.6624755859375
v 6197.75 0 -1292.375
v 6271.0625 0 -1354.8499755859375
v 6271.0625 0 -1292.375
v 6271.0625 0 -1120.5687255859375
v 6289.390625 0 -1104.949951171875
v 6289.390625 0 -1120.5687255859375
v 6234.40625 0 -1104.949951171875
v 6234.40625 0 -1167.425048828125
v 6051.125 0 -1167.425048828125
v 6124.4375 0 -1104.949951171875
v 6124.4375 0 -1229.9000244140625
v 6124.4375 0 -1167.425048828125
v 5757.875 0 -1104.949951171875
v 5904.5 0 -980
v 5904.5 0 -1229.9000244140625
v 5904.5 0 -1104.949951171875
v 6175 0 -1135
v 6040 0 -1135
v 6020 0 -1135
v 5904.5 0 -1167.425048828125
v 5977.8125 0 -1104.949951171875
v 5977.8125 0 -1229.9000244140625
v 5977.8125 0 -1167.425048828125
v 5757.875 0 -1354.8499755859375
v 5904.5 0 -1479.800048828125
v 5904.5 0 -1354.8499755859375
v 5977.8125 0 -1136.1875
v 6014.46875 0 -1104.949951171875
v 6014.46875 0 -1167.425048828125
v 5904.5 0 -1042.4749755859375
v 5977.8125 0 -980
v 6051.125 0 -1042.4749755859375
v 5977.8125 0 -1042.4749755859375
v 5757.875 0 -855.04998779296875
v 5904.5 0 -855.04998779296875
v 6020 0 -1333.3333740234375
v 6020 0 -1531.6666259765625
v 6020 0 -1730
v 5802.5 0 -1730
v 5802.5 0 -1561.6666259765625
v 5802.5 0 -1393.3333740234375
v 5802.5 0 -1225
v 5732.5 0 -1225
v 5464.625 0 -1104.949951171875
v 5611.25 0 -980
v 5611.25 0 -1104.949951171875
v 5622.5 0 -1225
v 5477.5 0 -1225
v 5332.5 0 -1225
v 5332.5 0 -1105
v 5332.5 0 -985
v 5317.5 0 -985
v 5171.375 0 -1104.949951171875
v 5391.3125 0 -980
v 5464.625 0 -1042.4749755859375
v 5391.3125 0 -1104.949951171875
v 5391.3125 0 -1042.4749755859375
v 5318 0 -730.0999755859375
v 5464.625 0 -855.04998779296875
v 5354.65625 0 -980
v 5391.3125 0 -1011.2374877929688
v 5354.65625 0 -1042.4749755859375
v 5354.65625 0 -1011.2374877929688
v 5171.375 0 -1042.4749755859375
v 5244.6875 0 -980
v 5244.6875 0 -1104.949951171875
v 5244.6875 0 -1042.4749755859375
v 4878.125 0 -1104.949951171875
v 5024.75 0 -980
v 5391.3125 0 -855.04998779296875
v 5464.625 0 -917.5250244140625
v 5391.3125 0 -917.5250244140625
v 5611.25 0 -855.04998779296875
v 5244.6875 0 -1011.2374877929688
v 5281.34375 0 -980
v 5281.34375 0 -1042.4749755859375
v 5281.34375 0 -1011.2374877929688
v 5171.375 0 -917.5250244140625
v 5244.6875 0 -917.5250244140625
v 5317.5 0 -1090
v 5307.5 0 -1090
v 5244.6875 0 -1073.7125244140625
v 5281.34375 0 -1104.949951171875
v 5281.34375 0 -1073.7125244140625
v 5171.375 0 -1167.425048828125
v 5244.6875 0 -1229.9000244140625
v 5244.6875 0 -1167.425048828125
v 5171.375 0 -1354.8499755859375
v 5464.625 0 -1354.8499755859375
v 5318 0 -1479.800048828125
v 5318 0 -1354.8499755859375
v 5281.34375 0 -1089.331298828125
v 5299.671875 0 -1073.7125244140625
v 5299.671875 0 -1104.949951171875
v 5299.671875 0 -1089.331298828125
v 5391.3125 0 -1073.7125244140625
v 5354.65625 0 -1104.949951171875
v 5354.65625 0 -1073.7125244140625
v 5464.625 0 -1167.425048828125
v 5391.3125 0 -1167.425048828125
v 5244.6875 0 -1136.1875
v 5281.34375 0 -1167.425048828125
v 5281.34375 0 -1136.1875
v 5307.5 0 -1100
v 5317.5 0 -1100
v 5317.5 0 -1240
v 5317.5 0 -1305
v 5377.5 0 -1305
v 5377.5 0 -1240
v 5500 0 -1240
v 5622.5 0 -1240
v 5622.5 0 -1315
v 5611.25 0 -1354.8499755859375
v 5632.5 0 -1315
v 5611.25 0 -1292.375
v 5684.5625 0 -1354.8499755859375
v 5684.5625 0 -1292.375
v 5611.25 0 -1323.612548828125
v 5647.90625 0 -1292.375
v 5684.5625 0 -1323.612548828125
v 5647.90625 0 -1354.8499755859375
v 5647.90625 0 -1323.612548828125
v 5611.25 0 -1417.324951171875
v 5757.875 0 -1417.324951171875
v 5684.5625 0 -1479.800048828125
v 5684.5625 0 -1417.324951171875
v 5464.625 0 -1604.75
v 5757.875 0 -1604.75
v 5464.625 0 -1292.375
v 5537.9375 0 -1354.8499755859375
v 5537.9375 0 -1292.375
v 5611.25 0 -1307.9937744140625
v 5647.90625 0 -1307.9937744140625
v 5629.578125 0 -1323.612548828125
v 5537.9375 0 -1323.612548828125
v 5574.59375 0 -1292.375
v 5574.59375 0 -1354.8499755859375
v 5574.59375 0 -1323.612548828125
v 5464.625 0 -1417.324951171875
v 5537.9375 0 -1417.324951171875
v 5684.5625 0 -1261.137451171875
v 5647.90625 0 -1261.137451171875
v 5611.25 0 -1167.425048828125
v 5684.5625 0 -1104.949951171875
v 5757.875 0 -1167.425048828125
v 5684.5625 0 -1167.425048828125
v 5632.5 0 -1240
v 5732.5 0 -1240
v 5732.5 0 -1330
v 5777.5 0 -1330
v 5904.5 0 -1292.375
v 5831.1875 0 -1354.8499755859375
v 5831.1875 0 -1292.375
v 5777.5 0 -1475
v 5777.5 0 -1620
v 5777.5 0 -1635
v 5904.5 0 -1729.699951171875
v 5904.5 0 -1604.75
v 5757.875 0 -1667.2249755859375
v 5831.1875 0 -1604.75
v 5904.5 0 -1667.2249755859375
v 5831.1875 0 -1667.2249755859375
v 5757.875 0 -1635.987548828125
v 5831.1875 0 -1635.987548828125
v 5611.25 0 -1667.2249755859375
v 5684.5625 0 -1604.75
v 5684.5625 0 -1729.699951171875
v 5684.5625 0 -1667.2249755859375
v 5757.875 0 -1542.2750244140625
v 5831.1875 0 -1479.800048828125
v 5904.5 0 -1542.2750244140625
v 5831.1875 0 -1542.2750244140625
v 5787.5 0 -1635
v 5757.875 0 -1620.3687744140625
v 5684.5625 0 -1635.987548828125
v 5721.21875 0 -1604.75
v 5721.21875 0 -1667.2249755859375
v 5721.21875 0 -1635.987548828125
v 5684.5625 0 -1542.2750244140625
v 5757.875 0 -1573.512451171875
v 5831.1875 0 -1573.512451171875
v 5787.5 0 -1730
v 5587.5 0 -1730
v 5387.5 0 -1730
v 5387.5 0 -1635
v 5487.5 0 -1635
v 5487.5 0 -1625
v 5464.625 0 -1667.2249755859375
v 5537.9375 0 -1729.699951171875
v 5537.9375 0 -1667.2249755859375
v 5171.375 0 -1604.75
v 5318 0 -1729.699951171875
v 5318 0 -1604.75
v 5501.28125 0 -1667.2249755859375
v 5318 0 -1667.2249755859375
v 5391.3125 0 -1604.75
v 5464.625 0 -1542.2750244140625
v 5427.96875 0 -1604.75
v 5318 0 -1542.2750244140625
v 5391.3125 0 -1479.800048828125
v 5391.3125 0 -1542.2750244140625
v 5464.625 0 -1573.512451171875
v 5502.5 0 -1625
v 5502.5 0 -1635
v 5574.59375 0 -1667.2249755859375
v 5632.5 0 -1635
v 5632.5 0 -1620
v 5647.90625 0 -1604.75
v 5647.90625 0 -1667.2249755859375
v 5647.90625 0 -1635.987548828125
v 5632.5 0 -1415
v 5622.5 0 -1415
v 5611.25 0 -1386.0875244140625
v 5684.5625 0 -1386.0875244140625
v 5647.90625 0 -1417.324951171875
v 5647.90625 0 -1386.0875244140625
v 5611.25 0 -1401.706298828125
v 5629.578125 0 -1386.0875244140625
v 5647.90625 0 -1401.706298828125
v 5629.578125 0 -1401.706298828125
v 5684.5625 0 -1448.5625
v 5647.90625 0 -1479.800048828125
v 5647.90625 0 -1448.5625
v 5537.9375 0 -1386.0875244140625
v 5574.59375 0 -1417.324951171875
v 5574.59375 0 -1386.0875244140625
v 5622.5 0 -1425
v 5647.90625 0 -1432.9437255859375
v 5512.5 0 -1425
v 5512.5 0 -1405
v 5464.625 0 -1448.5625
v 5318 0 -1417.324951171875
v 5391.3125 0 -1354.8499755859375
v 5391.3125 0 -1417.324951171875
v 5464.625 0 -1386.0875244140625
v 5501.28125 0 -1354.8499755859375
v 5501.28125 0 -1386.0875244140625
v 5502.5 0 -1405
v 5519.609375 0 -1386.0875244140625
v 5537.9375 0 -1401.706298828125
v 5519.609375 0 -1401.706298828125
v 5477.5 0 -1405
v 5477.5 0 -1515
v 5477.5 0 -1625
v 5377.5 0 -1625
v 5377.5 0 -1730
v 5265 0 -1730
v 5152.5 0 -1730
v 5152.5 0 -1565
v 5127.5 0 -1565
v 4878.125 0 -1604.75
v 5024.75 0 -1729.699951171875
v 5024.75 0 -1604.75
v 5098.0625 0 -1479.800048828125
v 5171.375 0 -1542.2750244140625
v 5098.0625 0 -1604.75
v 5098.0625 0 -1542.2750244140625
v 4878.125 0 -1354.8499755859375
v 5121.95361328125 0 -1565
v 5098.0625 0 -1573.512451171875
v 5134.71875 0 -1542.2750244140625
v 5171.375 0 -1573.512451171875
v 5244.6875 0 -1479.800048828125
v 5244.6875 0 -1604.75
v 5244.6875 0 -1542.2750244140625
v 5024.75 0 -1667.2249755859375
v 5171.375 0 -1667.2249755859375
v 5098.0625 0 -1729.699951171875
v 5098.0625 0 -1667.2249755859375
v 5098.0625 0 -1557.893798828125
v 5116.390625 0 -1542.2750244140625
v 5134.71875 0 -1557.893798828125
v 5116.390625 0 -1573.512451171875
v 5116.390625 0 -1557.893798828125
v 5061.40625 0 -1542.2750244140625
v 5061.40625 0 -1604.75
v 5061.40625 0 -1573.512451171875
v 4878.125 0 -1542.2750244140625
v 4951.4375 0 -1479.800048828125
v 4951.4375 0 -1604.75
v 4951.4375 0 -1542.2750244140625
v 4584.875 0 -1604.75
v 4731.5 0 -1479.800048828125
v 5098.0625 0 -1511.0374755859375
v 5134.71875 0 -1479.800048828125
v 5171.375 0 -1511.0374755859375
v 5134.71875 0 -1511.0374755859375
v 5098.0625 0 -1354.8499755859375
v 5171.375 0 -1417.324951171875
v 5098.0625 0 -1417.324951171875
v 5116.390625 0 -1565.703125
v 5125.5546875 0 -1557.893798828125
v 5153.046875 0 -1542.2750244140625
v 5171.375 0 -1557.893798828125
v 5153.046875 0 -1557.893798828125
v 5208.03125 0 -1542.2750244140625
v 5244.6875 0 -1573.512451171875
v 5208.03125 0 -1604.75
v 5208.03125 0 -1573.512451171875
v 5244.6875 0 -1667.2249755859375
v 5098.0625 0 -1589.1312255859375
v 5116.390625 0 -1604.75
v 5116.390625 0 -1589.1312255859375
v 5098.0625 0 -1635.987548828125
v 5171.375 0 -1635.987548828125
v 5121.95361328125 0 -1575
v 5127.5 0 -1575
v 5116.390625 0 -1581.3218994140625
v 5125.5546875 0 -1589.1312255859375
v 5125.5546875 0 -1581.3218994140625
v 5171.375 0 -1589.1312255859375
v 5127.5 0 -1690
v 5142.5 0 -1690
v 5098.0625 0 -1698.4625244140625
v 5171.375 0 -1698.4625244140625
v 5134.71875 0 -1698.4625244140625
v 5142.5 0 -1735
v 4966.25 0 -1735
v 4790 0 -1735
v 4613.75 0 -1735
v 4437.5 0 -1735
v 4437.5 0 -1690
v 4364.9375 0 -1729.699951171875
v 4145 0 -1729.699951171875
v 4291.625 0 -1604.75
v 4291.625 0 -1667.2249755859375
v 4364.9375 0 -1604.75
v 4364.9375 0 -1667.2249755859375
v 3998.375 0 -1604.75
v 4145 0 -1479.800048828125
v 4145 0 -1604.75
v 4447.5 0 -1690
v 4364.9375 0 -1698.4625244140625
v 4401.59375 0 -1667.2249755859375
v 4401.59375 0 -1729.699951171875
v 4401.59375 0 -1698.4625244140625
v 4511.5625 0 -1604.75
v 4584.875 0 -1667.2249755859375
v 4511.5625 0 -1729.699951171875
v 4511.5625 0 -1667.2249755859375
v 4401.59375 0 -1682.84375
v 4364.9375 0 -1635.987548828125
v 4401.59375 0 -1604.75
v 4401.59375 0 -1635.987548828125
v 4291.625 0 -1542.2750244140625
v 4364.9375 0 -1479.800048828125
v 4364.9375 0 -1542.2750244140625
v 4291.625 0 -1354.8499755859375
v 4584.875 0 -1354.8499755859375
v 4474.90625 0 -1667.2249755859375
v 4511.5625 0 -1698.4625244140625
v 4474.90625 0 -1729.699951171875
v 4474.90625 0 -1698.4625244140625
v 4456.578125 0 -1667.2249755859375
v 4474.90625 0 -1682.84375
v 4456.578125 0 -1698.4625244140625
v 4456.578125 0 -1682.84375
v 4474.90625 0 -1604.75
v 4511.5625 0 -1635.987548828125
v 4474.90625 0 -1635.987548828125
v 4511.5625 0 -1479.800048828125
v 4584.875 0 -1542.2750244140625
v 4511.5625 0 -1542.2750244140625
v 4447.5 0 -1575
v 4641.09619140625 0 -1575
v 4834.69189453125 0 -1575
v 5028.2880859375 0 -1575
v 5028.2880859375 0 -1565
v 5024.75 0 -1589.1312255859375
v 5043.078125 0 -1573.512451171875
v 5061.40625 0 -1589.1312255859375
v 5043.078125 0 -1604.75
v 5043.078125 0 -1589.1312255859375
v 5024.75 0 -1635.987548828125
v 5061.40625 0 -1667.2249755859375
v 5061.40625 0 -1635.987548828125
v 4878.125 0 -1667.2249755859375
v 4951.4375 0 -1667.2249755859375
v 4988.09375 0 -1542.2750244140625
v 4988.09375 0 -1604.75
v 5043.078125 0 -1542.2750244140625
v 5061.40625 0 -1557.893798828125
v 5043.078125 0 -1557.893798828125
v 5061.40625 0 -1479.800048828125
v 5061.40625 0 -1511.0374755859375
v 5022.5 0 -1565
v 4988.09375 0 -1557.893798828125
v 5006.421875 0 -1542.2750244140625
v 5006.421875 0 -1557.893798828125
v 4951.4375 0 -1511.0374755859375
v 4988.09375 0 -1479.800048828125
v 4988.09375 0 -1511.0374755859375
v 4878.125 0 -1417.324951171875
v 4951.4375 0 -1354.8499755859375
v 4951.4375 0 -1417.324951171875
v 4731.5 0 -1229.9000244140625
v 4731.5 0 -1354.8499755859375
v 5022.5 0 -1410
v 5022.5 0 -1255
v 5022.5 0 -1100
v 5207.5 0 -1100
v 5207.5 0 -1090
v 5171.375 0 -1073.7125244140625
v 5208.03125 0 -1042.4749755859375
v 5208.03125 0 -1104.949951171875
v 5208.03125 0 -1073.7125244140625
v 5098.0625 0 -980
v 5098.0625 0 -1042.4749755859375
v 5189.703125 0 -1073.7125244140625
v 5189.703125 0 -1104.949951171875
v 5171.375 0 -1136.1875
v 5208.03125 0 -1167.425048828125
v 5208.03125 0 -1136.1875
v 5098.0625 0 -1229.9000244140625
v 5098.0625 0 -1167.425048828125
v 5098.0625 0 -1073.7125244140625
v 5134.71875 0 -1042.4749755859375
v 5134.71875 0 -1073.7125244140625
v 5022.5 0 -1090
v 5022.5 0 -985
v 5012.5 0 -985
v 4878.125 0 -1042.4749755859375
v 4951.4375 0 -980
v 4951.4375 0 -1104.949951171875
v 4951.4375 0 -1042.4749755859375
v 4584.875 0 -1104.949951171875
v 4731.5 0 -980
v 4731.5 0 -1104.949951171875
v 4951.4375 0 -1011.2374877929688
v 4988.09375 0 -980
v 4988.09375 0 -1042.4749755859375
v 4988.09375 0 -1011.2374877929688
v 4878.125 0 -917.5250244140625
v 5024.75 0 -917.5250244140625
v 4951.4375 0 -917.5250244140625
v 4988.09375 0 -995.6187744140625
v 5006.421875 0 -980
v 5006.421875 0 -1011.2374877929688
v 5006.421875 0 -995.6187744140625
v 4951.4375 0 -948.76251220703125
v 4988.09375 0 -917.5250244140625
v 5024.75 0 -948.76251220703125
v 4988.09375 0 -948.76251220703125
v 5098.0625 0 -917.5250244140625
v 5061.40625 0 -980
v 5098.0625 0 -1011.2374877929688
v 5061.40625 0 -1042.4749755859375
v 5061.40625 0 -1011.2374877929688
v 5012.5 0 -1105
v 5012.5 0 -1225
v 5012.5 0 -1395
v 5012.5 0 -1565
v 4824.16650390625 0 -1565
v 4635.83349609375 0 -1565
v 4447.5 0 -1565
v 4447.5 0 -1395
v 4447.5 0 -1225
v 4432.5 0 -1225
v 4291.625 0 -1104.949951171875
v 4438.25 0 -1167.425048828125
v 4511.5625 0 -1104.949951171875
v 4584.875 0 -1167.425048828125
v 4511.5625 0 -1229.9000244140625
v 4511.5625 0 -1167.425048828125
v 4438.25 0 -1198.6624755859375
v 4474.90625 0 -1167.425048828125
v 4511.5625 0 -1198.6624755859375
v 4474.90625 0 -1229.9000244140625
v 4474.90625 0 -1198.6624755859375
v 4584.875 0 -1292.375
v 4511.5625 0 -1354.8499755859375
v 4511.5625 0 -1292.375
v 4291.625 0 -1167.425048828125
v 4364.9375 0 -1104.949951171875
v 4364.9375 0 -1229.9000244140625
v 4364.9375 0 -1167.425048828125
v 3998.375 0 -1104.949951171875
v 4145 0 -980
v 4145 0 -1229.9000244140625
v 4145 0 -1104.949951171875
v 4364.9375 0 -1198.6624755859375
v 4401.59375 0 -1167.425048828125
v 4401.59375 0 -1229.9000244140625
v 4401.59375 0 -1198.6624755859375
v 4291.625 0 -1292.375
v 4364.9375 0 -1354.8499755859375
v 4364.9375 0 -1292.375
v 3998.375 0 -1354.8499755859375
v 4145 0 -1354.8499755859375
v 4432.5 0 -1335
v 4422.5 0 -1335
v 4364.9375 0 -1323.612548828125
v 4401.59375 0 -1292.375
v 4401.59375 0 -1354.8499755859375
v 4401.59375 0 -1323.612548828125
v 4291.625 0 -1417.324951171875
v 4364.9375 0 -1417.324951171875
v 4401.59375 0 -1339.231201171875
v 4474.90625 0 -1292.375
v 4511.5625 0 -1323.612548828125
v 4474.90625 0 -1354.8499755859375
v 4474.90625 0 -1323.612548828125
v 4584.875 0 -1417.324951171875
v 4511.5625 0 -1417.324951171875
v 4364.9375 0 -1386.0875244140625
v 4401.59375 0 -1417.324951171875
v 4401.59375 0 -1386.0875244140625
v 4422.5 0 -1345
v 4432.5 0 -1345
v 4432.5 0 -1460
v 4432.5 0 -1575
v 4412.5 0 -1575
v 4364.9375 0 -1573.512451171875
v 4401.59375 0 -1542.2750244140625
v 4401.59375 0 -1573.512451171875
v 4412.5 0 -1690
v 4422.5 0 -1690
v 4422.5 0 -1730
v 4257.5 0 -1730
v 4257.5 0 -1545
v 4247.5 0 -1545
v 4145 0 -1542.2750244140625
v 4218.3125 0 -1479.800048828125
v 4218.3125 0 -1604.75
v 4218.3125 0 -1542.2750244140625
v 4218.3125 0 -1573.512451171875
v 4291.625 0 -1573.512451171875
v 4145 0 -1667.2249755859375
v 4218.3125 0 -1729.699951171875
v 4218.3125 0 -1667.2249755859375
v 4273.296875 0 -1542.2750244140625
v 4291.625 0 -1557.893798828125
v 4273.296875 0 -1573.512451171875
v 4273.296875 0 -1557.893798828125
v 4218.3125 0 -1511.0374755859375
v 4254.96875 0 -1479.800048828125
v 4291.625 0 -1511.0374755859375
v 4254.96875 0 -1511.0374755859375
v 4145 0 -1417.324951171875
v 4218.3125 0 -1354.8499755859375
v 4218.3125 0 -1417.324951171875
v 4328.28125 0 -1542.2750244140625
v 4328.28125 0 -1604.75
v 4328.28125 0 -1573.512451171875
v 4218.3125 0 -1557.893798828125
v 4236.640625 0 -1542.2750244140625
v 4236.640625 0 -1573.512451171875
v 4236.640625 0 -1557.893798828125
v 4145 0 -1573.512451171875
v 4181.65625 0 -1542.2750244140625
v 4181.65625 0 -1604.75
v 4181.65625 0 -1573.512451171875
v 3998.375 0 -1542.2750244140625
v 4071.6875 0 -1604.75
v 4071.6875 0 -1542.2750244140625
v 3851.75 0 -1479.800048828125
v 3851.75 0 -1729.699951171875
v 3851.75 0 -1604.75
v 4247.5 0 -1730
v 4107.5 0 -1730
v 4107.5 0 -1685
v 4071.6875 0 -1729.699951171875
v 3998.375 0 -1667.2249755859375
v 4071.6875 0 -1667.2249755859375
v 4117.5 0 -1685
v 4071.6875 0 -1698.4625244140625
v 4145 0 -1698.4625244140625
v 4071.6875 0 -1682.84375
v 3998.375 0 -1698.4625244140625
v 4035.03125 0 -1667.2249755859375
v 4035.03125 0 -1729.699951171875
v 4035.03125 0 -1698.4625244140625
v 3851.75 0 -1667.2249755859375
v 3925.0625 0 -1604.75
v 3925.0625 0 -1667.2249755859375
v 4071.6875 0 -1635.987548828125
v 4145 0 -1635.987548828125
v 4126.671875 0 -1667.2249755859375
v 4145 0 -1682.84375
v 4126.671875 0 -1698.4625244140625
v 4126.671875 0 -1682.84375
v 4181.65625 0 -1667.2249755859375
v 4218.3125 0 -1698.4625244140625
v 4181.65625 0 -1729.699951171875
v 4181.65625 0 -1698.4625244140625
v 4117.5 0 -1580
v 4107.5 0 -1580
v 4071.6875 0 -1573.512451171875
v 4108.34375 0 -1542.2750244140625
v 4108.34375 0 -1573.512451171875
v 4126.671875 0 -1573.512451171875
v 4145 0 -1589.1312255859375
v 4126.671875 0 -1604.75
v 4126.671875 0 -1589.1312255859375
v 4071.6875 0 -1589.1312255859375
v 3998.375 0 -1573.512451171875
v 4035.03125 0 -1542.2750244140625
v 4035.03125 0 -1604.75
v 4035.03125 0 -1573.512451171875
v 3851.75 0 -1542.2750244140625
v 3925.0625 0 -1479.800048828125
v 3925.0625 0 -1542.2750244140625
v 3851.75 0 -1229.9000244140625
v 3851.75 0 -1354.8499755859375
v 4097.5 0 -1580
v 4097.5 0 -1455
v 4247.5 0 -1455
v 4247.5 0 -1475
v 4254.96875 0 -1417.324951171875
v 4291.625 0 -1448.5625
v 4257.5 0 -1475
v 4218.3125 0 -1464.1812744140625
v 4236.640625 0 -1479.800048828125
v 4236.640625 0 -1464.1812744140625
v 4181.65625 0 -1417.324951171875
v 4181.65625 0 -1479.800048828125
v 3998.375 0 -1417.324951171875
v 4071.6875 0 -1354.8499755859375
v 4071.6875 0 -1417.324951171875
v 4273.296875 0 -1448.5625
v 4291.625 0 -1464.1812744140625
v 4273.296875 0 -1479.800048828125
v 4273.296875 0 -1464.1812744140625
v 4328.28125 0 -1417.324951171875
v 4364.9375 0 -1448.5625
v 4328.28125 0 -1479.800048828125
v 4328.28125 0 -1448.5625
v 4257.5 0 -1425
v 4247.5 0 -1425
v 4273.296875 0 -1417.324951171875
v 4291.625 0 -1432.9437255859375
v 4273.296875 0 -1432.9437255859375
v 4218.3125 0 -1386.0875244140625
v 4291.625 0 -1386.0875244140625
v 4254.96875 0 -1386.0875244140625
v 4218.3125 0 -1229.9000244140625
v 4218.3125 0 -1292.375
v 4218.3125 0 -1432.9437255859375
v 4236.640625 0 -1417.324951171875
v 4236.640625 0 -1432.9437255859375
v 4247.5 0 -1445
v 4097.5 0 -1445
v 4097.5 0 -1345
v 4247.5 0 -1345
v 4247.5 0 -1355
v 4218.3125 0 -1323.612548828125
v 4254.96875 0 -1292.375
v 4291.625 0 -1323.612548828125
v 4254.96875 0 -1323.612548828125
v 4236.640625 0 -1323.612548828125
v 4236.640625 0 -1354.8499755859375
v 4181.65625 0 -1292.375
v 4181.65625 0 -1354.8499755859375
v 4181.65625 0 -1323.612548828125
v 3998.375 0 -1292.375
v 4071.6875 0 -1229.9000244140625
v 4071.6875 0 -1292.375
v 4218.3125 0 -1370.46875
v 4254.96875 0 -1370.46875
v 4236.640625 0 -1386.0875244140625
v 4236.640625 0 -1370.46875
v 4145 0 -1386.0875244140625
v 4181.65625 0 -1386.0875244140625
v 4257.5 0 -1355
v 4273.296875 0 -1354.8499755859375
v 4291.625 0 -1370.46875
v 4273.296875 0 -1386.0875244140625
v 4273.296875 0 -1370.46875
v 4328.28125 0 -1354.8499755859375
v 4328.28125 0 -1386.0875244140625
v 4257.5 0 -1345
v 4273.296875 0 -1323.612548828125
v 4328.28125 0 -1292.375
v 4328.28125 0 -1323.612548828125
v 4322.5 0 -1345
v 4322.5 0 -1335
v 4309.953125 0 -1323.612548828125
v 4328.28125 0 -1339.231201171875
v 4309.953125 0 -1354.8499755859375
v 4157.5 0 -1335
v 4157.5 0 -1255
v 4097.5 0 -1255
v 4097.5 0 -1127.5
v 4097.5 0 -1000
v 4267.5 0 -1000
v 4437.5 0 -1000
v 4437.5 0 -1120
v 4447.5 0 -1120
v 4364.9375 0 -1136.1875
v 4401.59375 0 -1104.949951171875
v 4438.25 0 -1136.1875
v 4401.59375 0 -1136.1875
v 4291.625 0 -1042.4749755859375
v 4364.9375 0 -980
v 4364.9375 0 -1042.4749755859375
v 4401.59375 0 -1120.5687255859375
v 4419.921875 0 -1104.949951171875
v 4419.921875 0 -1136.1875
v 4419.921875 0 -1120.5687255859375
v 4364.9375 0 -1073.7125244140625
v 4401.59375 0 -1042.4749755859375
v 4401.59375 0 -1073.7125244140625
v 4511.5625 0 -980
v 4584.875 0 -1042.4749755859375
v 4511.5625 0 -1042.4749755859375
v 4474.90625 0 -1104.949951171875
v 4511.5625 0 -1136.1875
v 4474.90625 0 -1136.1875
v 4456.578125 0 -1104.949951171875
v 4474.90625 0 -1120.5687255859375
v 4456.578125 0 -1136.1875
v 4456.578125 0 -1120.5687255859375
v 4474.90625 0 -1042.4749755859375
v 4511.5625 0 -1073.7125244140625
v 4474.90625 0 -1073.7125244140625
v 4447.5 0 -990
v 4267.5 0 -990
v 4087.5 0 -990
v 4087.5 0 -1000
v 3998.375 0 -1042.4749755859375
v 4071.6875 0 -980
v 4145 0 -1042.4749755859375
v 4071.6875 0 -1104.949951171875
v 4071.6875 0 -1042.4749755859375
v 3851.75 0 -980
v 3851.75 0 -1104.949951171875
v 3998.375 0 -855.04998779296875
v 4145 0 -730.0999755859375
v 4145 0 -855.04998779296875
v 4071.6875 0 -1011.2374877929688
v 4108.34375 0 -980
v 4145 0 -1011.2374877929688
v 4108.34375 0 -1042.4749755859375
v 4108.34375 0 -1011.2374877929688
v 3998.375 0 -917.5250244140625
v 4071.6875 0 -855.04998779296875
v 4145 0 -917.5250244140625
v 4071.6875 0 -917.5250244140625
v 3851.75 0 -730.0999755859375
v 3851.75 0 -855.04998779296875
v 4218.3125 0 -980
v 4218.3125 0 -1104.949951171875
v 4218.3125 0 -1042.4749755859375
v 4071.6875 0 -995.6187744140625
v 4090.015625 0 -980
v 3998.375 0 -1011.2374877929688
v 4035.03125 0 -980
v 4035.03125 0 -1042.4749755859375
v 4035.03125 0 -1011.2374877929688
v 3851.75 0 -1042.4749755859375
v 3925.0625 0 -980
v 3925.0625 0 -1104.949951171875
v 3925.0625 0 -1042.4749755859375
v 4071.6875 0 -948.76251220703125
v 4108.34375 0 -917.5250244140625
v 4145 0 -948.76251220703125
v 4108.34375 0 -948.76251220703125
v 4218.3125 0 -855.04998779296875
v 4291.625 0 -917.5250244140625
v 4218.3125 0 -917.5250244140625
v 4087.5 0 -1020
v 4072.5 0 -1020
v 4072.5 0 -1030
v 4108.34375 0 -1026.856201171875
v 4071.6875 0 -1073.7125244140625
v 4145 0 -1073.7125244140625
v 4108.34375 0 -1104.949951171875
v 4108.34375 0 -1073.7125244140625
v 3998.375 0 -1167.425048828125
v 4145 0 -1167.425048828125
v 4071.6875 0 -1167.425048828125
v 4087.5 0 -1030
v 4087.5 0 -1142.5
v 4087.5 0 -1255
v 4087.5 0 -1265
v 4071.6875 0 -1261.137451171875
v 4108.34375 0 -1229.9000244140625
v 4071.6875 0 -1245.518798828125
v 3998.375 0 -1261.137451171875
v 4035.03125 0 -1229.9000244140625
v 4035.03125 0 -1292.375
v 4035.03125 0 -1261.137451171875
v 3851.75 0 -1292.375
v 3925.0625 0 -1229.9000244140625
v 3925.0625 0 -1354.8499755859375
v 3925.0625 0 -1292.375
v 4071.6875 0 -1198.6624755859375
v 4108.34375 0 -1167.425048828125
v 4145 0 -1198.6624755859375
v 4108.34375 0 -1198.6624755859375
v 4218.3125 0 -1167.425048828125
v 4071.6875 0 -1276.7562255859375
v 4071.6875 0 -1323.612548828125
v 4087.5 0 -1475
v 4087.5 0 -1685
v 4097.5 0 -1685
v 4097.5 0 -1730
v 3920 0 -1730
v 3742.5 0 -1730
v 3742.5 0 -1685
v 3778.4375 0 -1729.699951171875
v 3778.4375 0 -1604.75
v 3778.4375 0 -1667.2249755859375
v 3757.5 0 -1685
v 3778.4375 0 -1698.4625244140625
v 3756.83837890625 0 -1466.6666259765625
v 3756.1767578125 0 -1248.3333740234375
v 3755.51513671875 0 -1030
v 3829.272705078125 0 -1030
v 3829.272705078125 0 -1020
v 3778.4375 0 -980
v 3778.4375 0 -1104.949951171875
v 3778.4375 0 -1042.4749755859375
v 3778.4375 0 -1011.2374877929688
v 3815.09375 0 -980
v 3851.75 0 -1011.2374877929688
v 3815.09375 0 -1042.4749755859375
v 3815.09375 0 -1011.2374877929688
v 3851.75 0 -917.5250244140625
v 3778.4375 0 -917.5250244140625
v 3833.421875 0 -1011.2374877929688
v 3851.75 0 -1026.856201171875
v 3833.421875 0 -1042.4749755859375
v 3888.40625 0 -980
v 3925.0625 0 -1011.2374877929688
v 3888.40625 0 -1042.4749755859375
v 3888.40625 0 -1011.2374877929688
v 3925.0625 0 -917.5250244140625
v 3778.4375 0 -1073.7125244140625
v 3851.75 0 -1073.7125244140625
v 3815.09375 0 -1104.949951171875
v 3815.09375 0 -1073.7125244140625
v 3851.75 0 -1167.425048828125
v 3778.4375 0 -1167.425048828125
v 3755.51513671875 0 -1020
v 3754.9091796875 0 -830
v 3754.302978515625 0 -630
v 3944.272705078125 0 -630
v 3944.272705078125 0 -825
v 3944.272705078125 0 -1020
v 3929.272705078125 0 -1020
v 3961.71875 0 -980
v 3961.71875 0 -1042.4749755859375
v 3961.71875 0 -1011.2374877929688
v 3929.272705078125 0 -1030
v 3943.390625 0 -1042.4749755859375
v 3925.0625 0 -1073.7125244140625
v 3998.375 0 -1073.7125244140625
v 3961.71875 0 -1104.949951171875
v 3961.71875 0 -1073.7125244140625
v 3925.0625 0 -1167.425048828125
v 3972.5 0 -1030
v 3972.5 0 -1020
v 3980.046875 0 -1011.2374877929688
v 3998.375 0 -1026.856201171875
v 3980.046875 0 -1042.4749755859375
v 3980.046875 0 -1026.856201171875
v 3954.272705078125 0 -1020
v 3954.272705078125 0 -910
v 3954.272705078125 0 -800
v 4099.27294921875 0 -800
v 4244.27294921875 0 -800
v 4244.27294921875 0 -875
v 4254.27294921875 0 -875
v 4218.3125 0 -886.2874755859375
v 4291.625 0 -886.2874755859375
v 4254.96875 0 -917.5250244140625
v 4254.96875 0 -886.2874755859375
v 4218.3125 0 -730.0999755859375
v 3998.375 0 -605.1500244140625
v 4145 0 -480.20001220703125
v 4291.625 0 -605.1500244140625
v 4145 0 -605.1500244140625
v 4438.25 0 -917.5250244140625
v 4364.9375 0 -917.5250244140625
v 4218.3125 0 -870.66876220703125
v 4236.640625 0 -855.04998779296875
v 4236.640625 0 -886.2874755859375
v 4236.640625 0 -870.66876220703125
v 4145 0 -886.2874755859375
v 4181.65625 0 -855.04998779296875
v 4181.65625 0 -917.5250244140625
v 4181.65625 0 -886.2874755859375
v 4438.25 0 -480.20001220703125
v 4584.875 0 -605.1500244140625
v 4438.25 0 -605.1500244140625
v 4254.27294921875 0 -747.5
v 4254.27294921875 0 -620
v 4229.27294921875 0 -620
v 4145 0 -667.625
v 4218.3125 0 -605.1500244140625
v 4218.3125 0 -667.625
v 4229.27294921875 0 -630
v 4218.3125 0 -636.38751220703125
v 4254.96875 0 -605.1500244140625
v 4145 0 -542.67498779296875
v 4218.3125 0 -480.20001220703125
v 4291.625 0 -542.67498779296875
v 4218.3125 0 -542.67498779296875
v 3998.375 0 -355.25
v 4145 0 -230.30000305175781
v 4291.625 0 -355.25
v 4145 0 -355.25
v 4218.3125 0 -620.76873779296875
v 4236.640625 0 -605.1500244140625
v 4145 0 -636.38751220703125
v 4181.65625 0 -605.1500244140625
v 4181.65625 0 -667.625
v 4181.65625 0 -636.38751220703125
v 3998.375 0 -667.625
v 4071.6875 0 -605.1500244140625
v 4071.6875 0 -730.0999755859375
v 4071.6875 0 -667.625
v 3851.75 0 -480.20001220703125
v 3851.75 0 -605.1500244140625
v 4218.3125 0 -573.9124755859375
v 4254.96875 0 -542.67498779296875
v 4291.625 0 -573.9124755859375
v 4254.96875 0 -573.9124755859375
v 4438.25 0 -542.67498779296875
v 4584.875 0 -355.25
v 4438.25 0 -355.25
v 4244.27294921875 0 -630
v 4244.27294921875 0 -790
v 4099.27294921875 0 -790
v 3954.272705078125 0 -790
v 3954.272705078125 0 -630
v 4129.27294921875 0 -630
v 4129.27294921875 0 -620
v 4071.6875 0 -636.38751220703125
v 4108.34375 0 -605.1500244140625
v 4108.34375 0 -667.625
v 4108.34375 0 -636.38751220703125
v 3998.375 0 -542.67498779296875
v 4071.6875 0 -542.67498779296875
v 4126.671875 0 -605.1500244140625
v 4145 0 -620.76873779296875
v 4126.671875 0 -636.38751220703125
v 4071.6875 0 -573.9124755859375
v 4108.34375 0 -542.67498779296875
v 4145 0 -573.9124755859375
v 4108.34375 0 -573.9124755859375
v 4067.5 0 -620
v 4067.5 0 -610
v 3998.375 0 -636.38751220703125
v 4035.03125 0 -605.1500244140625
v 4035.03125 0 -667.625
v 4035.03125 0 -636.38751220703125
v 3851.75 0 -667.625
v 3925.0625 0 -605.1500244140625
v 3925.0625 0 -730.0999755859375
v 3925.0625 0 -667.625
v 4053.359375 0 -605.1500244140625
v 4053.359375 0 -636.38751220703125
v 3998.375 0 -573.9124755859375
v 4035.03125 0 -542.67498779296875
v 4035.03125 0 -573.9124755859375
v 3851.75 0 -542.67498779296875
v 3925.0625 0 -480.20001220703125
v 3925.0625 0 -542.67498779296875
v 3851.75 0 -230.30000305175781
v 3851.75 0 -355.25
v 4057.5 0 -610
v 4057.5 0 -620
v 3954.272705078125 0 -620
v 3754.272705078125 0 -620
v 3753.72216796875 0 -438.33334350585938
v 3753.171630859375 0 -256.66665649414062
v 3752.62109375 0 -75
v 3777.5 0 -75
v 3998.375 0 -105.34999847412109
v 3851.75 0 -105.34999847412109
v 3851.75 0 -42.875
v 3778.4375 0 -105.34999847412109
v 3777.5 0 -35
v 3752.5 0 -35
v 3747.5 0 -35
v 3778.4375 0 -11.637499809265137
v 3760.109375 0 -11.637499809265137
v 3778.4375 0 -27.256250381469727
v 3760.109375 0 -27.256250381469727
v 3851.75 0 -11.637499809265137
v 3815.09375 0 -42.875
v 3815.09375 0 -11.637499809265137
v 3998.375 0 -42.875
v 3925.0625 0 -105.34999847412109
v 3925.0625 0 -42.875
v 4145 0 -105.34999847412109
v 3851.75 0 -167.82499694824219
v 3778.4375 0 -167.82499694824219
v 3851.75 0 -74.112503051757812
v 3815.09375 0 -105.34999847412109
v 3815.09375 0 -74.112503051757812
v 3747.5 0 0
v 3902.5 0 0
v 4057.5 0 0
v 4057.5 0 -170
v 4057.5 0 -340
v 4057.5 0 -510
v 4067.5 0 -510
v 3998.375 0 -511.4375
v 4035.03125 0 -480.20001220703125
v 4035.03125 0 -511.4375
v 3998.375 0 -417.72500610351562
v 4145 0 -417.72500610351562
v 4035.03125 0 -495.81875610351562
v 4053.359375 0 -480.20001220703125
v 4053.359375 0 -495.81875610351562
v 3998.375 0 -448.96249389648438
v 4035.03125 0 -417.72500610351562
v 4035.03125 0 -448.96249389648438
v 3851.75 0 -417.72500610351562
v 3925.0625 0 -355.25
v 3925.0625 0 -417.72500610351562
v 4145 0 -511.4375
v 4108.34375 0 -511.4375
v 4067.5 0 -500
v 4247.5 0 -500
v 4247.5 0 -490
v 4218.3125 0 -511.4375
v 4254.96875 0 -480.20001220703125
v 4291.625 0 -511.4375
v 4254.96875 0 -511.4375
v 4218.3125 0 -355.25
v 4291.625 0 -417.72500610351562
v 4218.3125 0 -417.72500610351562
v 4236.640625 0 -480.20001220703125
v 4254.96875 0 -495.81875610351562
v 4236.640625 0 -511.4375
v 4181.65625 0 -480.20001220703125
v 4181.65625 0 -542.67498779296875
v 4181.65625 0 -511.4375
v 4218.3125 0 -448.96249389648438
v 4254.96875 0 -417.72500610351562
v 4291.625 0 -448.96249389648438
v 4254.96875 0 -448.96249389648438
v 4438.25 0 -417.72500610351562
v 4067.5 0 -490
v 4067.5 0 -326.66665649414062
v 4067.5 0 -163.33332824707031
v 4067.5 0 0
v 4215 0 0
v 4362.5 0 0
v 4362.5 0 -163.33332824707031
v 4362.5 0 -326.66665649414062
v 4362.5 0 -490
v 4347.5 0 -490
v 4328.28125 0 -480.20001220703125
v 4328.28125 0 -542.67498779296875
v 4328.28125 0 -511.4375
v 4347.5 0 -500
v 4328.28125 0 -495.81875610351562
v 4328.28125 0 -417.72500610351562
v 4328.28125 0 -448.96249389648438
v 4401.59375 0 -480.20001220703125
v 4438.25 0 -511.4375
v 4401.59375 0 -542.67498779296875
v 4401.59375 0 -511.4375
v 4511.5625 0 -480.20001220703125
v 4584.875 0 -542.67498779296875
v 4511.5625 0 -605.1500244140625
v 4511.5625 0 -542.67498779296875
v 4878.125 0 -605.1500244140625
v 4731.5 0 -605.1500244140625
v 4362.5 0 -500
v 4362.5 0 -687.5
v 4362.5 0 -875
v 4447.5 0 -875
v 4635.83349609375 0 -875
v 4824.16650390625 0 -875
v 5012.5 0 -875
v 5012.5 0 -885
v 4951.4375 0 -886.2874755859375
v 4988.09375 0 -886.2874755859375
v 5171.375 0 -605.1500244140625
v 5024.75 0 -605.1500244140625
v 5098.0625 0 -730.0999755859375
v 5171.375 0 -792.57501220703125
v 5098.0625 0 -792.57501220703125
v 5098.0625 0 -886.2874755859375
v 5061.40625 0 -917.5250244140625
v 5061.40625 0 -886.2874755859375
v 5022.5 0 -885
v 5022.5 0 -875
v 5170 0 -875
v 5317.5 0 -875
v 5317.5 0 -885
v 5244.6875 0 -886.2874755859375
v 5281.34375 0 -917.5250244140625
v 5281.34375 0 -886.2874755859375
v 5244.6875 0 -730.0999755859375
v 5244.6875 0 -792.57501220703125
v 5318 0 -480.20001220703125
v 5318 0 -605.1500244140625
v 5244.6875 0 -823.8125
v 5281.34375 0 -792.57501220703125
v 5281.34375 0 -823.8125
v 5391.3125 0 -730.0999755859375
v 5464.625 0 -792.57501220703125
v 5354.65625 0 -855.04998779296875
v 5391.3125 0 -886.2874755859375
v 5354.65625 0 -917.5250244140625
v 5354.65625 0 -886.2874755859375
v 5332.5 0 -885
v 5332.5 0 -850
v 5332.5 0 -795
v 5392.5 0 -795
v 5392.5 0 -785
v 5391.3125 0 -823.8125
v 5427.96875 0 -792.57501220703125
v 5464.625 0 -823.8125
v 5427.96875 0 -855.04998779296875
v 5427.96875 0 -823.8125
v 5611.25 0 -792.57501220703125
v 5537.9375 0 -855.04998779296875
v 5537.9375 0 -792.57501220703125
v 5391.3125 0 -808.1937255859375
v 5409.640625 0 -792.57501220703125
v 5427.96875 0 -808.1937255859375
v 5409.640625 0 -823.8125
v 5409.640625 0 -808.1937255859375
v 5354.65625 0 -823.8125
v 5391.3125 0 -761.3375244140625
v 5427.96875 0 -730.0999755859375
v 5464.625 0 -761.3375244140625
v 5427.96875 0 -761.3375244140625
v 5318 0 -667.625
v 5391.3125 0 -605.1500244140625
v 5464.625 0 -667.625
v 5391.3125 0 -667.625
v 5391.3125 0 -776.95623779296875
v 5409.640625 0 -761.3375244140625
v 5427.96875 0 -776.95623779296875
v 5409.640625 0 -776.95623779296875
v 5318 0 -761.3375244140625
v 5354.65625 0 -730.0999755859375
v 5354.65625 0 -761.3375244140625
v 5322.5 0 -785
v 5322.5 0 -850
v 5177.5 0 -850
v 5032.5 0 -850
v 5032.5 0 -645
v 4922.5 0 -645
v 4812.5 0 -645
v 4812.5 0 -635
v 4804.8125 0 -605.1500244140625
v 4841.46875 0 -605.1500244140625
v 4878.125 0 -636.38751220703125
v 4841.46875 0 -636.38751220703125
v 4731.5 0 -542.67498779296875
v 4804.8125 0 -480.20001220703125
v 4878.125 0 -542.67498779296875
v 4804.8125 0 -542.67498779296875
v 4878.125 0 -355.25
v 4951.4375 0 -605.1500244140625
v 4823.140625 0 -636.38751220703125
v 4731.5 0 -636.38751220703125
v 4768.15625 0 -605.1500244140625
v 4768.15625 0 -636.38751220703125
v 4658.1875 0 -605.1500244140625
v 4804.8125 0 -620.76873779296875
v 4823.140625 0 -605.1500244140625
v 4841.46875 0 -620.76873779296875
v 4823.140625 0 -620.76873779296875
v 4804.8125 0 -573.9124755859375
v 4841.46875 0 -542.67498779296875
v 4878.125 0 -573.9124755859375
v 4841.46875 0 -573.9124755859375
v 4951.4375 0 -480.20001220703125
v 5024.75 0 -542.67498779296875
v 4951.4375 0 -542.67498779296875
v 5171.375 0 -355.25
v 4802.5 0 -635
v 4768.15625 0 -620.76873779296875
v 4786.484375 0 -605.1500244140625
v 4786.484375 0 -636.38751220703125
v 4786.484375 0 -620.76873779296875
v 4731.5 0 -573.9124755859375
v 4768.15625 0 -542.67498779296875
v 4768.15625 0 -573.9124755859375
v 4658.1875 0 -480.20001220703125
v 4658.1875 0 -542.67498779296875
v 4802.5 0 -645
v 4595 0 -645
v 4387.5 0 -645
v 4387.5 0 -430
v 4387.5 0 -215
v 4387.5 0 0
v 4552.5 0 0
v 4717.5 0 0
v 4717.5 0 -175
v 4717.5 0 -350
v 4717.5 0 -525
v 4802.5 0 -525
v 4802.5 0 -535
v 4804.8125 0 -355.25
v 4878.125 0 -417.72500610351562
v 4804.8125 0 -417.72500610351562
v 4768.15625 0 -527.0562744140625
v 4786.484375 0 -542.67498779296875
v 4786.484375 0 -527.0562744140625
v 4841.46875 0 -480.20001220703125
v 4812.5 0 -535
v 4841.46875 0 -527.0562744140625
v 4823.140625 0 -542.67498779296875
v 4823.140625 0 -527.0562744140625
v 4812.5 0 -525
v 4907.5 0 -525
v 4907.5 0 -515
v 4914.78125 0 -480.20001220703125
v 4951.4375 0 -511.4375
v 4914.78125 0 -542.67498779296875
v 4914.78125 0 -511.4375
v 4951.4375 0 -355.25
v 4951.4375 0 -417.72500610351562
v 4878.125 0 -527.0562744140625
v 4914.78125 0 -527.0562744140625
v 4896.453125 0 -542.67498779296875
v 4896.453125 0 -527.0562744140625
v 4951.4375 0 -573.9124755859375
v 4914.78125 0 -605.1500244140625
v 4914.78125 0 -573.9124755859375
v 4727.5 0 -515
v 4727.5 0 -343.33334350585938
v 4727.5 0 -171.66667175292969
v 4727.5 0 0
v 4875 0 0
v 5022.5 0 0
v 5022.5 0 -40
v 4878.125 0 -105.34999847412109
v 5171.375 0 -105.34999847412109
v 4878.125 0 -42.875
v 4951.4375 0 -105.34999847412109
v 4951.4375 0 -42.875
v 5007.5 0 -40
v 4951.4375 0 -11.637499809265137
v 4988.09375 0 -42.875
v 4988.09375 0 -11.637499809265137
v 5171.375 0 -42.875
v 5098.0625 0 -105.34999847412109
v 5098.0625 0 -42.875
v 5318 0 -230.30000305175781
v 5318 0 -105.34999847412109
v 5007.5 0 -150
v 5022.5 0 -150
v 4878.125 0 -167.82499694824219
v 4951.4375 0 -230.30000305175781
v 4951.4375 0 -167.82499694824219
v 4951.4375 0 -136.58749389648438
v 4988.09375 0 -105.34999847412109
v 4988.09375 0 -167.82499694824219
v 4988.09375 0 -136.58749389648438
v 5171.375 0 -167.82499694824219
v 5098.0625 0 -230.30000305175781
v 5098.0625 0 -167.82499694824219
v 5022.5 0 -332.5
v 5022.5 0 -515
v 5007.5 0 -515
v 4988.09375 0 -480.20001220703125
v 4988.09375 0 -542.67498779296875
v 4988.09375 0 -511.4375
v 5098.0625 0 -480.20001220703125
v 5171.375 0 -542.67498779296875
v 5098.0625 0 -605.1500244140625
v 5098.0625 0 -542.67498779296875
v 5007.5 0 -525
v 4988.09375 0 -527.0562744140625
v 5006.421875 0 -542.67498779296875
v 5061.40625 0 -480.20001220703125
v 5098.0625 0 -511.4375
v 5061.40625 0 -542.67498779296875
v 5061.40625 0 -511.4375
v 5098.0625 0 -355.25
v 5171.375 0 -417.72500610351562
v 5098.0625 0 -417.72500610351562
v 5318 0 -355.25
v 5024.75 0 -573.9124755859375
v 4988.09375 0 -605.1500244140625
v 4988.09375 0 -573.9124755859375
v 5032.5 0 -525
v 5032.5 0 -342.5
v 5032.5 0 -160
v 5167.5 0 -160
v 5167.5 0 -150
v 5098.0625 0 -136.58749389648438
v 5134.71875 0 -105.34999847412109
v 5171.375 0 -136.58749389648438
v 5134.71875 0 -167.82499694824219
v 5134.71875 0 -136.58749389648438
v 5244.6875 0 -105.34999847412109
v 5318 0 -167.82499694824219
v 5244.6875 0 -230.30000305175781
v 5244.6875 0 -167.82499694824219
v 5153.046875 0 -136.58749389648438
v 5153.046875 0 -167.82499694824219
v 5208.03125 0 -105.34999847412109
v 5244.6875 0 -136.58749389648438
v 5208.03125 0 -167.82499694824219
v 5208.03125 0 -136.58749389648438
v 5318 0 -42.875
v 5244.6875 0 -42.875
v 5098.0625 0 -199.0625
v 5171.375 0 -199.0625
v 5134.71875 0 -230.30000305175781
v 5134.71875 0 -199.0625
v 5171.375 0 -292.77499389648438
v 5098.0625 0 -292.77499389648438
v 5032.5 0 -150
v 5032.5 0 -40
v 5032.5 0 0
v 5189.16650390625 0 0
v 5345.83349609375 0 0
v 5502.5 0 0
v 5502.5 0 -90
v 5502.5 0 -100
v 5464.625 0 -42.875
v 5611.25 0 -42.875
v 5537.9375 0 -105.34999847412109
v 5537.9375 0 -42.875
v 5464.625 0 -74.112503051757812
v 5537.9375 0 -74.112503051757812
v 5464.625 0 -167.82499694824219
v 5611.25 0 -167.82499694824219
v 5537.9375 0 -230.30000305175781
v 5537.9375 0 -167.82499694824219
v 5391.3125 0 -105.34999847412109
v 5391.3125 0 -42.875
v 5519.609375 0 -74.112503051757812
v 5537.9375 0 -89.731246948242188
v 5519.609375 0 -105.34999847412109
v 5519.609375 0 -89.731246948242188
v 5574.59375 0 -42.875
v 5611.25 0 -74.112503051757812
v 5574.59375 0 -105.34999847412109
v 5574.59375 0 -74.112503051757812
v 5757.875 0 -42.875
v 5684.5625 0 -105.34999847412109
v 5684.5625 0 -42.875
v 5464.625 0 -136.58749389648438
v 5537.9375 0 -136.58749389648438
v 5391.3125 0 -230.30000305175781
v 5391.3125 0 -167.82499694824219
v 5502.5 0 -150
v 5367.5 0 -150
v 5367.5 0 -160
v 5318 0 -136.58749389648438
v 5354.65625 0 -105.34999847412109
v 5391.3125 0 -136.58749389648438
v 5354.65625 0 -167.82499694824219
v 5354.65625 0 -136.58749389648438
v 5354.65625 0 -152.20625305175781
v 5372.984375 0 -136.58749389648438
v 5372.984375 0 -167.82499694824219
v 5427.96875 0 -105.34999847412109
v 5427.96875 0 -167.82499694824219
v 5427.96875 0 -136.58749389648438
v 5318 0 -199.0625
v 5391.3125 0 -199.0625
v 5354.65625 0 -230.30000305175781
v 5354.65625 0 -199.0625
v 5318 0 -292.77499389648438
v 5464.625 0 -292.77499389648438
v 5391.3125 0 -355.25
v 5391.3125 0 -292.77499389648438
v 5502.5 0 -160
v 5502.5 0 -360
v 5512.5 0 -360
v 5464.625 0 -417.72500610351562
v 5537.9375 0 -355.25
v 5611.25 0 -417.72500610351562
v 5537.9375 0 -480.20001220703125
v 5537.9375 0 -417.72500610351562
v 5464.625 0 -386.48748779296875
v 5537.9375 0 -386.48748779296875
v 5501.28125 0 -417.72500610351562
v 5501.28125 0 -386.48748779296875
v 5318 0 -417.72500610351562
v 5391.3125 0 -480.20001220703125
v 5391.3125 0 -417.72500610351562
v 5611.25 0 -292.77499389648438
v 5537.9375 0 -292.77499389648438
v 5501.28125 0 -370.86874389648438
v 5519.609375 0 -355.25
v 5537.9375 0 -370.86874389648438
v 5519.609375 0 -386.48748779296875
v 5519.609375 0 -370.86874389648438
v 5464.625 0 -324.01251220703125
v 5537.9375 0 -324.01251220703125
v 5574.59375 0 -355.25
v 5611.25 0 -386.48748779296875
v 5574.59375 0 -417.72500610351562
v 5574.59375 0 -386.48748779296875
v 5684.5625 0 -355.25
v 5757.875 0 -417.72500610351562
v 5684.5625 0 -480.20001220703125
v 5684.5625 0 -417.72500610351562
v 5512.5 0 -220
v 5620 0 -220
v 5620 0 -210
v 5684.5625 0 -230.30000305175781
v 5684.5625 0 -167.82499694824219
v 5611.25 0 -199.0625
v 5647.90625 0 -167.82499694824219
v 5684.5625 0 -199.0625
v 5647.90625 0 -230.30000305175781
v 5647.90625 0 -199.0625
v 5684.5625 0 -292.77499389648438
v 5629.578125 0 -199.0625
v 5647.90625 0 -214.68124389648438
v 5629.578125 0 -230.30000305175781
v 5629.578125 0 -214.68124389648438
v 5611.25 0 -261.53750610351562
v 5684.5625 0 -261.53750610351562
v 5647.90625 0 -292.77499389648438
v 5647.90625 0 -261.53750610351562
v 5537.9375 0 -199.0625
v 5574.59375 0 -167.82499694824219
v 5574.59375 0 -230.30000305175781
v 5574.59375 0 -199.0625
v 5512.5 0 -210
v 5512.5 0 -100
v 5512.5 0 0
v 5652.5 0 0
v 5792.5 0 0
v 5792.5 0 -100
v 5777.5 0 -100
v 5904.5 0 -42.875
v 5831.1875 0 -42.875
v 5757.875 0 -74.112503051757812
v 5831.1875 0 -74.112503051757812
v 5777.5 0 -210
v 5720 0 -210
v 5720 0 -220
v 5721.21875 0 -167.82499694824219
v 5757.875 0 -199.0625
v 5721.21875 0 -230.30000305175781
v 5721.21875 0 -199.0625
v 5684.5625 0 -214.68124389648438
v 5702.890625 0 -199.0625
v 5702.890625 0 -230.30000305175781
v 5702.890625 0 -214.68124389648438
v 5757.875 0 -261.53750610351562
v 5721.21875 0 -292.77499389648438
v 5721.21875 0 -261.53750610351562
v 5777.5 0 -220
v 5777.5 0 -375
v 5777.5 0 -530
v 5645 0 -530
v 5512.5 0 -530
v 5512.5 0 -460
v 5502.5 0 -460
v 5464.625 0 -448.96249389648438
v 5537.9375 0 -448.96249389648438
v 5501.28125 0 -448.96249389648438
v 5464.625 0 -542.67498779296875
v 5537.9375 0 -605.1500244140625
v 5519.609375 0 -448.96249389648438
v 5537.9375 0 -464.58123779296875
v 5519.609375 0 -480.20001220703125
v 5519.609375 0 -464.58123779296875
v 5611.25 0 -448.96249389648438
v 5574.59375 0 -480.20001220703125
v 5574.59375 0 -448.96249389648438
v 5464.625 0 -511.4375
v 5537.9375 0 -511.4375
v 5318 0 -542.67498779296875
v 5391.3125 0 -542.67498779296875
v 5502.5 0 -525
v 5502.5 0 -530
v 5519.609375 0 -511.4375
v 5537.9375 0 -527.0562744140625
v 5519.609375 0 -527.0562744140625
v 5611.25 0 -511.4375
v 5574.59375 0 -511.4375
v 5684.5625 0 -605.1500244140625
v 5464.625 0 -573.9124755859375
v 5537.9375 0 -573.9124755859375
v 5611.25 0 -667.625
v 5519.609375 0 -519.24688720703125
v 5464.625 0 -527.0562744140625
v 5482.953125 0 -511.4375
v 5482.953125 0 -542.67498779296875
v 5482.953125 0 -527.0562744140625
v 5391.3125 0 -511.4375
v 5427.96875 0 -480.20001220703125
v 5427.96875 0 -542.67498779296875
v 5427.96875 0 -511.4375
v 5537.9375 0 -495.81875610351562
v 5519.609375 0 -495.81875610351562
v 5611.25 0 -573.9124755859375
v 5574.59375 0 -605.1500244140625
v 5574.59375 0 -573.9124755859375
v 5502.5 0 -657.5
v 5502.5 0 -785
v 5492.5 0 -785
v 5537.9375 0 -761.3375244140625
v 5537.9375 0 -776.95623779296875
v 5574.59375 0 -730.0999755859375
v 5611.25 0 -761.3375244140625
v 5574.59375 0 -792.57501220703125
v 5574.59375 0 -761.3375244140625
v 5684.5625 0 -730.0999755859375
v 5757.875 0 -792.57501220703125
v 5684.5625 0 -855.04998779296875
v 5684.5625 0 -792.57501220703125
v 5537.9375 0 -823.8125
v 5611.25 0 -917.5250244140625
v 5464.625 0 -776.95623779296875
v 5482.953125 0 -761.3375244140625
v 5482.953125 0 -792.57501220703125
v 5482.953125 0 -776.95623779296875
v 5492.5 0 -795
v 5464.625 0 -808.1937255859375
v 5482.953125 0 -823.8125
v 5482.953125 0 -808.1937255859375
v 5502.5 0 -795
v 5537.9375 0 -808.1937255859375
v 5611.25 0 -823.8125
v 5574.59375 0 -855.04998779296875
v 5574.59375 0 -823.8125
v 5502.5 0 -937.5
v 5502.5 0 -1080
v 5532.5 0 -1080
v 5611.25 0 -1042.4749755859375
v 5532.5 0 -906.66668701171875
v 5532.5 0 -733.33331298828125
v 5532.5 0 -560
v 5667.5 0 -560
v 6910 0 -255
v 6895 0 -255
v 6894.21875 0 -292.77499389648438
v 6895 0 -190
v 6830 0 -190
v 6830 0 -95
v 6820 0 -95
v 6820.90625 0 -42.875
v 6857.5625 0 -74.112503051757812
v 6820.90625 0 -74.112503051757812
v 6820.90625 0 -89.731246948242188
v 6839.234375 0 -74.112503051757812
v 6857.5625 0 -89.731246948242188
v 6839.234375 0 -105.34999847412109
v 6839.234375 0 -89.731246948242188
v 6894.21875 0 -42.875
v 6930.875 0 -74.112503051757812
v 6894.21875 0 -105.34999847412109
v 6894.21875 0 -74.112503051757812
v 6857.5625 0 -136.58749389648438
v 6784.25 0 -89.731246948242188
v 6802.578125 0 -74.112503051757812
v 6802.578125 0 -105.34999847412109
v 6802.578125 0 -89.731246948242188
v 6820 0 -290
v 6830 0 -290
v 6784.25 0 -261.53750610351562
v 6784.25 0 -277.15625
v 6802.578125 0 -261.53750610351562
v 6802.578125 0 -292.77499389648438
v 6802.578125 0 -277.15625
v 6784.25 0 -324.01251220703125
v 6857.5625 0 -324.01251220703125
v 6820.90625 0 -324.01251220703125
v 6710.9375 0 -261.53750610351562
v 6747.59375 0 -230.30000305175781
v 6747.59375 0 -292.77499389648438
v 6747.59375 0 -261.53750610351562
v 6857.5625 0 -277.15625
v 6839.234375 0 -292.77499389648438
v 6839.234375 0 -277.15625
v 6830 0 -265
v 6910 0 -265
v 6894.21875 0 -277.15625
v 6930.875 0 -277.15625
v 6912.546875 0 -292.77499389648438
v 6912.546875 0 -277.15625
v 6930.875 0 -324.01251220703125
v 6894.21875 0 -324.01251220703125
v 6912.546875 0 -230.30000305175781
v 6930.875 0 -245.91874694824219
v 6912.546875 0 -245.91874694824219
v 6894.21875 0 -167.82499694824219
v 6930.875 0 -199.0625
v 6420 0 -1280
v 6405 0 -1280
v 6344.375 0 -1261.137451171875
v 6381.03125 0 -1292.375
v 6381.03125 0 -1261.137451171875
v 6405 0 -1265
v 6395 0 -1265
v 6381.03125 0 -1276.7562255859375
v 6344.375 0 -1323.612548828125
v 6417.6875 0 -1323.612548828125
v 6381.03125 0 -1354.8499755859375
v 6381.03125 0 -1323.612548828125
v 6344.375 0 -1417.324951171875
v 6417.6875 0 -1417.324951171875
v 6395 0 -1430
v 6395 0 -1580
v 6395 0 -1730
v 6405 0 -1730
v 6344.375 0 -1792.175048828125
v 6417.6875 0 -1729.699951171875
v 6491 0 -1792.175048828125
v 6417.6875 0 -1854.6500244140625
v 6417.6875 0 -1792.175048828125
v 6197.75 0 -1729.699951171875
v 6197.75 0 -1854.6500244140625
v 6344.375 0 -1760.9375
v 6381.03125 0 -1729.699951171875
v 6417.6875 0 -1760.9375
v 6381.03125 0 -1792.175048828125
v 6381.03125 0 -1760.9375
v 6197.75 0 -1792.175048828125
v 6271.0625 0 -1729.699951171875
v 6271.0625 0 -1854.6500244140625
v 6271.0625 0 -1792.175048828125
v 6197.75 0 -1604.75
v 6344.375 0 -1667.2249755859375
v 6491 0 -1667.2249755859375
v 6417.6875 0 -1667.2249755859375
v 6381.03125 0 -1745.3187255859375
v 6417.6875 0 -1745.3187255859375
v 6399.359375 0 -1760.9375
v 6399.359375 0 -1745.3187255859375
v 6344.375 0 -1698.4625244140625
v 6381.03125 0 -1667.2249755859375
v 6417.6875 0 -1698.4625244140625
v 6381.03125 0 -1698.4625244140625
v 6197.75 0 -1667.2249755859375
v 6271.0625 0 -1604.75
v 6271.0625 0 -1667.2249755859375
v 6454.34375 0 -1729.699951171875
v 6491 0 -1760.9375
v 6454.34375 0 -1792.175048828125
v 6454.34375 0 -1760.9375
v 6564.3125 0 -1729.699951171875
v 6564.3125 0 -1854.6500244140625
v 6564.3125 0 -1792.175048828125
v 6405 0 -1583.3333740234375
v 6405 0 -1436.6666259765625
v 6405 0 -1290
v 6420 0 -1290
v 6436.015625 0 -1261.137451171875
v 6454.34375 0 -1276.7562255859375
v 6436.015625 0 -1292.375
v 6436.015625 0 -1276.7562255859375
v 6454.34375 0 -1354.8499755859375
v 6454.34375 0 -1323.612548828125
v 6051.125 0 -1729.699951171875
f 3039 2524 2891
f 3043 3017 3039
f 2891 3043 3039
f 3017 3043 3042
f 2889 2856 2892
f 2857 2525 2889
f 2892 2857 2889
f 2890 2888 2856
f 2853 2890 2889
f 2768 2528 2743
f 2771 2751 2768
f 2743 2771 2768
f 2748 2714 2744
f 2743 2528 2748
f 2744 2743 2748
f 3018 2523 3050
f 2531 3025 3028
f 3033 3028 3025
f 3021 3026 3033
f 3025 3021 3033
f 3032 3028 3033
f 3032 3027 3020
f 3024 3028 3032
f 3020 3024 3032
f 3021 3034 3037
f 3034 2858 3035
f 3037 3035 3022
f 3020 3027 3046
f 3044 3046 3045
f 3035 2858 3038
f 3041 3022 3035
f 3038 3041 3035
f 3038 2524 3039
f 3041 3039 3017
f 3022 3041 3040
f 3048 3019 3040
f 3040 3017 2523
f 2523 3018 3048
f 3048 3040 2523
f 2854 2525 2857
f 2859 2849 2854
f 2857 2859 2854
f 3034 3021 3031
f 3030 2858 3034
f 3031 3030 3034
f 3025 2531 2981
f 3031 3021 3025
f 2981 3031 3025
f 2532 2882 2883
f 2923 2883 2882
f 2801 2870 2923
f 2882 2801 2923
f 2883 2923 2924
f 2923 2870 2877
f 2924 2877 2850
f 2912 2865 2922
f 2924 2909 2912
f 2922 2924 2912
f 2922 2865 2915
f 2915 2847 2881
f 2881 2883 2922
f 2922 2915 2881
f 2878 2870 2801
f 2871 2873 2878
f 2801 2871 2878
f 2871 2526 2872
f 2884 2852 2879
f 2879 2873 2872
f 2872 2848 2884
f 2884 2879 2872
f 2870 2878 2880
f 2878 2873 2879
f 2875 2861 2880
f 2879 2852 2875
f 2880 2879 2875
f 2877 2880 2861
f 2874 2864 2860
f 2850 2861 2874
f 2860 2850 2874
f 2876 2862 2855
f 2863 2864 2876
f 2855 2863 2876
f 2860 2864 2863
f 2887 2885 2853
f 2862 2887 2886
f 2886 2853 2525
f 2854 2855 2886
f 2525 2854 2886
f 2863 2855 2854
f 2849 2851 2863
f 2854 2849 2863
f 2917 2908 2866
f 2912 2909 2913
f 2913 2909 2850
f 2860 2911 2913
f 2850 2860 2913
f 2911 2860 2851
f 2914 2911 2910
f 2866 2908 2914
f 2910 2866 2914
f 2866 2910 2849
f 2910 2851 2849
f 2533 2797 2834
f 2829 2752 2832
f 2834 2797 2829
f 2832 2834 2829
f 2834 2832 2802
f 2831 2834 2833
f 2832 2752 2819
f 2819 2527 2800
f 2800 2802 2832
f 2832 2819 2800
f 2871 2801 2802
f 2800 2526 2871
f 2802 2800 2871
f 2833 2802 2801
f 2882 2532 2799
f 4991 2534 2777
f 2779 2776 4991
f 2777 2779 4991
f 2772 2764 2779
f 2777 2760 2772
f 2779 2777 2772
f 2787 2763 2778
f 2779 2764 2787
f 2778 2779 2787
f 4985 2776 2779
f 2778 2759 4985
f 2779 2778 4985
f 2760 2773 2775
f 2773 2765 2774
f 2790 2788 2766
f 2787 2790 2789
f 2789 2766 2794
f 2791 2763 2789
f 2794 2791 2789
f 2766 2761 2792
f 2794 2792 2753
f 2791 2794 2793
f 2791 4988 2778
f 4988 2759 2778
f 2778 2763 2791
f 2791 2762 2675
f 2770 2768 2751
f 2824 2753 2792
f 2792 2761 2770
f 2770 2769 2824
f 2824 2792 2770
f 2753 2824 2826
f 2824 2769 2825
f 3266 2675 2762
f 2815 2798 2795
f 2762 2793 2818
f 2821 2818 2793
f 2753 2816 2821
f 2793 2753 2821
f 2818 2821 2823
f 2820 2823 2822
f 2820 2817 2798
f 2815 2818 2820
f 2798 2815 2820
f 2798 2817 2830
f 2822 2796 2828
f 2830 2817 2822
f 2828 2830 2822
f 2830 2828 2752
f 2827 2830 2829
f 2827 2797 2533
f 2795 2798 2827
f 2533 2795 2827
f 2745 2716 2754
f 2755 2739 2745
f 2754 2755 2745
f 4957 2711 2755
f 2754 2688 4957
f 2755 2754 4957
f 2746 2742 2740
f 2714 2741 2746
f 2740 2714 2746
f 2750 2748 2528
f 2688 2754 2767
f 2784 2767 2754
f 2716 2747 2784
f 2754 2716 2784
f 2767 2784 2786
f 2784 2747 2785
f 2786 2785 2715
f 2773 2760 2783
f 2786 2765 2773
f 2783 2786 2773
f 4994 2783 2777
f 2783 2760 2777
f 2777 2534 4994
f 4994 2727 2767
f 2535 3071 3085
f 3083 3085 3084
f 3091 2530 3092
f 3093 3092 3049
f 3088 3061 3089
f 3090 3089 3063
f 3089 3061 3049
f 3062 3063 3089
f 3049 3062 3089
f 3066 3063 3062
f 2529 3059 3066
f 3062 2529 3066
f 3076 3065 3077
f 3077 3068 3078
f 3077 3065 3063
f 3066 3068 3077
f 3063 3066 3077
f 3068 3066 3059
f 3060 3070 3072
f 3072 3080 3082
f 3079 3082 3081
f 3079 3071 2535
f 3069 3072 3079
f 2535 3069 3079
f 3115 2971 2995
f 2995 2903 3110
f 3117 3110 3118
f 2903 3111 3112
f 3111 2982 3098
f 3103 3098 2982
f 3099 3101 3103
f 2982 3099 3103
f 3099 2531 3024
f 3104 3101 3024
f 3020 3100 3104
f 3024 3020 3104
f 3098 3103 3105
f 3100 3020 3044
f 3108 3044 2974
f 3106 3108 3107
f 3107 2974 3047
f 3109 3029 3107
f 3047 3109 3107
f 3109 3047 2530
f 3120 3122 3121
f 2538 2930 2979
f 2930 2868 2978
f 2977 2979 2969
f 2868 2920 2992
f 2904 2988 2991
f 2988 2980 2989
f 2991 2989 2983
f 2985 2976 2991
f 2990 2970 2985
f 2991 2990 2985
f 3099 2982 2983
f 2981 2531 3099
f 2983 2981 3099
f 2990 3111 2994
f 3111 2903 2994
f 2994 2970 2990
f 2990 2983 2982
f 3234 2902 2969
f 2975 2972 2968
f 2984 2976 2985
f 2987 2985 2970
f 2996 2993 2972
f 2970 2994 2996
f 2996 2994 2903
f 2993 2996 2995
f 3241 2968 2972
f 2993 2971 2537
f 3354 2539 2941
f 2943 2940 3354
f 2941 2943 3354
f 2957 2943 2941
f 2836 2942 2957
f 2941 2836 2957
f 2943 2957 2959
f 2957 2942 2958
f 2959 2958 2869
f 2945 2929 2956
f 2959 2936 2945
f 2956 2959 2945
f 3342 2956 2949
f 2956 2929 2949
f 2949 2867 3342
f 3342 2940 2943
f 2836 2960 2961
f 2960 2532 2881
f 2958 2942 2961
f 2919 2869 2958
f 2961 2919 2958
f 2918 2921 2920
f 2867 2949 2951
f 2944 2935 2951
f 2949 2929 2944
f 2951 2949 2944
f 2951 2935 2931
f 2948 2951 2950
f 2929 2945 2947
f 2944 2947 2946
f 2939 2937 2918
f 2946 2939 2938
f 2931 2935 2946
f 2938 2931 2946
f 2938 2918 2868
f 2930 2931 2938
f 2868 2930 2938
f 2950 2931 2930
f 2538 2928 2950
f 2930 2538 2950
f 2540 3260 3316
f 3260 2676 3273
f 3316 3273 2837
f 3314 3302 3316
f 3315 2835 3314
f 3316 3315 3314
f 3271 3253 3275
f 3273 2676 3271
f 3275 3273 3271
f 3253 2533 2831
f 3275 2831 2799
f 3273 3275 3274
f 3274 2960 3328
f 2960 2836 3328
f 3328 2837 3274
f 3274 2799 2532
f 3327 2835 3315
f 3329 3318 3327
f 3315 3329 3327
f 3315 2837 3328
f 3329 3328 2836
f 3318 3329 2941
f 4975 3282 2670
f 2541 2718 4975
f 2670 2541 4975
f 2718 4976 4978
f 4976 2674 4967
f 4968 2780 4977
f 4978 4967 4968
f 4977 4978 4968
f 4975 4978 4977
f 3280 4977 4972
f 4977 2780 4972
f 4972 2677 3280
f 3280 3259 3282
f 2670 3282 3259
f 4981 4979 2782
f 4967 4969 4971
f 4968 4971 4970
f 4990 2534 4991
f 2776 4985 4987
f 4987 4985 2759
f 4984 4987 4986
f 2782 4943 4989
f 4986 2759 4988
f 4989 4943 4986
f 4988 4989 4986
f 4989 4988 2675
f 4973 4989 3265
f 4974 4973 2781
f 4972 4974 3256
f 3261 3257 3262
f 3264 3262 3254
f 2781 3265 3268
f 3265 2675 3266
f 3268 3266 2795
f 3262 3257 3268
f 3267 3254 3262
f 3268 3267 3262
f 3270 3254 3267
f 3267 2795 2533
f 2533 3253 3270
f 3270 3267 2533
f 3278 3258 3272
f 3269 3252 3278
f 3272 3269 3278
f 3263 3254 3270
f 3272 3258 3263
f 3270 3272 3263
f 3272 3270 3253
f 3269 3272 3271
f 3259 3280 3281
f 3280 2677 3255
f 2707 2703 2708
f 2721 2710 2708
f 4961 2689 2709
f 2702 2730 2732
f 2730 2705 2706
f 2720 2704 2731
f 2732 2706 2720
f 2731 2732 2720
f 2729 2732 2731
f 2713 4956 4959
f 4956 2711 4957
f 4959 4957 2688
f 4953 4949 4959
f 4958 2712 4953
f 4959 4958 4953
f 4962 2708 2703
f 4948 4950 4962
f 2703 4948 4962
f 4952 4950 4948
f 2713 4949 4952
f 4948 2713 4952
f 4950 4952 4955
f 4952 4949 4953
f 4955 4953 2712
f 2708 4962 4964
f 4962 4950 4951
f 4961 4964 4963
f 4958 4993 4960
f 4993 2728 4960
f 4960 2712 4958
f 4958 2688 2727
f 2731 2704 2723
f 2723 2719 2686
f 2686 2673 2731
f 2731 2723 2686
f 2722 2709 2726
f 2723 2704 2722
f 2726 2723 2722
f 2709 2689 2724
f 2726 2724 2717
f 2723 2726 2725
f 2725 2717 2674
f 4976 2718 2719
f 2686 2719 2718
f 5033 5024 5020
f 2542 5021 5033
f 5020 2542 5033
f 5036 5034 5022
f 5033 5036 5035
f 5035 5022 5017
f 5023 5024 5035
f 5017 5023 5035
f 5020 5024 5023
f 5034 5014 5044
f 5047 5022 5034
f 5044 5047 5034
f 5044 3074 5045
f 5047 5045 5015
f 5022 5047 5046
f 5046 5015 3087
f 5016 5017 5046
f 3087 5016 5046
f 5023 5017 5016
f 3086 5013 5023
f 5016 3086 5023
f 5045 3074 5048
f 5050 5015 5045
f 5048 5050 5045
f 5048 2535 3083
f 5050 3083 3058
f 5015 5050 5049
f 3152 2536 3060
f 3075 2998 3152
f 3060 3075 3152
f 5031 3069 5048
f 3069 2535 5048
f 5048 3074 5031
f 5031 3075 3060
f 3075 5031 5032
f 5044 5014 5039
f 5039 5032 5031
f 5031 3074 5044
f 5044 5039 5031
f 5030 5038 5040
f 5037 5040 5021
f 2544 3209 4999
f 4999 3209 3135
f 5002 4998 3134
f 4997 4999 5002
f 3134 4997 5002
f 5055 3154 3135
f 3155 3157 5055
f 3135 3155 5055
f 3155 2954 3130
f 5056 3157 3130
f 3143 3127 3156
f 3154 5055 5058
f 5055 3157 5056
f 5058 5056 3156
f 3156 3127 3147
f 5060 3147 2999
f 5004 5060 5059
f 3134 4998 5006
f 5003 5006 5005
f 3144 3130 2954
f 3131 3133 3144
f 2954 3131 3144
f 3131 3128 3132
f 3130 3144 3146
f 3143 3146 3145
f 3150 3148 3129
f 3147 3150 3149
f 3149 3129 3153
f 3151 2999 3149
f 3153 3151 3149
f 3129 2973 3120
f 3153 3120 2536
f 3151 3153 3152
f 5059 2999 3151
f 5008 3136 5059
f 3151 5008 5059
f 3215 2955 3201
f 3219 3141 3215
f 3201 3219 3215
f 3220 3204 2955
f 3215 3218 3220
f 2955 3215 3220
f 3215 3141 3216
f 3221 3218 3216
f 3237 3142 3217
f 3220 3218 3221
f 3223 3221 3217
f 3216 3238 3240
f 3237 3240 3239
f 3239 3235 3243
f 3225 3142 3239
f 3243 3225 3239
f 3235 2968 3241
f 3243 3241 2537
f 3225 3243 3242
f 3222 3217 3226
f 3224 3140 3222
f 3226 3224 3222
f 3217 3142 3225
f 3226 3225 3128
f 3224 3226 3131
f 3407 2953 3197
f 3200 3187 3407
f 3197 3200 3407
f 3202 3200 3197
f 3159 3198 3202
f 3197 3159 3202
f 3159 3203 3206
f 3203 2955 3204
f 3208 3205 3155
f 3208 3160 3205
f 3205 3140 3224
f 3224 2954 3155
f 3155 3135 3208
f 3158 3199 3210
f 3208 3210 3199
f 3210 3208 3135
f 3207 3210 3209
f 3366 3348 2934
f 2933 3369 3370
f 3369 3319 3353
f 3370 3353 3340
f 3361 3339 3368
f 3370 3349 3361
f 3368 3370 3361
f 3340 3345 3347
f 3344 3347 3346
f 3361 3349 3362
f 3364 3362 3351
f 3362 3349 3340
f 3344 3341 3351
f 3351 3341 2952
f 3363 3351 3350
f 2934 3348 3363
f 3350 2934 3363
f 3383 3301 3330
f 3394 3287 3304
f 3331 3301 2665
f 3313 3323 3325
f 3322 3325 3324
f 3375 3330 3301
f 3331 3333 3375
f 3301 3331 3375
f 3331 3304 3313
f 3376 3333 3313
f 3322 3303 3332
f 3375 3333 3376
f 3378 3376 3332
f 3377 3332 3381
f 3379 3290 3377
f 3381 3379 3377
f 3332 3303 3326
f 3381 3326 3320
f 3379 3381 3380
f 3380 3320 3319
f 3369 2933 3317
f 3397 2683 2684
f 2668 2666 3397
f 2684 2668 3397
f 2682 2684 2683
f 2681 2679 2672
f 2678 2681 2680
f 2679 2669 2541
f 2670 2672 2679
f 2541 2670 2679
f 3293 2671 2672
f 2670 2664 3293
f 2672 2670 3293
f 2680 2672 2671
f 3306 2666 2668
f 3389 3305 2666
f 3306 3308 3389
f 2666 3306 3389
f 3306 2671 3292
f 3390 3308 3292
f 3296 3288 3307
f 3389 3308 3390
f 3392 3390 3307
f 3297 3292 2671
f 3293 3295 3297
f 2671 3293 3297
f 3293 2664 3294
f 3292 3297 3299
f 3296 3299 3298
f 3391 3307 3395
f 3393 3286 3391
f 3395 3393 3391
f 3307 3288 3300
f 3395 3300 3287
f 3393 3395 3394
f 2683 3397 3398
f 3397 2666 3305
f 2729 2673 2685
f 2733 2702 2729
f 2685 2733 2729
f 2685 2673 2686
f 2691 2687 2686
f 2541 2669 2691
f 2686 2541 2691
f 2690 2687 2691
f 2632 2694 2695
f 5018 5026 5028
f 5020 5013 5028
f 5026 2542 5020
f 5028 5026 5020
f 5028 5013 3086
f 5025 5028 5027
f 5042 5029 3138
f 2543 3073 5042
f 3138 2543 5042
f 5029 5042 5043
f 5042 3073 5030
f 5037 2542 5026
f 5043 5030 5037
f 5026 5043 5037
f 5041 5043 5026
f 3137 3185 3415
f 3411 2544 4997
f 4997 3134 3415
f 3415 3185 3411
f 3411 4997 3415
f 5003 2997 3414
f 3415 3134 5003
f 3414 3415 5003
f 3413 3415 3414
f 3414 2997 5007
f 5007 2543 3138
f 3138 3139 3414
f 3414 5007 3138
f 3444 3189 3422
f 3189 3163 3422
f 3422 3161 3444
f 3444 2549 3162
f 3162 3190 3191
f 3408 3184 3419
f 3419 3163 3189
f 3189 3191 3408
f 3408 3419 3189
f 3184 3417 3418
f 3186 3188 3412
f 3409 3158 3207
f 3412 3188 3409
f 3207 3412 3409
f 3412 3207 2544
f 3410 3412 3411
f 3420 3186 3410
f 3410 3185 3137
f 3137 3183 3420
f 3420 3410 3137
f 3421 3424 3423
f 2550 3193 3194
f 3352 2932 3194
f 3193 2546 3352
f 3194 3193 3352
f 3367 2545 3190
f 3190 3162 3194
f 3194 2932 3367
f 3367 3190 3194
f 3192 3194 3162
f 2551 2643 3335
f 3334 3289 3335
f 2643 2547 3334
f 3335 2643 3334
f 3382 2546 3193
f 3335 3289 3382
f 3193 3335 3382
f 2597 3335 3193
f 3309 2547 2643
f 2644 2642 3309
f 2643 2644 3309
f 2609 2644 2643
f 3582 3437 3583
f 3593 3584 3583
f 3570 3572 3593
f 3583 3570 3593
f 3576 3572 3570
f 3573 3574 3576
f 3570 3573 3576
f 3574 3573 3569
f 3427 3563 3565
f 3565 3563 3438
f 3442 3428 3425
f 2552 3426 3442
f 3425 2552 3442
f 3426 3443 3445
f 3443 2549 3444
f 3440 3433 3445
f 3444 3161 3440
f 3445 3444 3440
f 3442 3445 3433
f 3439 3435 3432
f 3428 3433 3439
f 3432 3428 3439
f 3439 3433 3440
f 3441 3435 3439
f 3432 3435 3434
f 4915 2553 2598
f 3447 3446 4915
f 2598 3447 4915
f 2598 2550 3192
f 3443 3426 3447
f 3192 2549 3443
f 3447 3192 3443
f 3446 3447 3426
f 2600 2596 2601
f 2603 2601 2599
f 2601 2596 2551
f 2597 2599 2601
f 2551 2597 2601
f 2599 2597 2550
f 2602 2599 2598
f 2553 2595 2602
f 2598 2553 2602
f 2652 2638 2657
f 2647 2608 2652
f 2657 2647 2652
f 2657 2638 2610
f 2608 2636 2655
f 2655 2653 2641
f 2652 2655 2654
f 2641 2639 2609
f 2654 2641 2640
f 2610 2638 2654
f 2640 2610 2654
f 2640 2609 2551
f 2596 2610 2640
f 2551 2596 2640
f 4842 4840 4839
f 2617 2646 4842
f 4839 2617 4842
f 2634 2628 2617
f 2629 2631 2634
f 2617 2629 2634
f 2629 2616 2630
f 2628 2634 2637
f 2634 2631 2635
f 2633 2637 2636
f 2646 2617 2628
f 2633 2608 2647
f 2648 2628 2633
f 2647 2648 2633
f 3581 3591 3537
f 3592 3540 3588
f 3588 3578 3591
f 3591 3581 3592
f 3592 3588 3591
f 3620 3578 3587
f 3622 3587 3580
f 3578 3588 3590
f 3586 3575 3590
f 3588 3540 3586
f 3590 3588 3586
f 3590 3575 3571
f 3587 3590 3589
f 3579 3580 3589
f 3589 3571 3579
f 3577 3621 3579
f 3621 3580 3579
f 3601 3602 3617
f 3617 3577 3601
f 3606 3602 3601
f 2556 3600 3606
f 3601 2556 3606
f 3543 3548 3550
f 3544 3530 3550
f 3548 3527 3544
f 3550 3548 3544
f 3550 3530 3525
f 3547 3550 3549
f 3547 3542 3648
f 3648 3501 3541
f 3541 3543 3547
f 3547 3648 3541
f 3554 3553 3529
f 3545 3531 3529
f 3532 3534 3545
f 3529 3532 3545
f 3534 3532 3528
f 3546 3534 3533
f 3525 3530 3546
f 3533 3525 3546
f 3630 3625 3525
f 3533 3628 3630
f 3525 3533 3630
f 3533 3528 3626
f 3631 3628 3626
f 3538 3627 3631
f 3626 3538 3631
f 3625 3630 3632
f 3630 3628 3631
f 3626 3528 3436
f 3536 3538 3626
f 3436 3536 3626
f 3537 3633 3536
f 3633 3538 3536
f 3640 3627 3538
f 3633 3635 3640
f 3538 3633 3640
f 3635 3633 3537
f 3501 3648 3649
f 3651 3649 3648
f 3542 3636 3651
f 3648 3542 3651
f 3651 3636 3652
f 3653 3652 3552
f 3542 3549 3638
f 3549 3525 3625
f 3629 3535 3637
f 3638 3625 3629
f 3637 3638 3629
f 3652 3636 3638
f 3637 3552 3652
f 3638 3637 3652
f 3556 3458 4936
f 4936 3457 2552
f 2552 3425 3556
f 3556 4936 2552
f 3458 3556 3558
f 3556 3425 3557
f 4537 4921 4923
f 4920 4923 4922
f 4910 4913 4908
f 4910 2606 4911
f 4913 4911 4526
f 4909 4908 4913
f 4912 4528 4909
f 4913 4912 4909
f 4929 4528 4912
f 4932 4918 4929
f 4912 4932 4929
f 4912 4526 4930
f 4932 4930 3485
f 4918 4932 4931
f 4511 4922 4927
f 4925 4927 4926
f 4911 2606 4914
f 4917 4526 4911
f 4914 4917 4911
f 4914 2553 4915
f 4917 4915 3446
f 4930 4526 4917
f 4916 3485 4930
f 4917 4916 4930
f 4919 3485 4916
f 4916 3446 2552
f 2552 3457 4919
f 4919 4916 2552
f 4871 4783 4900
f 4901 4900 4877
f 4891 4882 4877
f 4883 4884 4891
f 4877 4883 4891
f 4876 4893 4895
f 4892 4895 4894
f 4900 4783 4874
f 4886 4877 4900
f 4874 4886 4900
f 4874 2605 4885
f 4904 4902 2607
f 4889 4904 4903
f 4887 4914 4890
f 4914 2606 4890
f 4890 2607 4887
f 4887 2595 2553
f 4830 2650 4824
f 4824 4792 4793
f 4793 4736 4830
f 4830 4824 4793
f 4801 4781 4800
f 4800 4793 4792
f 4792 2659 4801
f 4801 4800 4792
f 4822 4817 4827
f 4824 2650 4822
f 4827 4824 4822
f 4817 4812 4825
f 4827 4825 4819
f 4824 4827 4826
f 4852 4848 4856
f 4825 4812 4852
f 4856 4825 4852
f 4848 2555 4854
f 4856 4854 2656
f 4825 4856 4855
f 4805 4819 4855
f 4855 2656 4805
f 4826 4819 4805
f 2659 4792 4826
f 4805 2659 4826
f 4802 2659 4805
f 4808 4782 4802
f 4805 4808 4802
f 4806 4808 4805
f 4808 4806 2554
f 4873 4782 4808
f 4807 2605 4873
f 4808 4807 4873
f 4795 4781 4796
f 4798 4796 4786
f 4794 4798 4797
f 4797 4786 4784
f 4787 4788 4797
f 4784 4787 4797
f 4785 4788 4787
f 4796 4781 4801
f 4804 4786 4796
f 4801 4804 4796
f 4801 2659 4802
f 4804 4802 4782
f 4786 4804 4803
f 4784 4803 4875
f 4803 4782 4873
f 4875 4873 2605
f 4870 4865 4875
f 4874 4783 4870
f 4875 4874 4870
f 4780 4787 4866
f 4869 4866 4787
f 4784 4865 4869
f 4787 4784 4869
f 4869 4865 4870
f 4872 4870 4783
f 4731 4744 4747
f 4744 4729 4745
f 4747 4745 2651
f 4741 4733 4747
f 4746 4730 4741
f 4747 4746 4741
f 4740 4733 4741
f 4743 4741 4730
f 4841 2615 4749
f 4750 4748 4841
f 4749 4750 4841
f 4745 4729 4750
f 4749 2651 4745
f 4750 4749 4745
f 4815 4735 2651
f 4749 4813 4815
f 2651 4749 4815
f 4846 4813 4749
f 2615 2645 4846
f 4749 2615 4846
f 4851 4816 4813
f 4846 4849 4851
f 4813 4846 4851
f 4846 2645 4847
f 4816 4851 4853
f 4850 4853 4852
f 4820 4814 4735
f 4815 4818 4820
f 4735 4815 4820
f 4815 4813 4816
f 4821 4818 4816
f 4850 4812 4817
f 4820 4818 4821
f 4823 4821 4817
f 4746 4829 4752
f 4829 4737 4752
f 4752 4730 4746
f 4746 2651 4735
f 4737 4829 4831
f 4829 4735 4814
f 3708 3667 3698
f 3698 2563 3675
f 3675 3677 3708
f 3708 3698 3675
f 3675 3502 3611
f 3709 3677 3611
f 3605 3676 3709
f 3611 3605 3709
f 3706 3667 3708
f 3711 3674 3706
f 3708 3711 3706
f 3708 3677 3709
f 3711 3709 3676
f 3723 3674 3711
f 3710 3603 3723
f 3711 3710 3723
f 3502 3612 3613
f 3614 3539 3610
f 3610 3608 3613
f 3613 3609 3614
f 3614 3610 3613
f 3611 3613 3608
f 3717 3603 3710
f 3710 3676 3712
f 3712 3679 3717
f 3717 3710 3712
f 3676 3605 3607
f 3712 3607 3604
f 2562 3727 3712
f 3727 3679 3712
f 3503 3645 3646
f 3647 3551 3646
f 3645 3501 3647
f 3646 3645 3647
f 3643 2557 3612
f 3646 3551 3643
f 3612 3646 3643
f 3644 3646 3612
f 3701 3644 3675
f 3644 3502 3675
f 3675 2563 3701
f 3701 3500 3503
f 3486 3479 3816
f 3816 3476 2565
f 2565 3477 3486
f 3486 3816 2565
f 3477 3487 3489
f 3486 3489 3488
f 3479 3488 3496
f 3496 3505 3507
f 3504 3507 3506
f 3504 3495 3478
f 3494 3496 3504
f 3478 3494 3504
f 3821 3815 3476
f 3816 3818 3821
f 3476 3816 3821
f 3816 3479 3494
f 3818 3494 3478
f 3472 3466 3473
f 3475 3473 3469
f 3473 3466 2558
f 3467 3469 3473
f 2558 3467 3473
f 3508 3469 3467
f 3456 3468 3508
f 3467 3456 3508
f 3474 3469 3508
f 3510 3508 3468
f 3468 3456 3511
f 3822 3817 3825
f 3823 3465 3822
f 3825 3823 3822
f 3817 3478 3513
f 3825 3513 3499
f 3823 3825 3824
f 3478 3495 3515
f 3513 3515 3514
f 3824 3499 3498
f 2564 3497 3824
f 3498 2564 3824
f 2566 4503 4504
f 4504 4508 4509
f 3470 4548 4549
f 4548 4510 4535
f 4544 4535 4510
f 4536 4538 4544
f 4510 4536 4544
f 4536 2559 4537
f 4545 4538 4537
f 4920 4511 4522
f 4535 4544 4546
f 4544 4538 4545
f 4546 4545 4522
f 4530 4522 4531
f 4533 4531 4525
f 4529 4533 4532
f 4531 4522 4511
f 4925 4523 4525
f 4525 4523 3471
f 4532 4525 4524
f 3482 4521 4532
f 4524 3482 4532
f 4534 4521 3482
f 4512 3482 4513
f 4515 4513 3484
f 4513 3482 4524
f 4524 3471 3483
f 3483 3484 4513
f 4513 4524 3483
f 3484 3483 2558
f 4500 4502 4501
f 3490 3491 3477
f 4675 2567 4505
f 4878 4506 4487
f 4896 4879 4878
f 4505 4790 4896
f 4878 4505 4896
f 4790 4897 4899
f 4897 2560 4876
f 4892 4867 4898
f 4899 4876 4892
f 4898 4899 4892
f 4896 4899 4898
f 4898 4867 4888
f 4888 2604 4540
f 4540 4879 4898
f 4898 4888 4540
f 4878 4879 4540
f 4506 4540 4542
f 4540 2604 4541
f 4536 4510 4542
f 4541 2559 4536
f 4542 4541 4536
f 4548 3470 4539
f 4542 4510 4548
f 4539 4542 4548
f 4539 3470 4503
f 4503 2566 4487
f 4487 4506 4539
f 4539 4503 4487
f 4773 4718 4704
f 4718 2568 4704
f 4704 4654 4773
f 4773 4688 4584
f 4771 4753 4776
f 4773 4654 4771
f 4776 4773 4771
f 4753 2561 4774
f 4799 2658 4775
f 4776 4774 4799
f 4775 4776 4799
f 4773 4776 4775
f 4688 4775 4791
f 4785 4780 4791
f 4775 2658 4785
f 4791 4775 4785
f 4864 2560 4897
f 4897 4790 4791
f 4791 4780 4864
f 4864 4897 4791
f 4789 4791 4790
f 4686 4584 4688
f 4789 4505 2567
f 4713 4712 4655
f 4708 4643 4651
f 4713 4702 4708
f 4651 4713 4708
f 4732 2649 4766
f 4766 4738 4739
f 4739 4728 4732
f 4732 4766 4739
f 4759 4655 4712
f 4739 4738 4759
f 4712 4739 4759
f 4655 4759 4762
f 4764 4762 4759
f 4738 4760 4764
f 4759 4738 4764
f 4763 4761 4703
f 4758 4762 4763
f 4703 4758 4763
f 4738 4766 4768
f 4766 2649 4751
f 4770 4754 4767
f 4767 4734 2561
f 2561 4753 4770
f 4770 4767 2561
f 4703 4761 4772
f 4765 4754 4770
f 4772 4761 4765
f 4770 4772 4765
f 4772 4770 4753
f 4769 4772 4771
f 4643 4708 4711
f 4708 4702 4709
f 4711 4709 4705
f 4699 4711 4710
f 4709 4702 4655
f 4758 4703 4705
f 4769 4654 4704
f 4705 4703 4769
f 4704 4705 4769
f 4715 4665 4710
f 4710 4705 4704
f 4704 2568 4715
f 4715 4710 4704
f 3802 3693 3690
f 2570 3691 3802
f 3690 2570 3802
f 3691 3803 3804
f 3802 3804 3791
f 3791 3800 3801
f 3796 3666 3696
f 3797 3696 3669
f 3666 3697 3699
f 3697 2563 3698
f 3705 3673 3699
f 3698 3667 3705
f 3699 3698 3705
f 3683 3669 3696
f 3699 3673 3683
f 3696 3699 3683
f 3669 3683 3686
f 3704 3686 3683
f 3673 3684 3704
f 3683 3673 3704
f 3703 3685 3672
f 3682 3686 3703
f 3672 3682 3703
f 3673 3705 3707
f 3705 3667 3706
f 3720 3715 3713
f 3672 3685 3720
f 3713 3672 3720
f 3720 3722 3721
f 3713 3715 3714
f 3793 3687 3794
f 3795 3794 3689
f 3794 3687 3669
f 3682 3672 3689
f 3783 3689 3672
f 3713 3668 3688
f 3782 3689 3783
f 3785 3783 3688
f 3781 3785 3784
f 3784 3688 3788
f 3786 3665 3784
f 3788 3786 3784
f 3688 3668 3716
f 3788 3716 3681
f 3786 3788 3787
f 3680 3726 3728
f 3787 3681 3726
f 3726 3680 3664
f 3664 3678 3787
f 3787 3726 3664
f 3663 3692 3790
f 3792 3665 3786
f 3786 3678 3790
f 3790 3692 3792
f 3792 3786 3790
f 3790 3678 3664
f 2569 3789 3790
f 3700 3500 3701
f 3697 3666 3702
f 3701 2563 3697
f 3702 3701 3697
f 3670 3806 3807
f 3805 3807 3691
f 3841 3837 3834
f 2572 3835 3841
f 3834 2572 3841
f 3848 3844 3841
f 3835 3842 3848
f 3841 3835 3848
f 3842 3849 3851
f 3848 3851 3850
f 3841 3844 3843
f 3834 3837 3836
f 3857 3819 3858
f 3860 3858 3820
f 3829 3820 3858
f 3858 3819 2565
f 2565 3476 3829
f 3829 3858 2565
f 3820 3829 3830
f 3829 3476 3815
f 3827 3497 2564
f 4489 2566 4490
f 4494 4492 3856
f 4494 4493 3846
f 3856 3490 2565
f 4493 3857 3854
f 3857 3481 3854
f 3854 3846 4493
f 4493 3856 3819
f 3846 3853 4486
f 4485 4486 3853
f 3847 3853 3855
f 3853 3846 3854
f 3849 3842 3855
f 3854 3481 3849
f 3855 3854 3849
f 3852 3855 3842
f 3852 3835 2572
f 3845 3847 3852
f 2572 3845 3852
f 4622 4581 4623
f 4629 4625 4623
f 4583 4624 4629
f 4623 4583 4629
f 4628 4631 4630
f 4581 4671 4673
f 4680 4672 4679
f 4679 4672 4583
f 4623 4673 4679
f 4583 4623 4679
f 4583 4672 4691
f 4680 4582 4689
f 4691 4672 4680
f 4689 4691 4680
f 4691 4689 4488
f 4632 4691 4690
f 4630 4624 4634
f 4579 4564 4630
f 4634 4579 4630
f 4624 4583 4632
f 4634 4632 4567
f 4579 4634 4633
f 4681 4674 4682
f 4684 4682 4677
f 4682 4674 2567
f 4675 4677 4682
f 2567 4675 4682
f 4677 4675 4487
f 4689 4582 4683
f 4683 4677 4676
f 4676 4488 4689
f 4689 4683 4676
f 4716 2568 4718
f 4719 4666 4716
f 4718 4719 4716
f 4719 4718 4584
f 4685 4584 4686
f 4687 4686 2567
f 4566 4626 4627
f 4622 2573 4609
f 4627 4581 4622
f 4609 4627 4622
f 4648 4650 4649
f 4644 4646 4645
f 4698 4652 4653
f 4651 4643 4698
f 4653 4651 4698
f 4652 4698 4701
f 4706 4701 4698
f 4643 4699 4706
f 4698 4643 4706
f 4667 4700 4717
f 4707 4665 4715
f 4717 4700 4707
f 4715 4717 4707
f 4717 4715 2568
f 4714 4717 4716
f 4661 4660 4658
f 4642 4645 4661
f 4658 4642 4661
f 4645 4662 4664
f 4661 4664 4663
f 4658 4660 4659
f 3882 2576 3808
f 3809 3761 3882
f 3808 3809 3882
f 3808 2571 3670
f 3805 2570 3695
f 3809 3670 3805
f 3695 3809 3805
f 3915 3761 3809
f 3695 2575 3915
f 3809 3695 3915
f 4116 2577 3839
f 3840 3838 4116
f 3839 3840 4116
f 3834 3480 3840
f 3839 2572 3834
f 3840 3839 3834
f 3840 3480 2571
f 3874 3838 3840
f 3808 2576 3874
f 3840 3808 3874
f 2578 4593 4594
f 4590 4476 4572
f 4594 4562 4590
f 4572 4594 4590
f 4472 4594 4572
f 4611 4613 4612
f 4618 4616 4578
f 4617 4578 4580
f 4577 4565 4617
f 4580 4577 4617
f 4578 4564 4579
f 4580 4579 4475
f 4574 4558 4577
f 4580 4559 4574
f 4577 4580 4574
f 4562 4591 4592
f 4612 4565 4577
f 4592 4591 4612
f 4577 4592 4612
f 4587 4570 4592
f 4577 4558 4587
f 4592 4577 4587
f 4590 4592 4570
f 4586 4571 4569
f 4476 4570 4586
f 4569 4476 4586
f 4570 4587 4589
f 4587 4558 4573
f 4586 4589 4588
f 4558 4574 4576
f 4574 4559 4575
f 4576 4575 4561
f 4575 4559 4475
f 4560 4561 4575
f 4475 4560 4575
f 4608 4566 4609
f 4614 4563 4610
f 4609 2573 4614
f 4610 4609 4614
f 4038 3954 3949
f 3954 3757 3949
f 3949 2581 4038
f 4038 3758 3759
f 3759 3926 3927
f 3925 3927 3755
f 3944 3757 3954
f 3956 3939 3944
f 3954 3956 3944
f 3954 3759 3925
f 3956 3925 3739
f 3939 3956 3955
f 3773 2575 3774
f 3770 3749 3771
f 3772 3771 3752
f 3771 3749 3694
f 3750 3752 3771
f 3694 3750 3771
f 3751 3763 3750
f 3763 3752 3750
f 3766 3762 3767
f 3769 3767 3765
f 3767 3762 3752
f 3763 3765 3767
f 3752 3763 3767
f 3765 3763 3751
f 3955 3739 3754
f 3754 3740 3738
f 3738 3737 3955
f 3955 3754 3738
f 3739 3755 3756
f 3754 3756 3746
f 3753 3748 3745
f 3740 3746 3753
f 3745 3740 3753
f 3745 3748 3747
f 3745 3735 2580
f 3738 3740 3745
f 2580 3738 3745
f 4085 3897 2582
f 3887 3899 4085
f 2582 3887 4085
f 3899 3905 3907
f 3910 3906 3898
f 3904 3907 3910
f 3898 3904 3910
f 4089 4060 3897
f 4085 4086 4089
f 3897 4085 4089
f 4085 3899 3904
f 4090 4086 3904
f 3898 4081 4090
f 3904 3898 4090
f 3875 2576 3882
f 3912 3884 3882
f 3761 3883 3912
f 3882 3761 3912
f 3911 3884 3912
f 3914 3912 3883
f 3883 3761 3915
f 3916 3915 2575
f 4078 3760 4091
f 4091 4081 4082
f 4082 4046 4078
f 4078 4091 4082
f 4081 3898 3917
f 4082 3917 3909
f 4046 4082 4036
f 3898 3906 3919
f 3917 3919 3918
f 4043 3908 4036
f 4039 4022 4043
f 4036 4039 4043
f 4036 3909 4037
f 4039 4037 3758
f 4033 4022 4039
f 4038 2581 4033
f 4039 4038 4033
f 4107 4113 4114
f 4112 4114 4102
f 4112 3886 3871
f 4105 4107 4112
f 3871 4105 4112
f 4115 2577 4116
f 4126 4117 4116
f 3838 3873 4126
f 4116 3838 4126
f 4125 4117 4126
f 4127 4126 3873
f 4121 4118 4122
f 4124 4122 4120
f 4122 4118 3873
f 4119 4120 4122
f 3873 4119 4122
f 4120 4119 3876
f 4123 4120 3878
f 3872 4103 4123
f 3878 3872 4123
f 4119 3873 3838
f 3874 3876 4119
f 3838 3874 4119
f 3879 3876 3874
f 2576 3875 3879
f 3874 2576 3879
f 3872 3878 3881
f 3878 3876 3879
f 3881 3879 3875
f 4101 3888 3885
f 3871 3886 4101
f 3885 3871 4101
f 4108 4104 4101
f 3886 4102 4108
f 4101 3886 4108
f 4102 4109 4111
f 4108 4111 4110
f 4110 4103 3872
f 3894 4104 4110
f 3872 3894 4110
f 4101 4104 3894
f 3888 3894 3896
f 3894 3872 3877
f 3893 3896 3895
f 3893 3887 2582
f 3885 3888 3893
f 2582 3885 3893
f 4106 4287 4286
f 4171 4287 4106
f 4464 4462 4434
f 2584 4460 4464
f 4434 2584 4464
f 4434 4462 4461
f 4467 4296 4468
f 4470 4468 4332
f 4468 4296 4471
f 4474 4332 4468
f 4471 4474 4468
f 4471 2578 4472
f 4474 4472 4297
f 4332 4474 4473
f 2579 4333 4334
f 4471 4296 4449
f 4449 4334 4333
f 4333 2578 4471
f 4471 4449 4333
f 4437 4465 4466
f 4447 4466 4460
f 3967 4009 2587
f 4009 3965 2587
f 4003 4002 4001
f 3934 3961 4003
f 4001 3934 4003
f 4003 3961 4004
f 4006 4004 3743
f 3965 4009 4011
f 4009 3967 4000
f 4007 3966 4010
f 4011 4000 4007
f 4010 4011 4007
f 4008 4011 4010
f 3962 4028 3947
f 4028 3935 3947
f 3947 3937 3962
f 3962 3934 3742
f 4025 3948 3950
f 3947 3935 4025
f 3950 3947 4025
f 4034 2581 3949
f 3950 3948 4034
f 3949 3950 4034
f 3950 3949 3757
f 3937 3947 3950
f 3937 3958 3960
f 3957 3960 3959
f 3943 3757 3944
f 3946 3944 3939
f 3934 3962 3964
f 3957 3938 3964
f 3962 3937 3957
f 3964 3962 3957
f 3964 3938 3936
f 4004 3961 3964
f 3963 3743 4004
f 3964 3963 4004
f 3963 3994 3989
f 3994 3940 3989
f 3989 3743 3963
f 3963 3936 3942
f 3991 3940 3994
f 3997 3979 3991
f 3994 3997 3991
f 3994 3942 3995
f 3997 3995 3941
f 3979 3997 3996
f 3982 4010 3988
f 4010 3966 3988
f 3988 3976 3982
f 3982 3975 3741
f 3990 3940 3991
f 3993 3991 3979
f 3975 3982 3984
f 3980 3978 3984
f 3982 3976 3980
f 3984 3982 3980
f 3984 3978 3974
f 3981 3984 3983
f 2588 4192 4194
f 4190 4188 4194
f 4192 4068 4190
f 4194 4192 4190
f 4204 4069 4193
f 4194 4188 4204
f 4193 4194 4204
f 4191 4194 4193
f 4193 4069 4205
f 4205 4030 3900
f 3900 4067 4193
f 4193 4205 3900
f 4059 4049 4048
f 2582 3897 4059
f 4048 2582 4059
f 4062 4058 4049
f 4059 4061 4062
f 4049 4059 4062
f 4084 4061 4059
f 3897 4060 4084
f 4059 3897 4084
f 4064 4049 4058
f 3901 4065 4075
f 4070 4045 4075
f 4065 3952 4070
f 4075 4065 4070
f 4075 4045 3953
f 4074 4075 4027
f 3952 4063 4073
f 4073 4071 4047
f 4070 4073 4072
f 4077 3760 4078
f 4080 4078 4046
f 4071 4080 4079
f 4079 4046 3908
f 4042 4021 4047
f 4072 4047 4021
f 4051 3953 4045
f 3953 4051 4052
f 4042 3908 4043
f 4044 4043 4022
f 4032 4022 4033
f 4035 4033 2581
f 4024 4026 4025
f 3900 4030 4031
f 2587 4029 4031
f 2589 4159 4161
f 4156 4142 4161
f 4159 4133 4156
f 4161 4159 4156
f 4136 4160 4161
f 4267 4158 4161
f 4160 4132 4267
f 4161 4160 4267
f 4176 4146 4144
f 4134 4145 4176
f 4144 4134 4176
f 4145 4134 4178
f 4180 4178 3892
f 4177 4260 4160
f 4260 4132 4160
f 4160 4136 4177
f 4177 4135 3889
f 4155 4105 3871
f 4178 4134 4155
f 4154 3892 4178
f 4155 4154 4178
f 3892 4154 4203
f 4154 3871 3885
f 4203 3885 2582
f 4201 4182 4203
f 4048 3891 4201
f 4203 4048 4201
f 4200 4182 4201
f 4202 4201 3891
f 4199 4068 4192
f 4192 2588 4181
f 4181 4183 4199
f 4199 4192 4181
f 4141 4293 4295
f 4288 4277 4295
f 4293 4170 4288
f 4295 4293 4288
f 4295 4277 4172
f 4292 4295 4294
f 4170 4289 4291
f 4288 4291 4290
f 4280 4278 4171
f 4290 4280 4279
f 4172 4277 4290
f 4279 4172 4290
f 4168 4149 4294
f 4294 4172 4153
f 4153 3890 4168
f 4168 4294 4153
f 4139 4148 4150
f 4292 4149 4167
f 4167 4150 4148
f 4148 4141 4292
f 4292 4167 4148
f 4150 4167 4169
f 4167 4149 4168
f 4169 4168 3890
f 4157 4133 4166
f 4169 4143 4157
f 4166 4169 4157
f 4166 4133 4159
f 4159 2589 4147
f 4147 4150 4166
f 4166 4159 4147
f 4418 4415 4413
f 2591 4414 4418
f 4413 2591 4418
f 4414 4419 4420
f 4415 4418 4420
f 4347 4368 4415
f 4413 4415 4368
f 4428 4427 4308
f 4428 4352 4347
f 4347 4352 4354
f 4352 4308 4353
f 4348 4343 4354
f 4353 4285 4348
f 4354 4353 4348
f 4351 4354 4343
f 4346 4368 4369
f 4368 4347 4351
f 4365 4358 4369
f 4351 4323 4365
f 4369 4351 4365
f 4367 4369 4358
f 4444 4432 4311
f 4427 4444 4443
f 4440 4433 2584
f 4434 4435 4440
f 2584 4434 4440
f 4435 4434 4310
f 4441 4435 4329
f 4311 4432 4441
f 4329 4311 4441
f 4311 4329 4331
f 4329 4310 4330
f 4331 4330 4284
f 4317 4303 4328
f 4331 4307 4317
f 4328 4331 4317
f 4353 4443 4319
f 4353 4308 4443
f 4443 4311 4328
f 4328 4303 4319
f 4319 4285 4353
f 4349 4285 4319
f 4321 4318 4349
f 4319 4321 4349
f 4316 4306 4321
f 4319 4303 4316
f 4321 4319 4316
f 4321 4306 4304
f 4318 4321 4320
f 4320 4304 4281
f 4140 4302 4320
f 4281 4140 4320
f 4366 4342 4325
f 4359 4360 4366
f 4325 4359 4366
f 4357 4360 4359
f 4350 4318 4302
f 4344 4345 4350
f 4302 4344 4350
f 4342 4345 4344
f 4344 4302 4140
f 4324 4325 4344
f 4140 4324 4344
f 4359 4325 4324
f 2590 4322 4359
f 4324 2590 4359
f 4436 4315 4313
f 2585 4314 4436
f 4313 2585 4436
f 4315 4436 4438
f 4446 4438 4436
f 4314 4437 4446
f 4436 4314 4446
f 4438 4446 4448
f 4446 4437 4447
f 4448 4447 2584
f 4439 4309 4445
f 4448 4433 4439
f 4445 4448 4439
f 4445 4309 4442
f 4442 4283 4417
f 4417 4438 4445
f 4445 4442 4417
f 4416 4422 4423
f 4421 4423 4414
f 2585 4313 4400
f 3968 4013 4014
f 4013 2587 3965
f 4008 3741 3986
f 4014 3965 4008
f 3986 4014 4008
f 4012 4014 3986
f 3970 3986 3987
f 3986 3741 3975
f 3987 3975 3981
f 3981 2586 3987
f 3969 3985 3987
f 4214 3970 3985
f 4217 4215 3985
f 3969 4213 4217
f 3985 3969 4217
f 4015 4196 4198
f 4191 4067 4198
f 4196 2588 4191
f 4198 4196 4191
f 4198 4067 3900
f 4195 4198 4197
f 4013 4197 4029
f 4197 3900 4029
f 4029 2587 4013
f 4013 3968 4016
f 4223 4227 4230
f 4233 4230 4227
f 4137 4228 4233
f 4227 4137 4233
f 4234 4162 4235
f 4225 4229 4244
f 4235 4162 4242
f 4244 4229 4235
f 4242 4244 4235
f 4244 4242 4138
f 4241 4244 4243
f 4137 4236 4239
f 4236 4163 4237
f 4165 4238 4239
f 4234 4228 4239
f 4238 4162 4234
f 4239 4238 4234
f 4266 4256 4254
f 2589 4158 4266
f 4254 2589 4266
f 4266 4158 4267
f 4269 4267 4132
f 4258 4255 4262
f 4259 4165 4258
f 4262 4259 4258
f 4268 4132 4260
f 4262 4255 4268
f 4260 4262 4268
f 4262 4260 3889
f 4259 4262 4261
f 4259 4242 4238
f 4242 4162 4238
f 4238 4165 4259
f 4259 4164 4138
f 4138 4164 4263
f 4261 3889 4181
f 4263 4164 4261
f 4181 4263 4261
f 4263 4181 2588
f 4245 4263 4196
f 4243 4138 4245
f 4246 4224 4243
f 4245 4246 4243
f 4246 4245 4015
f 4240 4231 4152
f 4236 4137 4231
f 4240 4163 4236
f 4231 4240 4236
f 4152 4231 4232
f 4227 4223 4232
f 4231 4137 4227
f 4232 4231 4227
f 4326 4371 4372
f 4413 4346 4372
f 4371 2591 4413
f 4372 4371 4413
f 4370 4372 4362
f 4361 4364 4363
f 4425 4374 4373
f 2592 4312 4425
f 4373 2592 4425
f 4374 4425 4426
f 4425 4312 4416
f 4421 2591 4371
f 4426 4416 4421
f 4371 4426 4421
f 4424 4426 4371
f 4391 4390 4392
f 4396 4394 4385
f 4395 4385 4403
f 4405 4403 4384
f 4399 4397 4383
f 4403 4385 4399
f 4398 4384 4403
f 4399 4398 4403
f 4401 4384 4398
f 4398 4383 2592
f 2592 4373 4401
f 4401 4398 2592
f 4404 4384 4401
f 4402 4386 4404
f 4401 4402 4404
f 4402 4401 4373
f 3010 3008 3009
f 3011 3050 3010
f 3050 3008 3010
f 3011 3012 3051
f 3051 3012 3013
f 3008 3050 3042
f 3042 3050 2523
f 3007 3008 3042
f 3013 3014 3018
f 3014 3019 3048
f 3018 3014 3048
f 3054 3055 3062
f 2529 3062 3055
f 3059 2529 3056
f 3092 3054 3049
f 3093 3061 3088
f 2529 3055 3056
f 3053 3054 2530
f 3047 3053 2530
f 3093 3094 3091
f 3094 3109 3091
f 3047 3045 3053
f 3094 3095 3109
f 3052 3053 3045
f 2891 3007 3043
f 3036 3022 3019
f 3019 3014 3015
f 3045 3046 3052
f 3026 3037 3015
f 3015 3037 3036
f 3015 3016 3026
f 3046 3023 3052
f 3016 3032 3033
f 3016 3023 3027
f 3019 3015 3036
f 3046 3027 3023
f 3106 3096 3108
f 3096 3100 3108
f 3106 3095 3096
f 3096 3097 3100
f 3101 3104 3105
f 3105 3104 3097
f 3112 3098 3102
f 3097 3102 3105
f 2974 3045 3047
f 3078 3068 3067
f 3078 3057 3064
f 3064 3077 3078
f 3056 3078 3067
f 3084 3169 3170
f 3168 3169 3085
f 3059 3056 3067
f 3057 3078 3056
f 3076 3090 3065
f 3076 3064 3094
f 3064 3076 3077
f 3093 3088 3094
f 3167 3080 3070
f 3076 3088 3090
f 3168 3082 3080
f 3081 3168 3085
f 3084 3085 3169
f 3085 3071 3081
f 5049 3058 3171
f 3084 3171 3058
f 3171 3087 5049
f 3087 3171 3172
f 3171 3084 3170
f 3168 3080 3167
f 3080 3072 3070
f 3060 2536 3121
f 3121 3167 3070
f 3121 3122 3167
f 3081 3082 3168
f 3097 3113 3102
f 2973 3165 3122
f 2973 3164 3165
f 3122 3165 3166
f 3167 3122 3166
f 3110 3112 3118
f 3112 3102 3118
f 3113 3114 3119
f 3113 3119 3118
f 3115 3116 3123
f 3114 3116 3117
f 3029 3095 3106
f 3122 3120 2973
f 5052 3151 2998
f 2973 3129 3148
f 3148 3126 3164
f 3145 3126 3150
f 3124 3125 3132
f 3125 3126 3145
f 3150 3126 3148
f 3127 3145 3147
f 3150 3147 3145
f 3115 3123 3124
f 3148 3164 2973
f 3133 3125 3146
f 2998 3075 5051
f 3076 3094 3088
f 3006 2891 3005
f 3007 2891 3006
f 2891 2524 3005
f 3038 3004 2524
f 3038 2858 3030
f 3038 3030 3004
f 2896 2897 2892
f 2857 2892 2897
f 2895 2896 2892
f 3003 3004 3030
f 2859 2857 2898
f 2981 3003 3031
f 2989 2981 2983
f 3002 2981 3001
f 2989 3001 2981
f 2981 3002 3003
f 2989 2980 3001
f 3001 2980 2988
f 2988 2904 3000
f 2964 2965 2992
f 2904 2976 2984
f 2899 2900 2859
f 2963 2964 2992
f 2888 2895 2856
f 2894 2895 2888
f 2885 2890 2853
f 2846 2887 2862
f 2893 2888 2890
f 2885 2893 2890
f 2894 2888 2893
f 2846 2893 2885
f 2846 2876 2864
f 2864 2874 2846
f 2876 2846 2862
f 2866 2849 2900
f 2916 2866 2900
f 2963 2920 2921
f 2962 2963 2921
f 2920 2963 2992
f 2900 2901 2916
f 2906 2911 2914
f 2906 2908 2917
f 2914 2908 2906
f 2917 2916 2905
f 2905 2916 2901
f 2921 2937 2962
f 2906 2917 2905
f 2913 2911 2906
f 3000 3001 2988
f 2995 3117 3116
f 2986 2970 2996
f 2537 2971 3115
f 2966 2986 2996
f 3115 3124 2537
f 2995 3116 3115
f 2986 2967 2987
f 2966 2967 2986
f 2984 2987 2967
f 3234 2968 3244
f 3235 3244 2968
f 2972 2975 2966
f 2966 2996 2972
f 3236 3235 3239
f 3125 3133 3132
f 3144 3133 3146
f 3242 3132 3128
f 3242 2537 3124
f 3236 3239 3240
f 3233 3240 3238
f 3236 3240 3233
f 3222 3213 3223
f 3213 3214 3223
f 3140 3205 3213
f 3140 3213 3222
f 3214 3220 3223
f 3235 3236 3244
f 3124 3132 3242
f 3238 3232 3233
f 2984 2967 3000
f 2979 2965 2969
f 3244 2902 3234
f 2975 2969 2965
f 2965 2966 2975
f 2921 2918 2937
f 2946 2947 2927
f 2939 2946 2927
f 2937 2939 2927
f 2979 2978 2965
f 3000 2904 2984
f 3232 3141 3219
f 3216 3141 3238
f 3214 3204 3220
f 3219 3231 3232
f 2928 2538 3245
f 2977 3245 2538
f 3246 2928 3245
f 2902 3245 2977
f 3231 3219 3201
f 2948 2928 3246
f 3355 3356 2952
f 2902 3244 3245
f 3141 3232 3238
f 3212 3213 3205
f 2995 3110 3117
f 2948 3246 2867
f 3172 3086 5016
f 5033 5011 5036
f 5012 5036 5011
f 5034 5036 5012
f 3086 3172 3173
f 5014 5034 5012
f 5039 5014 5012
f 5032 5051 3075
f 5040 5011 5021
f 5033 5021 5011
f 5010 5011 5038
f 5038 5011 5040
f 5039 5012 5032
f 5019 5027 3173
f 3086 3173 5027
f 3174 5019 3173
f 5019 3175 5025
f 3569 3450 3451
f 3176 5061 3175
f 5025 3175 5061
f 3174 3175 5019
f 5061 5041 5018
f 3177 5061 3176
f 5025 5061 5018
f 3450 3569 3573
f 5029 5041 5061
f 3570 3450 3573
f 3574 3569 3451
f 3073 5038 5030
f 5008 3151 5052
f 5009 5010 2543
f 5051 5032 5012
f 5007 5009 2543
f 5010 5038 3073
f 5001 5009 5005
f 5052 3136 5008
f 5057 5060 5004
f 2997 5005 5007
f 5009 5007 5005
f 5052 5053 3136
f 3177 3178 2548
f 3450 3570 3449
f 3583 3449 3570
f 3576 3574 3451
f 3452 3593 3572
f 3451 3452 3576
f 3177 2548 5061
f 5061 3138 5029
f 2548 3139 3138
f 3138 5061 2548
f 3438 3448 3437
f 3583 3437 3449
f 3438 3563 3448
f 3453 3438 3437
f 3437 3448 3449
f 3431 3448 3441
f 3594 3579 3571
f 3575 3586 3568
f 3571 3575 3568
f 3585 3571 3568
f 3593 3452 3584
f 3576 3452 3572
f 3567 3540 3592
f 3567 3586 3540
f 3581 3566 3567
f 3581 3567 3592
f 3594 3571 3585
f 3595 3577 3579
f 3577 3595 3601
f 3618 3621 3577
f 3616 3602 3606
f 3617 3602 3616
f 3618 3577 3617
f 3620 3634 3591
f 3578 3620 3591
f 3620 3622 3619
f 3621 3618 3622
f 3616 3618 3617
f 3615 3616 3598
f 3619 3634 3620
f 3594 3595 3579
f 3453 3582 3452
f 3582 3584 3452
f 3536 3566 3581
f 3562 3566 3536
f 3591 3634 3537
f 3634 3623 3635
f 3619 3623 3634
f 3581 3537 3536
f 3453 3564 3438
f 3561 3436 3528
f 3436 3562 3536
f 3528 3532 3561
f 3562 3436 3561
f 3453 3565 3564
f 3582 3453 3437
f 3627 3640 3623
f 3640 3635 3623
f 3631 3627 3623
f 3535 3639 3637
f 3639 3641 3637
f 3552 3641 3642
f 3535 3624 3639
f 3631 3623 3632
f 3624 3632 3623
f 3624 3629 3632
f 3624 3535 3629
f 3642 3649 3653
f 3642 3653 3552
f 3653 3649 3651
f 3642 3650 3649
f 3595 2556 3601
f 3529 3561 3532
f 5057 3156 5060
f 5058 5057 4995
f 5004 5054 5057
f 3154 5058 4995
f 5053 5004 3136
f 5004 5053 5054
f 4996 5000 4995
f 5000 3135 3154
f 3211 3208 3196
f 3208 3211 3160
f 5001 3135 5000
f 5000 3154 4995
f 3211 3212 3160
f 5002 5001 4998
f 4999 5001 5002
f 3182 3158 3409
f 3199 3158 3195
f 3196 3208 3199
f 3202 3227 3200
f 3199 3195 3196
f 3158 3182 3195
f 3181 3188 3186
f 3180 3181 3420
f 3181 3182 3409
f 4999 3135 5001
f 4998 5001 5006
f 3214 3198 3206
f 3206 3204 3214
f 2955 3203 3201
f 3227 3202 3198
f 3407 3187 3227
f 3227 3198 3214
f 3230 3201 3229
f 3229 3201 3203
f 2545 3367 3403
f 3228 3229 3197
f 3197 3229 3159
f 3229 3203 3159
f 3201 3230 3231
f 2953 3407 3227
f 3417 3404 3405
f 3417 3405 3418
f 3418 3405 3406
f 3418 3406 3416
f 2953 3227 3228
f 3403 3404 2545
f 3402 3403 3367
f 3190 2545 3404
f 3408 3404 3417
f 3404 3191 3190
f 3408 3191 3404
f 3408 3417 3184
f 3419 3184 3416
f 3227 3187 3200
f 3423 3137 3413
f 3448 3563 3434
f 3423 3413 2548
f 3560 3561 3529
f 3559 3560 3553
f 3453 3454 3565
f 3423 3424 3183
f 3139 2548 3413
f 3563 3427 3434
f 3454 3432 3427
f 3565 3454 3427
f 3441 3448 3434
f 3454 3455 3557
f 3183 3180 3420
f 3545 3534 3526
f 3546 3526 3534
f 3526 3531 3545
f 3524 3546 3530
f 3523 3524 3527
f 3530 3544 3524
f 3526 3546 3524
f 3524 3544 3527
f 3526 3559 3531
f 3522 3523 3548
f 3527 3548 3523
f 3455 3459 3558
f 3179 3180 3424
f 3183 3424 3180
f 3419 3416 3429
f 2548 3179 3421
f 3179 2548 3178
f 3441 3439 3431
f 3435 3441 3434
f 3429 3430 3422
f 3406 3429 3416
f 3422 3163 3429
f 3440 3430 3431
f 3430 3440 3161
f 3439 3440 3431
f 3163 3419 3429
f 3428 3432 3557
f 3455 3558 3557
f 3557 3432 3454
f 4935 4936 3458
f 4937 4919 3457
f 3457 4936 4935
f 3555 4935 3458
f 4937 3457 4935
f 2558 4934 3467
f 4934 4935 3456
f 3555 3511 4935
f 3356 3357 3350
f 4933 3483 3471
f 3172 5016 3087
f 4919 4937 4931
f 2844 2842 2843
f 2848 2872 2844
f 2884 2848 2845
f 2848 2844 2845
f 2845 2875 2852
f 2845 2852 2884
f 2841 2842 2800
f 2844 2872 2842
f 2872 2526 2842
f 2841 2800 2527
f 2839 2841 2527
f 2861 2875 2845
f 2874 2861 2845
f 2907 2912 2913
f 2865 2907 2915
f 2907 2925 2915
f 2912 2907 2865
f 2881 2847 2919
f 2962 2937 2927
f 2919 2847 2925
f 2869 2919 2925
f 2828 2819 2752
f 2839 2840 2841
f 2838 2828 2796
f 2822 2814 2796
f 2796 2814 2838
f 2838 2839 2527
f 2828 2838 2819
f 2826 2825 2813
f 2751 2771 2812
f 2812 2771 2811
f 2825 2751 2812
f 2813 2825 2812
f 2751 2825 2769
f 2816 2826 2813
f 2810 2811 2771
f 2814 2823 2813
f 3258 3278 3250
f 3250 3251 3264
f 3263 3250 3264
f 3278 3252 3250
f 3263 3258 3250
f 2816 2813 2821
f 2821 2813 2823
f 3256 3261 3276
f 3255 3277 3283
f 3261 3264 3276
f 3276 3277 3256
f 2822 2823 2814
f 3257 3261 2781
f 2926 2945 2936
f 2869 2926 2936
f 2869 2925 2926
f 2947 2945 2926
f 2940 3342 3246
f 3246 3342 2867
f 2940 3246 3247
f 3247 2539 3354
f 3327 3318 3247
f 2539 3247 3318
f 3248 3327 3247
f 3336 3326 3324
f 2940 3247 3354
f 3319 3337 3353
f 3347 3338 3343
f 3345 3337 3338
f 3341 3346 2952
f 3346 3343 3355
f 3343 3346 3347
f 3345 3338 3347
f 3353 3345 3340
f 3337 3319 3320
f 3336 3320 3326
f 3337 3320 3336
f 3324 3326 3303
f 3353 3337 3345
f 3346 3355 2952
f 2676 3260 3269
f 3252 3260 3249
f 3248 3249 2540
f 3314 3248 3302
f 3310 3311 3287
f 3248 3314 2835
f 3327 3248 2835
f 2540 3249 3260
f 3255 3283 3281
f 3269 3260 3252
f 3277 3255 3256
f 3249 3250 3252
f 3284 3294 3279
f 3283 3284 3279
f 3294 3284 3295
f 3325 3312 3321
f 3323 3311 3312
f 3312 3325 3323
f 3323 3313 3304
f 3325 3321 3324
f 3310 3300 3298
f 3298 3291 3310
f 3297 3295 3285
f 3285 3295 3284
f 3285 3291 3299
f 3285 3299 3297
f 3291 3298 3299
f 3304 3311 3323
f 3321 3336 3324
f 3294 2664 3259
f 2803 2768 2770
f 2761 2803 2770
f 2528 2768 2803
f 2788 2761 2766
f 2761 2788 2803
f 2790 2758 2788
f 2749 2528 2803
f 2803 2788 2758
f 2715 2756 2774
f 2774 2765 2715
f 2715 2785 2756
f 2785 2747 2756
f 2756 2757 2774
f 2764 2757 2758
f 2787 2764 2758
f 2757 2775 2774
f 2776 4987 4983
f 4983 4984 4979
f 2772 2757 2764
f 2776 4983 4941
f 2772 2775 2757
f 4992 4941 4942
f 4942 4990 4992
f 4990 4942 4944
f 4991 4941 4992
f 2776 4941 4991
f 4994 2534 4990
f 4984 4983 4987
f 2787 2758 2790
f 2810 2743 2744
f 2809 2810 2744
f 2748 2804 2714
f 2804 2750 2749
f 2804 2741 2714
f 2750 2804 2748
f 2740 2744 2714
f 2809 2744 2808
f 2808 2744 2740
f 2740 2807 2808
f 2804 2805 2746
f 2740 2742 2805
f 2805 2742 2746
f 2805 2807 2740
f 2803 2804 2749
f 2716 2737 2747
f 2738 2756 2747
f 2747 2737 2738
f 2727 4994 4944
f 4990 4944 4994
f 2745 2737 2716
f 2739 2737 2745
f 2737 2739 2736
f 2805 2806 2807
f 2735 2736 2755
f 2755 2711 2735
f 2711 4956 2735
f 4944 4993 2727
f 4984 4943 2782
f 4980 2782 4973
f 4980 4974 4966
f 4973 4974 4980
f 4980 4966 4981
f 2728 4993 4944
f 4944 4945 2728
f 4966 4982 4981
f 4947 2717 2724
f 4945 4960 2728
f 4982 4979 4981
f 4983 4979 4982
f 4970 4974 4972
f 4965 4974 4970
f 4970 4972 2780
f 2677 3256 3255
f 4965 4970 4971
f 4947 4965 4969
f 2717 4969 2674
f 4969 4967 2674
f 2724 4963 4947
f 4947 4969 2717
f 4971 4969 4965
f 4966 4974 4965
f 3256 2781 3261
f 4960 4954 2712
f 4946 4954 4945
f 4946 4955 4954
f 4964 4947 4963
f 2724 2689 4963
f 4954 4960 4945
f 4951 4946 4947
f 2713 4948 2735
f 4947 4964 4951
f 2734 4948 2703
f 4951 4955 4946
f 2735 4948 2734
f 2710 2721 2701
f 2701 2721 2709
f 2700 2722 2704
f 2700 2706 2705
f 2704 2720 2700
f 2701 2722 2700
f 2701 2709 2722
f 2720 2706 2700
f 2701 2707 2710
f 2701 2734 2707
f 2700 2705 2699
f 2703 2707 2734
f 2698 2699 2730
f 2705 2730 2699
f 4956 2713 2735
f 2698 2702 2733
f 3287 3300 3310
f 3359 3364 3363
f 3363 3348 3359
f 3364 3359 3360
f 3359 3348 3366
f 2952 3356 3350
f 3361 3364 3360
f 3290 3373 3377
f 3378 3377 3373
f 3371 3368 3339
f 3317 2933 3371
f 2933 3368 3371
f 3339 3361 3360
f 3366 3358 3359
f 3366 3365 3358
f 3358 3365 3357
f 3360 3371 3339
f 3352 3402 2932
f 3401 3402 2546
f 2546 3402 3352
f 2934 3357 3365
f 3290 3379 3372
f 3379 3317 3372
f 3373 3290 3372
f 3372 3317 3371
f 3382 3289 3401
f 3289 3334 3401
f 3374 3384 3330
f 3375 3378 3374
f 3383 2665 3301
f 3330 3375 3374
f 3392 3391 3387
f 3386 3387 3286
f 3305 3389 3388
f 3388 3389 3392
f 3391 3286 3387
f 3393 2665 3386
f 3298 3300 3288
f 3386 3383 3385
f 3385 3383 3384
f 3386 3286 3393
f 2547 3401 3334
f 3386 2665 3383
f 3401 2547 3400
f 3309 3400 2547
f 3398 3305 3399
f 3399 3396 3398
f 2683 3396 3400
f 3400 3396 3399
f 3400 2642 2683
f 2642 3400 3309
f 3374 3385 3384
f 2593 2602 2595
f 4903 2607 4890
f 2606 4910 4890
f 2594 2603 2593
f 2602 2593 2603
f 2600 2603 2594
f 4940 4887 2607
f 4939 4940 4902
f 2607 4902 4940
f 4940 2593 2595
f 4938 4890 4910
f 4918 4527 4937
f 4937 4938 4918
f 4938 4909 4528
f 4528 4929 4938
f 4903 4890 4868
f 4938 4910 4908
f 4939 4868 4938
f 4904 4889 4939
f 4868 4939 4889
f 4890 4938 4868
f 4908 4909 4938
f 4906 4921 4905
f 3485 4919 4931
f 4858 4859 2554
f 4859 4860 4807
f 4860 4886 4885
f 4883 4877 4886
f 4860 4885 2605
f 4883 4886 4860
f 2594 2611 2600
f 2611 2610 2596
f 2596 2600 2611
f 4805 2656 4806
f 2605 4807 4860
f 4861 4891 4884
f 4882 4891 4861
f 4861 4862 4901
f 4861 4901 4882
f 4895 4880 4881
f 4863 4893 2560
f 4860 4861 4883
f 4798 4794 4779
f 4869 4872 4862
f 4862 4872 4871
f 4798 4779 4795
f 4862 4863 4866
f 4862 4866 4869
f 4884 4883 4861
f 4857 4858 2656
f 4881 4905 2604
f 2663 2679 2681
f 2663 2681 2678
f 2669 2679 2663
f 2678 2668 2684
f 2663 2678 2662
f 2678 2684 2662
f 2682 2661 2684
f 2669 2663 2667
f 2692 2667 2696
f 2691 2669 2667
f 2684 2661 2662
f 2623 2624 2695
f 2661 2682 2644
f 2639 2644 2609
f 2660 2644 2639
f 2610 2611 2657
f 2639 2641 2653
f 2627 2639 2653
f 2639 2627 2660
f 2625 2626 2630
f 2626 2627 2636
f 2612 2647 2657
f 2637 2626 2636
f 2647 2612 2648
f 2627 2655 2636
f 2627 2653 2655
f 2657 2611 2612
f 2644 2660 2661
f 2642 2644 2682
f 2693 2624 2625
f 2690 2685 2687
f 2692 2696 2690
f 2622 2623 2694
f 2692 2691 2667
f 2697 2733 2685
f 2690 2697 2685
f 2698 2733 2697
f 2621 2694 2632
f 2632 2620 2621
f 2620 2632 2625
f 2622 2694 2621
f 2697 2690 2696
f 2632 2693 2625
f 2616 2625 2630
f 2635 2631 2630
f 2616 2620 2625
f 2637 2635 2626
f 2619 2616 2629
f 2629 4839 2619
f 4839 2618 2619
f 4839 4840 2618
f 2617 4839 2629
f 4842 2646 2613
f 2613 2646 2648
f 2613 4840 4842
f 2613 2648 2612
f 2620 2616 2619
f 2626 2635 2630
f 4838 4843 2645
f 4854 2555 4857
f 4848 4845 2555
f 4857 2555 4845
f 4857 2656 4854
f 4852 4845 4848
f 4849 4847 4844
f 2645 4843 4847
f 4844 4845 4853
f 4852 4853 4845
f 4849 4844 4851
f 4853 4851 4844
f 4844 4847 4843
f 4810 4822 2650
f 4809 4810 4830
f 4800 4781 4795
f 4779 4809 4793
f 4811 4823 4810
f 4822 4810 4823
f 4814 4820 4811
f 4823 4811 4820
f 4830 4810 2650
f 4832 4828 4831
f 4832 4831 4811
f 4811 4831 4814
f 4779 4793 4800
f 4748 4837 4841
f 4838 2615 4841
f 4836 4837 4748
f 4840 2613 2614
f 4835 4836 4748
f 4835 4750 4729
f 4834 4835 4744
f 4841 4837 4838
f 4832 4833 4737
f 4742 4730 4752
f 4767 4777 4734
f 4742 4752 4833
f 4737 4828 4832
f 4833 4743 4742
f 4740 4833 4834
f 4733 4740 4731
f 4743 4833 4740
f 4727 2649 4726
f 4731 4740 4834
f 4728 4726 4732
f 4744 4731 4834
f 4727 4755 4751
f 4800 4795 4779
f 4774 4778 4799
f 4931 4937 4527
f 3598 3616 3606
f 3600 2556 3596
f 2556 3595 3596
f 3596 3597 3600
f 3606 3600 3598
f 3658 3659 3604
f 3658 3604 3607
f 3712 3604 3659
f 3607 3657 3658
f 3598 3600 3597
f 3656 3539 3614
f 3656 3657 3610
f 3610 3539 3656
f 3614 3655 3656
f 3605 3657 3607
f 3727 2562 3660
f 3660 2562 3659
f 2562 3712 3659
f 3728 3729 3680
f 3664 3680 3729
f 3724 3728 3726
f 3729 3728 3725
f 3681 3716 3724
f 3717 3679 3660
f 3724 3714 3721
f 3728 3724 3725
f 3719 3724 3721
f 3681 3724 3726
f 3724 3716 3714
f 3727 3660 3679
f 3719 3721 3722
f 3657 3605 3608
f 3723 3603 3661
f 3723 3661 3674
f 3717 3661 3603
f 3661 3706 3674
f 2557 3655 3609
f 3614 3609 3655
f 3613 3612 2557
f 3654 3655 3643
f 3661 3707 3706
f 3684 3707 3661
f 3722 3718 3719
f 3716 3668 3714
f 3721 3714 3715
f 3720 3718 3722
f 3671 3704 3662
f 3662 3704 3684
f 3685 3703 3671
f 3704 3671 3686
f 3703 3686 3671
f 3685 3718 3720
f 3717 3660 3661
f 3643 3655 2557
f 3790 3664 3730
f 3729 3730 3664
f 2569 3790 3730
f 3778 3663 3789
f 3731 3789 2569
f 3750 3731 3732
f 3730 3731 2569
f 3665 3792 3781
f 3778 3692 3663
f 3789 3731 3778
f 3692 3778 3779
f 3750 3777 3731
f 3694 3777 3750
f 3750 3732 3751
f 3733 3764 3751
f 3768 3765 3764
f 3768 3734 3744
f 3768 3733 3734
f 3764 3733 3768
f 3733 3751 3732
f 3744 3769 3768
f 3766 3772 3762
f 3776 3777 3749
f 3766 3769 3744
f 3772 3766 3776
f 3776 3766 3744
f 3924 3928 3756
f 3776 3749 3770
f 3795 3782 3780
f 3779 3782 3785
f 3792 3779 3781
f 3798 3793 3780
f 3801 3864 3799
f 3793 3795 3780
f 3779 3785 3781
f 3800 3864 3801
f 3793 3797 3687
f 3804 3803 3800
f 3863 3800 3803
f 3796 3797 3793
f 3793 3798 3810
f 3800 3863 3864
f 3702 3666 3796
f 3692 3779 3792
f 3731 3777 3778
f 3799 3690 3693
f 3865 3690 3799
f 3866 3867 3775
f 3865 3866 3695
f 3693 3791 3799
f 3800 3791 3804
f 2575 3866 3774
f 3865 2570 3690
f 3865 3799 3864
f 3775 3867 3773
f 3776 3770 3772
f 3793 3810 3796
f 3922 3923 3926
f 3649 3650 3654
f 3643 3551 3654
f 3647 3649 3654
f 3654 3551 3647
f 3541 3501 3645
f 3522 3541 3521
f 3541 3522 3543
f 3511 3555 3460
f 3512 3511 3460
f 3460 3461 3512
f 3520 3521 3541
f 3520 3541 3645
f 4935 3511 3456
f 3645 3503 3520
f 3500 3519 3503
f 3498 3518 3519
f 3700 3826 2564
f 3498 3500 2564
f 3700 3702 3810
f 3519 3500 3498
f 3514 3518 3498
f 3512 3461 3462
f 3517 3518 3514
f 3498 3499 3514
f 3497 3827 3823
f 3827 3812 3465
f 3826 3700 3811
f 3515 3517 3514
f 3509 3468 3512
f 3517 3515 3506
f 3506 3516 3517
f 3506 3507 3516
f 3510 3509 3462
f 3512 3462 3509
f 3462 3474 3510
f 3505 3492 3493
f 3493 3507 3505
f 3463 3474 3462
f 3488 3489 3464
f 3456 3467 4934
f 3495 3506 3515
f 3813 3478 3817
f 3478 3813 3814
f 3813 3822 3465
f 3465 3812 3813
f 3817 3822 3813
f 3814 3818 3478
f 3488 3505 3496
f 3464 3492 3505
f 3488 3464 3505
f 3814 3821 3818
f 3830 3815 3814
f 3823 3827 3465
f 2558 4933 4934
f 3807 3863 3803
f 3773 3867 3868
f 3695 2570 3865
f 2571 3806 3670
f 3807 3806 3863
f 2571 3836 3862
f 2571 3862 3806
f 3811 3827 3826
f 3796 3810 3702
f 3883 3916 3913
f 3913 3916 3868
f 3920 3921 3919
f 3921 3922 3918
f 3773 3868 3916
f 3914 3913 3868
f 3911 3880 3875
f 3869 3914 3868
f 3880 3911 3869
f 3877 3869 3870
f 3911 3914 3869
f 3896 3877 3870
f 3870 3902 3905
f 3902 3903 3907
f 3881 3880 3869
f 3828 3830 3814
f 3812 3827 3811
f 3828 3814 3831
f 3821 3814 3815
f 3836 3843 3861
f 3859 3828 3831
f 3850 3861 3843
f 3862 3836 3861
f 2571 3480 3836
f 3828 3859 3820
f 3831 3832 3859
f 3836 3837 3843
f 3843 3844 3850
f 3861 3850 3833
f 4123 4100 4124
f 4099 4103 4110
f 4123 4103 4100
f 3877 3881 3869
f 4110 4111 4099
f 4121 4127 4118
f 4121 4100 4128
f 4109 4098 4099
f 4109 4099 4111
f 4121 4124 4100
f 4114 4098 4109
f 4117 4125 4115
f 3920 3910 3903
f 3863 3806 3862
f 3691 3807 3803
f 3929 3930 3748
f 3928 3929 3748
f 3753 3928 3748
f 3930 3931 3735
f 3928 3753 3746
f 3930 3735 3747
f 3927 3924 3755
f 3738 3931 3945
f 3924 3927 3926
f 3926 3758 3922
f 3738 2580 3931
f 3928 3746 3756
f 3959 3933 3971
f 3942 3959 3971
f 3971 3995 3942
f 3971 3941 3995
f 3737 3738 3945
f 3942 3936 3959
f 3941 3971 3996
f 3939 3737 3945
f 3945 3932 3946
f 3932 3945 3931
f 3936 3938 3959
f 3960 3958 3933
f 3933 3959 3960
f 3932 3943 3946
f 2580 3735 3931
f 3933 3950 3932
f 4037 3922 3758
f 3948 4023 4034
f 4032 4035 4023
f 4034 4023 4035
f 3943 3950 3757
f 3909 3918 4037
f 4037 3918 3922
f 4044 4032 4040
f 4021 4042 4040
f 4044 4040 4042
f 4040 4032 4023
f 3759 3758 3926
f 4020 3948 4025
f 4026 4020 4025
f 3937 3950 3958
f 3950 3943 3932
f 4019 4026 4024
f 4051 4021 4041
f 4041 4021 4040
f 4041 4053 4052
f 4052 4053 4050
f 4041 4052 4051
f 4018 4019 4024
f 4026 4019 4020
f 4024 3935 4028
f 4023 3948 4020
f 3950 3933 3958
f 3972 3736 3996
f 3992 3979 3736
f 3992 3973 3977
f 3736 3972 3992
f 3977 3993 3992
f 3990 3989 3940
f 3988 3966 4207
f 3972 3973 3992
f 4005 3990 3977
f 3978 4207 4208
f 3977 3990 3993
f 3976 3988 4207
f 4208 4209 3978
f 3983 3974 4209
f 4209 4210 2586
f 4211 4213 3969
f 4213 4211 4217
f 2586 4210 3969
f 3987 2586 3969
f 4207 3978 3980
f 4207 3980 3976
f 4215 4217 4216
f 4216 4217 4211
f 4215 4216 4214
f 4216 4211 4212
f 4005 3743 3989
f 4002 3998 3999
f 3998 4006 4005
f 3998 4002 4003
f 4002 4017 4001
f 4006 3998 4003
f 4027 3953 4050
f 3742 4024 4028
f 3742 3934 4001
f 4050 4053 4054
f 4024 3742 4018
f 4017 4018 4001
f 4017 4002 3999
f 4007 4207 3966
f 4007 4000 4207
f 4000 4206 4207
f 4012 3970 4214
f 2587 4206 3967
f 3742 4001 4018
f 4054 3951 4027
f 4030 4206 4031
f 4012 4218 3968
f 4218 4012 4214
f 4031 4206 2587
f 4027 4050 4054
f 4214 4216 4218
f 4206 4000 3967
f 3990 4005 3989
f 3968 4218 4016
f 3971 3972 3996
f 3919 3906 3920
f 4083 4087 3760
f 3760 4087 4091
f 4081 4091 4087
f 4087 4090 4081
f 3910 3907 3903
f 4089 4086 4088
f 4090 4088 4086
f 4088 4090 4087
f 4089 4088 4060
f 3906 3910 3920
f 4077 4080 4076
f 4071 4076 4080
f 4057 4076 4071
f 4076 4083 4077
f 4074 4055 3901
f 4073 4063 4057
f 4071 4073 4057
f 4063 4056 4057
f 4088 4061 4084
f 4063 3952 4056
f 4084 4060 4088
f 4055 4056 4065
f 3952 4065 4056
f 4088 4092 4062
f 4062 4092 4058
f 3895 3905 3899
f 4102 4114 4109
f 4097 4107 4105
f 4098 4107 4097
f 4113 4098 4114
f 3895 3896 3870
f 4048 4049 4064
f 4064 4066 4092
f 4093 4048 4064
f 4048 4093 3891
f 4189 3891 4094
f 4202 4189 4094
f 4064 4092 4093
f 4182 4095 3892
f 4144 4155 4134
f 4182 4200 4095
f 4179 4095 4180
f 3892 4095 4179
f 4097 4105 4155
f 4094 4095 4202
f 4058 4092 4066
f 4125 4127 4121
f 4074 3951 4054
f 3907 3905 3902
f 4055 4074 4054
f 4030 4205 4187
f 4187 4069 4204
f 4205 4069 4187
f 4188 4187 4204
f 4185 4177 4184
f 4068 4199 4186
f 4095 4096 4180
f 4190 4186 4188
f 4186 4190 4068
f 4199 4185 4186
f 4186 4187 4188
f 4177 4185 4135
f 4199 4183 4185
f 4219 4195 4016
f 4195 4219 4015
f 4219 4016 4218
f 4219 4246 4015
f 4135 4183 4181
f 4177 4136 4184
f 4224 4220 4241
f 4220 4224 4246
f 4219 4220 4246
f 4185 4183 4135
f 4175 4184 4136
f 4264 4268 4255
f 4265 4269 4264
f 4268 4264 4269
f 4175 4136 4161
f 4096 4146 4176
f 4176 4145 4096
f 4174 4142 4173
f 4142 4174 4161
f 4161 4174 4175
f 4256 4266 4265
f 4269 4265 4266
f 4131 4173 4142
f 4255 4258 4264
f 4257 4258 4165
f 4257 4165 4239
f 4221 4235 4229
f 4225 4221 4229
f 4235 4221 4234
f 4252 4253 4237
f 4237 4163 4252
f 4234 4221 4222
f 4226 4230 4222
f 4234 4222 4233
f 4220 4221 4225
f 4253 4257 4239
f 4222 4247 4226
f 4220 4225 4241
f 4264 4258 4257
f 4187 4206 4030
f 4144 4146 4096
f 4220 4248 4247
f 3926 3923 3924
f 4211 3969 4210
f 4144 4096 4097
f 4933 3471 4926
f 3472 3463 3464
f 3472 4514 3484
f 4515 4514 4516
f 3475 3463 3472
f 4523 4926 3471
f 4933 4926 4928
f 4512 4515 4516
f 4529 4521 4534
f 4517 4534 4512
f 3487 3472 3464
f 4926 4927 4928
f 3487 4501 4514
f 3487 3464 3489
f 4501 3487 3477
f 4514 4501 4499
f 4500 4497 4498
f 4500 3491 3490
f 4502 4499 4501
f 4534 4517 4518
f 4498 4499 4502
f 4509 4551 4507
f 4500 4498 4502
f 3474 3463 3475
f 4550 4551 4509
f 4922 4907 4924
f 4927 4924 4928
f 4927 4922 4924
f 4907 4923 4906
f 4923 4921 4906
f 4907 4922 4923
f 2559 4905 4921
f 2559 4541 4905
f 4537 2559 4921
f 4541 2604 4905
f 4894 4888 4867
f 4888 4894 4881
f 4894 4895 4881
f 4520 4530 4519
f 4519 4530 4533
f 4546 4530 4520
f 4529 4534 4519
f 4519 4534 4518
f 4519 4533 4529
f 4504 4503 4508
f 4543 4546 4520
f 4543 4549 4535
f 4543 4520 4549
f 4547 4550 4508
f 4547 4503 3470
f 4547 4508 4503
f 4550 4547 4549
f 4550 4549 4520
f 4504 4507 4490
f 4933 2558 3483
f 4492 3490 3856
f 4497 3490 4492
f 3832 3481 3857
f 4492 4494 4496
f 4491 4490 4552
f 4552 4553 4491
f 4553 4489 4491
f 4496 4497 4492
f 4551 4552 4507
f 4489 4676 4487
f 4495 4494 3846
f 3490 4497 4500
f 3860 3832 3857
f 3849 3833 3851
f 3481 3833 3849
f 3839 3845 2572
f 4495 3846 4484
f 4483 4484 4486
f 4494 4495 4496
f 4486 4484 3846
f 3845 4482 4485
f 4482 3845 3839
f 4486 4485 4483
f 3845 4485 3847
f 4485 4482 4483
f 3833 3481 3832
f 4554 4676 4489
f 4488 4676 4554
f 4567 4690 4555
f 4690 4488 4554
f 4633 4555 4560
f 4555 4690 4554
f 4554 4489 4553
f 4692 4683 4582
f 4582 4680 4678
f 4555 4633 4567
f 4620 4624 4630
f 4475 4633 4560
f 4568 4561 4556
f 4560 4556 4561
f 4557 4568 4556
f 4571 4588 4595
f 4585 4595 4588
f 4569 4571 4595
f 4557 4576 4568
f 4578 4616 4628
f 4589 4573 4585
f 4589 4585 4588
f 4573 4576 4557
f 4557 4585 4573
f 4555 4556 4560
f 4490 4507 4552
f 3850 3851 3833
f 4893 4880 4895
f 4880 4893 4863
f 2560 4893 4876
f 4864 4866 4863
f 4864 4863 2560
f 2658 4794 4785
f 4788 4785 4794
f 4778 2658 4799
f 4778 4774 2561
f 4734 4777 2561
f 4777 4778 2561
f 4777 4767 4757
f 4681 4687 4674
f 4693 4685 4687
f 4681 4684 4692
f 4692 4693 4681
f 4719 4685 4693
f 4757 4765 4761
f 4757 4754 4765
f 4694 4714 4666
f 4667 4714 4694
f 4683 4692 4684
f 4767 4754 4757
f 4751 4755 4768
f 4755 4756 4768
f 4756 4757 4763
f 4763 4757 4761
f 4756 4762 4764
f 4756 4764 4760
f 4762 4756 4763
f 4768 4756 4760
f 2649 4732 4726
f 4725 4726 4728
f 4713 4724 4712
f 4739 4712 4724
f 4724 4725 4739
f 4710 4665 4699
f 4707 4695 4665
f 4699 4665 4696
f 4699 4696 4706
f 4667 4695 4700
f 4700 4695 4707
f 4695 4667 4694
f 4653 4723 4651
f 4713 4651 4723
f 4724 4713 4723
f 4652 4721 4653
f 4720 4652 4697
f 4697 4701 4696
f 4722 4723 4653
f 4696 4701 4706
f 2658 4778 4794
f 4670 4678 4679
f 4671 4669 4670
f 4631 4628 4620
f 4624 4620 4629
f 4630 4631 4620
f 4620 4621 4629
f 4627 4671 4581
f 4670 4673 4671
f 4622 4625 4621
f 2573 4622 4621
f 4627 4668 4671
f 4619 4620 4628
f 4627 4626 4668
f 4618 4617 4615
f 4607 4565 4612
f 4612 4613 4607
f 4615 4565 4607
f 2573 4621 4614
f 4621 4563 4614
f 4619 4616 4618
f 4611 4605 4606
f 4606 4613 4611
f 4610 4563 4635
f 4562 4611 4591
f 4678 4680 4679
f 4657 4668 4659
f 4659 4663 4657
f 4720 4697 4696
f 4719 4693 4666
f 4656 4657 4663
f 4664 4662 4656
f 4663 4664 4656
f 4693 4694 4666
f 4647 4656 4662
f 4653 4721 4722
f 4649 4662 4645
f 4647 4650 4640
f 4647 4640 4641
f 4650 4647 4649
f 4721 4652 4720
f 4659 4660 4663
f 4659 4626 4566
f 4637 4658 2574
f 4566 4608 2574
f 4610 4635 4636
f 4681 4693 4687
f 4640 4648 4639
f 4648 4646 4644
f 4637 4642 4658
f 4648 4644 4639
f 4642 4638 4644
f 4644 4638 4639
f 4650 4648 4640
f 4608 4636 2574
f 4668 4669 4671
f 4615 4617 4565
f 4481 4482 3839
f 4115 4125 4128
f 4106 4115 4128
f 4481 2577 4115
f 4107 4098 4113
f 4128 4129 4106
f 4171 2583 4279
f 4286 4115 4106
f 4481 4115 4480
f 4286 4480 4115
f 4479 4480 4286
f 4278 4287 4171
f 4287 4278 4479
f 4279 2583 4153
f 4278 4280 4276
f 4153 4172 4279
f 4280 4290 4275
f 4289 4274 4275
f 4275 4291 4289
f 4275 4290 4291
f 4274 4289 4170
f 4273 4274 4293
f 4274 4170 4293
f 2583 4129 4153
f 4155 4144 4097
f 4299 4278 4276
f 4569 4596 4572
f 4596 4597 4473
f 4278 4299 4284
f 4478 4479 4278
f 4317 4307 4300
f 4478 4284 4461
f 4569 4595 4596
f 4284 4299 4300
f 4569 4572 4476
f 4596 4297 4572
f 4300 4307 4284
f 4597 4469 4298
f 4477 4478 4461
f 4473 4297 4596
f 4335 4304 4306
f 4140 4281 4336
f 4335 4281 4304
f 4306 4316 4305
f 4340 4318 4350
f 4335 4306 4305
f 4337 4140 4336
f 4303 4301 4316
f 4301 4303 4317
f 4341 4349 4340
f 4348 4285 4341
f 4349 4341 4285
f 4345 4342 4340
f 4318 4340 4349
f 4336 4281 4335
f 4130 4157 4143
f 4153 4129 3890
f 4143 3890 4130
f 4130 4131 4156
f 4157 4130 4133
f 4156 4133 4130
f 4148 4273 4141
f 4148 4139 4273
f 4147 2589 4254
f 4147 4271 4139
f 4271 4147 4254
f 4139 4272 4273
f 4140 4337 4324
f 4253 4239 4237
f 4251 4252 4240
f 4234 4233 4228
f 4230 4233 4222
f 4270 4254 4256
f 4254 4270 4271
f 4272 4139 4271
f 4251 4240 4152
f 4232 4223 4247
f 4152 4151 4251
f 4232 4248 4152
f 4223 4226 4247
f 4248 4151 4152
f 4247 4248 4232
f 4130 3890 4129
f 4360 4340 4366
f 4340 4360 4339
f 4340 4342 4366
f 4341 4355 4343
f 4348 4341 4343
f 4356 4323 4355
f 4356 4375 4365
f 4375 4358 4365
f 4376 4358 4375
f 4345 4340 4350
f 4337 2590 4324
f 4250 4251 4363
f 4364 4361 4250
f 4361 4151 4249
f 4251 4151 4363
f 4338 4339 2590
f 4376 4282 4358
f 4339 4357 4322
f 4376 4377 4282
f 4339 4360 4357
f 4250 4361 4249
f 4367 4282 4377
f 4362 4377 4327
f 4327 4377 4378
f 4249 4151 4248
f 2590 4337 4338
f 4121 4128 4125
f 4563 4621 4635
f 4594 4605 4562
f 4593 4604 4605
f 4597 4598 4469
f 4332 4298 4469
f 4594 4593 4605
f 4333 4593 2578
f 4477 4462 4463
f 4467 4470 4598
f 4598 4296 4467
f 4330 4310 4461
f 4462 4464 4463
f 4441 4432 4430
f 4430 4435 4441
f 4466 4458 4459
f 4464 4460 4459
f 4464 4459 4463
f 4444 4427 4430
f 4440 4430 4431
f 4427 4429 4430
f 4430 4440 4435
f 4432 4444 4430
f 4431 4433 4440
f 4461 4462 4477
f 4284 4330 4461
f 4459 4460 4466
f 4603 4604 2579
f 4608 4610 4636
f 4333 4604 4593
f 4334 4449 4598
f 4598 4449 4296
f 4599 2579 4334
f 4334 4598 4599
f 4637 4638 4642
f 4602 4603 4601
f 4601 4603 2579
f 4599 4600 4601
f 4601 2579 4599
f 4636 4637 2574
f 4465 4458 4466
f 4442 4309 4431
f 4439 4431 4309
f 4439 4433 4431
f 4437 4314 4465
f 4456 4454 4455
f 4314 4457 4465
f 4456 4457 2585
f 4454 4456 4400
f 4456 2585 4400
f 4417 4283 4450
f 4457 4458 4465
f 4427 4428 4429
f 4562 4605 4611
f 4412 4428 4347
f 4411 4412 4347
f 4429 4428 4412
f 4420 4411 4415
f 4347 4415 4411
f 4431 4450 4283
f 4419 4411 4420
f 4451 4313 4315
f 4422 4419 4423
f 4410 4411 4419
f 4312 2592 4410
f 4315 4417 4451
f 4423 4419 4414
f 4451 4417 4450
f 4372 4346 4367
f 4362 4372 4367
f 4379 4326 4370
f 4327 4378 4370
f 4410 4419 4422
f 4422 4416 4312
f 4410 4422 4312
f 4374 4424 4379
f 4379 4380 4374
f 4424 4326 4379
f 4370 4378 4379
f 4373 4374 4380
f 4452 4400 4313
f 4452 4313 4451
f 4408 4409 4383
f 4409 2592 4383
f 4400 4452 4453
f 4407 4408 4397
f 4407 4399 4385
f 4396 4407 4394
f 4385 4394 4407
f 4454 4400 4453
f 4395 4405 4382
f 4382 4404 4386
f 4381 4382 4386
f 4381 4386 4402
f 4382 4405 4404
f 4381 4402 4380
f 4392 4395 4387
f 4393 4392 4387
f 4406 4396 4390
f 4392 4390 4396
f 4395 4392 4396
f 4393 4389 4391
f 4390 4391 4406
f 4389 4406 4391
f 4388 4389 4393
f 4407 4396 4406
f 4402 4373 4380
f 4377 4362 4367
f 3017 3042 2523
f 2890 2856 2889
f 2853 2889 2525
f 3018 3050 3051
f 2531 3028 3024
f 3021 3037 3026
f 3034 3035 3037
f 3037 3022 3036
f 3020 3046 3044
f 3044 3045 2974
f 3038 3039 3041
f 3041 3017 3040
f 3022 3040 3019
f 2532 2883 2881
f 2883 2924 2922
f 2923 2877 2924
f 2924 2850 2909
f 2871 2872 2873
f 2870 2880 2877
f 2878 2879 2880
f 2877 2861 2850
f 2860 2863 2851
f 2887 2853 2886
f 2862 2886 2855
f 2917 2866 2916
f 2911 2851 2910
f 2533 2834 2831
f 2834 2802 2833
f 2831 2833 2799
f 2833 2801 2882
f 2882 2799 2833
f 2760 2775 2772
f 2773 2774 2775
f 2790 2766 2789
f 2787 2789 2763
f 2766 2792 2794
f 2794 2753 2793
f 2791 2793 2762
f 2791 2675 4988
f 2770 2751 2769
f 2753 2826 2816
f 2824 2825 2826
f 3266 2762 2815
f 2815 2795 3266
f 2762 2818 2815
f 2818 2823 2820
f 2820 2822 2817
f 2798 2830 2827
f 2830 2752 2829
f 2827 2829 2797
f 2750 2528 2749
f 2688 2767 2727
f 2767 2786 2783
f 2784 2785 2786
f 2786 2715 2765
f 4994 2767 2783
f 2535 3085 3083
f 3083 3084 3058
f 3091 3092 3093
f 3093 3049 3061
f 3088 3089 3090
f 3090 3063 3065
f 3068 3059 3067
f 3060 3072 3069
f 3072 3082 3079
f 3079 3081 3071
f 3117 3118 3119
f 2903 3112 3110
f 3111 3098 3112
f 3099 3024 3101
f 3098 3105 3102
f 3100 3044 3108
f 3108 2974 3107
f 3106 3107 3029
f 3109 2530 3091
f 3120 3121 2536
f 2538 2979 2977
f 2930 2978 2979
f 2977 2969 2902
f 2868 2992 2978
f 2904 2991 2976
f 2988 2989 2991
f 2991 2983 2990
f 2990 2982 3111
f 3234 2969 2975
f 2975 2968 3234
f 2984 2985 2987
f 2987 2970 2986
f 2996 2903 2995
f 2993 2995 2971
f 3241 2972 2993
f 2993 2537 3241
f 2943 2959 2956
f 2957 2958 2959
f 2959 2869 2936
f 3342 2943 2956
f 2836 2961 2942
f 2960 2881 2961
f 2918 2920 2868
f 2867 2951 2948
f 2951 2931 2950
f 2948 2950 2928
f 2929 2947 2944
f 2944 2946 2935
f 2939 2918 2938
f 2540 3316 3302
f 3260 3273 3316
f 3316 2837 3315
f 3253 2831 3275
f 3275 2799 3274
f 3273 3274 2837
f 3274 2532 2960
f 3315 3328 3329
f 3329 2836 2941
f 3318 2941 2539
f 2718 4978 4975
f 4976 4967 4978
f 4975 4977 3282
f 3280 3282 4977
f 2670 3259 2664
f 4981 2782 4980
f 4967 4971 4968
f 4968 4970 2780
f 4990 4991 4992
f 4987 2759 4986
f 4984 4986 4943
f 2782 4989 4973
f 4989 2675 3265
f 4973 3265 2781
f 4974 2781 3256
f 4972 3256 2677
f 3261 3262 3264
f 3264 3254 3263
f 2781 3268 3257
f 3265 3266 3268
f 3268 2795 3267
f 3272 3253 3271
f 3269 3271 2676
f 3259 3281 3279
f 3280 3255 3281
f 2707 2708 2710
f 2721 2708 4961
f 4961 2709 2721
f 2702 2732 2729
f 2730 2706 2732
f 2729 2731 2673
f 2713 4959 4949
f 4956 4957 4959
f 4959 2688 4958
f 4950 4955 4951
f 4952 4953 4955
f 4955 2712 4954
f 2708 4964 4961
f 4962 4951 4964
f 4961 4963 2689
f 4958 2727 4993
f 2709 2724 2726
f 2726 2717 2725
f 2723 2725 2719
f 2725 2674 4976
f 4976 2719 2725
f 2686 2718 2541
f 5036 5022 5035
f 5033 5035 5024
f 5020 5023 5013
f 5044 5045 5047
f 5047 5015 5046
f 5022 5046 5017
f 5048 3083 5050
f 5050 3058 5049
f 5015 5049 3087
f 5031 3060 3069
f 5030 5040 5037
f 5037 5021 2542
f 2544 4999 4997
f 3155 3130 3157
f 5056 3130 3143
f 3143 3156 5056
f 5055 5056 5058
f 5058 3156 5057
f 3156 3147 5060
f 5060 2999 5059
f 5004 5059 3136
f 3134 5006 5003
f 5003 5005 2997
f 3131 3132 3133
f 3130 3146 3143
f 3143 3145 3127
f 3150 3129 3149
f 3147 3149 2999
f 3129 3120 3153
f 3153 2536 3152
f 3151 3152 2998
f 3215 3216 3218
f 3221 3216 3237
f 3237 3217 3221
f 3220 3221 3223
f 3223 3217 3222
f 3216 3240 3237
f 3237 3239 3142
f 3235 3241 3243
f 3243 2537 3242
f 3225 3242 3128
f 3217 3225 3226
f 3226 3128 3131
f 3224 3131 2954
f 3159 3206 3198
f 3203 3204 3206
f 3205 3224 3155
f 3158 3210 3207
f 3210 3135 3209
f 3207 3209 2544
f 3366 2934 3365
f 2933 3370 3368
f 3369 3353 3370
f 3370 3340 3349
f 3340 3347 3344
f 3344 3346 3341
f 3361 3362 3364
f 3364 3351 3363
f 3362 3340 3344
f 3344 3351 3362
f 3351 2952 3350
f 3383 3330 3384
f 3394 3304 3331
f 3331 2665 3394
f 3313 3325 3322
f 3322 3324 3303
f 3331 3313 3333
f 3376 3313 3322
f 3322 3332 3376
f 3375 3376 3378
f 3378 3332 3377
f 3332 3326 3381
f 3381 3320 3380
f 3379 3380 3317
f 3380 3319 3369
f 3369 3317 3380
f 2682 2683 2642
f 2681 2672 2680
f 2678 2680 2668
f 2680 2671 3306
f 3306 2668 2680
f 3306 3292 3308
f 3390 3292 3296
f 3296 3307 3390
f 3389 3390 3392
f 3392 3307 3391
f 3293 3294 3295
f 3292 3299 3296
f 3296 3298 3288
f 3307 3300 3395
f 3395 3287 3394
f 3393 3394 2665
f 2683 3398 3396
f 3397 3305 3398
f 2685 2686 2687
f 2690 2691 2692
f 2632 2695 2693
f 5018 5028 5025
f 5028 3086 5027
f 5025 5027 5019
f 5029 5043 5041
f 5042 5030 5043
f 5041 5026 5018
f 3137 3415 3413
f 3413 3414 3139
f 3444 3162 3189
f 3162 3191 3189
f 3184 3418 3416
f 3186 3412 3410
f 3412 2544 3411
f 3410 3411 3185
f 3421 3423 2548
f 2550 3194 3192
f 3192 3162 2549
f 2551 3335 2597
f 2597 3193 2550
f 2609 2643 2551
f 3582 3583 3584
f 3565 3438 3564
f 3426 3445 3442
f 3443 3444 3445
f 3442 3433 3428
f 3432 3434 3427
f 2598 3192 3447
f 3446 3426 2552
f 2600 2601 2603
f 2603 2599 2602
f 2599 2550 2598
f 2608 2655 2652
f 2655 2641 2654
f 2652 2654 2638
f 2641 2609 2640
f 2629 2630 2631
f 2628 2637 2633
f 2634 2635 2637
f 2633 2636 2608
f 2646 2628 2648
f 3620 3587 3622
f 3622 3580 3621
f 3578 3590 3587
f 3590 3571 3589
f 3587 3589 3580
f 3543 3550 3547
f 3550 3525 3549
f 3547 3549 3542
f 3554 3529 3531
f 3534 3528 3533
f 3533 3626 3628
f 3625 3632 3629
f 3630 3631 3632
f 3635 3537 3634
f 3501 3649 3647
f 3651 3652 3653
f 3542 3638 3636
f 3549 3625 3638
f 3458 3558 3555
f 3556 3557 3558
f 4537 4923 4920
f 4920 4922 4511
f 4910 4911 4913
f 4913 4526 4912
f 4912 4930 4932
f 4932 3485 4931
f 4918 4931 4527
f 4511 4927 4925
f 4925 4926 4523
f 4914 4915 4917
f 4917 3446 4916
f 4871 4900 4901
f 4901 4877 4882
f 4876 4895 4892
f 4892 4894 4867
f 4874 4885 4886
f 4904 2607 4903
f 4889 4903 4868
f 4887 2553 4914
f 4817 4825 4827
f 4827 4819 4826
f 4824 4826 4792
f 4848 4854 4856
f 4856 2656 4855
f 4825 4855 4819
f 4808 2554 4807
f 4795 4796 4798
f 4798 4786 4797
f 4794 4797 4788
f 4785 4787 4780
f 4801 4802 4804
f 4804 4782 4803
f 4786 4803 4784
f 4784 4875 4865
f 4803 4873 4875
f 4875 2605 4874
f 4780 4866 4864
f 4869 4870 4872
f 4872 4783 4871
f 4731 4747 4733
f 4744 4745 4747
f 4747 2651 4746
f 4740 4741 4743
f 4743 4730 4742
f 4846 4847 4849
f 4816 4853 4850
f 4850 4852 4812
f 4815 4816 4818
f 4821 4816 4850
f 4850 4817 4821
f 4820 4821 4823
f 4823 4817 4822
f 4746 4735 4829
f 4737 4831 4828
f 4829 4814 4831
f 3675 3611 3677
f 3708 3709 3711
f 3711 3676 3710
f 3502 3613 3611
f 3611 3608 3605
f 3676 3607 3712
f 3503 3646 3644
f 3644 3612 3502
f 3701 3503 3644
f 3477 3489 3486
f 3486 3488 3479
f 3479 3496 3494
f 3496 3507 3504
f 3504 3506 3495
f 3816 3494 3818
f 3472 3473 3475
f 3475 3469 3474
f 3474 3508 3510
f 3510 3468 3509
f 3468 3511 3512
f 3817 3513 3825
f 3825 3499 3824
f 3823 3824 3497
f 3478 3515 3513
f 3513 3514 3499
f 2566 4504 4490
f 4504 4509 4507
f 3470 4549 4547
f 4548 4535 4549
f 4536 4537 4538
f 4545 4537 4920
f 4920 4522 4545
f 4535 4546 4543
f 4544 4545 4546
f 4546 4522 4530
f 4530 4531 4533
f 4533 4525 4532
f 4529 4532 4521
f 4531 4511 4925
f 4925 4525 4531
f 4525 3471 4524
f 4534 3482 4512
f 4512 4513 4515
f 4515 3484 4514
f 3484 2558 3466
f 4500 4501 3491
f 3490 3477 2565
f 4675 4505 4878
f 4878 4487 4675
f 4790 4899 4896
f 4897 4876 4899
f 4896 4898 4879
f 4878 4540 4506
f 4506 4542 4539
f 4540 4541 4542
f 4773 4584 4718
f 4753 4774 4776
f 4773 4775 4688
f 4688 4791 4789
f 4789 4790 4505
f 4686 4688 4789
f 4789 2567 4686
f 4713 4655 4702
f 4655 4762 4758
f 4738 4768 4760
f 4766 4751 4768
f 4703 4772 4769
f 4772 4753 4771
f 4769 4771 4654
f 4643 4711 4699
f 4708 4709 4711
f 4711 4705 4710
f 4709 4655 4758
f 4758 4705 4709
f 3691 3804 3802
f 3802 3791 3693
f 3791 3801 3799
f 3796 3696 3797
f 3797 3669 3687
f 3666 3699 3696
f 3697 3698 3699
f 3669 3686 3682
f 3673 3707 3684
f 3705 3706 3707
f 3720 3721 3715
f 3713 3714 3668
f 3793 3794 3795
f 3795 3689 3782
f 3794 3669 3682
f 3682 3689 3794
f 3783 3672 3713
f 3713 3688 3783
f 3782 3783 3785
f 3785 3688 3784
f 3781 3784 3665
f 3688 3716 3788
f 3788 3681 3787
f 3786 3787 3678
f 3663 3790 3789
f 3700 3701 3702
f 3670 3807 3805
f 3805 3691 2570
f 3842 3851 3848
f 3848 3850 3844
f 3841 3843 3837
f 3834 3836 3480
f 3857 3858 3860
f 3860 3820 3859
f 3820 3830 3828
f 3829 3815 3830
f 3827 2564 3826
f 4489 4490 4491
f 4494 3856 4493
f 3856 2565 3819
f 4493 3819 3857
f 4485 3853 3847
f 3847 3855 3852
f 3853 3854 3855
f 3852 3842 3835
f 4622 4623 4625
f 4628 4630 4564
f 4581 4673 4623
f 4583 4691 4632
f 4691 4488 4690
f 4632 4690 4567
f 4624 4632 4634
f 4634 4567 4633
f 4579 4633 4475
f 4681 4682 4684
f 4684 4677 4683
f 4677 4487 4676
f 4719 4584 4685
f 4685 4686 4687
f 4687 2567 4674
f 4566 4627 4609
f 4648 4649 4646
f 4644 4645 4642
f 4652 4701 4697
f 4667 4717 4714
f 4717 2568 4716
f 4714 4716 4666
f 4645 4664 4661
f 4661 4663 4660
f 4658 4659 2574
f 3808 3670 3809
f 3840 2571 3808
f 2578 4594 4472
f 4472 4572 4297
f 4611 4612 4591
f 4618 4578 4617
f 4578 4579 4580
f 4580 4475 4559
f 4562 4592 4590
f 4590 4570 4476
f 4570 4589 4586
f 4587 4573 4589
f 4586 4588 4571
f 4558 4576 4573
f 4574 4575 4576
f 4576 4561 4568
f 4608 4609 4610
f 4038 3759 3954
f 3759 3927 3925
f 3925 3755 3739
f 3954 3925 3956
f 3956 3739 3955
f 3939 3955 3737
f 3773 3774 3775
f 3770 3771 3772
f 3772 3752 3762
f 3766 3767 3769
f 3769 3765 3768
f 3765 3751 3764
f 3739 3756 3754
f 3754 3746 3740
f 3745 3747 3735
f 3899 3907 3904
f 4085 3904 4086
f 3875 3882 3884
f 3911 3912 3914
f 3914 3883 3913
f 3883 3915 3916
f 3916 2575 3773
f 4081 3917 4082
f 4082 3909 4036
f 4046 4036 3908
f 3898 3919 3917
f 3917 3918 3909
f 4036 4037 4039
f 4039 3758 4038
f 4107 4114 4112
f 4112 4102 3886
f 4115 4116 4117
f 4125 4126 4127
f 4127 3873 4118
f 4121 4122 4124
f 4124 4120 4123
f 4120 3876 3878
f 3872 3881 3877
f 3878 3879 3881
f 3881 3875 3880
f 4102 4111 4108
f 4108 4110 4104
f 4101 3894 3888
f 3888 3896 3893
f 3894 3877 3896
f 3893 3895 3887
f 4171 4106 2583
f 4434 4461 4310
f 4467 4468 4470
f 4470 4332 4469
f 4471 4472 4474
f 4474 4297 4473
f 4332 4473 4298
f 4437 4466 4447
f 4447 4460 2584
f 4003 4004 4006
f 4006 3743 4005
f 3965 4011 4008
f 4009 4000 4011
f 4008 4010 3741
f 3962 3742 4028
f 3937 3960 3957
f 3957 3959 3938
f 3943 3944 3946
f 3946 3939 3945
f 3934 3964 3961
f 3964 3936 3963
f 3963 3942 3994
f 3994 3995 3997
f 3997 3941 3996
f 3979 3996 3736
f 3982 3741 4010
f 3990 3991 3993
f 3993 3979 3992
f 3975 3984 3981
f 3984 3974 3983
f 3981 3983 2586
f 2588 4194 4191
f 4191 4193 4067
f 4064 4058 4066
f 3901 4075 4074
f 4075 3953 4027
f 4074 4027 3951
f 3952 4073 4070
f 4073 4047 4072
f 4070 4072 4045
f 4077 4078 4080
f 4080 4046 4079
f 4071 4079 4047
f 4079 3908 4042
f 4042 4047 4079
f 4072 4021 4051
f 4051 4045 4072
f 3953 4052 4050
f 4042 4043 4044
f 4044 4022 4032
f 4032 4033 4035
f 4035 2581 4034
f 4024 4025 3935
f 3900 4031 4029
f 2589 4161 4158
f 4145 4178 4180
f 4180 3892 4179
f 4177 3889 4260
f 4155 3871 4154
f 3892 4203 4182
f 4154 3885 4203
f 4203 2582 4048
f 4200 4201 4202
f 4202 3891 4189
f 4141 4295 4292
f 4295 4172 4294
f 4292 4294 4149
f 4170 4291 4288
f 4288 4290 4277
f 4280 4171 4279
f 4139 4150 4147
f 4150 4169 4166
f 4167 4168 4169
f 4169 3890 4143
f 4414 4420 4418
f 4413 4368 4346
f 4428 4308 4352
f 4347 4354 4351
f 4352 4353 4354
f 4351 4343 4323
f 4346 4369 4367
f 4368 4351 4369
f 4367 4358 4282
f 4444 4311 4443
f 4427 4443 4308
f 4435 4310 4329
f 4311 4331 4328
f 4329 4330 4331
f 4331 4284 4307
f 4443 4328 4319
f 4321 4304 4320
f 4318 4320 4302
f 4357 4359 4322
f 4342 4344 4325
f 4315 4438 4417
f 4438 4448 4445
f 4446 4447 4448
f 4448 2584 4433
f 4416 4423 4421
f 4421 4414 2591
f 3968 4014 4012
f 4013 3965 4014
f 4012 3986 3970
f 3970 3987 3985
f 3986 3975 3987
f 4214 3985 4215
f 4015 4198 4195
f 4198 3900 4197
f 4195 4197 4016
f 4013 4016 4197
f 4223 4230 4226
f 4225 4244 4241
f 4244 4138 4243
f 4241 4243 4224
f 4137 4239 4228
f 4236 4237 4239
f 4266 4267 4269
f 4269 4132 4268
f 4262 3889 4261
f 4259 4261 4164
f 4259 4138 4242
f 4138 4263 4245
f 4263 2588 4196
f 4245 4196 4015
f 4326 4372 4370
f 4370 4362 4327
f 4361 4363 4151
f 4374 4426 4424
f 4425 4416 4426
f 4424 4371 4326
f 4391 4392 4393
f 4396 4385 4395
f 4395 4403 4405
f 4405 4384 4404
f 4399 4383 4398
f 3011 3051 3050
f 3007 3042 3043
f 3013 3018 3051
f 3054 3062 3049
f 3054 3092 2530
f 3095 3029 3109
f 3016 3033 3026
f 3016 3027 3032
f 3097 3104 3100
f 3101 3105 3103
f 3060 3121 3070
f 3113 3118 3102
f 3114 3117 3119
f 3125 3145 3146
f 2998 5051 5052
f 2524 3004 3005
f 2857 2897 2898
f 2895 2892 2856
f 3003 3030 3031
f 2859 2898 2899
f 2965 2978 2992
f 2900 2849 2859
f 2846 2885 2887
f 2874 2845 2846
f 2913 2906 2907
f 2947 2926 2927
f 3212 3205 3160
f 5010 3073 2543
f 5001 5005 5006
f 3586 3567 3568
f 3622 3618 3619
f 3615 3598 3599
f 3641 3552 3637
f 5057 5054 4995
f 3181 3186 3420
f 3181 3409 3188
f 3228 3197 2953
f 3402 3367 2932
f 3560 3529 3553
f 3559 3553 3554
f 3423 3183 3137
f 3559 3554 3531
f 3522 3548 3543
f 3459 3555 3558
f 3179 3424 3421
f 3430 3161 3422
f 3428 3557 3425
f 3357 2934 3350
f 2842 2526 2800
f 2925 2847 2915
f 2881 2919 2961
f 2838 2527 2819
f 2810 2771 2743
f 3264 3251 3276
f 3248 2540 3302
f 3311 3304 3287
f 3283 3279 3281
f 3294 3259 3279
f 2804 2746 2741
f 2736 2739 2755
f 4984 2782 4979
f 2698 2730 2702
f 3401 2546 3382
f 3378 3373 3374
f 3392 3387 3388
f 3305 3388 3399
f 4939 4902 4904
f 4940 2595 4887
f 4938 4929 4918
f 4858 2554 4806
f 4859 4807 2554
f 4862 4871 4901
f 4794 4778 4779
f 4858 4806 2656
f 4881 2604 4888
f 2624 2693 2695
f 2623 2695 2694
f 4840 2614 2618
f 4838 2645 2615
f 4809 4830 4736
f 4809 4736 4793
f 4835 4748 4750
f 4835 4729 4744
f 4833 4752 4737
f 4727 4751 2649
f 3657 3608 3610
f 3613 2557 3609
f 3684 3661 3662
f 3685 3671 3718
f 3777 3694 3749
f 3924 3756 3755
f 3782 3779 3780
f 3866 3775 3774
f 3866 2575 3695
f 3555 3459 3460
f 3503 3519 3520
f 3700 2564 3500
f 3700 3810 3811
f 3507 3493 3516
f 3921 3918 3919
f 3911 3875 3884
f 3870 3905 3895
f 3832 3860 3859
f 4103 4099 4100
f 3930 3747 3748
f 4005 3977 3998
f 4209 3974 3978
f 4209 2586 3983
f 4083 3760 4077
f 4055 4065 3901
f 4088 4062 4061
f 3895 3899 3887
f 3891 4093 4094
f 4095 4200 4202
f 4096 4145 4180
f 4135 4181 3889
f 4256 4265 4270
f 4131 4142 4156
f 3472 3484 3466
f 4512 4516 4517
f 3487 4514 3472
f 4501 3477 3491
f 4514 4499 4516
f 4550 4509 4508
f 4489 4487 2566
f 4582 4678 4692
f 4578 4628 4564
f 4725 4728 4739
f 4665 4695 4696
f 4670 4679 4673
f 4621 4625 4629
f 4619 4628 4616
f 4618 4615 4619
f 4613 4606 4607
f 4668 4626 4659
f 4647 4662 4649
f 4649 4645 4646
f 4659 4566 2574
f 4481 3839 2577
f 4129 2583 4106
f 4479 4286 4287
f 4280 4275 4276
f 4273 4293 4141
f 4597 4298 4473
f 4478 4278 4284
f 4317 4300 4301
f 4316 4301 4305
f 4252 4163 4240
f 4355 4323 4343
f 4356 4365 4323
f 4250 4363 4364
f 4339 4322 2590
f 4598 4470 4469
f 4604 4333 2579
f 4457 4314 2585
f 4431 4283 4442
f 2592 4409 4410
f 4408 4383 4397
f 4407 4397 4399
f 4395 4382 4387
f 4393 4387 4388
